uniprot_id,seq_features
O00206,0.022366 0.173337 0.152551 -0.135076 0.012925 -0.253634 0.042913 0.149829 0.079336 0.045063 0.202116 0.178080 -0.055071 0.184621 0.213569 0.143803 0.265439 0.232597 0.252242 -0.171385 0.218039 -0.264451 -0.047742 -0.156727 -0.092002 0.189285 0.269376 0.375814 0.081894 0.050417 0.207014 0.033226 0.158079 0.175866 0.289389 -0.181084 -0.156187 -0.185743 0.209299 -0.148351 -0.159583 0.153954 0.067183 0.042543 0.326322 0.184955 0.129969 -0.160491 0.073128 0.125367 0.277858 -0.100782 0.047253 -0.019957 -0.118760 0.022312 0.187126 0.173278 0.037897 -0.155603 0.164409 0.189384 -0.019683 0.269795
O00238,0.294197 0.456958 0.226157 -0.244946 0.010847 -0.451607 0.065411 0.249037 -0.288098 0.146164 0.254842 -0.000529 -0.171333 0.247502 0.256087 0.187990 0.344246 0.297832 0.205974 -0.284038 0.268011 -0.405901 0.161566 -0.232950 0.214174 0.198518 0.150199 0.322088 -0.142548 0.083282 0.239457 -0.219294 0.221238 0.176687 0.215807 -0.495619 -0.253647 -0.223858 0.290337 -0.241016 -0.282062 0.188534 -0.110092 0.126853 0.372885 0.206174 0.193641 -0.235383 0.253843 0.166495 0.369487 -0.302156 0.141470 -0.227149 -0.286515 -0.084919 0.239688 0.215790 0.065325 -0.263030 0.357136 0.276201 0.126451 0.267761
O00329,-0.239965 -0.003583 0.314753 -0.337196 -0.338018 0.094691 -0.347364 0.316646 0.353597 -0.273067 0.325466 -0.137384 0.217681 0.328956 0.336326 0.313133 -0.207720 0.332664 0.159922 -0.310417 0.308810 -0.349984 -0.208368 -0.339640 -0.387701 0.308069 -0.074666 0.153924 0.319139 -0.307791 0.327908 0.247740 0.303212 0.336983 0.140103 0.130298 -0.343562 -0.327953 0.341485 -0.337373 -0.331509 0.327747 0.352059 -0.201385 -0.247699 0.323770 0.295435 -0.340533 -0.208113 0.311160 -0.036316 -0.333196 -0.052834 0.345370 0.316473 0.309451 0.313139 0.332261 -0.329616 -0.349102 -0.079670 0.331702 -0.131485 -0.241502
O00444,0.079821 0.278971 0.349101 -0.443915 -0.207844 -0.323508 -0.140956 0.373655 -0.059745 -0.003795 0.352336 0.067945 -0.164461 0.342636 0.363092 0.361902 0.118759 0.386488 0.299481 -0.405417 0.377003 -0.455741 0.163215 -0.397327 -0.102518 0.353145 0.152357 0.345286 -0.079266 -0.077400 0.356859 -0.178321 0.346074 0.350460 0.331813 -0.291988 -0.426332 -0.378893 0.388482 -0.426681 -0.414346 0.369118 0.108673 0.096867 0.215974 0.373115 0.354705 -0.398680 0.065267 0.339435 0.231102 -0.469016 0.219392 -0.000794 -0.030068 0.027600 0.360209 0.373989 -0.091818 -0.449106 0.174773 0.374872 0.051577 -0.008864
O00750,0.174605 0.250521 0.140953 -0.138508 0.032702 -0.237623 0.012051 0.142663 0.121770 0.050939 0.179610 0.272979 -0.043618 0.164100 0.185021 0.108784 0.284826 0.217316 0.234316 -0.159933 0.165071 -0.259184 0.183527 -0.140422 -0.105569 0.127512 0.128783 0.259210 0.072256 0.089815 0.168909 -0.072245 0.136105 0.152832 0.261758 -0.301558 -0.141486 -0.135610 0.216682 -0.128483 -0.194593 0.126794 0.042141 0.060691 0.236754 0.142572 0.106226 -0.176978 0.079370 0.116193 0.219248 -0.166798 0.151740 -0.014775 -0.152358 -0.100287 0.161145 0.156969 0.079844 -0.163938 0.237666 0.181691 0.094801 0.169651
O14730,-0.404872 -0.175507 0.276142 -0.310642 -0.420814 0.325224 -0.458382 0.289286 0.406671 -0.398721 0.266769 -0.310998 0.331036 0.287858 0.277885 0.305000 -0.304685 0.278572 0.114159 -0.250125 0.277063 -0.264032 -0.376197 -0.299435 -0.440092 0.299979 -0.127309 0.075695 0.422454 -0.438092 0.284129 0.363548 0.280168 0.295589 0.045861 0.438425 -0.283247 -0.303573 0.308205 -0.302002 -0.290116 0.287410 0.409319 -0.372252 -0.366279 0.297871 0.299176 -0.303788 -0.283591 0.289293 -0.138370 -0.267150 -0.087197 0.393890 0.426657 0.355500 0.280688 0.285325 -0.439869 -0.294405 -0.195611 0.292901 -0.198751 -0.354642
O14746,1.069119 0.835609 -0.515662 0.505413 0.827351 -1.569718 1.199149 -0.444793 -0.749207 1.104379 -0.340663 0.838748 -0.716370 -0.437456 -0.414230 -0.445700 1.082696 -0.228474 0.047789 0.359663 -0.325173 0.303623 0.908692 0.493351 0.897192 -0.452278 0.425164 0.396872 -0.628469 1.106337 -0.373708 -0.711156 -0.389740 -0.493336 0.393895 -1.304478 0.500236 0.457007 -0.246326 0.477861 0.391117 -0.506705 -0.943633 0.645757 1.432888 -0.440038 -0.467702 0.457745 1.200987 -0.614585 0.663920 0.502031 0.549482 -1.036651 -1.353437 -0.902720 -0.463787 -0.416996 1.174550 0.443454 0.775876 -0.314642 0.573181 1.223618
O14757,0.245602 0.012415 0.056219 -0.021477 0.041885 -0.190708 0.086364 0.085671 -0.233031 -0.145743 0.032158 -0.208475 0.253286 0.012997 -0.074934 -0.017408 0.225954 0.042672 -0.005439 -0.018053 0.030921 -0.110141 0.055293 0.051787 0.378942 -0.045439 -0.036670 0.097026 -0.146583 0.157228 0.001627 0.090335 0.018663 -0.069313 -0.235499 -0.038024 -0.007638 -0.006267 0.097214 -0.042539 -0.016646 -0.010993 -0.207142 0.208198 0.181483 0.000459 0.074384 0.013221 0.070570 0.010022 0.292794 -0.038592 0.231560 -0.024644 0.057976 0.048648 0.019379 0.071538 0.158767 -0.029714 0.159838 0.063193 0.120975 -0.004412
O14920,-1.277794 -1.806502 -1.242110 1.674537 -0.875044 1.616886 -0.953232 -1.309149 -0.155612 -1.688208 -1.305690 -1.942014 1.982898 -1.239417 -1.216717 -1.504065 -1.543522 -1.305198 -2.459620 1.299671 -1.332228 1.046407 -1.577366 1.613366 -0.185390 -1.390130 -2.132440 -2.167313 0.978101 -0.937673 -1.367951 2.095141 -1.425266 -1.433291 -2.320856 1.483556 1.324486 1.349578 -1.069528 1.444343 1.484170 -1.449715 -0.229658 -2.013573 -0.937247 -1.499537 -1.571253 1.671731 -2.027980 -1.502188 -1.655163 1.834754 -2.623406 -0.013154 0.153088 0.849715 -1.349733 -1.531244 -0.395827 1.368258 -1.861683 -1.320709 -2.462178 -2.013445
O14936,-0.093332 0.367783 0.216988 -0.115295 -0.182871 0.226557 -0.216114 0.187244 0.388605 -0.147900 0.234922 -0.005384 0.322659 0.250370 0.228613 0.121176 0.035429 0.224271 0.230239 -0.130101 0.217574 -0.258947 -0.143156 -0.110139 -0.108235 0.171970 0.009161 0.180693 0.318185 -0.121960 0.209897 0.338654 0.185741 0.184231 0.195895 -0.043906 -0.164355 -0.151308 0.226498 -0.131580 -0.147713 0.163406 0.300201 -0.119325 0.034164 0.157548 0.109517 -0.162480 -0.025880 0.148301 -0.002925 -0.098248 0.198465 0.238000 0.183372 0.250126 0.185339 0.179392 -0.178242 -0.144254 0.016668 0.205934 -0.017392 -0.110698
O14939,-0.825724 -1.016728 -0.612284 0.738433 -0.571490 0.905379 -0.453740 -0.640863 0.927344 -0.856039 -0.643860 -1.016908 1.360692 -0.528501 -0.502926 -0.667076 -1.165198 -0.495049 -1.015548 0.728358 -0.593162 0.630970 -1.135316 0.661728 -0.558054 -0.604839 -1.302869 -1.056279 1.038831 -0.811816 -0.568010 1.297152 -0.639097 -0.552113 -0.997847 0.493502 0.658550 0.648350 -0.484869 0.650599 0.610016 -0.624578 0.410174 -1.361366 -1.064906 -0.607836 -0.769995 0.664127 -0.939589 -0.683116 -1.259356 0.778669 -1.286036 0.657712 0.452710 0.530817 -0.570705 -0.603936 -0.615394 0.686626 -1.158869 -0.626289 -1.392532 -0.724712
O14965,0.767963 0.377577 -1.541165 1.429023 2.238036 -1.032548 1.315107 -1.476717 -1.842802 0.800917 -1.383205 0.135392 -2.302360 -1.436041 -1.416859 -1.780108 1.795372 -1.482234 -0.349809 1.466830 -1.370563 1.162851 0.473707 1.601077 1.916538 -1.400778 0.705821 -0.401836 -1.615236 1.279142 -1.397680 -1.509882 -1.646966 -1.553423 -0.847099 -1.057801 1.587958 1.381223 -1.577058 1.512079 1.684486 -1.620850 -1.995252 0.122270 1.539754 -1.541370 -1.563238 1.477886 1.053770 -1.692141 -0.295311 1.874408 -0.165512 -2.377951 -2.173072 -2.095613 -1.356379 -1.610419 2.029769 1.360977 -0.148847 -1.528298 -0.062808 1.503080
O14976,-0.491915 -0.346434 0.171725 -0.141994 -0.434869 0.503466 -0.466689 0.169502 0.503975 -0.496793 0.177691 -0.407792 0.606522 0.188934 0.194675 0.176470 -0.411973 0.189496 -0.129073 -0.113837 0.168246 -0.129355 -0.475997 -0.151164 -0.442330 0.161669 -0.326696 -0.103807 0.592022 -0.467175 0.183279 0.622351 0.177869 0.197497 -0.114143 0.608186 -0.148377 -0.173184 0.224176 -0.159223 -0.143526 0.184116 0.459359 -0.459981 -0.371113 0.184807 0.166347 -0.135316 -0.465242 0.175940 -0.264445 -0.116826 -0.270849 0.524737 0.524093 0.610105 0.145478 0.158316 -0.478172 -0.132906 -0.389225 0.168656 -0.383326 -0.487466
O14980,0.902611 -3.238877 -4.686147 5.540989 3.040624 1.786815 1.559590 -5.289742 0.378667 0.398229 -4.963544 1.462835 -0.219660 -5.382085 -4.987584 -4.953442 -0.275020 -5.135398 -2.323307 4.924547 -5.291775 5.306997 1.279044 5.399162 -0.248235 -4.584048 -1.019113 -2.638406 0.607746 2.690671 -5.290186 0.390918 -5.038351 -5.088842 -4.144953 1.196065 4.956009 5.330820 -4.464829 5.482083 5.018856 -5.116079 -2.930721 -1.159430 -1.617451 -5.360449 -5.216261 4.578254 -2.241195 -4.822173 -3.458490 6.244742 -2.342909 -2.638646 -1.891087 -5.995782 -4.735323 -4.959364 4.745054 5.108337 -0.677722 -4.903936 -2.793684 1.680370
O15111,-0.251833 -0.513243 -0.565122 0.832852 -0.233607 0.324804 -0.297785 -0.523762 -0.678132 -0.671990 -0.532059 -0.700152 1.083113 -0.547292 -0.580443 -0.723900 -0.131963 -0.606602 -1.060864 0.486500 -0.625933 0.179817 -0.657256 0.849207 0.356719 -0.726488 -0.993603 -0.923617 0.094438 -0.062097 -0.642002 0.989631 -0.637052 -0.747549 -1.120488 0.352826 0.607582 0.632149 -0.483874 0.715900 0.711399 -0.757065 -0.418711 -0.471850 0.070572 -0.757101 -0.737233 0.854827 -0.819301 -0.720983 -0.363273 0.831542 -1.054325 -0.310422 -0.044962 0.257493 -0.630119 -0.721776 0.180089 0.596811 -0.406415 -0.576078 -0.936448 -1.090670
O15146,-0.520990 -0.295352 0.224145 -0.234541 -0.440683 0.378661 -0.497037 0.213117 0.530312 -0.454603 0.222562 -0.364266 0.442733 0.253613 0.252225 0.214886 -0.439466 0.257314 -0.016779 -0.193442 0.236160 -0.207100 -0.453297 -0.254574 -0.533591 0.243252 -0.258590 0.001701 0.545994 -0.534214 0.242885 0.442784 0.227524 0.277558 0.014995 0.437705 -0.221381 -0.255790 0.264607 -0.252366 -0.239743 0.245280 0.484023 -0.482584 -0.542211 0.255849 0.215139 -0.249682 -0.424742 0.227974 -0.293491 -0.201430 -0.303874 0.514797 0.445601 0.528795 0.204254 0.242711 -0.527600 -0.222367 -0.339373 0.218857 -0.357116 -0.429438
O15197,0.064272 0.338194 0.329187 -0.408059 -0.119371 -0.345455 -0.060719 0.354975 -0.097807 0.107309 0.349415 0.163709 -0.205478 0.347464 0.359445 0.349551 0.257462 0.410222 0.343980 -0.402098 0.359076 -0.498794 0.036487 -0.384208 -0.059032 0.325039 0.207901 0.364020 -0.084639 0.010039 0.363448 -0.234526 0.318147 0.339296 0.344668 -0.395660 -0.405142 -0.380878 0.354596 -0.377340 -0.407023 0.363614 0.116642 0.118741 0.323628 0.345576 0.324355 -0.381806 0.088871 0.322639 0.305965 -0.473427 0.196612 -0.019902 -0.042450 -0.039828 0.379506 0.363805 -0.163636 -0.425402 0.224059 0.367207 0.108177 0.136850
O15264,0.468598 0.429279 0.080194 0.082685 0.480618 0.477950 0.461320 0.017936 0.110104 0.364966 -0.026703 0.392071 -0.150970 -0.035768 -0.099089 -0.108581 0.887711 -0.128313 0.460228 0.136789 -0.054678 0.157344 0.331560 0.170522 0.521379 0.038056 0.535223 0.405806 -0.176464 0.855410 -0.130544 -0.379727 -0.019319 -0.147242 -0.021974 0.074367 0.079823 0.127951 -0.003095 0.154536 0.137901 -0.074117 -0.275667 0.473970 -0.024021 -0.077210 0.017968 0.032815 0.351306 -0.048321 0.115317 0.182402 0.547359 -0.398712 -0.104336 -0.664437 0.079006 -0.046587 0.452529 0.089045 0.576670 -0.013301 0.267255 0.479320
O15379,1.554599 0.492044 -0.801539 0.719311 1.109032 -1.742104 1.260056 -0.678222 -1.460039 1.278829 -0.711066 0.221511 -1.076354 -0.903226 -0.862645 -0.689602 0.820383 -0.728053 -0.354732 0.648183 -0.678215 0.633763 0.417870 0.751206 1.318909 -0.781528 0.736520 0.053913 -1.160643 1.347970 -0.767095 -0.913110 -0.608001 -0.944956 0.010484 -0.237762 0.781433 0.721785 -0.439837 0.812960 0.743915 -0.734101 -1.629534 0.570655 1.420834 -0.866170 -0.561497 0.829310 0.953503 -0.862388 0.996128 0.620078 0.247851 -1.542067 -1.372079 -1.480565 -0.821312 -0.627666 1.578919 0.699512 0.846228 -0.505240 0.794966 1.308611
O15393,-0.515981 -0.318828 0.287570 -0.292193 -0.494469 0.408556 -0.520664 0.278868 0.553179 -0.468503 0.282958 -0.398036 0.496587 0.308090 0.295235 0.292031 -0.471602 0.304009 -0.017820 -0.255308 0.286939 -0.265423 -0.474486 -0.316785 -0.563083 0.300416 -0.287806 0.002336 0.559724 -0.537713 0.298296 0.474405 0.287766 0.330866 -0.030180 0.496468 -0.287527 -0.315860 0.307814 -0.311982 -0.294901 0.300892 0.535831 -0.474181 -0.579937 0.321708 0.282094 -0.316048 -0.459564 0.289570 -0.303681 -0.284097 -0.300790 0.537030 0.544664 0.594527 0.272658 0.300931 -0.541544 -0.294568 -0.385538 0.285243 -0.348136 -0.492569
O15399,0.074257 0.343949 0.164110 -0.125405 0.004193 -0.112581 -0.078740 0.144296 0.054630 -0.031148 0.213584 0.191859 -0.051570 0.196759 0.204996 0.095519 0.209962 0.189787 0.228756 -0.148121 0.184798 -0.328206 0.098456 -0.144386 0.022773 0.141886 -0.047983 0.228930 0.100648 -0.070774 0.196096 -0.016033 0.151761 0.167410 0.210438 -0.336878 -0.133497 -0.158830 0.166852 -0.145143 -0.182617 0.143445 0.134460 0.009239 0.142394 0.128847 0.082087 -0.171742 0.182251 0.098014 0.035266 -0.153187 0.137726 0.061374 -0.119102 -0.006763 0.126027 0.160124 0.002083 -0.163930 0.135829 0.178934 0.162336 0.047388
O15439,-0.476056 -0.234495 0.257059 -0.254150 -0.434109 0.355261 -0.470110 0.255145 0.522780 -0.448365 0.258308 -0.285141 0.426497 0.288125 0.278006 0.257688 -0.398768 0.266521 0.036013 -0.232406 0.255672 -0.221912 -0.393876 -0.286649 -0.539638 0.272126 -0.189746 -0.003080 0.526971 -0.466454 0.282410 0.425985 0.271290 0.313921 0.020235 0.491070 -0.256796 -0.281749 0.275230 -0.282158 -0.267635 0.284206 0.490175 -0.373681 -0.491801 0.288041 0.253416 -0.281372 -0.381966 0.277072 -0.205684 -0.235826 -0.219446 0.534450 0.491924 0.521899 0.245567 0.278417 -0.457004 -0.252167 -0.285512 0.245865 -0.243867 -0.426413
O15530,0.069610 0.302021 0.142098 -0.087348 0.046458 0.238658 -0.112713 0.145838 0.169771 -0.149671 0.172623 -0.007063 0.220656 0.139488 0.123125 0.018463 0.360281 0.168495 0.369724 -0.073183 0.169309 -0.259714 -0.013196 -0.018956 0.029144 0.162562 0.067552 0.250702 0.139687 0.166207 0.136599 0.407064 0.076099 0.073122 0.144143 -0.078886 -0.079688 -0.092039 0.198941 -0.069457 -0.127411 0.063126 0.169002 0.070100 0.195264 0.096306 0.069426 -0.118629 -0.028370 0.107539 -0.052964 -0.065651 0.198202 -0.013385 0.088397 -0.067111 0.184175 0.107487 0.005346 -0.056555 0.109243 0.114055 -0.162095 -0.047434
O15554,0.151578 0.503358 0.315613 -0.346787 -0.061458 -0.324522 -0.021017 0.327877 0.053675 0.038792 0.337815 0.366179 -0.245562 0.323596 0.355726 0.311757 0.218656 0.339037 0.388233 -0.373624 0.318703 -0.358613 0.322635 -0.325002 -0.046031 0.315683 0.350861 0.329277 -0.088431 0.075589 0.367975 -0.161374 0.316495 0.346588 0.424534 -0.284313 -0.360712 -0.315192 0.281540 -0.364201 -0.354028 0.325696 0.134404 0.259543 0.349807 0.307283 0.292507 -0.352144 0.208276 0.332962 0.348163 -0.367691 0.396120 0.027830 0.015628 -0.016606 0.356035 0.322474 0.048561 -0.386899 0.279276 0.334213 0.364906 0.066291
O43283,-0.497198 -0.309645 0.276819 -0.289148 -0.477752 0.390791 -0.507712 0.273770 0.480134 -0.492855 0.263685 -0.365990 0.420348 0.298077 0.295718 0.265974 -0.443440 0.287726 0.003193 -0.258287 0.290061 -0.271053 -0.455459 -0.307797 -0.538944 0.292851 -0.232624 0.012412 0.503156 -0.516998 0.291861 0.435036 0.279629 0.318633 -0.006841 0.506353 -0.284254 -0.302651 0.319015 -0.305277 -0.296709 0.298107 0.485343 -0.458154 -0.505860 0.303019 0.276628 -0.289559 -0.424867 0.278701 -0.227122 -0.268238 -0.277694 0.511480 0.464559 0.503523 0.257395 0.295476 -0.521993 -0.286738 -0.342927 0.271104 -0.331690 -0.479246
O43293,-0.321863 -0.268766 0.009426 0.022544 -0.119874 0.263807 -0.289415 0.008227 0.192963 -0.373411 0.041921 -0.296255 0.413437 0.038201 0.004809 -0.059868 -0.130263 0.017326 -0.098062 0.026248 0.008011 -0.061867 -0.340259 0.033864 -0.180065 -0.021422 -0.246761 -0.173589 0.294579 -0.142768 0.033273 0.490094 -0.014527 0.019027 -0.339051 0.303059 0.027700 0.004763 0.060478 -0.008808 -0.011836 -0.014657 0.210040 -0.148239 -0.264695 -0.012295 -0.023924 -0.005565 -0.277475 -0.010728 -0.154420 0.014868 -0.312910 0.292348 0.232599 0.388049 -0.019075 -0.004013 -0.147708 0.033467 -0.308961 0.021235 -0.190865 -0.366221
O43353,0.307448 0.182688 -0.257913 0.235997 0.308309 -0.528388 0.362148 -0.214888 -0.393277 0.245104 -0.177226 0.043044 -0.355593 -0.240327 -0.176220 -0.217500 0.703826 -0.065939 0.048337 0.170091 -0.111012 0.117500 0.259225 0.244556 0.406211 -0.186718 0.478012 0.239187 -0.114641 0.371426 -0.142905 -0.116816 -0.231344 -0.206131 0.072685 -0.427001 0.260676 0.128359 -0.101994 0.219853 0.227152 -0.253139 -0.353188 -0.032081 0.688738 -0.181233 -0.175726 0.260333 0.294913 -0.288371 0.336059 0.327705 0.251225 -0.593223 -0.513257 -0.373370 -0.214207 -0.198988 0.479691 0.164977 0.158463 -0.154353 -0.099812 0.423567
O43451,-0.473625 -0.250548 0.270492 -0.290968 -0.452849 0.356278 -0.477628 0.265288 0.519551 -0.451512 0.264550 -0.335630 0.444383 0.293030 0.290546 0.274736 -0.411257 0.291297 0.028599 -0.247008 0.272206 -0.252002 -0.450885 -0.307679 -0.535782 0.286577 -0.203954 0.035854 0.529513 -0.488731 0.292421 0.403771 0.277913 0.322663 0.024121 0.453321 -0.280283 -0.299010 0.307147 -0.298633 -0.284641 0.299785 0.502559 -0.424551 -0.503951 0.304399 0.273135 -0.296611 -0.393989 0.281397 -0.216942 -0.267125 -0.231627 0.521387 0.485855 0.494287 0.250888 0.304103 -0.487018 -0.276388 -0.311488 0.274214 -0.274306 -0.449382
O43613,-0.519458 -0.267879 0.265886 -0.275097 -0.489083 0.344268 -0.500948 0.264183 0.502940 -0.469350 0.262513 -0.355355 0.437733 0.292611 0.285556 0.267443 -0.425730 0.285239 0.025057 -0.244672 0.272168 -0.246560 -0.463732 -0.297208 -0.559199 0.283751 -0.195393 0.025918 0.541221 -0.528799 0.285276 0.411955 0.271350 0.320893 0.014248 0.481276 -0.270982 -0.300091 0.295596 -0.294764 -0.279907 0.291643 0.512359 -0.423731 -0.506688 0.298504 0.263380 -0.283463 -0.436284 0.277303 -0.226789 -0.241756 -0.271798 0.533887 0.492439 0.539329 0.242543 0.289324 -0.501760 -0.275003 -0.349797 0.257784 -0.301705 -0.467894
O60218,-0.205290 0.028626 0.245642 -0.228049 -0.311541 0.221478 -0.259604 0.255016 0.300421 -0.252036 0.220734 -0.105978 0.060490 0.263188 0.235584 0.283643 -0.157775 0.218247 0.170257 -0.238952 0.240326 -0.171878 -0.130009 -0.265847 -0.326043 0.266344 0.116796 0.041754 0.300855 -0.270254 0.237761 0.149213 0.256190 0.256625 0.237309 0.326955 -0.240015 -0.254604 0.196311 -0.254012 -0.254539 0.258013 0.322480 -0.089693 -0.293795 0.254694 0.256794 -0.257897 -0.167622 0.299300 0.007410 -0.198426 -0.006658 0.299193 0.309061 0.270370 0.251487 0.224500 -0.240246 -0.212352 0.032629 0.222244 -0.000385 -0.165823
O60285,-0.213241 0.037707 0.231788 -0.260870 -0.269229 0.180038 -0.335073 0.235017 0.253739 -0.235912 0.233430 -0.161644 0.130737 0.237504 0.242858 0.214616 -0.085130 0.261593 0.116927 -0.231919 0.242468 -0.234041 -0.136919 -0.223784 -0.236940 0.249562 0.054033 0.208528 0.277135 -0.319496 0.245563 0.135754 0.234601 0.241705 0.179586 0.212362 -0.231936 -0.253308 0.282482 -0.270434 -0.234016 0.236657 0.256198 -0.211829 -0.131356 0.250933 0.243104 -0.240830 -0.152491 0.226299 -0.087226 -0.229280 0.020044 0.184249 0.183646 0.270962 0.189590 0.233424 -0.207655 -0.249102 -0.085529 0.228930 -0.065226 -0.217974
O60674,0.436341 0.615379 -0.902771 1.121454 0.866147 -0.662002 0.455555 -0.941004 -0.393148 -0.081987 -0.601041 0.206845 -0.477877 -0.726293 -0.465446 -1.099123 1.034460 -0.552796 -0.111962 0.918437 -0.641471 0.091868 -0.493006 0.995525 0.525485 -0.775273 0.323895 -0.162876 0.057281 0.065331 -0.616365 0.845563 -0.994033 -0.921685 0.004127 -1.689941 0.950842 0.809193 -0.755711 0.977415 0.957361 -0.982220 -0.761274 0.033381 1.663109 -0.934306 -1.295723 1.010394 0.367154 -1.057563 0.144855 1.327383 -0.406461 -0.876237 -1.531814 -0.356246 -0.774927 -1.048639 0.757100 1.044999 0.265074 -0.740470 -0.632980 1.224203
O75116,-0.183249 -0.038005 0.247814 -0.298632 -0.274767 0.062727 -0.324020 0.257651 0.160715 -0.255048 0.234128 -0.156110 0.025076 0.246517 0.247453 0.273557 -0.128881 0.264341 0.192177 -0.265035 0.257072 -0.283641 -0.169828 -0.290356 -0.302669 0.273539 0.057064 0.150002 0.169174 -0.270055 0.251378 0.096733 0.244223 0.255852 0.147548 0.204659 -0.288653 -0.285009 0.275459 -0.293323 -0.296207 0.259240 0.240766 -0.180521 -0.139222 0.266352 0.280142 -0.297582 -0.198439 0.264384 -0.042294 -0.290364 -0.023511 0.123824 0.194717 0.138212 0.241685 0.263502 -0.273205 -0.296548 -0.062706 0.264151 -0.093416 -0.180160
O75385,-0.054706 0.135005 0.270007 -0.300710 -0.273623 0.035566 -0.244585 0.277929 0.083231 -0.178852 0.269504 0.000710 0.051033 0.251676 0.251755 0.269797 -0.007521 0.280782 0.139762 -0.319709 0.284471 -0.324388 0.040554 -0.254644 -0.168277 0.270430 0.110958 0.249903 0.155965 -0.236773 0.259542 -0.034288 0.273030 0.251525 0.217874 0.093695 -0.298509 -0.281376 0.312950 -0.306739 -0.291102 0.260706 0.151158 -0.048221 -0.030815 0.273838 0.294187 -0.275544 -0.073120 0.259865 0.021918 -0.289561 0.082897 0.050413 0.121956 0.101626 0.213649 0.270170 -0.141447 -0.310242 0.072766 0.280240 0.065148 -0.172079
O75460,-0.303313 -0.211172 0.214142 -0.225215 -0.329016 0.152788 -0.320806 0.231410 0.215028 -0.377483 0.226817 -0.357237 0.362240 0.222092 0.207814 0.203041 -0.215884 0.228687 -0.027772 -0.203250 0.208865 -0.280655 -0.431834 -0.224978 -0.272663 0.205075 -0.249516 0.007651 0.331529 -0.328763 0.215084 0.410821 0.237305 0.205620 -0.068874 0.411407 -0.218425 -0.235568 0.258156 -0.224915 -0.228521 0.209252 0.291364 -0.272972 -0.353774 0.227747 0.225346 -0.221551 -0.230786 0.205808 -0.123551 -0.224260 -0.165839 0.289880 0.361077 0.387969 0.185289 0.226982 -0.312713 -0.220912 -0.197267 0.231874 -0.222618 -0.404128
O75469,-0.277949 -0.330087 -0.014846 -0.045777 -0.372850 0.007952 -0.278786 0.022114 0.050495 -0.308179 -0.009818 -0.626639 0.216457 -0.031918 -0.000570 0.005561 -0.407936 0.039585 -0.338746 -0.017306 0.040993 -0.079342 -0.452174 -0.027589 -0.260052 0.012611 -0.269930 -0.259770 0.100081 -0.280513 0.016282 0.199928 0.020524 -0.003666 -0.155511 0.311960 -0.068728 -0.052246 0.118830 -0.042884 -0.044131 0.042234 0.060726 -0.449367 -0.286265 0.006518 0.001897 -0.013508 -0.328204 -0.024916 -0.265342 -0.092588 -0.253974 0.091330 0.130355 0.247753 -0.047449 0.044674 -0.407533 -0.073816 -0.380099 0.041881 -0.378246 -0.318512
O75716,-0.316338 -0.089167 0.293540 -0.315640 -0.441515 0.252472 -0.431537 0.303517 0.376259 -0.358745 0.275338 -0.232522 0.291594 0.292786 0.298696 0.298839 -0.266942 0.307731 0.094874 -0.284092 0.293250 -0.288058 -0.298317 -0.307114 -0.362547 0.293822 -0.111785 0.123049 0.362003 -0.386357 0.297006 0.294880 0.285318 0.316469 0.079966 0.304215 -0.314585 -0.310393 0.324059 -0.329341 -0.300353 0.311688 0.399946 -0.296738 -0.251558 0.313786 0.284146 -0.306911 -0.310608 0.290300 -0.100575 -0.299626 -0.139769 0.366645 0.364124 0.372469 0.280922 0.302030 -0.396647 -0.319511 -0.192341 0.304839 -0.227378 -0.354764
O75751,-0.494916 -0.259580 0.259752 -0.269620 -0.463869 0.381431 -0.485462 0.258900 0.506832 -0.461354 0.260540 -0.341038 0.428598 0.291903 0.284709 0.261183 -0.428275 0.280741 0.010394 -0.233724 0.266578 -0.247160 -0.427367 -0.298335 -0.540813 0.275436 -0.234834 -0.000266 0.528821 -0.514220 0.284480 0.429608 0.268272 0.315056 0.001508 0.487288 -0.264565 -0.293495 0.289479 -0.289655 -0.274952 0.287750 0.516857 -0.434699 -0.517240 0.297634 0.259610 -0.285183 -0.414477 0.273673 -0.262679 -0.251248 -0.267088 0.515934 0.485192 0.547766 0.237177 0.279384 -0.512997 -0.260258 -0.341992 0.252782 -0.307738 -0.446584
O75874,0.673239 0.713995 0.237134 -0.194644 0.345241 -0.153146 0.389690 0.204111 -0.318051 0.614906 0.127636 0.378640 -0.829922 0.145199 0.097591 0.283837 0.473614 0.038494 0.587861 -0.144559 0.133456 -0.032909 0.640940 -0.207804 0.374499 0.209911 0.963110 0.313849 -0.615719 0.870312 0.087038 -0.849097 0.147124 0.079295 0.690445 -0.217964 -0.242790 -0.107944 0.070173 -0.098429 -0.141274 0.169163 -0.311353 0.799020 0.363573 0.123189 0.276624 -0.207825 0.608376 0.305985 0.611702 -0.179661 1.211315 -0.470409 -0.459159 -0.569168 0.275272 0.130234 0.449168 -0.199328 0.830414 0.227694 0.630022 0.806448
O75914,-0.227716 -0.059037 0.265214 -0.302851 -0.297784 0.027822 -0.313047 0.262989 0.208293 -0.272873 0.260818 -0.179903 0.171046 0.275148 0.272622 0.260681 -0.137529 0.282654 0.124530 -0.278335 0.270540 -0.309343 -0.247965 -0.309343 -0.337898 0.268952 -0.031186 0.137939 0.248251 -0.283786 0.277012 0.121444 0.263064 0.286406 0.072771 0.160264 -0.291701 -0.294388 0.291681 -0.298871 -0.306000 0.277537 0.278489 -0.156371 -0.236353 0.280449 0.270784 -0.296370 -0.205065 0.259792 -0.008363 -0.295736 -0.056705 0.246211 0.206124 0.292586 0.244621 0.279648 -0.278802 -0.295636 -0.103254 0.279205 -0.110035 -0.206275
O76074,-0.499627 -0.309225 0.271261 -0.279206 -0.496818 0.401359 -0.513458 0.264473 0.531761 -0.470608 0.270152 -0.357715 0.476547 0.294110 0.288053 0.272854 -0.469649 0.289203 0.001096 -0.248765 0.278707 -0.256765 -0.430576 -0.310747 -0.566394 0.284858 -0.259300 0.015535 0.553035 -0.540072 0.284702 0.432601 0.281497 0.321369 0.012798 0.487982 -0.278757 -0.303907 0.303158 -0.299949 -0.286659 0.295919 0.508193 -0.463432 -0.533682 0.308851 0.267547 -0.295373 -0.436838 0.279718 -0.253472 -0.256258 -0.298537 0.540548 0.499919 0.545666 0.247151 0.296834 -0.515512 -0.280212 -0.351590 0.263395 -0.334736 -0.466311
O76083,0.030207 0.247182 0.402984 -0.510174 -0.178861 -0.453961 -0.118463 0.404532 -0.040513 0.006789 0.388011 0.105385 -0.182823 0.366145 0.402174 0.415330 0.126393 0.425048 0.348824 -0.468903 0.404784 -0.502199 0.112454 -0.447456 -0.116814 0.389943 0.241829 0.374578 -0.090594 -0.067869 0.398325 -0.269452 0.376922 0.406466 0.334660 -0.331150 -0.477113 -0.427183 0.412394 -0.453369 -0.472384 0.410692 0.124965 0.166460 0.201383 0.407112 0.393521 -0.454873 -0.011980 0.386849 0.307922 -0.554671 0.264320 0.015713 -0.036610 -0.004653 0.431034 0.417247 -0.143556 -0.513518 0.112693 0.438711 0.118555 0.031059
O94804,-0.472146 -0.250174 0.257667 -0.260521 -0.433675 0.395212 -0.492801 0.248662 0.495002 -0.437455 0.252051 -0.346778 0.420918 0.267332 0.269398 0.260565 -0.407047 0.279790 0.046412 -0.231940 0.253541 -0.233590 -0.414969 -0.281263 -0.559835 0.275193 -0.202100 0.045902 0.521765 -0.480140 0.266679 0.406877 0.259953 0.289295 0.013370 0.476752 -0.255735 -0.279560 0.297102 -0.278849 -0.271463 0.272350 0.468185 -0.453005 -0.527992 0.283733 0.259274 -0.284917 -0.397718 0.265338 -0.279221 -0.233016 -0.244100 0.471784 0.469734 0.466157 0.230131 0.271909 -0.442046 -0.253470 -0.266719 0.249598 -0.291603 -0.421043
O95237,-0.062661 0.248748 0.354763 -0.437739 -0.234734 -0.426025 -0.108029 0.366163 -0.015644 -0.053737 0.342058 0.055605 -0.219103 0.347764 0.367704 0.374848 0.134449 0.391432 0.352714 -0.424299 0.368483 -0.432160 0.021173 -0.395995 -0.179507 0.358240 0.302496 0.360877 0.000203 -0.114519 0.370956 -0.256918 0.339424 0.382068 0.340271 -0.236545 -0.423153 -0.394849 0.356611 -0.397538 -0.428428 0.372449 0.178551 0.146345 0.168161 0.368926 0.344023 -0.396672 -0.051611 0.350222 0.303020 -0.458022 0.214544 0.052601 0.003676 0.019363 0.374277 0.377381 -0.164413 -0.453559 0.074102 0.373765 0.124239 -0.007392
O95382,0.145666 0.333455 0.369353 -0.458310 -0.110138 -0.431413 -0.080648 0.367958 -0.064200 0.115608 0.378591 0.248530 -0.262332 0.325648 0.365618 0.364978 0.246268 0.379661 0.396003 -0.434259 0.365496 -0.469186 0.229663 -0.396065 -0.066981 0.339371 0.326479 0.448400 -0.130532 -0.015993 0.359607 -0.347199 0.345545 0.361615 0.448255 -0.467499 -0.425743 -0.382887 0.379350 -0.412081 -0.430402 0.368466 0.043582 0.182793 0.308257 0.376284 0.352230 -0.410157 0.079243 0.334128 0.264757 -0.484764 0.353201 -0.078544 -0.142369 -0.072948 0.381909 0.355804 -0.055983 -0.467809 0.223762 0.407292 0.177057 0.151138
O95747,0.072008 0.099680 0.121301 -0.215024 -0.118650 -0.209809 -0.035510 0.129642 -0.125933 -0.075400 0.076168 -0.044587 -0.131352 0.103709 0.122711 0.117003 0.126449 0.161188 0.135058 -0.182982 0.150000 -0.224523 0.025170 -0.145954 -0.010114 0.154060 0.078532 0.139875 -0.109939 0.026034 0.118602 -0.152608 0.098344 0.109826 0.129748 -0.330712 -0.191712 -0.144001 0.172960 -0.179541 -0.190758 0.115789 0.021181 -0.062788 0.032823 0.124929 0.126477 -0.202277 -0.064636 0.087155 -0.035582 -0.236689 0.141591 -0.248408 -0.101094 -0.260707 0.094839 0.145745 0.011395 -0.220690 0.055141 0.114415 -0.061256 -0.027947
O95749,0.163016 0.409580 0.390612 -0.502492 -0.135307 -0.508541 -0.060377 0.398883 -0.139119 0.099490 0.360347 0.171872 -0.415526 0.355377 0.382398 0.424329 0.216247 0.401679 0.420517 -0.464986 0.389730 -0.490621 0.243180 -0.440665 -0.031299 0.386904 0.356565 0.389853 -0.203189 0.007758 0.386384 -0.439338 0.367130 0.386179 0.476590 -0.407683 -0.480151 -0.416906 0.386299 -0.446133 -0.479157 0.408550 0.054674 0.252105 0.289398 0.388242 0.389944 -0.455006 0.107892 0.389891 0.383577 -0.552734 0.409918 -0.110424 -0.139476 -0.171298 0.423694 0.396924 -0.045490 -0.506813 0.265679 0.440751 0.250532 0.154984
O95819,0.093854 0.143605 0.154230 -0.237459 -0.055456 -0.271067 -0.067489 0.148611 -0.030463 0.044794 0.176868 0.115292 -0.243283 0.130199 0.166577 0.151621 0.240284 0.191184 0.243724 -0.183614 0.186533 -0.251392 0.057896 -0.189680 -0.068134 0.173992 0.264757 0.305329 -0.040400 -0.052238 0.165545 -0.204023 0.168462 0.159450 0.219088 -0.152454 -0.178209 -0.175746 0.238462 -0.203002 -0.213377 0.167222 -0.028210 0.030966 0.150588 0.178638 0.175792 -0.202618 0.036307 0.125579 0.075749 -0.212131 0.160886 -0.124000 -0.184939 -0.062917 0.131625 0.167731 0.051450 -0.206558 0.111545 0.185376 0.082010 0.103973
O95835,0.391135 0.525750 0.232792 -0.336996 0.165978 -0.574950 0.104454 0.223459 -0.501309 0.243403 0.230291 0.318430 -0.707583 0.182908 0.241811 0.165993 0.617218 0.260669 0.430396 -0.333535 0.276027 -0.419778 0.365188 -0.234869 0.260721 0.268459 0.529547 0.536943 -0.451529 0.192459 0.202716 -0.594558 0.199238 0.143325 0.370950 -0.703713 -0.288014 -0.227679 0.278231 -0.297947 -0.328076 0.200216 -0.304805 0.354538 0.650912 0.203384 0.213348 -0.260193 0.300197 0.148005 0.320237 -0.342085 0.362067 -0.620290 -0.664927 -0.553991 0.216409 0.194574 0.339930 -0.323069 0.465381 0.239301 0.278502 0.341985
O95977,-0.435349 -0.236203 0.293074 -0.323196 -0.447175 0.274658 -0.474838 0.294927 0.443608 -0.427520 0.286050 -0.309802 0.357136 0.310813 0.309399 0.295040 -0.373407 0.310954 0.047941 -0.285363 0.300550 -0.293779 -0.410882 -0.336627 -0.513404 0.302756 -0.189893 0.053627 0.457471 -0.482369 0.304809 0.330981 0.299199 0.338900 0.043736 0.393822 -0.312218 -0.323991 0.327323 -0.329943 -0.321473 0.319487 0.471632 -0.390397 -0.449435 0.324566 0.295666 -0.323447 -0.375205 0.299497 -0.178594 -0.313720 -0.224361 0.468562 0.428318 0.464008 0.278451 0.321165 -0.482650 -0.323545 -0.308629 0.294932 -0.278962 -0.414588
O96013,-0.312072 -0.265577 -0.013373 0.051352 -0.266538 0.287045 -0.299814 -0.043718 0.333142 -0.316671 -0.044244 -0.305767 0.360286 -0.001695 0.002186 -0.074021 -0.121163 0.008316 -0.039087 0.067976 0.011853 0.011626 -0.367446 0.048751 -0.318826 0.035672 -0.164955 0.014179 0.373536 -0.330454 -0.045874 0.369694 -0.024366 -0.027183 -0.139715 0.201551 0.047705 0.028632 0.077112 0.028393 -0.009856 -0.032124 0.233770 -0.591398 -0.382004 -0.004700 -0.057109 0.014049 -0.416997 -0.074670 -0.466225 0.100411 -0.395683 0.095567 0.147274 0.146231 -0.068566 -0.005604 -0.247230 0.055527 -0.295574 -0.062968 -0.485104 -0.169565
O96017,-0.154109 0.014590 0.116320 -0.076940 -0.160565 0.309260 -0.257472 0.100132 0.256856 -0.165701 0.063966 -0.241939 0.390744 0.114318 0.077244 0.033017 -0.021035 0.113062 -0.040448 -0.040635 0.126724 -0.079029 -0.155761 0.002268 -0.035177 0.112699 -0.221337 0.058079 0.266055 -0.107159 0.046375 0.244855 0.089885 0.043420 -0.050390 0.151807 -0.042332 -0.046858 0.159994 -0.073988 -0.064520 0.089135 0.178383 -0.181883 -0.161901 0.056572 0.065352 -0.050736 -0.094324 0.037785 -0.177590 -0.000515 -0.013984 0.161452 0.216795 0.098379 0.064045 0.110427 -0.236683 -0.054309 -0.088855 0.092369 -0.234226 -0.170496
P00338,0.525835 -0.411084 -0.612766 0.773948 1.087186 1.413163 0.804544 -0.739961 0.625846 0.884106 -0.968919 0.581659 0.836742 -0.766306 -0.936073 -0.698548 0.080792 -1.102834 -0.118857 1.303593 -0.903937 1.419106 0.632668 0.891599 0.765609 -0.773671 -0.281141 -0.342172 -0.313211 1.494901 -1.072593 -0.291687 -0.777070 -0.865260 -0.459388 0.469531 0.953519 1.100525 -0.886789 1.077545 1.151760 -0.836783 -0.295000 0.337433 -0.672827 -0.821233 -0.538482 0.898932 0.390302 -0.540161 -0.736500 1.075383 0.594374 -0.032129 0.300132 -0.869814 -0.500755 -0.817308 0.375843 1.035931 0.026325 -0.827475 -0.446404 1.279283
P00352,-0.245415 0.004716 0.339993 -0.381533 -0.318660 0.024510 -0.307937 0.329319 0.274260 -0.204829 0.315142 -0.134389 0.126842 0.326946 0.345147 0.344237 -0.165658 0.352046 0.186975 -0.338234 0.330171 -0.351786 -0.143617 -0.369135 -0.341508 0.340791 0.021460 0.191192 0.230087 -0.275402 0.339609 0.075417 0.323453 0.360018 0.199576 0.118259 -0.376283 -0.352309 0.354459 -0.367415 -0.368660 0.352505 0.342781 -0.157022 -0.187928 0.349752 0.329146 -0.364963 -0.194074 0.337805 0.018444 -0.388911 0.021835 0.289964 0.253611 0.274751 0.337430 0.353351 -0.338921 -0.383794 -0.095658 0.339788 -0.128428 -0.192642
P00395,0.076936 0.401548 0.391411 -0.422513 -0.147253 -0.291140 -0.032458 0.383987 0.096260 0.111088 0.379472 0.162671 -0.172951 0.368810 0.391181 0.410718 0.204795 0.391333 0.334271 -0.428071 0.368688 -0.416968 0.218776 -0.389373 -0.089478 0.389879 0.258588 0.376292 -0.061727 0.094865 0.387395 -0.213712 0.355472 0.372156 0.431393 -0.277702 -0.441395 -0.360046 0.356697 -0.396482 -0.426999 0.380036 0.135130 0.285392 0.148446 0.373405 0.355195 -0.416154 0.156208 0.375443 0.248176 -0.443731 0.370170 0.023205 0.033173 -0.058891 0.445375 0.379270 -0.071499 -0.450912 0.306680 0.396004 0.202815 0.055551
P00488,-0.117316 0.106340 0.317931 -0.308520 -0.188980 0.004526 -0.128936 0.294647 0.168537 0.004651 0.320856 0.086025 0.199135 0.292419 0.298463 0.319696 0.001097 0.308504 0.172698 -0.308120 0.288509 -0.303559 -0.003417 -0.294825 -0.143674 0.276724 0.070879 0.240553 0.048480 -0.045641 0.298740 0.094838 0.282923 0.296107 0.198910 0.026690 -0.303694 -0.291806 0.317603 -0.300337 -0.306731 0.316128 0.206086 0.080098 0.040670 0.313130 0.314056 -0.294443 -0.035361 0.313039 0.166479 -0.335025 0.241125 0.231615 0.248459 0.333802 0.309497 0.311507 -0.238630 -0.306072 0.165705 0.323448 0.047647 -0.106755
P00491,0.035397 -0.024115 0.182557 -0.203620 -0.172866 0.230241 -0.169253 0.210035 0.145472 -0.091082 0.135790 -0.235985 -0.023657 0.165371 0.123745 0.222015 -0.256685 0.119059 0.115801 -0.124323 0.162608 -0.099767 -0.096066 -0.222462 -0.151586 0.199223 0.034007 0.063659 0.080243 -0.070235 0.125976 -0.026084 0.178575 0.148782 0.161065 0.353591 -0.208024 -0.176360 0.170281 -0.164286 -0.166342 0.183431 0.127665 -0.106251 -0.235025 0.165930 0.243761 -0.173986 -0.051933 0.225477 0.077491 -0.179385 0.134395 0.105188 0.099306 0.029219 0.187703 0.189558 -0.226293 -0.178346 0.010203 0.208415 -0.053316 0.051746
P00519,-3.800930 -4.909434 -3.774482 4.287104 -1.032258 4.647455 -1.171274 -3.994381 -0.915135 -2.859950 -3.777967 -3.780111 3.620444 -3.497425 -3.375548 -4.011840 -4.199934 -3.724484 -6.823963 3.803015 -3.882316 3.102893 -3.326158 4.068147 0.457987 -3.898935 -7.118527 -6.970029 1.056656 -2.496368 -3.615788 3.823453 -4.146208 -3.646196 -6.459324 1.312634 3.736271 3.648624 -3.949986 3.866149 3.940132 -3.712661 -0.269948 -3.729491 -3.889584 -4.004656 -4.654598 4.122867 -3.606436 -4.048777 -6.028506 4.004950 -6.722559 0.715912 0.483685 1.618925 -3.883249 -4.221697 -2.165925 3.912827 -5.495194 -3.943472 -4.724395 -4.598140
P00533,-1.092476 -8.945168 -13.701252 13.218105 3.979351 5.139685 5.626865 -13.548843 -6.937302 1.030630 -14.007498 -5.166147 -1.722637 -13.105581 -13.043230 -13.548061 -4.602110 -12.665065 -13.424782 13.210948 -13.369131 13.070421 -3.061182 13.109971 6.209531 -13.346771 -10.427104 -13.941257 -4.872862 -0.088830 -13.231388 -0.098296 -14.230164 -12.861750 -12.996715 -5.043494 13.283159 12.968809 -13.523692 12.930264 12.650286 -13.384796 -6.900929 -6.040609 -2.975181 -13.159902 -14.220499 13.101808 -4.182488 -13.362499 -10.983929 12.666019 -10.156268 -6.842558 -6.985689 -5.671561 -13.763092 -13.723094 2.771777 13.233939 -9.152698 -14.126103 -8.812495 -0.071696
P00558,0.969727 0.036518 -0.596575 0.772735 1.027903 0.607991 0.742855 -0.632164 -0.841921 0.697858 -0.828587 0.525444 -1.038505 -0.688361 -0.874408 -0.582861 0.553647 -1.070348 -0.002002 0.816593 -0.813302 1.167744 0.838937 0.660739 0.747108 -0.663322 0.740516 -0.542614 -0.903914 1.043325 -0.916116 -0.881054 -0.614710 -0.875332 -0.280559 0.452882 0.722535 0.835501 -0.962064 0.774705 0.867164 -0.711260 -0.999471 1.057697 0.187351 -0.748990 -0.418690 0.785468 0.597334 -0.412760 0.281161 0.927753 0.612507 -0.818159 -0.558970 -0.932066 -0.639702 -0.795930 0.940496 0.876426 0.674241 -0.736450 0.634276 1.150840
P00734,0.215755 1.210755 0.070810 0.130189 0.531220 -0.273547 0.835528 0.094489 0.093624 1.277961 0.154959 1.439390 -0.417909 0.102207 0.125920 0.172377 0.908505 0.108092 0.890008 -0.240202 0.069506 0.351166 1.557923 0.050712 0.766358 0.137191 1.367564 0.794267 -0.590431 1.068715 0.200217 -0.225661 0.097852 0.190534 1.222210 -0.817323 0.164121 -0.048809 -0.153221 -0.013632 0.095433 0.131553 0.043992 1.296264 1.806603 0.211143 -0.035113 0.056853 1.237933 0.121819 1.583857 0.118905 -0.036662 0.133298 0.114804 0.140361 0.292270 0.039185 0.616736 0.263680 1.641357 -0.124501 1.072768 0.489852
P00747,-0.913562 -0.131722 -0.288014 0.500765 -0.028083 1.120459 0.118258 -0.251341 0.819291 0.706691 -0.210605 0.511116 0.776857 -0.240776 -0.190406 -0.192422 -0.356410 -0.216966 -0.025894 0.206524 -0.324604 0.809076 0.583959 0.424942 0.107267 -0.238899 0.116624 -0.146038 0.124762 0.181240 -0.154679 1.104334 -0.352789 -0.150251 0.195059 0.086558 0.547675 0.285899 -0.535682 0.324382 0.568566 -0.221815 0.513593 0.028863 0.825409 -0.117793 -0.436489 0.475665 0.076663 -0.208844 0.339943 0.565567 -1.229343 0.971541 0.891047 0.979850 0.012769 -0.299216 -0.344276 0.696901 0.431176 -0.455537 -0.379912 -0.327845
P00748,-0.228001 0.116196 0.312990 -0.315156 -0.249516 0.104816 -0.263885 0.306763 0.316841 -0.087783 0.308737 -0.004080 0.174248 0.305851 0.321182 0.313781 -0.096480 0.325324 0.262657 -0.310272 0.301053 -0.275365 0.006209 -0.309297 -0.239476 0.320177 0.096109 0.211694 0.176287 -0.159418 0.323027 0.156278 0.298922 0.334751 0.267823 0.108274 -0.303793 -0.314571 0.291898 -0.317182 -0.290722 0.325101 0.359819 -0.094814 -0.040808 0.327475 0.279943 -0.303422 -0.115275 0.302522 0.155913 -0.316557 -0.079895 0.334725 0.326921 0.347123 0.334585 0.308427 -0.287810 -0.306753 0.023811 0.301401 -0.025309 -0.153410
P00749,0.285831 0.973140 0.249585 -0.227350 0.354787 -0.626396 0.569254 0.277470 -0.192896 0.982609 0.296548 1.044116 -0.526018 0.227295 0.279842 0.326480 0.658858 0.337005 0.704228 -0.419995 0.252624 -0.093755 0.960093 -0.217205 0.543514 0.254499 0.940649 0.790744 -0.633463 0.835007 0.320568 -0.421682 0.233706 0.296784 0.951854 -0.915653 -0.189922 -0.277005 0.104051 -0.260573 -0.166740 0.268555 -0.061732 0.887190 1.455677 0.324730 0.208917 -0.233235 0.831384 0.260984 1.193523 -0.269510 0.352744 -0.107587 -0.165443 -0.109209 0.400256 0.281769 0.386967 -0.163433 1.076331 0.186479 0.730552 0.432243
P00797,0.142488 0.275465 0.498300 -0.664466 -0.110023 -0.613544 -0.027526 0.508259 -0.218679 0.177148 0.488265 0.121039 -0.353809 0.446550 0.484681 0.520896 0.273570 0.520598 0.434643 -0.600233 0.489613 -0.668232 0.228247 -0.566011 -0.049764 0.470206 0.266433 0.419130 -0.332407 0.088645 0.491338 -0.414744 0.447813 0.468453 0.365529 -0.558608 -0.606031 -0.520032 0.498691 -0.564781 -0.601568 0.495848 0.051972 0.203339 0.307720 0.499188 0.498345 -0.595402 0.073053 0.469884 0.337380 -0.767672 0.409112 -0.176603 -0.119912 -0.142209 0.562351 0.480202 -0.143923 -0.670406 0.221039 0.572091 0.140668 0.158505
P00915,-0.506236 -0.265287 0.266153 -0.284718 -0.470258 0.355986 -0.486821 0.260912 0.491370 -0.431790 0.258394 -0.348124 0.420261 0.289749 0.281822 0.271529 -0.417207 0.290434 0.029264 -0.244649 0.276838 -0.245256 -0.429387 -0.307890 -0.537413 0.284404 -0.206348 0.027738 0.516207 -0.511887 0.287984 0.373937 0.271269 0.321494 0.013611 0.435122 -0.280924 -0.303683 0.300787 -0.304076 -0.282103 0.298008 0.495107 -0.421731 -0.479317 0.301884 0.268100 -0.289656 -0.406493 0.274692 -0.191732 -0.253489 -0.277053 0.503154 0.489262 0.522338 0.240029 0.294539 -0.502533 -0.274805 -0.314467 0.257800 -0.292930 -0.468590
P01031,-0.267313 0.070034 0.299990 -0.307702 -0.279724 0.064642 -0.272135 0.285107 0.324183 -0.257166 0.316306 0.009334 0.227401 0.320202 0.332691 0.308418 -0.112032 0.316168 0.192736 -0.311710 0.293527 -0.298878 -0.119133 -0.321266 -0.315670 0.314798 0.071661 0.162289 0.224275 -0.192331 0.328506 0.247718 0.303656 0.342334 0.196217 0.084736 -0.302710 -0.309059 0.301282 -0.334969 -0.315525 0.328811 0.372853 -0.092183 -0.131428 0.331729 0.274256 -0.314784 -0.146373 0.317880 0.067465 -0.324765 0.005246 0.358830 0.333573 0.400576 0.318593 0.305275 -0.338692 -0.316801 0.002420 0.296972 -0.020723 -0.193280
P01106,-2.779497 -6.967554 -4.954970 4.939007 -0.760273 3.099326 -0.716262 -4.904869 -2.059232 -2.794724 -5.238559 -7.126387 3.001958 -5.176926 -5.218583 -5.192868 -6.709067 -5.063892 -8.091041 5.111886 -5.341908 5.232349 -4.272321 5.140678 0.895399 -5.319252 -7.504516 -7.734905 -0.209832 -2.410751 -5.263318 2.402097 -5.117660 -5.237120 -7.366579 3.243206 4.818311 4.752181 -4.862384 4.760724 5.073798 -4.857525 -2.648885 -5.084631 -3.973865 -5.350365 -5.220282 5.246174 -4.128459 -5.067598 -6.322396 4.795539 -6.534970 -0.568728 0.000281 1.093684 -5.261084 -5.155487 -1.487404 4.861511 -6.635510 -5.226466 -5.976159 -4.004541
P01375,-0.538585 -0.259216 -0.108652 0.200990 -0.316868 0.514882 -0.140721 -0.093630 0.533554 -0.477219 -0.054077 -0.273633 0.542175 -0.116463 0.011321 -0.033689 -0.600614 -0.062102 -0.338101 0.046602 -0.035699 0.289726 -0.352618 0.203692 -0.294737 -0.045740 0.063547 -0.348674 0.635459 -0.285842 -0.005242 0.870360 -0.070044 0.018663 -0.160067 0.691710 0.086087 0.060079 -0.147636 0.195381 0.190472 -0.094100 0.412253 -0.154903 -0.145798 -0.113516 -0.162394 0.194722 -0.544211 -0.074103 -0.169840 0.203886 -0.215429 0.425871 0.572624 0.633550 -0.042375 -0.128978 -0.289702 0.156764 -0.458161 -0.135944 -0.149595 -0.538565
P02144,-0.457074 -0.250390 0.248054 -0.259675 -0.439101 0.379440 -0.485437 0.247429 0.478284 -0.443428 0.240765 -0.355726 0.382173 0.276012 0.264712 0.249642 -0.416858 0.255633 0.014135 -0.222104 0.248800 -0.222038 -0.422754 -0.286172 -0.509378 0.265710 -0.199297 0.008103 0.502790 -0.507634 0.260790 0.377891 0.258426 0.297850 0.022510 0.471355 -0.252371 -0.279688 0.275028 -0.277952 -0.261179 0.273654 0.484438 -0.421584 -0.519278 0.280871 0.252485 -0.275632 -0.398317 0.265096 -0.256222 -0.239142 -0.251561 0.479609 0.455661 0.493613 0.215007 0.267849 -0.478669 -0.250363 -0.326756 0.239613 -0.294444 -0.431810
P02753,-0.280054 -0.000522 0.285099 -0.310564 -0.315469 0.140646 -0.294978 0.281172 0.340055 -0.229499 0.284307 -0.100625 0.186423 0.302041 0.302161 0.293701 -0.161417 0.298949 0.166576 -0.295926 0.288413 -0.275406 -0.138558 -0.313883 -0.350441 0.294703 -0.001814 0.144264 0.279347 -0.270239 0.306953 0.183367 0.279479 0.328967 0.188009 0.170685 -0.293329 -0.306930 0.293370 -0.320069 -0.307606 0.310798 0.365395 -0.183649 -0.189534 0.315691 0.277651 -0.312297 -0.199664 0.298491 -0.017273 -0.304470 -0.070221 0.355378 0.315489 0.356628 0.293062 0.302492 -0.339272 -0.298931 -0.095852 0.281208 -0.106665 -0.228128
P02766,0.409753 0.387305 0.001341 0.067336 0.346541 0.024726 0.382424 0.023310 -0.154903 0.583426 -0.009663 0.539985 -0.401030 -0.019735 -0.011218 0.036242 0.411101 -0.065643 0.265307 0.007729 -0.011290 0.192226 0.674633 0.065278 0.483328 -0.042342 0.313626 0.134875 -0.383934 0.318354 0.009395 -0.360618 0.002397 -0.026997 0.317171 -0.192305 0.048235 -0.006232 -0.217197 0.103334 0.095866 -0.008035 -0.109406 0.375662 0.617352 -0.028306 -0.043060 0.090174 0.484198 -0.012949 0.476764 -0.027135 0.034334 -0.203186 -0.232439 -0.163733 0.052791 -0.067247 0.181351 0.180204 0.585406 -0.140653 0.569454 0.381870
P02768,1.693742 2.290295 -0.357255 0.795049 1.764638 0.010265 1.665560 -0.358276 -0.919898 2.054240 -0.095796 3.068669 -0.579890 -0.254962 -0.262232 -0.495213 1.598598 -0.387957 0.682400 0.210109 -0.329902 0.516304 3.838583 0.698052 2.256954 -0.506651 1.350997 0.606302 -1.955967 1.888305 -0.097411 -0.379459 -0.336025 -0.350727 0.630918 -1.646335 0.655269 0.634942 -0.833203 0.363882 0.533072 -0.330951 -0.791041 2.125256 2.589752 -0.364130 -0.620997 0.636741 2.159980 -0.203790 1.939635 0.659565 0.825722 -0.117555 -0.234084 -0.178809 -0.152927 -0.644010 1.669851 0.689302 2.617354 -0.525649 2.322780 0.682849
P02795,-0.383187 -0.139249 0.280922 -0.297042 -0.398277 0.263656 -0.361979 0.286562 0.445255 -0.318087 0.276885 -0.221626 0.384336 0.301747 0.302581 0.302487 -0.336145 0.294669 0.077868 -0.285736 0.306811 -0.247071 -0.251125 -0.305697 -0.427993 0.308570 -0.060038 0.089164 0.435189 -0.369832 0.299436 0.297379 0.286629 0.318623 0.088029 0.350189 -0.283469 -0.305395 0.285311 -0.291474 -0.281794 0.302016 0.462153 -0.239162 -0.303570 0.318113 0.272283 -0.295238 -0.291864 0.289937 -0.051934 -0.283963 -0.140717 0.397442 0.432769 0.394573 0.298672 0.294624 -0.397331 -0.278821 -0.169808 0.258367 -0.199703 -0.355602
P03372,1.677609 -6.462148 -8.159948 7.989925 4.562903 -0.053930 2.477789 -8.283064 -9.711203 1.432091 -8.463792 -5.964089 -2.963349 -8.450111 -8.755076 -8.445052 -3.464510 -8.909829 -10.633468 7.950113 -8.937061 7.681024 -1.258077 8.069624 5.872729 -8.981096 -8.030900 -10.318610 -5.890203 1.142496 -8.644300 -2.232381 -8.323572 -8.725548 -9.447274 0.065643 7.740764 7.843016 -8.672583 7.966317 7.879968 -8.287011 -8.534025 -0.992815 -2.092257 -9.106445 -8.231363 7.920152 -0.634956 -8.377186 -4.824223 6.540607 -4.952392 -6.746155 -6.803169 -4.510867 -9.216485 -8.697490 3.052991 7.875382 -5.144108 -8.347286 -3.115644 -1.802579
P04049,0.514369 1.035891 -1.534823 1.699169 0.919279 -1.537528 1.416752 -1.442330 -1.885845 0.398249 -1.289552 -0.541659 -0.486032 -1.260675 -1.316223 -1.664949 1.479403 -0.939741 -0.804864 1.425942 -1.086867 0.935667 0.330831 1.686310 1.826607 -1.380305 0.096509 -0.441459 -0.822471 1.153281 -1.344447 -0.011487 -1.559423 -1.649291 -0.384884 -2.094137 1.588717 1.323912 -1.219330 1.487159 1.405533 -1.658199 -1.625926 0.282956 2.466881 -1.608967 -1.699354 1.664290 0.980519 -1.769595 0.541495 1.809079 0.045662 -2.060156 -2.231346 -0.626445 -1.526470 -1.476307 1.572933 1.568467 0.286417 -1.545539 -0.390560 1.235746
P04062,-0.143542 -0.036359 0.178626 -0.170582 -0.122554 0.250209 -0.147761 0.177503 0.323446 0.023305 0.162451 0.106511 0.231851 0.191900 0.174463 0.180123 -0.037330 0.170528 0.140872 -0.133187 0.179380 -0.082587 0.036139 -0.179014 -0.284893 0.179008 -0.020613 0.090795 0.181013 -0.059220 0.182635 0.077744 0.187944 0.221274 0.115991 0.188426 -0.161005 -0.131946 0.184970 -0.170161 -0.155723 0.189509 0.275793 -0.014599 -0.098443 0.212015 0.162871 -0.153772 0.033996 0.189355 0.101034 -0.142878 -0.069484 0.344370 0.222110 0.190195 0.193177 0.173411 -0.182171 -0.116386 0.007792 0.167450 0.037339 -0.017836
P04150,2.030283 1.226364 -1.164409 1.291429 1.945132 -1.869990 1.994548 -1.054133 -2.666379 1.586762 -0.888930 0.430232 -1.098931 -1.117486 -1.167850 -1.243894 1.469961 -0.966770 -1.156293 1.017089 -1.096488 0.681251 1.290234 1.301995 2.429176 -1.362660 -0.055198 -0.376580 -1.970222 1.927206 -1.094645 -1.366079 -1.043159 -1.371957 -0.297809 -1.594866 1.198061 1.085433 -1.001476 1.295100 1.120092 -1.196865 -2.305141 1.502632 1.411400 -1.337225 -1.161926 1.242107 1.841038 -1.311812 1.041277 0.805891 0.554034 -1.940626 -2.064050 -1.351885 -1.241653 -1.175805 2.007932 1.228636 1.364705 -0.995496 1.527553 0.946167
P04156,-0.379367 -0.102568 0.266369 -0.253566 -0.416547 0.315593 -0.438586 0.270746 0.442576 -0.417795 0.268781 -0.238947 0.366433 0.279948 0.278754 0.268908 -0.259511 0.264805 0.085554 -0.248213 0.259803 -0.226662 -0.343688 -0.266632 -0.435481 0.275519 -0.049925 0.062765 0.437153 -0.386917 0.273814 0.423429 0.274886 0.292144 0.092165 0.427645 -0.256442 -0.268799 0.280349 -0.270081 -0.250267 0.275607 0.440371 -0.282296 -0.275687 0.283003 0.265210 -0.248549 -0.330048 0.273136 -0.117766 -0.231953 -0.133654 0.436044 0.442510 0.496119 0.252104 0.268008 -0.381525 -0.252139 -0.221035 0.263881 -0.181978 -0.322970
P04183,0.605452 0.087858 -0.112341 0.091265 0.517620 -0.466707 0.449251 -0.153482 -0.713272 0.466063 -0.184619 -0.268572 -0.171343 -0.304457 -0.313088 -0.111447 0.446441 -0.357872 -0.101818 0.194679 -0.255406 0.204532 0.196693 0.184507 0.647554 -0.287819 -0.143194 -0.157814 -0.862862 0.638100 -0.325061 -0.630725 -0.171070 -0.357232 -0.323336 -0.031789 0.125349 0.221996 -0.214502 0.258831 0.206896 -0.179220 -0.791962 0.400651 0.483260 -0.276352 -0.102313 0.262232 0.387694 -0.215298 0.084581 0.007122 0.096281 -0.564065 -0.458223 -0.626058 -0.148659 -0.213496 0.277151 0.114240 0.049831 -0.029479 0.211519 0.451147
P04271,0.213946 0.404285 0.308537 -0.357453 -0.015175 -0.074221 -0.011803 0.352127 0.066422 0.168439 0.280197 0.235162 -0.281015 0.282165 0.306535 0.342795 0.418559 0.296999 0.480620 -0.313925 0.299031 -0.255627 0.365027 -0.281972 0.035224 0.293453 0.561730 0.393003 -0.144254 0.251803 0.295536 -0.057726 0.286720 0.263453 0.454650 -0.060674 -0.319819 -0.284297 0.292716 -0.294328 -0.292807 0.304422 0.073248 0.197768 0.435383 0.292614 0.356071 -0.290463 0.194408 0.333562 0.324494 -0.320929 0.342988 -0.131984 -0.006452 -0.125615 0.398308 0.275803 0.000610 -0.323791 0.398921 0.301206 0.161923 0.342873
P04406,2.821246 0.319150 -1.745675 1.907334 2.827618 -0.032369 2.493472 -1.881279 -2.425052 2.350182 -1.932054 1.371943 -2.252075 -1.853762 -2.119065 -1.783822 1.570869 -2.257689 -0.287341 1.939279 -2.142885 2.303674 1.473871 1.882634 2.576911 -1.864723 0.645950 -0.939672 -2.905944 3.144626 -2.221443 -2.977417 -1.718366 -2.186454 -1.183269 -1.596272 1.858974 2.209880 -2.073381 2.038997 1.994580 -2.018711 -2.724784 2.497379 0.524360 -1.965318 -1.582949 1.876623 2.554205 -1.575384 0.423171 2.070323 1.661407 -2.790825 -2.486674 -3.424614 -1.758147 -2.007824 2.944927 1.926184 1.048418 -1.592566 1.719235 2.962817
P04626,2.266599 1.784022 -2.643586 2.408099 3.261629 -2.034576 3.466198 -2.525927 -3.329012 3.004001 -2.423547 2.386418 -3.904294 -2.356080 -2.160621 -2.664595 3.127129 -1.754208 -0.392606 2.226128 -2.115706 1.878829 2.620425 2.311603 2.572623 -2.299646 1.222103 -0.327785 -3.011930 3.145187 -2.245078 -2.944537 -2.712474 -2.372854 0.057903 -4.700310 2.517449 2.323083 -2.288629 2.369557 2.114595 -2.527855 -3.105916 1.252894 4.183234 -2.389750 -2.690395 2.320153 2.116899 -2.656697 1.245737 2.331415 0.324835 -3.852643 -4.643890 -3.364675 -2.363394 -2.560341 3.086691 2.445298 1.663771 -2.484932 0.480222 3.723962
P04629,3.208668 -12.757852 -18.502018 16.502805 9.550980 -2.075246 10.249568 -17.474872 -8.067294 6.692090 -18.680505 0.431141 -5.318621 -18.209230 -17.414278 -17.055613 -3.898141 -17.011680 -14.732805 17.925585 -17.492163 18.851581 -0.982526 16.417585 7.439045 -17.336140 -7.767757 -15.252299 -8.985553 8.178723 -17.459611 -4.208613 -18.065757 -16.597324 -13.063035 -4.784521 17.332916 17.651257 -17.055842 17.162297 17.478693 -17.416405 -11.155606 -3.440782 2.477936 -16.741673 -16.913333 17.659582 0.261525 -17.244229 -8.485280 16.975043 -7.111548 -10.585897 -10.240720 -9.386195 -17.320198 -17.304610 8.164149 16.841364 -8.135671 -17.808270 -7.764293 6.078522
P05023,0.873955 0.679672 -0.064660 0.391893 0.620771 0.194685 0.697119 -0.097304 -0.218709 0.417654 -0.087610 1.029547 0.312441 -0.151965 -0.153763 -0.175737 0.460192 -0.215984 -0.145132 0.064386 -0.213262 0.313714 1.448624 0.301265 0.731821 -0.266953 0.283215 -0.110461 -0.443528 0.989432 -0.187769 -0.201337 -0.044106 -0.192139 -0.123079 -0.284974 0.205695 0.333053 -0.240406 0.179528 0.240400 -0.173600 -0.593382 1.260110 0.403764 -0.241177 -0.100046 0.193964 0.705197 -0.101034 0.636375 0.176455 0.946455 0.046688 0.029979 -0.202851 -0.033231 -0.196358 0.888999 0.285800 1.136487 -0.111710 1.160700 0.086237
P05067,7.013502 -1.577780 -8.585589 10.238950 7.018853 5.786725 6.031534 -9.202105 -9.783300 3.178628 -8.924405 -1.106722 -5.190607 -8.765599 -9.337429 -9.757198 -0.725416 -10.114795 -7.973789 9.193567 -10.016828 9.104192 6.421000 10.327816 11.650390 -9.502211 -4.082650 -8.689724 -7.027507 2.652210 -9.651921 -4.953783 -8.957792 -9.720930 -6.850281 -2.101421 9.662481 9.719645 -9.886002 9.596650 9.363500 -9.764393 -8.485138 1.188287 -3.012813 -9.978470 -9.746698 9.082653 2.575442 -8.705562 -6.999248 8.414039 -2.133778 -8.577252 -7.526100 -7.484093 -10.304328 -10.546687 7.197760 9.755892 -1.462168 -10.263710 2.678369 -0.053774
P05106,0.204126 0.821098 0.126635 -0.022082 0.253872 0.185336 0.261775 0.156075 0.168312 0.527108 0.198783 0.750163 -0.087903 0.171593 0.222228 0.094824 0.626939 0.228230 0.524335 -0.125276 0.150226 -0.067433 0.625610 -0.008853 0.319598 0.138616 0.553021 0.375108 -0.230942 0.513717 0.223420 0.020574 0.073156 0.145797 0.603614 -0.599863 0.009864 -0.064356 0.083744 -0.048391 -0.043108 0.143443 0.147353 0.332376 0.773414 0.140337 0.019154 -0.054085 0.407759 0.133937 0.509572 -0.088723 0.071347 0.105387 0.037092 0.098969 0.278859 0.079900 0.032449 0.056097 0.707258 0.105108 0.401515 0.613673
P05113,-0.270577 -0.037425 0.321275 -0.366402 -0.358066 0.021848 -0.360297 0.321503 0.248579 -0.274875 0.308207 -0.177519 0.137575 0.315379 0.328912 0.321138 -0.179983 0.336455 0.178431 -0.332308 0.323428 -0.355535 -0.196280 -0.349146 -0.359627 0.325334 -0.013180 0.183150 0.257980 -0.321237 0.332743 0.113535 0.307404 0.351635 0.170241 0.132698 -0.357915 -0.349081 0.340733 -0.356845 -0.355795 0.332227 0.349238 -0.177167 -0.172581 0.340388 0.311945 -0.344637 -0.245862 0.320052 -0.004223 -0.362474 -0.051139 0.315005 0.253841 0.311713 0.308422 0.333095 -0.346731 -0.373124 -0.148334 0.327938 -0.122174 -0.263697
P05129,-0.200785 0.277691 0.093330 0.041678 -0.125172 0.333873 -0.221322 0.067079 0.448554 -0.168936 0.158147 -0.157279 0.505838 0.139500 0.116086 -0.034467 -0.022112 0.113500 0.072973 0.006826 0.079764 -0.201015 -0.264613 0.054435 -0.057861 0.046158 -0.304726 0.069715 0.413760 -0.206467 0.108392 0.510469 0.091069 0.054085 -0.016293 -0.133518 0.005047 -0.016555 0.070886 0.026903 -0.055109 0.050134 0.332333 -0.265696 -0.059249 -0.008841 -0.094270 -0.010555 -0.022499 0.004507 -0.344858 0.039889 -0.010520 0.336538 0.236834 0.271293 0.068253 0.029094 -0.202432 0.013243 -0.136947 0.073653 -0.087489 -0.153376
P05164,-0.481464 -0.263171 0.276351 -0.290732 -0.468452 0.358733 -0.501427 0.275214 0.516181 -0.454788 0.268709 -0.335978 0.444861 0.299054 0.292236 0.281670 -0.422601 0.293944 0.023354 -0.252466 0.282446 -0.255579 -0.432815 -0.315329 -0.528718 0.293266 -0.227161 0.023505 0.523233 -0.522923 0.292434 0.404573 0.284122 0.327150 0.014046 0.464912 -0.282312 -0.308058 0.303457 -0.307855 -0.293569 0.303109 0.508603 -0.425049 -0.492947 0.312445 0.277356 -0.301923 -0.410129 0.289026 -0.224632 -0.270854 -0.261673 0.521744 0.500468 0.524071 0.254454 0.301912 -0.512307 -0.281576 -0.323361 0.269308 -0.304837 -0.447027
P05177,-0.446768 -0.189579 0.253720 -0.237921 -0.413000 0.323622 -0.425162 0.247762 0.477952 -0.388735 0.258427 -0.213601 0.406161 0.286962 0.279006 0.254947 -0.332954 0.268253 0.044168 -0.232325 0.256063 -0.225106 -0.351619 -0.270803 -0.483189 0.266937 -0.165441 0.035797 0.473511 -0.441345 0.279245 0.370990 0.263762 0.309636 0.046098 0.407772 -0.247932 -0.273976 0.269627 -0.278591 -0.257514 0.278024 0.468227 -0.334615 -0.440033 0.284819 0.241081 -0.264458 -0.323453 0.270285 -0.152076 -0.225084 -0.199298 0.522157 0.479265 0.491469 0.242692 0.273840 -0.431356 -0.248944 -0.234014 0.242613 -0.195343 -0.415154
P05187,0.496717 0.608695 0.517921 -0.716611 0.071161 -0.995814 0.169574 0.547860 -0.502218 0.354735 0.504351 0.455731 -0.759271 0.446593 0.514546 0.530876 0.549612 0.545933 0.609092 -0.665457 0.520981 -0.734203 0.573837 -0.614683 0.211098 0.492335 0.539878 0.592676 -0.642252 0.282428 0.502089 -0.870864 0.489739 0.486730 0.597182 -0.928833 -0.662223 -0.534216 0.518252 -0.617610 -0.678070 0.536493 -0.159747 0.568326 0.776524 0.500265 0.513195 -0.619499 0.409720 0.494491 0.669593 -0.853178 0.597920 -0.409507 -0.460975 -0.513562 0.593625 0.532860 0.104199 -0.732564 0.474852 0.585760 0.396455 0.438178
P05231,0.005765 0.235635 0.347282 -0.429528 -0.170945 -0.372773 -0.098550 0.368338 -0.020022 0.003747 0.359155 0.129235 -0.149914 0.338582 0.369174 0.352622 0.125409 0.387284 0.311590 -0.419864 0.361547 -0.434251 0.075274 -0.395583 -0.131848 0.348324 0.235067 0.319664 -0.037809 -0.081334 0.366717 -0.198385 0.342782 0.371892 0.292231 -0.268395 -0.417657 -0.377758 0.366448 -0.407512 -0.418590 0.367511 0.154808 0.154301 0.185426 0.361332 0.342374 -0.391860 0.008122 0.348447 0.278946 -0.472490 0.196766 0.075482 0.032898 0.039703 0.379457 0.379763 -0.131955 -0.448456 0.122383 0.385706 0.142177 -0.028830
P05362,0.611375 -0.593388 -1.041531 0.990365 1.178100 0.279824 0.987751 -0.943216 -0.215431 0.928609 -0.979184 1.093078 -0.315038 -0.999893 -0.880323 -0.861183 -0.214443 -0.969492 -0.733019 1.013849 -0.885256 1.409671 0.623115 0.918115 0.442124 -0.954936 0.079349 -0.517213 -0.533068 0.717102 -0.879845 0.119081 -0.950101 -0.749832 -0.280510 0.116654 1.037415 1.023853 -1.056651 1.060951 1.200368 -0.872813 -0.384704 0.662247 0.807096 -0.792526 -0.803572 1.213583 0.392696 -0.837324 0.293263 1.110862 -0.041239 -0.090173 -0.087149 -0.156802 -0.850024 -0.865879 0.642408 1.164617 0.074782 -1.018354 0.310728 0.463972
P05771,-1.443935 -1.201937 -0.951523 1.124252 -0.467361 1.381212 -0.703176 -1.059547 0.907111 -1.273341 -0.904102 -1.409090 1.680937 -0.779930 -0.774878 -1.150486 -1.336820 -0.908165 -1.384344 1.136332 -0.941334 0.654373 -1.759212 1.119528 -0.466067 -0.928482 -1.969888 -1.514441 1.152299 -1.241568 -0.841276 1.734736 -1.011530 -0.879278 -1.557339 0.236758 1.075130 0.974672 -0.935542 1.089792 1.000807 -0.929495 0.633386 -1.617626 -1.256151 -1.057588 -1.365078 1.044851 -1.192870 -1.092353 -2.186161 1.231807 -1.784184 0.757688 0.633109 0.311657 -0.961574 -0.978159 -0.769770 1.099585 -1.819871 -1.022648 -1.712546 -1.400210
P06213,-0.419487 -0.051350 -0.126456 0.248602 -0.148874 0.439005 -0.167642 -0.117576 0.606862 -0.298661 -0.029521 -0.356616 0.731634 -0.043673 0.037019 -0.140822 -0.160412 0.035723 -0.209451 0.213758 -0.040874 0.067164 -0.616613 0.197675 -0.253861 -0.063324 -0.149707 -0.132441 0.643739 -0.270781 -0.022068 0.903913 -0.127359 -0.066367 -0.007774 0.006534 0.223120 0.106195 -0.034523 0.179823 0.218133 -0.087902 0.370246 -0.337528 0.018978 -0.085591 -0.230868 0.199989 -0.209569 -0.150395 -0.193774 0.260182 -0.437212 0.476235 0.299606 0.499717 -0.058442 -0.120241 -0.308114 0.288317 -0.251419 -0.086721 -0.505463 -0.044236
P06239,-0.366554 0.186711 -0.715251 0.974647 0.208076 0.454406 0.089627 -0.767526 0.173757 -0.679188 -0.496643 -0.270720 0.457155 -0.474352 -0.376489 -0.890260 0.046916 -0.455034 -0.473659 0.861999 -0.562538 0.248830 -1.184705 0.809533 0.008471 -0.634403 -0.893469 -0.668151 0.526741 -0.402279 -0.518047 1.235547 -0.785002 -0.743597 -0.471685 -0.758536 0.823603 0.724221 -0.693942 0.790036 0.739747 -0.760160 -0.016945 -0.656859 0.420413 -0.783599 -1.086837 0.845111 -0.079260 -0.811521 -0.607738 1.077990 -0.570269 -0.067292 -0.442490 0.235684 -0.624310 -0.842317 -0.084009 0.884397 -0.519483 -0.675138 -0.705784 0.366230
P06241,-0.305193 0.207021 -1.966961 2.580912 0.749305 0.183713 0.339833 -2.178653 -0.151891 -0.627373 -1.662175 -0.637663 0.927676 -1.634546 -1.435647 -2.397086 0.122064 -1.507863 -1.386812 2.320470 -1.660977 1.128828 -1.294145 2.361615 0.507425 -2.001351 -1.678590 -1.405963 0.402253 -0.656786 -1.721196 2.090158 -2.181629 -2.113188 -1.082041 -2.226058 2.263767 2.050372 -1.932882 2.171641 2.067643 -2.181771 -0.868126 -1.122827 1.286061 -2.235296 -2.864372 2.276036 0.048979 -2.395089 -1.401566 2.778949 -1.310215 -0.627312 -1.804498 0.011936 -1.975532 -2.290575 0.376027 2.447839 -0.824435 -2.109065 -1.541110 0.883863
P06401,0.095481 0.322550 -0.042178 0.082406 0.175056 -0.185427 0.110666 -0.010651 -0.223865 0.166846 0.040949 0.060514 0.071510 0.014140 -0.009381 -0.072368 0.276902 -0.000349 -0.171960 -0.007536 0.003855 -0.042264 0.292649 0.068788 0.245530 -0.086414 0.105995 -0.002221 -0.121848 0.243290 -0.006527 0.141669 -0.005274 -0.031914 -0.014166 -0.162082 0.054936 0.041529 0.056504 0.019847 0.027416 -0.006505 -0.207437 0.241556 0.319123 -0.060960 -0.022433 0.062745 0.205962 -0.077526 0.194323 0.004078 0.050221 -0.051226 -0.121949 0.111209 -0.078591 -0.020949 0.211575 0.049012 0.242443 0.007344 0.205649 -0.135267
P06493,0.447490 -0.191140 -1.098650 1.339998 0.600730 -0.107586 1.498043 -1.285200 -1.167473 0.981074 -1.306874 -0.078661 0.378635 -1.180055 -1.541465 -1.350900 -0.054736 -1.138878 -1.376875 1.322183 -1.127929 1.344283 0.968600 1.430278 1.994417 -1.444403 -1.040455 -0.754843 -1.206312 0.526378 -1.293395 -1.033738 -1.411372 -1.406397 -1.539370 -0.935764 1.286015 1.300041 -1.342617 1.125108 1.235757 -1.315039 -1.342069 0.081020 -0.225421 -1.320771 -1.245263 1.294783 0.428520 -1.409899 0.027557 1.312503 -0.064813 -0.563768 -0.477575 -0.236905 -1.356623 -1.101153 0.571874 1.290699 -0.035941 -1.379044 -0.001722 0.171135
P06746,-0.133144 -0.031405 0.324677 -0.367512 -0.243310 0.061758 -0.234025 0.318956 0.170283 -0.240010 0.297184 -0.181661 0.132289 0.292862 0.293978 0.313031 -0.126908 0.303032 0.131755 -0.330764 0.303922 -0.345966 -0.203350 -0.333872 -0.210471 0.290963 -0.030505 0.137193 0.132081 -0.197912 0.290259 0.017505 0.304251 0.302580 0.081049 0.127736 -0.354645 -0.311996 0.335357 -0.336303 -0.347497 0.303295 0.226508 -0.097362 -0.288204 0.315571 0.335978 -0.353275 -0.129313 0.304087 -0.042068 -0.372179 0.090894 0.210326 0.241868 0.221325 0.311248 0.307972 -0.315754 -0.358385 -0.006349 0.354837 -0.039852 -0.168524
P06858,0.024197 0.258155 0.320625 -0.319818 -0.125799 -0.090961 -0.022456 0.305087 0.097247 0.029031 0.321058 0.154150 0.046167 0.303045 0.322543 0.312207 0.086354 0.339835 0.263444 -0.332307 0.307326 -0.324379 0.232635 -0.311027 -0.020268 0.298605 0.140898 0.286707 0.022602 0.012313 0.316297 -0.046215 0.302758 0.322225 0.286375 -0.169394 -0.301500 -0.299253 0.301664 -0.327486 -0.338223 0.323907 0.217573 0.106929 0.135593 0.320929 0.289594 -0.327469 0.052126 0.315636 0.242618 -0.388216 0.162350 0.220713 0.168009 0.151082 0.334372 0.307839 -0.138262 -0.323223 0.169397 0.309348 0.175040 -0.080132
P07148,-0.181983 0.059062 0.282524 -0.316165 -0.252644 0.030488 -0.227122 0.279544 0.162405 -0.171152 0.270938 -0.077582 0.100306 0.278672 0.292011 0.282300 -0.041144 0.312125 0.160074 -0.300181 0.294203 -0.315763 -0.062654 -0.308534 -0.237728 0.281122 0.087788 0.199691 0.155251 -0.223803 0.296813 0.017715 0.277577 0.311629 0.166344 -0.014863 -0.321369 -0.306418 0.290608 -0.325975 -0.318080 0.296723 0.261620 -0.065521 -0.095017 0.307556 0.272304 -0.309041 -0.104365 0.283228 0.109406 -0.334878 0.039157 0.222252 0.202740 0.238124 0.269520 0.296687 -0.220703 -0.310624 0.023482 0.291523 -0.004366 -0.199595
P07195,0.649905 -0.471692 -0.786703 0.941197 1.269572 0.943625 1.084186 -0.864247 0.189857 1.276166 -1.054012 1.103300 0.464636 -0.877557 -1.083955 -0.850241 0.149371 -1.243153 -0.246559 1.376267 -1.055646 1.537244 1.140108 1.014689 1.017536 -0.944483 -0.235886 -0.347979 -0.520848 1.576168 -1.198214 -0.867068 -0.839350 -0.955953 -0.333291 0.327592 1.091132 1.202114 -1.088178 1.219197 1.327943 -0.969429 -0.506053 0.805609 -0.334046 -0.913573 -0.689659 1.053864 0.707362 -0.703451 -0.440547 1.214001 0.779952 -0.256279 -0.107275 -0.930549 -0.686113 -0.958726 0.763547 1.197506 0.127016 -1.019043 -0.025889 1.405836
P07203,-0.570649 -0.341847 0.243221 -0.266105 -0.536066 0.514410 -0.513227 0.256799 0.578307 -0.508630 0.252976 -0.452680 0.543132 0.286689 0.273274 0.257611 -0.505020 0.280330 -0.061937 -0.216672 0.262800 -0.229736 -0.549716 -0.289937 -0.538665 0.256101 -0.321743 -0.079659 0.594840 -0.576891 0.268317 0.511819 0.261430 0.299685 -0.078833 0.506332 -0.246493 -0.281790 0.292513 -0.276913 -0.260681 0.279880 0.548747 -0.534157 -0.540374 0.283581 0.245043 -0.274577 -0.459152 0.258056 -0.344687 -0.239859 -0.394061 0.563597 0.597187 0.622074 0.242096 0.257764 -0.599238 -0.246023 -0.395514 0.248114 -0.382192 -0.536925
P07332,-0.015406 0.222029 0.055356 -0.000746 -0.095080 0.052180 -0.187529 0.059358 -0.011730 -0.216312 0.114084 -0.017272 -0.030762 0.138265 0.136858 -0.022136 0.130653 0.150025 0.142730 -0.023453 0.098388 -0.233054 -0.137623 -0.036366 -0.132374 0.073588 -0.050038 0.071418 0.202086 -0.103489 0.101752 0.256130 0.024124 0.053609 0.083466 -0.120976 -0.053038 -0.076968 0.105724 -0.029532 -0.078939 0.032952 0.173180 -0.185677 0.235131 0.040626 -0.044350 -0.036665 -0.101887 0.023185 0.030821 -0.022301 -0.029750 -0.037647 -0.132028 0.202993 0.046016 -0.005940 -0.086940 -0.010377 0.010932 0.038313 -0.133999 -0.001809
P07333,-0.386830 -0.099927 -0.025037 0.036004 -0.216371 0.244314 -0.336126 -0.007846 0.245770 -0.365391 0.030289 -0.175273 0.296382 0.076264 0.106462 -0.036890 -0.218036 0.082580 -0.118190 0.029828 0.030326 -0.184234 -0.572124 -0.018936 -0.299122 0.015184 -0.300481 -0.219454 0.401694 -0.355892 0.081453 0.459737 -0.025020 0.039805 -0.123110 0.056483 0.008998 -0.043768 0.012507 -0.002831 0.015753 0.022207 0.317386 -0.359384 -0.155624 0.000238 -0.080216 0.031110 -0.261594 -0.024833 -0.226906 0.085867 -0.469953 0.331074 0.235299 0.343802 0.011111 0.011826 -0.333282 0.012965 -0.284425 0.013142 -0.287613 -0.262431
P07451,-0.495795 -0.259736 0.248454 -0.264488 -0.458903 0.356910 -0.488874 0.248376 0.494312 -0.446997 0.245782 -0.358291 0.430823 0.279343 0.275093 0.253992 -0.410434 0.279161 0.009210 -0.227910 0.260440 -0.235519 -0.444002 -0.290011 -0.538488 0.265121 -0.213787 0.008453 0.529580 -0.522044 0.275306 0.402929 0.259359 0.307959 0.008639 0.437109 -0.257908 -0.285419 0.283888 -0.279930 -0.261550 0.277645 0.507658 -0.431517 -0.501788 0.289935 0.246873 -0.270024 -0.383271 0.259759 -0.222399 -0.236126 -0.282936 0.517921 0.475133 0.521120 0.225513 0.278517 -0.493065 -0.253867 -0.319009 0.248197 -0.301537 -0.434508
P07550,-0.394023 -0.811920 -2.176705 3.118872 1.002001 1.732207 1.469071 -2.226611 -0.377539 -0.487439 -1.851755 1.819410 1.294353 -1.895531 -1.979677 -2.137559 0.450196 -2.891244 -2.248695 1.903220 -2.479677 2.689398 0.875006 2.643107 1.142717 -2.127668 -0.964272 -3.764087 0.121411 1.259652 -1.902333 2.454556 -2.154773 -1.855786 -3.251257 0.510268 2.468287 2.512494 -2.979802 2.412179 2.451825 -2.111223 -0.702130 2.861130 -0.272901 -2.327256 -2.680702 2.297784 -0.217595 -1.933581 -1.915698 2.419087 -0.990028 0.571495 0.494283 -0.514168 -2.058775 -2.430315 1.981806 2.672108 -0.666424 -2.606328 1.683285 -1.681678
P07686,-0.250504 -0.019948 0.307631 -0.322750 -0.315069 0.176724 -0.276871 0.308423 0.377728 -0.175170 0.297189 -0.065640 0.242352 0.308526 0.315379 0.306832 -0.164042 0.325099 0.156601 -0.304605 0.298147 -0.293554 -0.176922 -0.327116 -0.345983 0.298888 0.004683 0.174188 0.286528 -0.250247 0.314795 0.178626 0.303886 0.331813 0.179475 0.196914 -0.322566 -0.307303 0.331463 -0.314806 -0.331781 0.320855 0.357209 -0.199470 -0.215307 0.325507 0.302420 -0.318069 -0.229260 0.309966 -0.002615 -0.335952 -0.074782 0.350881 0.305105 0.303102 0.318818 0.321149 -0.357602 -0.320552 -0.060317 0.312232 -0.120251 -0.182242
P07711,-0.262216 0.030070 0.259223 -0.228461 -0.296869 0.361399 -0.243262 0.260852 0.447435 -0.059045 0.272177 0.063460 0.384770 0.270223 0.266868 0.264184 -0.195445 0.265662 0.189282 -0.241203 0.272692 -0.176130 -0.006736 -0.258889 -0.226037 0.272502 -0.021144 0.187682 0.271428 -0.249283 0.290894 0.288753 0.272463 0.292868 0.155434 0.263962 -0.228512 -0.253045 0.235367 -0.260183 -0.217223 0.281280 0.421405 -0.122334 -0.085000 0.305169 0.240756 -0.222647 -0.083855 0.274008 0.120211 -0.186710 -0.161580 0.450517 0.477643 0.467766 0.289349 0.268739 -0.317314 -0.204686 0.090325 0.232473 -0.040893 -0.302791
P07900,-5.249192 -16.495227 -14.586846 14.375300 1.536478 5.670749 0.379849 -15.131082 0.465788 -3.797731 -14.438887 -9.070420 6.697583 -14.249746 -13.636101 -15.002613 -11.813711 -13.934951 -17.682451 15.395453 -14.515763 13.261286 -10.243873 14.721824 2.294759 -14.556679 -16.932878 -16.791203 1.979562 -4.707217 -14.003699 6.256467 -14.758613 -13.644772 -16.521655 1.350227 14.448859 14.374257 -13.372243 14.365590 14.717656 -14.274359 -4.666304 -11.163575 -11.941839 -14.186981 -15.779692 14.321198 -7.231259 -15.125850 -17.531776 15.480912 -14.124304 -0.702720 -0.997284 -1.291344 -14.292731 -14.527533 -1.119821 13.903660 -14.798688 -14.177713 -14.391038 -7.166743
P07947,-0.301631 0.064746 -0.447081 0.579570 0.182049 0.035576 -0.062237 -0.494990 -0.123446 -0.391372 -0.359656 -0.044887 0.075152 -0.298235 -0.252458 -0.564241 0.226582 -0.261476 -0.329117 0.441424 -0.379505 0.042092 -0.704750 0.503328 -0.052240 -0.413938 -0.528662 -0.505155 0.241429 -0.237627 -0.357854 0.515941 -0.499591 -0.460072 -0.448005 -0.752103 0.481930 0.432366 -0.344488 0.451648 0.424233 -0.458731 -0.094964 -0.492595 0.364793 -0.474234 -0.665282 0.462608 -0.168591 -0.531883 -0.524444 0.597072 -0.644622 -0.245839 -0.427436 -0.057590 -0.428239 -0.492592 0.080289 0.497933 -0.378345 -0.411732 -0.435641 0.072136
P07948,1.057060 1.673165 -0.999825 1.322469 1.596708 -1.248548 1.318783 -1.067896 -0.992661 0.681970 -0.656270 1.259544 -0.884972 -0.756329 -0.622422 -1.291336 1.771608 -0.633173 0.111483 1.057525 -0.823911 0.266635 0.454547 1.210321 1.236829 -1.000543 0.261604 -0.032726 -0.685522 0.983731 -0.786774 0.024077 -1.062202 -1.094906 0.048847 -3.002121 1.190405 1.091897 -0.929627 1.119265 1.019149 -1.112586 -1.111659 0.953028 2.307399 -1.102946 -1.476133 1.105409 1.514366 -1.194602 0.349783 1.313036 0.490810 -1.174452 -1.951455 -0.919757 -0.905506 -1.158090 1.573948 1.273739 0.949073 -0.906073 0.795070 1.771375
P07949,-0.668891 -0.531938 -0.073604 0.123310 -0.353510 0.598702 -0.466502 -0.119835 0.537726 -0.538617 -0.082244 -0.613812 0.510381 -0.033975 -0.006100 -0.149861 -0.474890 0.015302 -0.277356 0.133536 -0.043107 0.064747 -0.613541 0.087225 -0.534998 -0.040303 -0.520093 -0.260270 0.600119 -0.589790 -0.061769 0.785651 -0.129841 -0.044262 -0.241764 0.286853 0.120882 0.048327 -0.005884 0.068351 0.041943 -0.103521 0.362365 -0.868204 -0.666497 -0.082290 -0.169560 0.069595 -0.689023 -0.113933 -0.652580 0.143056 -0.591990 0.340344 0.206461 0.536798 -0.096101 -0.118624 -0.619941 0.130831 -0.544272 -0.113262 -0.804737 -0.354032
P08069,-1.068812 -1.072319 -0.468261 0.609369 -0.443902 1.106027 -0.579831 -0.485322 1.076331 -0.760625 -0.388410 -1.060388 1.579283 -0.413407 -0.272795 -0.482893 -1.102298 -0.300379 -0.965854 0.586505 -0.411413 0.484220 -1.364489 0.556225 -0.602017 -0.430129 -1.025689 -0.893681 1.069828 -0.772507 -0.360256 1.762374 -0.482301 -0.385762 -0.754559 0.568672 0.561064 0.449375 -0.354716 0.533235 0.570150 -0.399250 0.557777 -1.102689 -0.735819 -0.442912 -0.672323 0.572032 -0.933974 -0.502371 -0.966019 0.615532 -1.503148 0.931960 0.720593 0.889369 -0.353594 -0.471296 -0.862864 0.654430 -0.998227 -0.444532 -1.365320 -0.718618
P08183,-0.452711 -0.287930 0.229474 -0.221849 -0.397530 0.449097 -0.498605 0.213990 0.521521 -0.425072 0.199370 -0.338636 0.398047 0.241502 0.226244 0.216813 -0.399669 0.209367 0.029080 -0.162063 0.213330 -0.150467 -0.422755 -0.248537 -0.528796 0.233818 -0.198649 -0.019180 0.514670 -0.439740 0.217192 0.384797 0.223384 0.258608 -0.019660 0.562457 -0.210992 -0.234067 0.232433 -0.226640 -0.211208 0.237992 0.463058 -0.429807 -0.519744 0.238797 0.235680 -0.231262 -0.420910 0.235896 -0.244919 -0.168557 -0.246237 0.488225 0.454401 0.480669 0.211212 0.232389 -0.465416 -0.201265 -0.310325 0.212239 -0.307361 -0.380864
P08238,10.769343 3.505690 -8.471084 7.805102 11.990336 -11.338608 11.575963 -8.584651 -9.654600 10.956760 -7.610944 8.177819 -10.137313 -8.199462 -8.078941 -8.749139 9.246596 -7.445878 -2.093282 8.135510 -7.804554 6.236094 6.830789 8.329217 11.874346 -8.350799 2.208569 -0.480093 -10.051460 10.014211 -7.979011 -11.155895 -7.889751 -8.429317 -1.062336 -13.565457 8.429122 8.500222 -7.470693 8.215837 7.856063 -8.678030 -11.576748 7.103738 5.893900 -8.058308 -8.113844 7.480054 10.458130 -8.887104 1.416166 8.026185 5.177337 -11.674641 -12.181913 -12.264491 -8.074203 -7.935220 11.345893 7.626844 5.638116 -7.580329 5.642263 9.234842
P08246,-0.183021 0.497198 0.087038 -0.019669 0.197769 0.117557 0.239072 0.136133 0.162266 0.828229 0.143284 0.832954 -0.121081 0.155401 0.133054 0.183583 0.354957 0.123866 0.534057 -0.203966 0.142731 0.208862 0.924132 -0.085038 0.225004 0.136927 0.492665 0.463514 -0.263159 0.434522 0.180648 -0.045180 0.137295 0.193510 0.691327 -0.341722 0.042142 -0.115296 -0.052420 -0.115007 0.019790 0.141807 0.135297 0.640440 1.163432 0.216898 0.067532 -0.000940 0.727698 0.124300 1.053327 0.033552 -0.175803 0.271135 0.120879 0.356249 0.242235 0.100836 0.153037 0.119834 0.863880 -0.059355 0.505523 0.122942
P08253,-0.393248 0.158321 0.145630 -0.017253 -0.191078 0.615822 -0.156172 0.133786 0.720356 0.037834 0.186361 0.152942 0.448854 0.170568 0.203402 0.145070 -0.180382 0.187475 0.200577 -0.094301 0.119656 0.040768 -0.029117 -0.052713 -0.205696 0.165922 0.173051 0.137951 0.416701 -0.089757 0.214201 0.632466 0.139832 0.203414 0.315335 0.327385 -0.018517 -0.119069 0.074145 -0.072132 -0.010107 0.160220 0.544392 -0.169931 -0.027405 0.184174 0.080189 -0.054957 -0.073770 0.177826 0.117417 0.029255 -0.223813 0.653105 0.633106 0.636339 0.242776 0.128290 -0.366099 0.024617 0.171005 0.113025 -0.027468 -0.199871
P08473,0.091718 0.338782 0.107644 0.082739 0.187648 0.577192 0.327960 0.076609 0.408976 0.552208 0.094755 0.531357 0.214234 0.094580 0.116842 0.103804 0.216604 0.063911 0.282081 -0.047134 0.037042 0.191958 0.567510 0.035927 0.112366 0.091794 0.312848 0.250609 -0.005677 0.343946 0.088871 0.191525 0.099661 0.069611 0.387363 -0.104186 0.044467 -0.007633 -0.051624 0.008020 0.070692 0.061689 0.177271 0.327995 0.226597 0.104972 0.035300 -0.024118 0.253282 0.146394 0.389236 0.036522 0.228956 0.303974 0.201355 0.165366 0.206752 0.014735 0.166059 0.153895 0.704320 -0.012131 0.211733 0.242437
P08514,-0.078252 0.367725 0.291174 -0.246741 -0.115808 0.171316 -0.026495 0.256774 0.385024 0.076036 0.302066 0.327427 0.172150 0.293656 0.326897 0.298647 0.156982 0.316271 0.347582 -0.277893 0.288814 -0.182737 0.339099 -0.235112 -0.095902 0.312975 0.332382 0.216485 0.104844 0.057931 0.326699 0.149145 0.275763 0.321495 0.426971 -0.076033 -0.242348 -0.234446 0.220838 -0.250735 -0.249843 0.301826 0.346958 0.176877 0.158580 0.294223 0.212356 -0.247717 0.100253 0.295287 0.321364 -0.242166 0.095665 0.307963 0.364175 0.272799 0.371516 0.269764 -0.199614 -0.224426 0.286148 0.240296 0.229426 0.083230
P08581,0.173046 0.663529 -0.369376 0.550212 0.280295 -0.287369 0.206159 -0.349674 -0.086586 -0.026697 -0.180500 0.117743 0.042330 -0.218076 -0.125986 -0.486508 0.560550 -0.119209 -0.043594 0.448560 -0.207828 -0.038303 -0.215967 0.467893 0.335699 -0.310937 0.168275 -0.004336 0.191878 0.158276 -0.204833 0.565857 -0.408706 -0.395541 0.180803 -0.788737 0.457414 0.319389 -0.278481 0.437237 0.440301 -0.393710 -0.176038 0.069610 1.106795 -0.393141 -0.567803 0.502217 0.295538 -0.442842 0.343417 0.605209 -0.091141 -0.236020 -0.584828 0.171831 -0.273588 -0.419211 0.235902 0.523429 0.184717 -0.326608 -0.175173 0.593989
P08588,-0.098120 0.204079 0.266472 -0.276055 -0.177868 -0.096829 -0.195620 0.267219 0.178111 -0.125634 0.309323 0.109722 0.137290 0.297580 0.313983 0.268298 0.060412 0.295488 0.200598 -0.303484 0.280439 -0.333760 -0.034949 -0.276439 -0.174130 0.272755 0.088402 0.185182 0.156535 -0.136573 0.307970 0.110260 0.280562 0.315289 0.188811 -0.177480 -0.291669 -0.282958 0.276123 -0.316290 -0.294277 0.286664 0.251607 0.084450 -0.014732 0.279816 0.236100 -0.295329 0.041615 0.285806 0.154206 -0.322719 0.122415 0.259974 0.223605 0.188164 0.276447 0.291347 -0.132084 -0.308287 0.064539 0.285340 0.154317 -0.182831
P08631,0.863689 1.292335 -0.126849 0.214928 0.798815 -1.123546 0.712574 -0.142114 -0.827286 0.522963 0.033825 0.880559 -0.870436 -0.023902 0.026711 -0.254786 1.302139 0.057080 0.504262 0.092390 -0.042589 -0.323160 0.622261 0.176731 0.726638 -0.129674 0.498193 0.479545 -0.643743 0.707507 -0.033085 -0.528614 -0.161748 -0.208113 0.493670 -1.750003 0.145916 0.153676 -0.107171 0.155983 0.054049 -0.186285 -0.556605 0.813536 1.500519 -0.181478 -0.312356 0.154401 1.070313 -0.222617 0.773647 0.141679 0.679624 -0.809067 -1.176312 -0.661099 -0.109347 -0.181747 0.846581 0.185285 0.846159 -0.078743 0.783943 1.130998
P08648,0.121747 0.332972 0.225527 -0.237115 0.041259 0.039651 0.119766 0.234440 0.085300 0.192077 0.269136 0.487627 -0.132218 0.225732 0.263984 0.243177 0.214101 0.264750 0.331821 -0.297851 0.242263 -0.180018 0.362981 -0.222900 0.002253 0.225598 0.332559 0.233425 -0.179501 0.212795 0.281990 -0.011149 0.209763 0.276171 0.370344 -0.270334 -0.224147 -0.212623 0.160040 -0.232286 -0.236279 0.248472 0.135381 0.308848 0.399264 0.258999 0.177145 -0.228618 0.153003 0.272642 0.367786 -0.287974 0.089344 0.162997 0.114063 0.142135 0.325082 0.210699 -0.060098 -0.202523 0.365867 0.207610 0.291684 0.227464
P08684,0.117559 0.541279 0.229885 -0.203727 0.036909 -0.467736 0.254576 0.217484 -0.009070 0.210017 0.263392 0.562590 -0.211050 0.279394 0.271643 0.242988 0.461798 0.237462 0.400871 -0.297993 0.233793 -0.276764 0.309780 -0.202246 0.133601 0.255035 0.512964 0.374905 -0.099554 0.114755 0.277730 -0.278450 0.249817 0.270270 0.370635 -0.544554 -0.221457 -0.220831 0.168772 -0.248612 -0.259843 0.259303 0.076596 0.520202 0.357064 0.247685 0.174515 -0.236627 0.354870 0.257245 0.406914 -0.234719 0.370622 0.081463 0.054929 -0.203266 0.289605 0.269160 0.155616 -0.243002 0.405788 0.213191 0.545540 0.089933
P08908,-0.268961 0.083515 0.293651 -0.295531 -0.335543 0.002494 -0.266502 0.289048 0.256150 -0.221043 0.315149 0.010271 0.186942 0.314936 0.323367 0.293399 -0.066943 0.315491 0.182503 -0.323233 0.304737 -0.326702 -0.204721 -0.297564 -0.312538 0.302991 0.089174 0.178759 0.197114 -0.239794 0.325743 0.137375 0.284093 0.336990 0.152075 0.034939 -0.321457 -0.317369 0.287388 -0.322406 -0.320653 0.313853 0.314911 -0.042900 -0.126428 0.308965 0.253257 -0.298940 -0.166278 0.302179 0.052460 -0.317757 0.004363 0.323581 0.265946 0.351822 0.294713 0.297581 -0.296698 -0.342329 -0.030954 0.282022 0.028468 -0.232036
P08922,-0.168750 0.067110 0.295728 -0.338887 -0.248252 -0.067467 -0.255211 0.291064 0.204693 -0.178334 0.300579 -0.039884 0.059835 0.298425 0.318715 0.290275 -0.041284 0.333225 0.218231 -0.302937 0.312665 -0.356236 -0.122788 -0.327807 -0.262375 0.296391 0.061833 0.230334 0.163807 -0.212123 0.315980 0.047173 0.280994 0.325989 0.236102 -0.003248 -0.324460 -0.329913 0.318633 -0.322740 -0.331585 0.305880 0.276108 -0.126247 -0.069892 0.314782 0.282798 -0.327223 -0.124582 0.290915 0.086499 -0.351452 0.044314 0.226580 0.141851 0.260124 0.290473 0.306519 -0.309494 -0.337579 -0.042107 0.311073 -0.067633 -0.098741
P09086,0.035428 0.031809 0.174249 -0.227346 -0.047286 -0.237475 -0.099788 0.186602 -0.114658 -0.031934 0.180519 -0.147371 -0.085044 0.163682 0.157825 0.169804 0.059920 0.177403 0.063098 -0.202663 0.169897 -0.226721 -0.041420 -0.222918 -0.098226 0.150705 0.082161 0.103089 -0.044269 0.040513 0.159276 -0.112068 0.199255 0.163088 0.085523 0.081075 -0.205855 -0.199735 0.243626 -0.212235 -0.231956 0.190559 -0.031327 0.015684 -0.028860 0.174116 0.229972 -0.210562 0.044814 0.173096 0.114860 -0.282798 0.101403 -0.019138 -0.019738 0.063505 0.133850 0.200354 -0.075930 -0.222225 0.080662 0.220657 0.086204 -0.078026
P09211,1.005068 0.651994 0.013679 -0.108212 0.647858 -0.509624 0.826084 0.086995 -0.791654 0.840761 -0.033281 0.765008 -1.062852 -0.033437 -0.079134 0.042340 0.751943 0.001326 0.415264 -0.052531 0.027186 0.021480 1.067640 -0.060875 0.777219 -0.044054 0.742263 0.456735 -0.945337 0.912770 -0.028244 -1.196016 0.040275 -0.030291 0.514944 -0.817420 -0.059431 0.021025 -0.042146 -0.085250 -0.079915 0.020012 -0.663489 0.998750 0.935934 0.026422 0.178788 -0.060336 0.822543 0.119171 0.926162 -0.130832 0.989166 -0.675957 -0.663379 -0.726200 0.064043 0.010780 0.693365 -0.070092 0.926335 0.038481 0.713508 0.997598
P09429,0.747644 -0.633751 -1.987871 1.919181 1.839720 0.613256 2.127863 -1.889290 -1.172103 2.447766 -1.972667 1.576908 -0.115589 -1.949398 -1.902729 -1.731011 -0.490240 -1.869538 -1.626516 1.772982 -1.747038 2.405922 1.393331 1.856157 1.679058 -1.974168 0.090419 -1.069699 -1.652936 1.548296 -1.783525 -0.354102 -1.925992 -1.690918 -0.896433 -1.220434 1.947042 1.912095 -2.041477 1.908686 2.306755 -1.716812 -1.242299 1.207186 1.075945 -1.603991 -1.818041 2.098866 1.052112 -1.820278 0.559513 2.053423 -0.935996 -0.417526 -0.346521 -0.627687 -1.758920 -1.835101 1.597551 2.251123 0.930844 -1.955535 0.480499 0.331550
P09619,-0.125468 0.178538 -0.233651 0.367474 0.008962 0.235353 -0.118102 -0.245943 0.303295 -0.317884 -0.139392 -0.098056 0.287942 -0.138275 -0.034613 -0.324182 0.081169 -0.052319 -0.172244 0.292223 -0.127875 0.014242 -0.350646 0.304209 -0.096346 -0.206072 -0.107398 -0.130273 0.488141 -0.160980 -0.106390 0.723039 -0.267744 -0.200763 0.005238 -0.232398 0.290514 0.214458 -0.158257 0.283320 0.275561 -0.248870 0.125513 -0.412498 0.209128 -0.250533 -0.386094 0.306526 -0.133507 -0.275820 -0.178051 0.413836 -0.383624 0.095764 -0.124661 0.361654 -0.202395 -0.291858 -0.147918 0.324452 -0.095798 -0.189616 -0.377365 0.091374
P09769,-0.332456 -0.080929 -0.048794 0.085657 -0.175360 0.155688 -0.236829 -0.049005 0.191037 -0.354263 0.015941 -0.316759 0.194666 0.057446 0.051918 -0.091868 -0.061958 0.053724 -0.041674 0.076325 0.025835 -0.123200 -0.572124 0.012698 -0.317732 0.026588 -0.260984 -0.087902 0.327988 -0.337117 0.017336 0.406423 -0.052630 -0.016981 -0.112290 -0.040377 0.055261 -0.005503 0.004083 0.021308 -0.021853 -0.037305 0.215910 -0.296572 -0.099399 -0.028558 -0.127148 0.028750 -0.212740 -0.082776 -0.219406 0.110735 -0.311677 0.109893 -0.063975 0.248570 -0.038751 -0.028218 -0.226127 0.077636 -0.306229 -0.047949 -0.370199 -0.028291
P09874,2.363640 1.138881 -1.071993 1.272406 1.575020 -0.301655 2.172709 -1.049468 -2.300647 1.584064 -1.009225 1.537859 -0.604828 -1.171912 -1.295632 -1.112597 1.358763 -1.118881 -0.905563 0.927676 -1.101682 1.189377 2.685991 1.319153 2.648800 -1.393311 0.575446 -0.378338 -1.971386 2.188752 -1.154098 -1.907607 -1.025848 -1.332106 -0.662181 -1.328550 1.170271 1.228053 -1.038945 1.173546 1.290452 -1.147811 -2.105730 2.027562 1.358385 -1.126977 -0.974901 1.361919 1.620589 -1.097383 1.240996 1.108950 1.195809 -1.349477 -1.026344 -0.927989 -1.017786 -1.184559 2.455494 1.238126 1.856670 -0.910464 1.992703 0.395428
P09884,0.498474 0.473853 0.266002 -0.404149 0.094379 -0.547897 0.255096 0.301650 -0.482213 0.229017 0.252032 0.192936 -0.426309 0.209183 0.214258 0.318149 0.407734 0.302906 0.325291 -0.349451 0.322363 -0.432584 0.298602 -0.321649 0.294650 0.287899 0.309278 0.413775 -0.505713 0.354566 0.259894 -0.523882 0.254636 0.219395 0.315084 -0.488584 -0.355548 -0.296951 0.363494 -0.306792 -0.357200 0.275312 -0.227975 0.421652 0.430320 0.271919 0.351637 -0.313181 0.353568 0.256940 0.475086 -0.495602 0.506018 -0.349475 -0.259845 -0.389319 0.281316 0.314969 0.178816 -0.384297 0.415257 0.346249 0.380264 0.296563
P09917,0.085684 0.279424 0.268703 -0.305320 -0.092860 -0.222041 -0.037331 0.283111 0.076170 0.064968 0.280923 0.171841 -0.002126 0.278794 0.291859 0.277206 0.139370 0.328048 0.238367 -0.307344 0.280447 -0.319683 0.238878 -0.284499 -0.084638 0.238140 0.200745 0.293052 0.001328 -0.010773 0.291735 -0.163342 0.278814 0.292395 0.318437 -0.283644 -0.297682 -0.280788 0.293840 -0.302629 -0.304604 0.287491 0.138864 0.108826 0.181689 0.293723 0.253085 -0.284524 0.131796 0.278687 0.362423 -0.334040 0.176857 0.164536 0.074250 0.054069 0.304854 0.290032 -0.038164 -0.315227 0.271500 0.306131 0.143382 0.018409
P09936,0.156550 0.092729 -0.187225 0.220452 0.215425 -0.007143 0.157862 -0.180106 -0.152064 -0.014588 -0.236096 0.075046 -0.199677 -0.156191 -0.209891 -0.185732 0.362810 -0.241365 -0.076086 0.184593 -0.189548 0.218687 0.061381 0.202307 0.239581 -0.223512 0.118159 -0.265547 -0.193605 0.121651 -0.202002 -0.182512 -0.219190 -0.208324 -0.375414 -0.133629 0.233696 0.197528 -0.279803 0.213703 0.231359 -0.217150 -0.191823 0.131683 0.158136 -0.198194 -0.168820 0.214043 0.189726 -0.184421 -0.154721 0.196552 -0.024958 -0.238824 -0.119215 -0.181305 -0.191398 -0.238248 0.155750 0.219277 -0.074341 -0.218015 0.094548 0.262187
P0DP23,1.199703 1.968387 -0.345097 0.695102 1.060537 -0.178576 0.815751 -0.385333 -0.504821 0.641989 -0.228014 2.011015 -0.860500 -0.200476 -0.175030 -0.577188 1.289243 -0.398115 0.302912 0.265836 -0.302885 0.207949 1.517648 0.600324 1.071683 -0.370864 1.132086 0.369075 -0.866749 1.133676 -0.131111 -0.267249 -0.324318 -0.377939 0.437956 -1.176416 0.453449 0.480632 -0.545241 0.327079 0.553940 -0.467524 -0.701493 0.993927 1.386128 -0.509129 -0.494292 0.482534 1.622652 -0.346271 0.864299 0.764671 1.275076 -0.775978 -0.535860 -0.812324 -0.348954 -0.431003 1.680759 0.333413 1.415693 -0.451975 1.738377 0.327226
P10275,2.970572 2.182119 -1.936953 1.957899 3.606558 -3.427337 3.367070 -1.810847 -4.958907 3.110984 -1.587044 1.028286 -2.951936 -1.790367 -1.914862 -2.112828 2.589519 -1.820269 -1.409729 1.564941 -1.855279 1.159394 2.771391 2.025395 4.092827 -2.305433 -0.040267 -0.895762 -4.229098 3.722449 -1.821278 -2.593702 -1.825240 -2.229975 -0.703113 -3.085720 1.898857 1.834220 -1.948590 1.990436 1.778672 -1.984085 -4.064241 2.988742 3.229352 -2.272410 -1.953639 1.933621 3.496000 -2.119054 1.780799 1.242489 1.475778 -3.740236 -3.883606 -2.609881 -2.153423 -2.084377 3.045914 1.806309 1.905987 -1.688822 2.312219 1.875149
P10276,1.291080 0.707336 -0.394923 0.365663 0.716695 -1.329414 0.853416 -0.278585 -1.355159 0.833326 -0.267127 0.191837 -0.588881 -0.473521 -0.469158 -0.370824 0.854131 -0.264040 -0.341667 0.254475 -0.321231 0.165145 0.921711 0.418659 0.948803 -0.447715 0.406762 0.161165 -0.856258 1.003643 -0.427543 -0.701872 -0.234294 -0.587079 0.258075 -0.231087 0.396660 0.349975 -0.093753 0.388853 0.324546 -0.394547 -1.278449 0.556356 1.255709 -0.475928 -0.196814 0.441299 0.833397 -0.430126 0.838128 0.185730 0.550081 -1.247548 -1.004351 -0.731259 -0.532098 -0.312183 1.149140 0.361067 0.994553 -0.249842 0.842079 0.738147
P10415,1.428099 1.263656 -0.233686 0.540834 0.879266 -0.074300 0.575122 -0.211265 -1.737629 0.940121 -0.282346 0.475917 -1.129765 -0.336683 -0.275499 -0.349242 1.242834 -0.309814 -0.132928 0.068560 -0.287016 0.238874 1.570581 0.463025 1.284547 -0.334236 1.040054 0.390492 -1.203785 1.005626 -0.336086 -0.597648 -0.166839 -0.500287 0.491707 -0.390619 0.310882 0.304888 -0.369331 0.235914 0.310642 -0.450131 -1.308649 0.889084 1.634970 -0.455040 -0.168618 0.454648 1.180390 -0.218883 1.410577 0.354279 1.123927 -1.556626 -1.300280 -1.084176 -0.517014 -0.414248 1.136229 0.340870 1.514163 -0.369482 0.691852 0.780496
P10636,0.082330 -1.449304 -2.244940 2.147344 1.195016 -0.696943 1.387239 -2.274278 -1.923222 0.724432 -2.157646 -0.368991 -0.104929 -2.196557 -2.256749 -2.241920 0.040673 -2.194973 -2.431208 2.160447 -2.197703 1.742331 -0.407558 2.195467 1.881488 -2.268944 -1.948767 -1.996967 -0.986827 0.454088 -2.222223 -0.282590 -2.209242 -2.239988 -2.211264 -0.629335 2.173943 2.145460 -2.061485 2.207732 2.192397 -2.158539 -1.898241 -0.354144 -0.089578 -2.224347 -2.229680 2.219108 0.107223 -2.479672 -1.310086 2.298387 -1.862563 -1.625777 -1.393229 -1.495269 -2.253082 -2.152055 1.192107 2.077080 -1.190466 -2.104362 -0.902168 -0.275191
P10721,0.107037 0.745827 -0.154342 0.348460 0.257035 -0.226245 0.045988 -0.176590 0.010944 -0.120523 -0.011174 0.215216 0.039375 -0.049888 0.060073 -0.274877 0.573391 0.055988 0.130209 0.240251 -0.030194 -0.188634 -0.302748 0.279429 0.230570 -0.141754 0.269710 0.186793 0.270777 0.070181 -0.028549 0.574079 -0.214860 -0.197030 0.342139 -0.800627 0.252411 0.132372 -0.139940 0.250248 0.253885 -0.184757 -0.001306 0.040962 0.989481 -0.205887 -0.368371 0.294624 0.226216 -0.216361 0.214763 0.376806 -0.019170 -0.069772 -0.429088 0.196942 -0.106793 -0.222017 0.162687 0.338117 0.282635 -0.142989 -0.061839 0.549338
P10809,1.061725 -1.618931 -1.449117 1.342165 1.939084 -0.898902 1.052020 -1.539134 -1.384853 1.147673 -1.691887 -0.151803 -0.498934 -1.666636 -1.807282 -1.488019 0.316119 -1.971339 -0.836634 1.880570 -1.738644 1.931596 -0.074294 1.420662 1.395990 -1.584690 -1.519104 -0.932978 -1.819854 1.627326 -1.933424 -1.307904 -1.461771 -1.788721 -1.650986 -0.037258 1.563061 1.745807 -1.690343 1.756054 1.700842 -1.628659 -1.994100 0.300818 0.281908 -1.663403 -1.225432 1.571876 0.670472 -1.498070 -0.938235 1.651119 -0.570718 -1.689970 -1.570074 -1.955984 -1.441246 -1.614225 0.904867 1.537151 -0.794209 -1.406826 -0.506349 2.076652
P10826,0.045226 0.093131 0.175609 -0.221494 -0.122753 -0.275541 -0.101235 0.211672 -0.057374 -0.029521 0.209017 -0.093898 0.045086 0.165709 0.165283 0.200100 0.075700 0.222994 0.087117 -0.232655 0.189131 -0.244297 -0.036594 -0.209745 -0.090668 0.169549 0.088073 0.160130 0.054728 -0.021830 0.184066 -0.005508 0.216610 0.171981 0.174418 0.131767 -0.198649 -0.216378 0.269910 -0.206512 -0.219327 0.193940 0.033233 -0.024193 0.114482 0.183905 0.229522 -0.204078 0.024837 0.173897 0.179568 -0.249521 0.067994 0.013724 0.036317 0.104089 0.143300 0.226986 0.005100 -0.212964 0.099123 0.231758 0.082727 -0.040511
P10827,-0.829784 -1.185034 -0.485049 0.505721 -0.639433 0.652004 -0.612125 -0.458373 0.091508 -0.863591 -0.487084 -1.467678 0.926518 -0.544691 -0.499881 -0.475115 -1.148289 -0.481104 -1.275886 0.473075 -0.482666 0.406876 -1.153681 0.544854 -0.320378 -0.514716 -1.153688 -1.099174 0.539249 -0.913524 -0.495880 0.892219 -0.471296 -0.528348 -1.046299 1.093991 0.442191 0.399584 -0.355650 0.504658 0.497682 -0.447499 -0.014601 -1.126968 -0.846339 -0.571919 -0.521123 0.562842 -1.097200 -0.551548 -1.147320 0.482116 -1.189996 0.185126 0.377551 0.547588 -0.557796 -0.500369 -0.633215 0.459578 -1.251668 -0.476933 -1.080980 -1.082202
P10828,0.250354 0.102471 -0.175905 0.133940 0.086799 -0.393491 0.136688 -0.102666 -0.420373 0.127616 -0.094105 -0.100161 -0.132260 -0.182685 -0.160321 -0.149506 0.120815 -0.086419 -0.295483 0.097019 -0.121039 0.046004 0.124680 0.163264 0.319067 -0.152138 0.071378 -0.051358 -0.172774 0.106084 -0.136057 -0.171034 -0.071008 -0.206359 0.033900 0.145230 0.150184 0.093522 -0.011287 0.143927 0.151769 -0.137150 -0.417179 0.015133 0.291754 -0.164616 -0.086212 0.181187 0.208857 -0.199102 0.137805 0.112014 0.059632 -0.389554 -0.362028 -0.104179 -0.203935 -0.107047 0.224931 0.118067 0.056785 -0.096450 0.154893 0.100376
P11142,0.124352 -2.034348 -2.362736 2.686194 1.528120 1.366064 1.126646 -2.564863 -1.000071 0.360069 -2.582185 -0.445118 0.967753 -2.453803 -2.591551 -2.728770 -0.513453 -2.580607 -2.655811 2.653610 -2.543256 2.725572 -0.402181 2.832802 1.641906 -2.692375 -2.335326 -2.363956 -0.968249 0.421889 -2.524271 -0.003016 -2.497275 -2.722601 -3.248660 0.115646 2.676308 2.646210 -2.596407 2.556340 2.738355 -2.509791 -1.688991 -0.526728 -0.972624 -2.522248 -2.530767 2.684216 -0.236283 -2.573688 -1.545200 2.773168 -1.953643 -0.540188 -0.399948 -0.542247 -2.359820 -2.679495 0.691357 2.900473 -0.954487 -2.519634 -0.662962 -0.052082
P11217,-0.399762 -0.208678 0.255108 -0.272092 -0.444701 0.391341 -0.482712 0.252396 0.402842 -0.432813 0.231175 -0.388636 0.284005 0.252043 0.243828 0.271734 -0.418672 0.243415 0.041637 -0.230532 0.238271 -0.218882 -0.444459 -0.277295 -0.454677 0.268693 -0.149756 0.021546 0.432856 -0.475614 0.241252 0.327726 0.245454 0.269558 0.021808 0.421427 -0.267758 -0.281026 0.265574 -0.273511 -0.259969 0.269596 0.421505 -0.444846 -0.511089 0.261839 0.264485 -0.277007 -0.405453 0.263388 -0.280244 -0.251877 -0.193833 0.388822 0.435253 0.353257 0.228085 0.268765 -0.473890 -0.269159 -0.274939 0.263900 -0.287188 -0.369757
P11274,1.256492 1.243078 -0.732032 0.918385 1.284747 -1.134771 1.155003 -0.794094 -1.329704 0.837319 -0.540583 1.091439 -1.190961 -0.554472 -0.569630 -0.946357 1.382102 -0.582985 0.042586 0.625578 -0.684931 0.179643 1.059344 0.799575 1.180324 -0.758723 0.126287 -0.010016 -1.090356 1.008052 -0.646486 -1.064106 -0.795749 -0.782448 -0.002645 -2.260741 0.791325 0.761174 -0.729829 0.791466 0.599072 -0.860700 -1.144103 0.771845 1.161458 -0.867926 -0.983543 0.651334 1.209510 -0.926994 0.237529 0.734811 0.358795 -1.391016 -1.960944 -1.600362 -0.749476 -0.764040 1.597793 0.726145 0.776046 -0.749216 0.711188 1.342545
P11309,0.148001 0.194285 0.105868 -0.167334 0.196594 -0.212960 0.019124 0.126367 -0.262494 0.128901 0.101011 -0.071286 -0.362161 0.067901 0.089704 0.049610 0.305511 0.118956 0.126229 -0.110588 0.083781 -0.218634 0.071061 -0.078774 0.266509 0.053080 0.145885 0.184074 -0.283161 0.139350 0.096882 -0.284421 0.069268 0.050786 0.091182 -0.138626 -0.118086 -0.115423 0.070020 -0.094695 -0.108773 0.063101 -0.178001 -0.041539 0.234864 0.071194 0.109327 -0.130479 0.135492 0.076997 0.059406 -0.137739 0.206397 -0.362979 -0.242691 -0.200176 0.125383 0.030530 -0.035502 -0.198354 0.067624 0.125915 -0.046374 0.308922
P11362,-0.049646 0.446862 -0.060480 0.120128 0.197183 -0.069590 0.114675 -0.056141 -0.189148 0.038261 0.026647 0.094167 -0.137249 0.029395 0.079009 -0.110349 0.412473 0.080909 0.050445 0.059407 0.027419 -0.172737 -0.096851 0.087562 0.040843 -0.033345 0.211900 0.088782 -0.081364 0.130689 0.033518 0.126385 -0.105363 -0.046210 0.184836 -0.640873 0.084903 0.021918 0.006378 0.065787 0.057016 -0.026213 -0.042260 0.044611 0.524324 -0.054005 -0.133366 0.071485 0.068197 -0.109365 0.089537 0.034182 -0.087452 -0.174704 -0.253644 0.020122 -0.002386 -0.068593 0.160961 0.111530 0.212632 -0.057634 -0.068413 0.271064
P11387,1.331153 0.262240 -0.835689 0.748285 1.137002 -1.033912 1.231605 -0.766258 -1.575551 1.003098 -0.814961 0.380402 -0.989857 -1.009189 -1.021466 -0.794602 0.441513 -0.899056 -0.654094 0.772156 -0.912255 0.723125 0.590762 0.892908 1.602736 -0.962930 0.334697 -0.242459 -1.193899 1.146181 -0.921794 -1.172318 -0.798467 -1.001377 -0.168096 -0.521086 0.781022 0.828393 -0.719900 0.883765 0.876956 -0.821282 -1.451408 0.835695 0.630752 -0.944729 -0.688852 0.856471 0.765219 -0.830092 0.375269 0.546397 0.362788 -1.258325 -1.200066 -1.301561 -0.890810 -0.793834 1.405176 0.796250 0.395546 -0.750638 0.677501 0.755876
P11388,0.163884 -0.429219 -0.298184 0.320403 -0.011350 0.111849 0.061250 -0.302680 -0.009309 -0.042472 -0.254994 -0.268959 0.441056 -0.424440 -0.365987 -0.252845 -0.296821 -0.327318 -0.442362 0.310754 -0.354673 0.334001 -0.373935 0.363338 0.145485 -0.304677 -0.407557 -0.205543 0.160096 -0.008340 -0.339171 0.443960 -0.282958 -0.362147 -0.370990 0.634914 0.326781 0.317435 -0.164509 0.393890 0.348206 -0.304359 -0.123028 -0.404057 -0.295161 -0.342759 -0.261086 0.407623 -0.190379 -0.346248 -0.340019 0.297298 -0.634871 -0.044565 -0.056167 -0.002290 -0.370774 -0.292364 0.143113 0.335882 -0.343721 -0.227189 -0.272260 -0.047694
P11413,-0.649445 -1.005249 -0.311498 0.565488 -0.491108 1.766857 -0.439799 -0.390811 0.943784 -0.614284 -0.508665 -0.825818 1.094090 -0.387792 -0.425878 -0.309215 -1.117336 -0.552202 -0.634387 0.560570 -0.485081 0.813018 -0.614950 0.478545 -0.497337 -0.340419 -0.524121 -0.859485 0.819066 -0.402281 -0.492872 0.826836 -0.361722 -0.411374 -0.590376 1.408552 0.439983 0.472418 -0.478993 0.517980 0.555486 -0.387073 0.435986 -0.661787 -1.450428 -0.419512 -0.371776 0.471433 -0.929140 -0.194033 -1.026501 0.670354 -0.523607 0.760201 0.857567 0.422906 -0.310246 -0.421420 -0.371395 0.567754 -0.626780 -0.498971 -0.919309 -0.558933
P11473,0.416514 0.277197 -0.288012 0.232061 0.196802 -0.707274 0.378094 -0.193426 -0.764402 0.280225 -0.217839 -0.220877 -0.384758 -0.278792 -0.260510 -0.258550 0.270274 -0.115845 -0.320750 0.174167 -0.201719 0.119855 0.240951 0.280185 0.532350 -0.239900 0.072778 -0.006609 -0.466228 0.276410 -0.250915 -0.480648 -0.185065 -0.345331 0.068886 -0.293070 0.237882 0.184448 -0.102680 0.217627 0.196746 -0.265007 -0.647577 0.094536 0.582099 -0.295353 -0.205194 0.265526 0.435266 -0.322511 0.194399 0.138284 0.202612 -0.766343 -0.759434 -0.323546 -0.353648 -0.216010 0.414806 0.217417 0.141636 -0.257900 0.281633 0.371307
P11474,0.011821 0.197444 0.331585 -0.422379 -0.222159 -0.286598 -0.077060 0.374244 -0.049132 0.048612 0.367866 -0.195946 -0.038172 0.340967 0.344963 0.359915 0.106773 0.384894 0.213975 -0.417366 0.372529 -0.486356 -0.164763 -0.364396 -0.051849 0.300164 0.044168 0.257925 -0.033286 -0.035581 0.349867 0.023253 0.352801 0.312562 0.164847 -0.201689 -0.413286 -0.369670 0.416025 -0.357520 -0.414067 0.340523 0.135632 0.064595 0.142536 0.336743 0.346815 -0.394020 0.067158 0.309023 0.178791 -0.501923 0.234299 -0.017000 0.097178 0.140130 0.345414 0.340737 -0.118274 -0.429236 0.068812 0.411236 0.007755 -0.151219
P11802,0.082230 0.038560 -0.404713 0.549119 0.175471 0.139916 0.550268 -0.498239 -0.408635 0.495708 -0.515127 -0.294390 0.357593 -0.417380 -0.667197 -0.581993 0.074177 -0.493307 -0.444830 0.564148 -0.387993 0.607604 0.429468 0.636472 1.005785 -0.632455 -0.469331 -0.514258 -0.529731 0.447107 -0.519586 -0.324306 -0.562414 -0.615035 -1.037066 -0.387120 0.563686 0.545002 -0.542247 0.437479 0.510185 -0.550088 -0.618726 0.158769 0.317200 -0.570455 -0.517184 0.596768 0.403712 -0.592599 0.362057 0.597016 -0.017463 -0.109542 -0.059812 0.307156 -0.494242 -0.468510 0.109243 0.561573 -0.128888 -0.453790 0.039695 -0.179585
P11926,-0.410065 -0.284031 0.228673 -0.216855 -0.457009 0.417099 -0.452767 0.228456 0.492138 -0.423174 0.216904 -0.379702 0.514731 0.237125 0.230956 0.233674 -0.406877 0.236696 -0.048047 -0.203248 0.218588 -0.192584 -0.413002 -0.243637 -0.484696 0.218099 -0.258281 -0.025129 0.517207 -0.464968 0.230119 0.446135 0.242101 0.260012 -0.050389 0.493061 -0.228582 -0.245330 0.265895 -0.236028 -0.226266 0.246401 0.454641 -0.430106 -0.516847 0.256627 0.231277 -0.233952 -0.404377 0.241587 -0.234213 -0.218687 -0.275426 0.509230 0.501700 0.508424 0.209378 0.249795 -0.445307 -0.216106 -0.284225 0.231357 -0.331913 -0.465527
P12004,3.798540 2.189019 -3.001362 3.299049 5.583260 -0.902002 5.889898 -2.888074 -4.202262 6.385202 -2.993264 5.905894 -2.898899 -2.639494 -3.219958 -2.828480 4.764681 -3.364285 0.262245 2.844011 -2.994466 3.554429 6.254896 3.134132 5.256581 -3.199221 1.711376 -0.569125 -5.388664 4.862796 -2.979195 -3.577793 -2.685788 -3.033998 -0.654547 -4.406973 3.385272 3.382042 -3.876116 2.894263 3.161023 -3.015871 -4.269841 5.283998 3.982760 -2.750517 -2.465875 3.127398 5.231039 -2.472215 2.699096 3.077094 2.235802 -2.912543 -2.277059 -4.344343 -2.614521 -2.784377 4.663488 3.617916 4.415321 -3.221713 4.496530 3.546630
P12268,0.081855 -0.364154 -0.141953 0.115421 0.183570 0.112675 0.044819 -0.148950 0.204070 0.163764 -0.174278 -0.034902 0.282274 -0.206620 -0.201793 -0.146616 -0.345739 -0.220138 -0.233755 0.261060 -0.182890 0.333881 -0.140727 0.164297 0.021043 -0.195251 -0.428770 -0.233918 -0.136726 0.181938 -0.207461 -0.012696 -0.141906 -0.181912 -0.287419 0.212674 0.159651 0.206985 -0.156266 0.190181 0.274063 -0.157664 -0.058815 -0.051478 -0.196698 -0.121290 -0.100436 0.193474 0.116758 -0.113923 -0.189790 0.161632 0.049648 0.094570 0.207689 0.064489 -0.089573 -0.156350 -0.091704 0.194643 -0.197683 -0.098714 -0.306512 0.012286
P12821,-0.090297 0.201582 0.269316 -0.226671 -0.233311 0.197098 -0.159872 0.268758 0.319302 -0.167395 0.267652 0.054491 0.106270 0.286166 0.274495 0.279044 -0.030266 0.256630 0.255400 -0.262879 0.251445 -0.189655 0.059211 -0.261537 -0.239845 0.286008 0.115420 0.086192 0.259348 -0.135607 0.274299 0.152615 0.258535 0.277547 0.226220 0.183041 -0.235547 -0.244279 0.207772 -0.248926 -0.292549 0.285921 0.291384 0.014915 -0.136509 0.261151 0.233700 -0.284763 -0.132962 0.287338 0.088289 -0.250776 0.003547 0.294172 0.304271 0.218703 0.298996 0.247697 -0.128523 -0.236040 0.067104 0.218007 0.121046 -0.072565
P12931,-9.273479 -10.599050 -7.167286 7.642630 -3.208443 7.406928 -3.617801 -7.511056 3.303532 -7.516510 -6.859422 -9.821637 8.551663 -6.360014 -5.709189 -7.468078 -9.686612 -6.232279 -10.754131 7.511031 -6.775387 5.623233 -12.028993 7.220486 -3.779515 -6.870098 -13.236859 -11.868792 5.737677 -8.004053 -6.440171 11.499429 -7.491693 -6.528325 -10.712747 2.304313 7.091646 6.752581 -6.734338 7.174592 7.120820 -6.991620 1.428687 -10.733122 -6.506917 -7.303565 -8.962869 7.385304 -8.481947 -7.727709 -12.536251 8.148910 -12.331492 3.052398 2.114187 3.360186 -6.851399 -7.442019 -4.739948 7.188693 -12.028167 -7.256298 -12.709406 -7.159619
P13500,-0.132732 0.230858 0.322402 -0.350712 -0.237668 -0.106669 -0.139545 0.325154 0.229704 -0.101359 0.313836 0.038359 -0.000331 0.326929 0.343133 0.338767 0.033072 0.342017 0.321769 -0.350719 0.327413 -0.310944 -0.016483 -0.338249 -0.237939 0.341431 0.249324 0.256208 0.156836 -0.078070 0.342276 0.016888 0.313955 0.351627 0.315980 -0.005003 -0.334170 -0.342683 0.306476 -0.329270 -0.346849 0.337673 0.316545 0.009004 0.023710 0.340049 0.306261 -0.346479 -0.071528 0.326969 0.166007 -0.360479 0.152607 0.198719 0.220349 0.170119 0.355562 0.333047 -0.200771 -0.350636 0.064395 0.317073 0.081453 -0.091240
P13569,1.868857 2.285068 -0.485855 1.004403 2.055533 -1.070068 2.129138 -0.376065 -0.037287 1.349816 -0.152229 3.334714 -0.691986 -0.273007 -0.325298 -0.533791 2.709426 -0.751563 0.963652 0.398152 -0.547762 0.771161 2.198185 0.840701 1.402274 -0.470106 2.208536 0.251473 -0.476283 2.767489 -0.255406 -0.011454 -0.236639 -0.386606 0.442680 -1.004468 0.758736 0.787670 -0.721368 0.754657 0.730866 -0.461904 -0.952294 3.235571 2.163072 -0.545025 -0.475159 0.559954 1.959518 -0.257272 1.544886 0.851905 1.963819 -0.284033 -0.123008 -1.608435 -0.049739 -0.368708 2.931764 0.839470 2.401578 -0.451998 3.053536 1.301610
P13612,7.713310 4.099315 -3.942736 4.130558 8.290579 -3.010397 7.784077 -3.819025 -7.981706 8.201100 -3.807248 8.058106 -9.435703 -3.848665 -4.406184 -3.371485 7.096882 -4.910257 1.278560 3.207867 -4.012223 5.013337 9.138459 3.813266 7.156322 -3.675405 5.371471 -0.691022 -8.225146 8.403918 -4.144007 -6.786382 -3.404200 -4.152577 1.114926 -4.961971 4.084224 4.336575 -5.248063 4.074988 3.986572 -4.081503 -7.258565 9.199872 7.143420 -3.885794 -3.153881 3.840915 7.759835 -2.884912 4.420460 3.798792 5.818478 -7.706062 -6.469195 -7.960795 -3.616998 -4.099780 8.921497 4.404249 6.417264 -4.094242 7.489094 7.698453
P13631,0.190080 0.285283 0.256017 -0.354781 -0.057852 -0.576995 -0.011798 0.306541 -0.203675 0.142708 0.282519 0.040053 -0.257390 0.239329 0.253715 0.287376 0.194316 0.314463 0.233646 -0.348712 0.280542 -0.367229 0.175247 -0.317133 -0.016057 0.240272 0.272401 0.275425 -0.175479 0.076947 0.264254 -0.297198 0.297205 0.250030 0.346279 -0.189740 -0.328448 -0.306928 0.341340 -0.318327 -0.349860 0.292670 -0.067951 0.162441 0.389757 0.266252 0.310385 -0.306853 0.155860 0.260115 0.375864 -0.440166 0.282513 -0.142650 -0.116473 -0.086265 0.263760 0.305961 -0.000031 -0.363433 0.232838 0.344039 0.192959 0.157028
P13726,-0.032676 0.184285 0.349573 -0.408307 -0.180646 -0.256584 -0.100038 0.370426 0.066417 -0.043195 0.370033 0.111537 -0.063931 0.346729 0.375399 0.366765 0.072645 0.388181 0.327304 -0.411295 0.350496 -0.406912 0.053551 -0.393651 -0.149995 0.351577 0.184101 0.289577 -0.014016 -0.031918 0.380941 -0.040169 0.340244 0.378728 0.287029 -0.209335 -0.400443 -0.368822 0.344809 -0.405878 -0.411500 0.375774 0.240353 0.067097 0.222204 0.377178 0.335426 -0.396567 0.037028 0.365482 0.196643 -0.461143 0.145149 0.164108 0.177071 0.163656 0.387060 0.375871 -0.186105 -0.413296 0.176500 0.373452 0.118797 -0.028545
P13866,-0.435280 -0.232432 0.237658 -0.255761 -0.427549 0.337706 -0.449353 0.241907 0.477652 -0.416362 0.234281 -0.312048 0.357911 0.265771 0.258227 0.245460 -0.389244 0.260209 0.030379 -0.212871 0.244643 -0.221194 -0.402678 -0.282225 -0.499871 0.260271 -0.190330 0.026856 0.494110 -0.479680 0.259433 0.362611 0.246710 0.292462 0.031898 0.441536 -0.244614 -0.273894 0.276160 -0.273290 -0.260528 0.266798 0.466977 -0.415193 -0.486216 0.278100 0.248251 -0.270263 -0.385913 0.255263 -0.239855 -0.237511 -0.228225 0.466505 0.426417 0.471518 0.212301 0.267831 -0.449086 -0.246597 -0.303386 0.230660 -0.273945 -0.394398
P14324,-0.191546 -0.122609 0.123867 -0.008411 -0.295536 0.442380 -0.128931 0.132398 0.359319 -0.097435 0.078710 -0.071643 0.243742 0.119595 0.086697 0.151543 -0.176448 0.074971 0.042090 -0.111735 0.101724 0.011293 -0.050387 -0.076268 -0.326246 0.124580 0.042156 -0.023641 0.210425 -0.094645 0.113032 0.178154 0.130200 0.127802 0.130905 0.415099 -0.082664 -0.087922 0.064480 -0.094673 -0.131537 0.142957 0.226666 -0.036244 -0.218271 0.136652 0.100156 -0.090800 -0.166378 0.186583 0.037704 -0.065187 -0.040366 0.372299 0.257760 0.260580 0.159520 0.076715 -0.155039 -0.022677 0.091090 0.088788 -0.052155 -0.078300
P14410,-0.510718 -0.288163 0.278060 -0.293743 -0.492083 0.418258 -0.514295 0.276839 0.544144 -0.504768 0.270827 -0.408897 0.484645 0.297879 0.289578 0.280977 -0.459723 0.291264 0.008222 -0.252679 0.281156 -0.257994 -0.504597 -0.313756 -0.571760 0.291083 -0.258166 0.000018 0.551164 -0.536725 0.293388 0.461346 0.281828 0.326482 -0.006526 0.501296 -0.285305 -0.306855 0.312417 -0.313122 -0.301047 0.300754 0.525357 -0.476788 -0.560877 0.311817 0.278529 -0.306501 -0.463846 0.293788 -0.291566 -0.270782 -0.297948 0.548152 0.526938 0.553988 0.251954 0.299491 -0.538670 -0.284405 -0.365204 0.272440 -0.349014 -0.485202
P14416,0.842042 1.325940 0.461371 -0.527305 0.418648 -1.429266 0.576856 0.454409 -0.712317 0.675917 0.521336 1.068655 -0.960417 0.413005 0.513597 0.433799 1.053050 0.472752 0.805801 -0.622438 0.445345 -0.690625 1.159723 -0.452116 0.602924 0.425019 1.079157 0.719363 -0.961690 0.787559 0.495055 -0.976306 0.403101 0.444414 0.764288 -1.684903 -0.578886 -0.426162 0.367752 -0.547340 -0.544219 0.444559 -0.475680 1.238294 1.223880 0.400565 0.361799 -0.498732 0.880239 0.446230 1.128345 -0.719252 1.066720 -0.531419 -0.647066 -0.681394 0.574311 0.450179 0.521304 -0.681019 0.995774 0.503917 1.049256 0.674379
P14550,-0.158570 0.126538 0.137366 -0.041032 -0.231774 0.549276 -0.208270 0.134110 0.364834 -0.173906 0.078915 -0.058772 0.050375 0.155910 0.096600 0.194834 -0.206415 0.036688 0.202251 -0.062047 0.086792 0.077323 0.007483 -0.112095 -0.285855 0.155203 0.277713 -0.082896 0.386768 -0.186773 0.082816 0.132763 0.141070 0.112013 0.243508 0.545798 -0.078660 -0.099468 0.007983 -0.075028 -0.052046 0.127704 0.304468 -0.055619 -0.317633 0.113352 0.140294 -0.085881 -0.148322 0.212442 -0.013404 0.028704 0.091710 0.304400 0.343093 0.221339 0.144914 0.075841 -0.079054 -0.027052 0.081904 0.068111 0.105117 -0.066341
P14598,0.393689 0.668876 -0.130723 0.183759 0.378171 -0.479225 0.534466 -0.174696 -0.250281 0.362790 -0.025986 0.427666 -0.006948 -0.059247 -0.039417 -0.197401 0.673637 0.052972 0.214690 0.136810 -0.028313 -0.115257 0.539701 0.186548 0.423931 -0.113777 0.109117 0.292309 -0.102173 0.442419 -0.013612 0.015729 -0.093666 -0.142919 0.228643 -0.804844 0.161877 0.118260 -0.034004 0.183114 0.080001 -0.197481 -0.173946 0.307427 0.493061 -0.166604 -0.193454 0.126375 0.598699 -0.244528 0.429823 0.152292 0.565305 -0.451837 -0.469004 -0.198285 -0.182466 -0.073261 0.508236 0.188090 0.599909 -0.091750 0.560311 0.111506
P14616,-0.637114 -0.443855 0.188913 -0.191100 -0.528917 0.532220 -0.596870 0.173838 0.661327 -0.553351 0.183332 -0.483029 0.598575 0.215442 0.222116 0.178092 -0.596726 0.221587 -0.122595 -0.143098 0.198449 -0.154748 -0.610507 -0.212862 -0.623493 0.203443 -0.393985 -0.107567 0.670572 -0.644430 0.208847 0.576594 0.190567 0.248197 -0.094025 0.570979 -0.181637 -0.216259 0.234388 -0.207483 -0.193908 0.216254 0.555926 -0.645095 -0.670300 0.221775 0.168059 -0.206214 -0.569151 0.192076 -0.446766 -0.148642 -0.436311 0.615244 0.569658 0.621646 0.173282 0.200678 -0.652715 -0.180025 -0.507637 0.182529 -0.518198 -0.531856
P14618,-0.280623 -2.273797 -1.160295 1.325197 0.173236 1.606088 -0.279933 -1.277046 -0.071713 -0.573607 -1.585271 -1.629772 0.815108 -1.464959 -1.546715 -1.269130 -1.495716 -1.783263 -1.693069 1.651334 -1.521938 1.854475 -1.366798 1.339415 0.099948 -1.413350 -1.720332 -1.991084 -0.076626 -0.035412 -1.648067 0.326292 -1.325155 -1.540868 -2.066926 2.209330 1.279585 1.471267 -1.382920 1.555999 1.586915 -1.331930 -0.702707 -1.333364 -1.795083 -1.512800 -1.126049 1.506432 -1.374984 -1.180431 -1.873877 1.487855 -1.651174 -0.168223 0.136242 -0.393074 -1.236685 -1.481172 -0.513490 1.409771 -1.788824 -1.316259 -1.804984 -0.182663
P14625,0.413254 -0.809410 -1.248974 1.290880 1.030787 -0.199347 1.068421 -1.294187 -0.651159 0.621434 -1.181843 -0.008167 0.106915 -1.261145 -1.258448 -1.273691 -0.185975 -1.200502 -1.239265 1.292201 -1.287134 1.114449 -0.626026 1.314769 1.029429 -1.273824 -1.016147 -0.887427 -0.473409 0.611911 -1.258301 -0.067225 -1.241758 -1.243064 -1.199945 -0.933480 1.272932 1.289617 -1.212236 1.273164 1.289921 -1.255643 -0.951857 0.520508 -0.526865 -1.235829 -1.274094 1.199703 0.401962 -1.270614 -0.600906 1.166730 -0.566063 -0.365671 -0.656975 -0.628213 -1.203252 -1.145995 1.088034 1.374713 -0.089634 -1.232781 -0.012971 -0.019924
P14735,0.077991 0.167466 0.187196 -0.132551 -0.050129 0.336530 0.144574 0.184982 0.313356 0.180102 0.179653 0.141160 0.141060 0.179279 0.158943 0.217971 -0.092358 0.132342 0.111097 -0.158383 0.159309 -0.103641 0.083299 -0.171000 -0.050779 0.180227 0.076571 0.139833 0.051962 0.204426 0.151741 -0.011110 0.201345 0.154054 0.231010 0.030027 -0.187650 -0.129480 0.145961 -0.136967 -0.178940 0.188255 0.143291 0.175733 -0.377141 0.177993 0.196835 -0.216405 0.061383 0.241227 0.036180 -0.192868 0.266316 0.159251 0.286444 -0.040962 0.244996 0.183462 0.026180 -0.146799 0.302378 0.188705 0.090992 0.056283
P14780,-0.409005 0.019018 0.242623 -0.218680 -0.326176 0.280348 -0.313158 0.239440 0.479704 -0.167049 0.257620 -0.081433 0.318517 0.256470 0.265223 0.259324 -0.229014 0.270423 0.158685 -0.253396 0.246347 -0.157318 -0.194867 -0.240955 -0.306530 0.268244 0.024123 0.157150 0.327477 -0.251789 0.284105 0.426196 0.247922 0.294766 0.223327 0.239353 -0.204078 -0.261256 0.218771 -0.252689 -0.204023 0.263315 0.467921 -0.208842 -0.095637 0.282400 0.215074 -0.223263 -0.170005 0.254801 0.090263 -0.181145 -0.251380 0.497084 0.506827 0.531981 0.274525 0.257969 -0.420431 -0.196409 -0.029074 0.236120 -0.092331 -0.329467
P14859,0.330521 0.150997 -0.082355 0.156259 0.375216 -0.036037 0.320683 -0.065308 -0.642012 0.225684 -0.045462 0.022856 -0.185351 -0.083168 -0.129225 -0.134280 0.241224 -0.163176 -0.257460 0.074385 -0.095016 0.054351 0.363533 0.134692 0.510920 -0.120370 -0.027720 -0.098923 -0.494213 0.463233 -0.128775 -0.176015 -0.055940 -0.186265 -0.128916 0.126903 0.052758 0.084761 -0.075265 0.102820 0.126352 -0.126399 -0.535326 0.436121 -0.021377 -0.148046 -0.015648 0.119652 0.444892 -0.095602 0.254096 0.021391 0.289037 -0.390619 -0.264950 -0.063357 -0.143865 -0.106364 0.209300 0.124471 0.443592 -0.074986 0.271937 0.022587
P14920,-0.138113 0.064017 0.355750 -0.437390 -0.278177 -0.163093 -0.259767 0.359720 0.142291 -0.155505 0.349931 -0.044028 0.005329 0.345430 0.367489 0.367745 -0.058761 0.378730 0.244646 -0.393564 0.355551 -0.424688 -0.085257 -0.410441 -0.281101 0.354397 0.063331 0.234219 0.093537 -0.219290 0.363483 -0.041253 0.344389 0.381614 0.236560 -0.055601 -0.419020 -0.383014 0.373839 -0.414864 -0.416267 0.378440 0.262395 -0.044368 -0.051558 0.374473 0.351910 -0.410776 -0.118517 0.354276 0.094835 -0.460424 0.083299 0.168652 0.143973 0.165009 0.361818 0.380519 -0.265941 -0.439496 -0.017847 0.381814 -0.039724 -0.127863
P15056,0.432802 0.383192 -0.037208 0.077101 0.322433 -0.701390 0.247038 -0.068432 -0.906062 0.113806 -0.060739 0.059057 -0.666047 -0.018920 -0.038719 -0.112534 0.802626 0.022382 0.239524 -0.015821 -0.014261 -0.213218 -0.045689 0.035434 0.216642 0.001970 0.181471 0.307816 -0.506747 0.373659 -0.087566 -0.350912 -0.066935 -0.183171 0.160137 -0.687466 0.049289 0.007602 -0.048991 0.017734 -0.074792 -0.136323 -0.523059 0.176677 0.688093 -0.121823 -0.078848 0.026975 0.119459 -0.131291 0.402186 0.090809 0.028141 -0.893761 -0.921042 -0.538794 -0.095729 -0.084529 0.448325 0.069861 0.467290 -0.118193 0.212062 0.541577
P15382,-0.271177 -0.112705 0.304740 -0.307079 -0.375204 0.179504 -0.379471 0.321008 0.332292 -0.329702 0.309481 -0.163928 0.236107 0.322434 0.318869 0.291078 -0.223069 0.306885 0.133627 -0.309551 0.301560 -0.317192 -0.236021 -0.310607 -0.384336 0.302552 -0.111466 0.123522 0.349881 -0.366845 0.315570 0.318563 0.300647 0.330290 0.110706 0.261780 -0.319493 -0.310475 0.313597 -0.322882 -0.314436 0.311308 0.371894 -0.203590 -0.233316 0.313868 0.294948 -0.308100 -0.274039 0.298988 -0.070648 -0.302839 -0.048229 0.369486 0.369410 0.383997 0.306190 0.309651 -0.331776 -0.314776 -0.118367 0.311811 -0.124341 -0.341997
P15559,0.203485 0.225289 0.169635 -0.090613 0.038851 0.097653 0.099855 0.172548 0.006225 0.157838 0.141063 0.228988 -0.142693 0.156038 0.125323 0.199372 0.205891 0.094370 0.284678 -0.147326 0.130690 -0.010106 0.352548 -0.141361 -0.018048 0.158137 0.423682 0.129943 -0.077927 0.174480 0.122415 -0.105887 0.176575 0.143417 0.350381 0.123134 -0.144390 -0.112789 0.053708 -0.146091 -0.146330 0.156930 -0.004659 0.390835 0.134814 0.154843 0.185269 -0.141024 0.229849 0.241210 0.381438 -0.122400 0.377454 0.087825 0.017327 0.025342 0.180769 0.138298 0.143612 -0.080049 0.453581 0.133070 0.334499 0.234080
P16050,-0.460361 -0.270675 0.285040 -0.296240 -0.462565 0.373837 -0.497487 0.288379 0.524181 -0.461256 0.278994 -0.364253 0.450081 0.309848 0.304583 0.283827 -0.415319 0.304095 0.021091 -0.261857 0.294970 -0.266684 -0.424895 -0.319686 -0.527045 0.290800 -0.222140 0.025164 0.509108 -0.480787 0.299294 0.389914 0.290163 0.329792 0.014992 0.451973 -0.295761 -0.309631 0.323561 -0.318000 -0.303687 0.308947 0.492553 -0.434812 -0.498095 0.314241 0.284040 -0.307737 -0.404567 0.291837 -0.204211 -0.281270 -0.276326 0.529080 0.494586 0.514484 0.274923 0.306468 -0.502757 -0.296797 -0.298852 0.293952 -0.315789 -0.452912
P16152,0.074008 -0.101027 0.128252 -0.164206 -0.063649 0.291517 0.090258 0.178613 0.139740 0.185213 0.112526 0.127342 0.104256 0.147264 0.081844 0.144997 -0.158890 0.121384 0.112093 -0.093766 0.170000 -0.045496 0.180346 -0.171917 -0.069540 0.110906 -0.139630 0.136668 -0.030764 0.076327 0.129030 -0.131304 0.175955 0.150678 0.125329 0.178573 -0.126904 -0.094856 0.128914 -0.132021 -0.114015 0.142989 0.099812 0.140910 0.037611 0.172649 0.211043 -0.108822 0.207312 0.170281 0.260603 -0.155278 0.187525 0.234205 0.149394 0.129166 0.162379 0.155693 -0.049487 -0.082292 0.104563 0.152089 0.099976 0.113488
P16234,-0.532555 -0.350664 -0.337227 0.506620 -0.246736 0.648989 -0.362432 -0.347747 0.610968 -0.521267 -0.266304 -0.533735 0.947630 -0.275396 -0.182752 -0.421945 -0.449596 -0.183984 -0.561613 0.433192 -0.268077 0.267317 -0.682572 0.471936 -0.267173 -0.347124 -0.463750 -0.478613 0.776353 -0.417210 -0.258556 1.197673 -0.370435 -0.303141 -0.407684 0.209637 0.436950 0.344506 -0.213549 0.392686 0.441061 -0.335636 0.272389 -0.689242 -0.210280 -0.342328 -0.489428 0.456207 -0.555958 -0.375157 -0.497632 0.525675 -0.776309 0.532665 0.249085 0.722522 -0.292627 -0.367663 -0.355063 0.491978 -0.470659 -0.323928 -0.859996 -0.358784
P16591,-0.229096 -0.161071 0.059903 -0.060054 -0.132108 0.014630 -0.231802 0.055226 0.134717 -0.259832 0.082647 -0.184435 0.078535 0.096504 0.105073 0.027127 -0.071421 0.115798 0.068669 -0.059691 0.083302 -0.171761 -0.307741 -0.105523 -0.333425 0.102854 -0.139555 0.029098 0.250206 -0.186184 0.089220 0.200671 0.042233 0.085796 -0.040363 0.049627 -0.069064 -0.091664 0.102988 -0.084167 -0.119450 0.045464 0.185330 -0.236581 -0.230376 0.074972 0.035650 -0.108305 -0.221919 0.046108 -0.099535 -0.032074 -0.195456 0.085361 0.017874 0.157093 0.035999 0.070815 -0.127018 -0.071784 -0.108466 0.050736 -0.223003 -0.114612
P17252,-0.671321 -0.412992 -1.985509 2.501508 0.987266 0.818195 0.287021 -2.261746 0.980998 -0.433598 -1.773056 -0.776592 1.758496 -1.701280 -1.699132 -2.539267 -0.377867 -1.861178 -1.459635 2.438742 -1.919546 1.261015 -1.246338 2.536881 0.858219 -2.003917 -2.155125 -1.680292 0.965334 -0.402430 -1.801388 2.039984 -2.092371 -2.030966 -2.010778 -1.182707 2.458488 2.214612 -2.025326 2.456801 2.123387 -2.131237 -0.119644 -1.024804 -0.113774 -2.326143 -2.823125 2.231637 -0.073841 -2.397358 -2.564842 2.710237 -1.194199 0.105278 -0.287474 -0.691628 -1.984227 -2.107480 0.267301 2.510579 -1.402249 -2.054637 -1.239134 -0.525631
P17302,-0.164250 0.289603 0.077518 0.001231 -0.039576 -0.107169 -0.013112 0.084660 0.334341 -0.116003 0.187196 0.292898 0.369188 0.164077 0.194049 0.071486 0.036477 0.104253 0.036537 -0.108468 0.093812 -0.180364 -0.131121 -0.037812 -0.101008 0.091457 -0.002016 -0.039656 0.306232 0.017446 0.181308 0.403354 0.136906 0.171207 -0.048598 -0.183188 -0.066016 -0.079521 0.072175 -0.064947 -0.079034 0.109059 0.265006 0.260403 -0.083411 0.080120 0.016383 -0.097327 0.110560 0.116081 -0.047730 -0.075999 0.178911 0.353390 0.313675 0.146044 0.094959 0.126590 0.037401 -0.084678 0.035724 0.103032 0.390825 -0.288088
P17405,-0.450382 -0.276800 0.302050 -0.336069 -0.442875 0.317055 -0.488103 0.300963 0.456532 -0.432333 0.293522 -0.325314 0.371616 0.313475 0.316991 0.301436 -0.420946 0.322570 0.032689 -0.297830 0.314872 -0.318676 -0.410293 -0.350688 -0.525187 0.317476 -0.201241 0.032729 0.434296 -0.494445 0.314962 0.339057 0.304608 0.342932 0.020117 0.409046 -0.325577 -0.331151 0.332732 -0.337884 -0.338068 0.331496 0.464405 -0.413016 -0.453194 0.335853 0.303514 -0.332895 -0.366317 0.310284 -0.183897 -0.333105 -0.244884 0.481481 0.458037 0.437337 0.295404 0.328349 -0.531729 -0.340190 -0.299247 0.308451 -0.280874 -0.414990
P17516,-0.020138 0.190633 0.341279 -0.407507 -0.213301 -0.208532 -0.139572 0.357814 0.013749 0.027870 0.328888 0.057169 -0.133497 0.337207 0.339662 0.366518 0.073351 0.357392 0.314893 -0.393461 0.346740 -0.390205 0.092185 -0.393071 -0.180530 0.340199 0.188071 0.293428 -0.001064 -0.127254 0.349065 -0.168670 0.345406 0.360515 0.358233 -0.154151 -0.391268 -0.363992 0.336710 -0.397799 -0.408187 0.367256 0.197446 0.077780 0.167840 0.364989 0.345308 -0.383500 0.001119 0.356110 0.251442 -0.438834 0.180402 0.114245 0.069153 0.077076 0.359785 0.353581 -0.151647 -0.401107 0.113912 0.351693 0.064698 -0.015539
P17612,0.988528 0.969911 -1.501693 1.752061 1.630317 0.133853 1.791093 -1.584634 0.012950 0.661393 -1.367970 1.149209 0.168517 -1.370147 -1.287555 -1.696668 1.164305 -1.370704 -0.634971 1.669822 -1.450565 0.945359 0.202691 1.915692 1.856000 -1.435327 -0.113536 -0.655970 -0.004994 1.223983 -1.349393 0.565076 -1.521708 -1.494685 -0.737501 -2.494313 1.794365 1.697164 -1.548879 1.701683 1.650544 -1.686761 -0.684551 0.979997 0.303213 -1.675761 -1.831299 1.496130 1.105904 -1.574935 -0.976710 1.643130 0.141538 -0.566829 -0.560836 -1.638598 -1.341763 -1.516633 1.709193 1.784473 0.586676 -1.514165 0.665557 0.364775
P17787,-0.078066 0.180182 0.355162 -0.438780 -0.251620 -0.299944 -0.171914 0.359446 0.037525 -0.074141 0.346779 0.058796 -0.121002 0.340445 0.369123 0.368099 0.017207 0.380082 0.318292 -0.403537 0.364414 -0.436337 -0.012184 -0.396024 -0.201827 0.356904 0.209684 0.339484 0.012223 -0.164684 0.369367 -0.161767 0.329108 0.376962 0.299152 -0.178997 -0.424350 -0.390387 0.358926 -0.401075 -0.409219 0.366676 0.202545 0.083136 0.094428 0.367337 0.348439 -0.388865 -0.065382 0.353051 0.224461 -0.439232 0.190607 0.107657 0.053982 0.091253 0.366560 0.375661 -0.187629 -0.448217 0.037890 0.377633 0.085693 -0.073013
P17948,0.165219 0.566101 0.201275 -0.188422 0.130694 -0.460669 0.056672 0.209211 -0.112092 0.076119 0.277363 0.336873 -0.203637 0.227168 0.271350 0.162020 0.452778 0.293533 0.361691 -0.229276 0.248432 -0.390688 0.125133 -0.174367 0.081071 0.176963 0.363487 0.369872 -0.074431 0.165641 0.257142 -0.080912 0.182666 0.200848 0.361669 -0.569508 -0.195872 -0.207775 0.218420 -0.198186 -0.211185 0.183269 0.041152 0.275800 0.573611 0.199803 0.137214 -0.185858 0.251054 0.174767 0.310893 -0.221839 0.261282 -0.055255 -0.192013 0.055342 0.203751 0.182459 0.092470 -0.193282 0.338854 0.240341 0.350671 0.292895
P18507,-0.075900 0.208007 0.290956 -0.332270 -0.220232 -0.289855 -0.114420 0.300147 0.094590 -0.055284 0.307260 0.084741 -0.037748 0.287409 0.321470 0.289542 0.031849 0.320432 0.304350 -0.324102 0.304952 -0.385456 -0.049430 -0.301512 -0.159421 0.291287 0.208270 0.327530 0.085133 -0.179473 0.315825 -0.071803 0.279706 0.317675 0.275662 -0.237347 -0.333384 -0.327241 0.281468 -0.315245 -0.323496 0.302150 0.214760 0.089703 0.136822 0.293052 0.250574 -0.306318 -0.031028 0.277499 0.168538 -0.334034 0.157728 0.164567 0.049866 0.056557 0.298270 0.310580 -0.145766 -0.363219 -0.001059 0.308528 0.091807 -0.083985
P18825,-0.399886 -0.177817 0.259064 -0.277316 -0.394661 0.241523 -0.419906 0.259872 0.431069 -0.411914 0.263767 -0.290519 0.346924 0.286325 0.280956 0.263980 -0.302348 0.272855 0.029429 -0.253917 0.265955 -0.273083 -0.398879 -0.298233 -0.449250 0.272375 -0.168222 0.024781 0.441907 -0.426821 0.282969 0.316384 0.264802 0.313919 0.014964 0.328141 -0.274358 -0.291438 0.290623 -0.293166 -0.293731 0.280880 0.435261 -0.316960 -0.426181 0.286350 0.252940 -0.299945 -0.317764 0.264253 -0.208592 -0.284315 -0.216975 0.429933 0.400985 0.416175 0.240277 0.289008 -0.420843 -0.277294 -0.264517 0.263742 -0.218064 -0.389684
P19525,-0.245600 -0.351002 -0.173029 0.142797 -0.204673 0.149928 -0.176143 -0.144960 0.019507 -0.423038 -0.151595 -0.448175 0.333543 -0.171625 -0.145742 -0.155764 -0.284791 -0.131091 -0.354636 0.143308 -0.156772 0.118854 -0.632510 0.173223 -0.135478 -0.115807 -0.298159 -0.270875 0.185331 -0.342087 -0.167127 0.434853 -0.191210 -0.205693 -0.375885 0.341095 0.134026 0.120007 -0.068921 0.151472 0.176579 -0.137420 0.005862 -0.528724 -0.246568 -0.157397 -0.139754 0.211098 -0.479945 -0.176009 -0.323505 0.161157 -0.630948 -0.013167 0.072251 0.105479 -0.162247 -0.138961 -0.203241 0.129566 -0.448531 -0.124430 -0.614540 -0.201814
P19784,1.468517 1.092532 -0.255235 0.435878 1.100241 -1.329686 0.937870 -0.329138 -1.511313 0.940371 -0.296409 0.448829 -1.109834 -0.341642 -0.563700 -0.588400 1.644079 -0.380306 0.415768 0.315282 -0.346736 0.139903 1.066224 0.531733 1.375322 -0.469895 0.705080 0.620619 -1.349786 1.194829 -0.470649 -1.045754 -0.387946 -0.608184 -0.002178 -1.247510 0.411119 0.500310 -0.232994 0.402855 0.269655 -0.554230 -1.277362 0.681297 1.044452 -0.604892 -0.384520 0.370436 0.911203 -0.580115 1.030154 0.394441 0.805361 -1.642560 -1.514145 -1.315564 -0.451161 -0.349231 1.400595 0.365905 0.971046 -0.360589 0.826884 1.493974
P19793,-0.014410 -0.514452 -0.677089 0.654378 0.046763 -0.309671 0.043348 -0.576449 -0.760714 -0.006363 -0.612517 -1.127198 0.380215 -0.718981 -0.705517 -0.666062 -0.226117 -0.579188 -1.158225 0.602002 -0.600990 0.567320 -0.441885 0.702623 0.329274 -0.678570 -0.463523 -0.900407 -0.326757 0.282214 -0.693130 0.206278 -0.551045 -0.824412 -0.770143 0.661355 0.663263 0.602631 -0.365620 0.659339 0.647932 -0.591286 -0.855823 -0.318689 0.290532 -0.731871 -0.548785 0.791677 -0.070342 -0.707953 -0.212741 0.538896 -0.434244 -0.575624 -0.289840 0.049856 -0.756267 -0.583769 0.111570 0.665455 -0.323270 -0.554468 -0.412122 -0.111365
P19838,-1.480980 -2.271145 -1.113766 1.243094 -0.580640 1.384634 -1.021065 -1.143729 0.381061 -1.378181 -1.118266 -2.174154 1.714204 -1.159839 -1.098546 -1.218478 -1.960010 -1.137378 -2.234378 1.199848 -1.208399 1.143468 -1.931902 1.253222 -0.498766 -1.211577 -2.125786 -2.241973 0.827992 -1.104427 -1.164470 1.771758 -1.105500 -1.201335 -2.308557 1.700658 1.184067 1.088735 -0.956363 1.186773 1.220601 -1.062224 -0.095545 -1.713940 -1.211650 -1.259706 -1.274041 1.320022 -1.712858 -1.227513 -1.806855 1.243809 -2.247876 0.537820 0.737982 1.025534 -1.133589 -1.181815 -0.918375 1.213970 -2.216099 -1.108275 -1.930772 -1.758945
P20309,-0.278906 -0.063446 0.306492 -0.320788 -0.373481 0.116439 -0.359953 0.302416 0.322628 -0.290738 0.302533 -0.180273 0.277237 0.317219 0.316822 0.296225 -0.194339 0.311609 0.125068 -0.314278 0.311722 -0.325119 -0.270831 -0.328779 -0.368869 0.296039 -0.090518 0.147975 0.315574 -0.335747 0.309444 0.246018 0.304172 0.333628 0.108738 0.198000 -0.319454 -0.319052 0.332158 -0.341602 -0.322662 0.317322 0.365787 -0.214837 -0.269800 0.317592 0.292594 -0.313423 -0.234663 0.305160 0.002562 -0.329072 -0.096291 0.398297 0.342252 0.357836 0.293708 0.324718 -0.352325 -0.334466 -0.148151 0.312970 -0.153237 -0.323620
P20618,0.472617 -0.014672 0.076275 -0.084656 0.261729 -0.057385 -0.103610 0.070388 -0.440850 0.065209 -0.084996 -0.155961 -0.594362 -0.006639 -0.117480 0.103768 0.285871 -0.170354 0.369565 0.094973 -0.017393 0.184162 0.177887 -0.111217 0.142013 0.065306 0.271280 0.110978 -0.433605 0.282780 -0.136434 -0.384635 0.057090 -0.141282 0.037056 0.420786 -0.036863 0.003649 -0.076999 0.013240 0.024392 -0.038039 -0.436844 0.233644 0.348282 -0.065526 0.245292 0.040260 0.373754 0.110712 0.433169 0.073199 0.389527 -0.502158 -0.368984 -0.464488 0.020552 -0.008328 -0.017385 -0.001513 0.373330 0.049211 0.345242 0.693640
P20701,-0.469377 -0.240515 0.264072 -0.280663 -0.454150 0.315231 -0.467097 0.260866 0.480761 -0.438554 0.265049 -0.298358 0.391916 0.293183 0.290066 0.271395 -0.391867 0.288592 0.046351 -0.250534 0.273278 -0.243679 -0.403265 -0.300392 -0.522545 0.285792 -0.172217 0.037922 0.494923 -0.484831 0.293129 0.394669 0.270920 0.325520 0.044908 0.446476 -0.274192 -0.298307 0.290328 -0.295947 -0.284473 0.292905 0.495895 -0.385268 -0.457539 0.303758 0.261883 -0.284173 -0.387420 0.280939 -0.183147 -0.250269 -0.244964 0.505517 0.472979 0.523713 0.252920 0.289192 -0.479095 -0.272393 -0.291857 0.260497 -0.258208 -0.424032
P20815,-0.332403 -0.053400 0.288110 -0.297693 -0.353610 0.154523 -0.340211 0.281199 0.380488 -0.301517 0.287926 -0.107968 0.243455 0.311806 0.312628 0.294698 -0.219860 0.303657 0.139971 -0.289975 0.286828 -0.275848 -0.215666 -0.315942 -0.408146 0.301478 -0.038042 0.107552 0.324627 -0.328676 0.310297 0.228226 0.292157 0.335108 0.141568 0.207029 -0.296725 -0.307807 0.293821 -0.325922 -0.305283 0.317143 0.391297 -0.209121 -0.289805 0.315946 0.271236 -0.314217 -0.220544 0.305327 -0.056716 -0.290092 -0.065061 0.408953 0.372073 0.377998 0.295463 0.308402 -0.361126 -0.309399 -0.120893 0.283308 -0.122390 -0.285866
P20839,0.001424 0.143977 0.285329 -0.334595 -0.119684 -0.223930 -0.094248 0.298495 0.136545 0.018214 0.279452 0.052985 -0.016170 0.277591 0.280408 0.297075 0.027757 0.296926 0.268494 -0.287815 0.285164 -0.282751 0.032365 -0.316896 -0.154961 0.274752 0.086671 0.267772 0.030120 0.016199 0.279778 -0.128106 0.291257 0.295022 0.257503 -0.091937 -0.317432 -0.286610 0.305947 -0.308677 -0.299574 0.298088 0.186123 0.079709 0.076853 0.309445 0.312360 -0.304917 0.073521 0.296082 0.201294 -0.356562 0.221115 0.146452 0.134845 0.115415 0.302663 0.308963 -0.132898 -0.319890 0.088562 0.317474 0.030898 0.021944
P21281,0.500748 0.450010 0.177119 -0.086639 0.363531 -0.368836 0.302202 0.109079 -0.238209 0.561768 0.141299 0.475672 -0.455199 0.062558 0.039222 0.146806 0.504055 -0.017668 0.318756 -0.162796 0.051005 -0.004053 0.683310 -0.077337 0.247102 0.060148 0.426718 0.064668 -0.554320 0.848828 0.028567 -0.655656 0.185144 0.018820 0.313526 -0.163376 -0.122865 -0.030773 -0.004295 -0.046372 -0.114322 0.085592 -0.438337 0.948684 0.555156 0.027581 0.186554 -0.125144 0.696344 0.209723 0.467974 -0.169341 1.138386 -0.309622 -0.295345 -0.298183 0.179618 0.035751 0.367113 -0.130354 0.675280 0.188835 0.702352 0.517048
P21397,-0.440373 -0.238975 0.245697 -0.264314 -0.418113 0.321232 -0.464265 0.244673 0.486619 -0.407324 0.246888 -0.311256 0.364878 0.272742 0.268465 0.250943 -0.398591 0.266528 0.037789 -0.220369 0.254448 -0.232397 -0.407700 -0.288141 -0.502207 0.263215 -0.182923 0.042035 0.504449 -0.491732 0.269881 0.371636 0.260399 0.303124 0.047823 0.447176 -0.250894 -0.282079 0.284497 -0.277252 -0.259065 0.272210 0.468152 -0.409929 -0.484665 0.282884 0.251007 -0.277895 -0.368013 0.258444 -0.219861 -0.228646 -0.225001 0.474068 0.435030 0.475955 0.223404 0.272705 -0.459042 -0.256240 -0.302122 0.248633 -0.280789 -0.405271
P21452,-0.350736 -0.097096 0.304977 -0.344283 -0.398312 0.102032 -0.388615 0.304340 0.323995 -0.325258 0.293256 -0.228313 0.210569 0.316659 0.317643 0.313944 -0.252040 0.325900 0.126326 -0.313109 0.308736 -0.322945 -0.297296 -0.344761 -0.405247 0.314996 -0.070466 0.130912 0.330586 -0.383395 0.321105 0.173024 0.302415 0.344845 0.125111 0.241552 -0.336261 -0.338416 0.325568 -0.342639 -0.344966 0.328938 0.398063 -0.252849 -0.281038 0.330998 0.298077 -0.335851 -0.287161 0.309856 -0.057575 -0.341255 -0.111653 0.365502 0.327290 0.369555 0.299244 0.325850 -0.392999 -0.348015 -0.211864 0.306701 -0.163345 -0.304072
P21453,-0.352605 -0.110775 0.275990 -0.257453 -0.387476 0.197661 -0.361272 0.263768 0.340991 -0.346316 0.283347 -0.158172 0.369165 0.287844 0.287388 0.254690 -0.224343 0.285708 0.084211 -0.267442 0.273550 -0.273861 -0.257218 -0.268635 -0.404428 0.262915 -0.067123 0.103851 0.384735 -0.383984 0.279174 0.331872 0.268018 0.310149 0.052610 0.264476 -0.265460 -0.282789 0.286006 -0.285201 -0.278433 0.274951 0.396334 -0.238218 -0.307537 0.284645 0.239116 -0.264550 -0.324332 0.272393 -0.076741 -0.258916 -0.137579 0.426616 0.378361 0.473808 0.251202 0.267588 -0.357354 -0.284994 -0.200740 0.262278 -0.123363 -0.363051
P21462,-0.624060 -0.456707 0.212417 -0.203425 -0.535778 0.668789 -0.603793 0.209761 0.653732 -0.559691 0.203482 -0.479867 0.587822 0.251132 0.244217 0.195456 -0.658410 0.234332 -0.148144 -0.171636 0.215084 -0.174159 -0.586412 -0.236331 -0.627650 0.227164 -0.441590 -0.155111 0.641920 -0.672073 0.227861 0.578343 0.206709 0.257514 -0.152701 0.630227 -0.212141 -0.233077 0.230733 -0.224526 -0.210257 0.235075 0.559296 -0.615780 -0.709065 0.248256 0.193013 -0.213764 -0.543072 0.222461 -0.384350 -0.172593 -0.457941 0.636358 0.588261 0.657481 0.215591 0.210679 -0.665680 -0.207207 -0.493806 0.196268 -0.504524 -0.541219
P21554,-0.402159 -0.076765 0.276544 -0.266123 -0.433227 0.114646 -0.356997 0.274793 0.342414 -0.322378 0.283880 -0.190341 0.322751 0.294782 0.292940 0.262332 -0.193686 0.297941 0.136086 -0.268872 0.289964 -0.263650 -0.324619 -0.266237 -0.428141 0.280941 0.060205 0.164665 0.420072 -0.389812 0.288287 0.218071 0.264720 0.318849 0.114464 0.230017 -0.274261 -0.299799 0.290597 -0.282786 -0.273262 0.284447 0.404012 -0.205018 -0.253019 0.283561 0.250040 -0.256225 -0.355483 0.275250 -0.008059 -0.221117 -0.113200 0.446923 0.372298 0.429426 0.268724 0.286190 -0.337165 -0.302214 -0.230511 0.263629 -0.122353 -0.390241
P21673,0.153768 0.331340 0.143720 -0.136177 0.162714 -0.240739 0.140140 0.121129 0.102718 0.254602 0.146701 0.216635 -0.185327 0.137608 0.165230 0.111100 0.359262 0.121754 0.318873 -0.123724 0.132342 -0.126125 0.192704 -0.111475 0.043810 0.112662 0.402884 0.276800 -0.135391 0.247060 0.142504 -0.119477 0.137557 0.131552 0.240311 -0.136818 -0.117300 -0.111815 0.103391 -0.068723 -0.101112 0.123472 0.023135 0.184499 0.336334 0.122094 0.083281 -0.120937 0.184640 0.100450 0.232973 -0.110342 0.242700 -0.087614 -0.137274 -0.119012 0.210109 0.112850 0.073175 -0.122325 0.228061 0.140469 0.101707 0.373063
P21728,-0.071755 0.112807 0.334488 -0.369338 -0.226154 -0.131206 -0.164235 0.344201 0.093220 -0.132151 0.347157 0.115694 0.036796 0.340022 0.362167 0.333680 0.058671 0.351028 0.238300 -0.391046 0.348325 -0.406990 -0.064489 -0.363937 -0.161165 0.328364 0.131706 0.234348 0.084782 -0.150199 0.355510 -0.036000 0.318620 0.368200 0.200167 -0.165398 -0.376948 -0.346684 0.343331 -0.378324 -0.376381 0.348931 0.210682 0.104654 0.068742 0.342563 0.318712 -0.370071 -0.054887 0.335152 0.163109 -0.425767 0.139851 0.211604 0.172772 0.127598 0.366815 0.355195 -0.161695 -0.408521 0.029177 0.364043 0.101488 -0.178034
P21731,0.387936 0.630072 0.388245 -0.470525 0.063378 -0.858921 0.300771 0.423816 -0.228050 0.313197 0.417239 0.413779 -0.553214 0.349698 0.430185 0.409716 0.512477 0.454825 0.637808 -0.485622 0.446155 -0.549814 0.440586 -0.403430 0.133037 0.372871 0.675117 0.671205 -0.322872 0.228256 0.406367 -0.518344 0.365301 0.383377 0.589009 -0.757366 -0.472672 -0.404003 0.376406 -0.408696 -0.480707 0.375891 -0.071106 0.585089 0.794117 0.377850 0.379301 -0.444114 0.341268 0.348862 0.651792 -0.535319 0.672687 -0.270600 -0.354867 -0.394142 0.454823 0.392848 0.198504 -0.501064 0.423214 0.440727 0.412575 0.442882
P21802,0.491591 0.964891 0.169879 -0.190344 0.411994 -0.753239 0.417535 0.174215 -0.530870 0.433196 0.257095 0.688639 -0.668560 0.217861 0.259009 0.126193 0.847909 0.295246 0.527328 -0.239224 0.239320 -0.419904 0.551326 -0.173448 0.390960 0.138628 0.647265 0.547533 -0.623282 0.523105 0.227791 -0.576147 0.148274 0.172230 0.557458 -1.237125 -0.197752 -0.186282 0.196271 -0.222590 -0.227717 0.187253 -0.295178 0.643858 1.118577 0.162001 0.115396 -0.195822 0.659859 0.125948 0.635188 -0.299809 0.575453 -0.446300 -0.621681 -0.327115 0.217081 0.175443 0.464369 -0.206674 0.735646 0.173442 0.617618 0.615783
P21860,-0.689710 -0.816095 -1.650973 1.706161 0.380545 0.970911 0.247374 -1.554768 -0.338541 -0.067763 -1.566437 -0.741642 0.286819 -1.466160 -1.207483 -1.672133 -0.581280 -1.047454 -1.851259 1.551570 -1.353617 1.318383 -0.961419 1.578914 -0.044963 -1.438657 -1.455234 -1.432106 0.158543 -0.134501 -1.347697 0.941117 -1.715215 -1.467040 -1.231269 -0.932330 1.583587 1.445306 -1.299673 1.489567 1.522148 -1.480649 -0.683670 -1.581143 0.752819 -1.551083 -1.876651 1.631688 -0.784061 -1.732720 -1.003074 1.737676 -2.260048 -0.660858 -1.064866 -0.265869 -1.453238 -1.698626 -0.132717 1.699335 -1.047725 -1.570137 -2.281261 0.624173
P21917,-0.062611 0.408154 0.286203 -0.289895 -0.136664 -0.365563 -0.080307 0.281993 0.012852 -0.007398 0.325504 0.299136 -0.077458 0.308216 0.334403 0.291000 0.254477 0.314614 0.320863 -0.360626 0.298309 -0.369379 0.064218 -0.272898 -0.098409 0.300685 0.364514 0.310311 -0.038122 -0.026760 0.335768 -0.085127 0.280439 0.326590 0.290938 -0.417260 -0.324055 -0.304602 0.260849 -0.330725 -0.316189 0.303080 0.137418 0.307237 0.189828 0.292971 0.223923 -0.288906 0.121395 0.296424 0.321991 -0.336140 0.230969 0.130317 0.071000 0.126558 0.309303 0.285755 -0.081389 -0.353112 0.237940 0.289302 0.339166 -0.020264
P22001,-0.202737 0.129204 0.254062 -0.223831 -0.297119 0.073716 -0.278047 0.249579 0.368836 -0.291955 0.297401 0.058525 0.277091 0.281066 0.312327 0.226001 -0.132409 0.274973 0.166441 -0.243635 0.271459 -0.264401 -0.150262 -0.239731 -0.341784 0.260924 0.063687 0.162679 0.313262 -0.226021 0.293052 0.373552 0.255207 0.300365 0.165005 0.051730 -0.263206 -0.263250 0.263464 -0.276218 -0.227224 0.263955 0.339753 -0.100877 -0.156000 0.259924 0.216761 -0.235151 -0.173204 0.264465 0.021311 -0.211050 0.034445 0.406032 0.311642 0.390261 0.249127 0.275432 -0.276289 -0.265486 0.007441 0.248314 0.080122 -0.306413
P22303,-0.347748 -0.117081 0.312644 -0.350741 -0.387004 0.223639 -0.374801 0.322418 0.363267 -0.277714 0.311507 -0.265915 0.291722 0.332202 0.326860 0.330969 -0.269020 0.339808 0.121722 -0.329297 0.330363 -0.328805 -0.286613 -0.354465 -0.397477 0.330155 -0.074247 0.107632 0.327256 -0.398750 0.326526 0.240291 0.323320 0.346717 0.102045 0.217853 -0.356368 -0.333766 0.352294 -0.366329 -0.354143 0.350691 0.379651 -0.261345 -0.267557 0.332027 0.313167 -0.349479 -0.239524 0.309139 -0.046389 -0.361569 -0.160981 0.358293 0.388285 0.355540 0.321656 0.342704 -0.394126 -0.349344 -0.146475 0.317040 -0.214214 -0.326483
P22455,0.843903 1.438367 0.349213 -0.474120 0.608498 -1.096591 0.660046 0.392052 -0.993507 0.976004 0.403519 0.904287 -1.227979 0.321890 0.421430 0.338691 1.366963 0.505266 0.795860 -0.492157 0.435707 -0.681840 1.061578 -0.329831 0.773939 0.327652 1.197793 0.920193 -1.234504 1.023348 0.389311 -1.297778 0.248892 0.291018 1.007777 -1.840378 -0.423498 -0.395299 0.371791 -0.377553 -0.452271 0.349026 -0.583199 1.105407 1.899229 0.276782 0.283965 -0.391819 0.896135 0.288733 1.198287 -0.680823 0.989877 -0.969359 -1.048602 -0.769050 0.465221 0.297562 0.572039 -0.480892 1.053359 0.395399 0.725653 1.234144
P22460,-0.144592 0.117218 0.080650 0.030660 -0.202720 0.144340 -0.168113 0.074065 0.552060 -0.279265 0.178502 0.166860 0.533052 0.127865 0.194504 0.020352 -0.160162 0.137291 0.008847 -0.024734 0.130484 -0.118064 -0.172493 -0.001071 -0.234830 0.063922 -0.023153 0.089733 0.494124 -0.288063 0.160913 0.568662 0.092435 0.146387 0.095529 -0.046162 -0.032919 -0.067126 0.081457 -0.042694 -0.016063 0.072807 0.294683 -0.097994 -0.098826 0.059178 -0.018584 -0.033343 -0.129013 0.073352 -0.034003 0.048668 0.008861 0.450787 0.324209 0.405392 0.098661 0.067484 -0.183925 -0.039043 -0.046750 0.086130 0.134501 -0.324350
P22607,0.342925 0.596098 0.200589 -0.297305 0.360099 -0.566255 0.351414 0.239195 -0.538748 0.537687 0.258082 0.449104 -0.640022 0.233065 0.267370 0.214928 0.674324 0.311266 0.383904 -0.335117 0.276624 -0.444508 0.371681 -0.263430 0.283096 0.217436 0.442601 0.470320 -0.659298 0.428952 0.253917 -0.605888 0.213104 0.212055 0.438310 -1.152985 -0.277168 -0.250218 0.248338 -0.287616 -0.318131 0.232137 -0.283843 0.570524 0.826771 0.215859 0.189261 -0.284341 0.576381 0.159070 0.589978 -0.466542 0.360363 -0.454267 -0.483051 -0.362391 0.270773 0.238010 0.322965 -0.296539 0.622214 0.222756 0.471178 0.478287
P22694,0.289442 0.461570 0.063799 -0.079156 0.243651 -0.338288 0.255696 0.013345 -0.037550 0.153817 0.063615 0.375068 -0.267314 0.082984 0.067646 0.007988 0.484461 0.113263 0.318509 -0.060062 0.085393 -0.185761 0.228532 -0.027133 0.238530 0.063797 0.279123 0.388504 -0.130871 0.256980 0.069306 -0.259352 0.043730 0.062154 0.276768 -0.669417 -0.043635 -0.035504 0.098980 -0.073940 -0.099938 0.019898 -0.062708 0.293055 0.092974 0.053446 0.044620 -0.128801 0.307735 0.021277 0.073700 -0.085966 0.397192 -0.201205 -0.252643 -0.269625 0.052208 0.080316 0.261843 -0.057465 0.330697 0.054979 0.358111 0.323463
P22830,-0.383648 -0.145652 0.278279 -0.265559 -0.418015 0.321295 -0.412454 0.277294 0.498818 -0.406845 0.268340 -0.357635 0.409320 0.283805 0.280838 0.282999 -0.368674 0.280260 0.042853 -0.228272 0.268031 -0.230506 -0.438641 -0.284023 -0.461061 0.284769 -0.119667 0.041912 0.489996 -0.428193 0.279785 0.414742 0.274754 0.295644 0.078810 0.506510 -0.266190 -0.286535 0.299795 -0.275468 -0.266355 0.288965 0.458296 -0.392549 -0.447236 0.291988 0.286052 -0.278667 -0.373160 0.283427 -0.154867 -0.249440 -0.153870 0.462316 0.486255 0.483138 0.264066 0.284359 -0.461414 -0.260688 -0.240603 0.285881 -0.238028 -0.371646
P23141,0.138444 0.343917 0.431183 -0.559347 -0.161306 -0.485075 -0.094175 0.443162 -0.106762 0.050779 0.415887 0.108690 -0.337011 0.392162 0.428288 0.452805 0.186717 0.454590 0.385353 -0.513993 0.432250 -0.551639 0.133422 -0.494229 -0.061336 0.415811 0.222760 0.391380 -0.198339 -0.003451 0.425893 -0.350015 0.410016 0.426547 0.396061 -0.444807 -0.534067 -0.458941 0.439431 -0.501362 -0.526558 0.447854 0.095859 0.192226 0.257884 0.434773 0.425763 -0.507097 0.073273 0.418550 0.321368 -0.624190 0.310861 -0.061800 -0.083743 -0.091128 0.460832 0.445433 -0.146544 -0.565584 0.203552 0.473310 0.116575 0.095964
P23219,-0.136031 0.139891 0.351395 -0.406893 -0.270014 -0.125098 -0.231840 0.360825 0.177770 -0.157812 0.342357 -0.088586 0.018485 0.338010 0.355995 0.359191 -0.050783 0.370782 0.276741 -0.376574 0.347341 -0.390645 -0.058972 -0.386115 -0.265682 0.350752 0.097314 0.266405 0.159051 -0.193603 0.358541 -0.043868 0.334608 0.372744 0.250841 0.009606 -0.391173 -0.372947 0.363768 -0.381221 -0.406309 0.365617 0.284960 -0.036223 -0.006679 0.363615 0.341688 -0.389728 -0.135363 0.345663 0.120922 -0.435527 0.116328 0.182206 0.164718 0.167690 0.360207 0.359057 -0.238866 -0.404293 -0.034349 0.366619 -0.005718 -0.103913
P23458,-1.027732 -1.236288 -1.246209 1.479451 -0.216775 1.009601 -0.652053 -1.264274 0.873802 -1.432254 -1.016386 -1.281796 1.382667 -1.102632 -0.811348 -1.376007 -1.009629 -0.980176 -1.388756 1.354627 -1.066089 0.740346 -1.805766 1.361880 -0.489361 -1.123811 -1.333385 -1.518287 1.374519 -1.067116 -0.954680 2.634116 -1.334651 -1.127790 -1.325899 0.276382 1.303830 1.146565 -1.048081 1.316217 1.413721 -1.234174 0.220346 -1.500621 -0.286365 -1.218681 -1.644608 1.433811 -1.197582 -1.326722 -1.444278 1.769257 -2.043102 0.551936 0.099096 0.875380 -1.126290 -1.371168 -0.477204 1.411782 -1.457353 -1.127265 -2.231884 -0.651237
P23786,-0.191147 0.023128 0.344693 -0.366528 -0.292093 0.134649 -0.306915 0.324640 0.207549 -0.155828 0.294091 -0.201380 0.106996 0.319008 0.323947 0.355245 -0.128642 0.326349 0.235930 -0.335147 0.317623 -0.321539 -0.114071 -0.374055 -0.333038 0.348827 0.076320 0.134269 0.126535 -0.172298 0.332285 0.098383 0.314618 0.327073 0.206275 0.171521 -0.364439 -0.335381 0.333468 -0.346312 -0.376558 0.352776 0.284739 -0.158499 -0.206334 0.333854 0.338795 -0.382519 -0.152157 0.361427 0.061989 -0.390984 0.165639 0.232401 0.230252 0.142585 0.361600 0.337295 -0.329968 -0.359921 0.090488 0.339048 -0.084287 -0.120034
P23921,-0.178314 -0.208373 0.134824 -0.120283 -0.300722 0.305513 -0.307294 0.131061 0.268511 -0.332355 0.083483 -0.300208 0.293347 0.101541 0.088846 0.150510 -0.353502 0.106005 -0.049537 -0.067950 0.094726 -0.033783 -0.263853 -0.137405 -0.288027 0.129269 -0.142516 -0.019009 0.276009 -0.239904 0.077707 0.196856 0.124650 0.117249 0.026034 0.488906 -0.124091 -0.114007 0.164523 -0.116550 -0.103516 0.129232 0.236786 -0.319726 -0.391957 0.113407 0.177268 -0.099209 -0.324267 0.149383 -0.195951 -0.101438 -0.187883 0.276434 0.257218 0.242432 0.092824 0.137168 -0.294319 -0.120818 -0.235145 0.156678 -0.250025 -0.146037
P24385,0.994446 0.803500 -0.284571 0.434183 0.904157 -0.669480 0.894984 -0.323451 -1.134631 0.983460 -0.222994 0.635547 -0.133800 -0.251404 -0.389090 -0.420468 0.973619 -0.331869 -0.255340 0.265470 -0.297431 0.160826 1.361485 0.439180 1.425412 -0.554048 0.011998 0.016602 -0.953055 0.941359 -0.304325 -0.836737 -0.306909 -0.385628 -0.396834 -1.051417 0.407175 0.365626 -0.298870 0.329371 0.297567 -0.347176 -0.938641 0.898608 0.870507 -0.408110 -0.349971 0.388641 1.042082 -0.443684 1.046954 0.244539 0.580247 -0.515150 -0.610199 -0.518523 -0.337700 -0.294227 1.094077 0.295334 0.902728 -0.258805 1.047623 0.033805
P24530,-0.339778 -0.123239 0.271347 -0.294438 -0.345705 0.169941 -0.357112 0.276635 0.366122 -0.266501 0.270936 -0.171143 0.275633 0.294143 0.289599 0.278349 -0.253873 0.295125 0.095538 -0.276063 0.278098 -0.278132 -0.258143 -0.304170 -0.396808 0.271074 -0.107864 0.118283 0.349867 -0.373758 0.294652 0.214957 0.279375 0.322958 0.104172 0.229758 -0.288582 -0.299687 0.295357 -0.311073 -0.298882 0.296090 0.392256 -0.246306 -0.302601 0.302907 0.273664 -0.300193 -0.237406 0.282119 -0.067839 -0.293044 -0.144039 0.429723 0.369569 0.361771 0.268396 0.300807 -0.373844 -0.294597 -0.186595 0.284266 -0.161634 -0.323766
P24593,-0.113314 0.226873 0.305990 -0.333347 -0.161847 -0.036944 -0.106586 0.313417 0.145762 0.159909 0.298619 0.223071 -0.036734 0.305691 0.309699 0.343645 0.094088 0.307337 0.346379 -0.348583 0.303554 -0.271677 0.200014 -0.332292 -0.108743 0.302827 0.200406 0.309841 -0.018323 -0.039858 0.321824 -0.099741 0.302182 0.332819 0.367558 -0.179897 -0.307643 -0.312682 0.278783 -0.344198 -0.312901 0.329360 0.214114 0.151623 0.255037 0.337320 0.291789 -0.304566 0.133979 0.307547 0.370324 -0.336343 -0.012680 0.195879 0.188705 0.178015 0.346221 0.319836 -0.168326 -0.296307 0.289322 0.281666 0.143760 -0.084015
P24941,-4.189457 -8.967864 -7.747214 8.013853 0.886923 5.481701 2.384129 -8.295831 -1.100625 -0.074949 -8.888055 -4.851471 3.862642 -7.777396 -8.870280 -8.303687 -6.529858 -8.431664 -8.902023 8.641982 -7.996031 9.396826 -2.294438 8.287757 3.126371 -8.281166 -8.977543 -9.619799 -2.578626 -1.618274 -8.123343 1.845084 -8.872026 -7.883102 -11.467228 2.186560 8.137231 8.138246 -8.712369 7.464417 8.029840 -7.896881 -3.154415 -5.876458 -4.949785 -8.009912 -8.060991 8.151409 -4.757783 -8.107810 -7.686255 8.483585 -8.002699 -0.072741 1.025190 0.190226 -8.064210 -7.772021 -1.905138 8.108907 -8.325173 -8.782445 -7.921267 -2.950684
P25024,-0.258468 0.018210 0.327303 -0.359685 -0.334865 0.059019 -0.292414 0.313854 0.300606 -0.240927 0.320731 -0.102187 0.158267 0.332968 0.342875 0.331710 -0.137488 0.343529 0.159466 -0.350718 0.328721 -0.348876 -0.222239 -0.357773 -0.358777 0.332547 0.032669 0.172202 0.227274 -0.276930 0.343101 0.129574 0.309760 0.357059 0.157979 0.094968 -0.361630 -0.344378 0.334272 -0.351460 -0.364102 0.339702 0.324794 -0.135295 -0.195800 0.345066 0.312869 -0.352409 -0.201851 0.323726 0.016415 -0.373591 -0.007950 0.293613 0.254522 0.323477 0.340200 0.337901 -0.352260 -0.378262 -0.117569 0.332775 -0.071917 -0.184655
P25100,-0.118688 0.121093 0.329029 -0.358770 -0.236051 -0.089042 -0.246173 0.318465 0.145803 -0.171270 0.335387 0.019954 0.070174 0.319468 0.339483 0.310572 -0.025805 0.333295 0.213724 -0.359406 0.325478 -0.391718 -0.029172 -0.336819 -0.237405 0.315243 0.055715 0.207831 0.118007 -0.201853 0.334916 0.024084 0.318261 0.348037 0.159734 -0.082378 -0.362039 -0.335006 0.334244 -0.363263 -0.371290 0.327601 0.234172 -0.008671 -0.050179 0.327929 0.292819 -0.346719 -0.094097 0.322826 0.125805 -0.404212 0.065632 0.246686 0.157463 0.197250 0.325006 0.333311 -0.196116 -0.389494 -0.009432 0.330796 0.064223 -0.172849
P25101,-0.262338 -0.054372 0.288584 -0.314861 -0.365249 0.051941 -0.259767 0.299855 0.334114 -0.259136 0.295650 -0.116714 0.288172 0.302939 0.304991 0.282609 -0.221323 0.311499 0.097424 -0.288005 0.296983 -0.296330 -0.265079 -0.312517 -0.384588 0.283718 -0.055318 0.154010 0.325030 -0.293080 0.294103 0.219703 0.281534 0.316884 0.103177 0.183247 -0.289901 -0.291873 0.315952 -0.300900 -0.304073 0.311110 0.375736 -0.179311 -0.209119 0.303220 0.278682 -0.288432 -0.246971 0.276347 -0.017498 -0.301518 -0.107725 0.396018 0.293385 0.290732 0.299153 0.317175 -0.367458 -0.320005 -0.171663 0.294515 -0.106902 -0.293328
P25103,-0.326464 -0.069150 0.310714 -0.355180 -0.375530 0.035151 -0.351948 0.311976 0.277897 -0.300466 0.299342 -0.193727 0.168147 0.317251 0.323014 0.317724 -0.205402 0.328996 0.157201 -0.324670 0.311305 -0.334707 -0.259140 -0.348988 -0.393450 0.319060 -0.017617 0.150556 0.292917 -0.366969 0.324228 0.133587 0.301568 0.349324 0.133611 0.176580 -0.344733 -0.345439 0.326377 -0.351613 -0.348868 0.333548 0.367951 -0.196990 -0.238969 0.334484 0.303950 -0.340534 -0.270990 0.315995 -0.024510 -0.350509 -0.074616 0.336497 0.292989 0.328771 0.304094 0.330838 -0.359951 -0.357849 -0.173003 0.312341 -0.144256 -0.292637
P25105,-0.122335 0.221316 0.223745 -0.213375 -0.239114 0.123108 -0.240833 0.241359 0.339936 -0.216212 0.257503 0.097389 0.120729 0.266600 0.288708 0.220159 -0.075659 0.254711 0.187075 -0.246968 0.247113 -0.244643 -0.107212 -0.235734 -0.299250 0.242073 0.134890 0.165635 0.228184 -0.173932 0.294639 0.280249 0.241641 0.283487 0.234226 0.119887 -0.244853 -0.242878 0.224704 -0.268509 -0.215690 0.240874 0.271556 -0.059921 -0.034272 0.243976 0.215675 -0.230548 -0.021892 0.259041 0.085298 -0.178498 0.134488 0.301025 0.247856 0.315841 0.240676 0.234822 -0.099038 -0.271705 0.006221 0.241886 0.080524 -0.150439
P26358,0.392439 0.161586 -0.110621 0.065919 0.359356 -0.641016 0.512203 -0.088636 -0.481291 0.437301 -0.041389 0.290515 -0.048941 -0.175845 -0.158670 -0.081606 0.286099 -0.096361 -0.097419 0.021032 -0.130706 0.047798 0.210024 0.157220 0.538264 -0.219444 0.131539 0.037124 -0.454996 0.486913 -0.119772 -0.135512 -0.104495 -0.153447 0.000535 -0.223901 0.093901 0.100179 -0.024666 0.147823 0.162795 -0.114484 -0.385066 0.350491 0.488365 -0.104378 -0.081734 0.163505 0.341174 -0.145138 0.416090 -0.026623 0.138431 -0.208328 -0.180711 -0.163378 -0.072517 -0.053563 0.535187 0.090425 0.298594 0.004236 0.335037 0.162070
P27361,0.831238 0.891477 -0.502605 0.807804 1.105174 -0.456205 1.117070 -0.591879 -0.897451 0.725708 -0.654964 0.246501 -0.769593 -0.478159 -0.599077 -0.832145 1.954430 -0.509954 0.318779 0.737030 -0.501896 0.450249 0.046999 0.841825 1.268211 -0.473382 0.648617 0.364052 -0.664343 1.285396 -0.733224 -0.543673 -0.626754 -0.866145 -0.169238 -0.991217 0.820989 0.690888 -0.584917 0.803904 0.565909 -0.764581 -1.122924 0.407624 0.798629 -0.797131 -0.679458 0.683357 0.542030 -0.811422 0.294098 0.995552 0.549810 -1.666563 -1.434669 -1.355303 -0.542923 -0.666685 0.885733 0.831658 0.883882 -0.692947 0.277832 1.585448
P27448,0.786935 0.711117 0.173821 -0.198882 0.245988 -0.826743 0.499664 0.185615 -0.853371 0.302688 0.145638 0.285084 -0.535003 0.123995 0.089812 0.134458 0.753432 0.176472 0.233044 -0.253992 0.171500 -0.394710 0.385363 -0.119273 0.755200 0.125566 0.364763 0.500806 -0.654557 0.443286 0.122461 -0.766715 0.160108 0.028640 0.256090 -0.642664 -0.219300 -0.168296 0.186992 -0.179482 -0.194268 0.092304 -0.501677 0.726317 0.432030 0.099297 0.195171 -0.195102 0.564266 0.068201 0.588475 -0.267659 0.562256 -0.747912 -0.588081 -0.605620 0.090011 0.165358 0.532924 -0.211698 0.634934 0.173716 0.596439 0.426088
P27487,-0.357713 -0.134383 0.332769 -0.363417 -0.417070 0.218988 -0.416003 0.328721 0.417816 -0.338824 0.316056 -0.266141 0.315516 0.331536 0.338830 0.334362 -0.323913 0.341147 0.094247 -0.323937 0.333330 -0.335380 -0.318724 -0.367365 -0.419379 0.345345 -0.116792 0.117653 0.373893 -0.384129 0.336047 0.260315 0.328656 0.358147 0.100135 0.293907 -0.357416 -0.354918 0.354872 -0.347422 -0.353856 0.349378 0.433042 -0.281177 -0.303565 0.350169 0.325852 -0.355317 -0.315099 0.333192 -0.083021 -0.369197 -0.112293 0.413309 0.402888 0.385180 0.336102 0.352694 -0.453887 -0.361553 -0.203341 0.328804 -0.225507 -0.324317
P27707,-0.114947 0.164963 0.368223 -0.414416 -0.272787 -0.200092 -0.147359 0.360123 0.069601 -0.107624 0.336978 -0.096388 -0.062344 0.322193 0.344151 0.402094 0.024717 0.364953 0.244264 -0.418164 0.341817 -0.414999 -0.134060 -0.377302 -0.199925 0.350161 0.180218 0.252875 0.000196 -0.097492 0.336971 -0.067005 0.335690 0.334760 0.319025 -0.116344 -0.421378 -0.360483 0.357185 -0.380382 -0.405499 0.342729 0.189177 0.022026 -0.055742 0.362628 0.356161 -0.400776 -0.032849 0.358213 0.114947 -0.447283 0.222932 0.074416 0.133757 0.087647 0.380433 0.355826 -0.225605 -0.433257 0.173352 0.402839 0.056540 -0.063370
P27815,-0.482284 -0.253417 0.280131 -0.297251 -0.468711 0.334194 -0.510522 0.277430 0.489421 -0.447330 0.273203 -0.340689 0.401383 0.302044 0.295522 0.280286 -0.422854 0.295948 0.035513 -0.255302 0.283999 -0.267199 -0.425806 -0.315478 -0.547374 0.292160 -0.214867 0.028717 0.505034 -0.517725 0.296099 0.398559 0.282337 0.328950 0.024676 0.448553 -0.290661 -0.310068 0.311922 -0.313967 -0.297276 0.305131 0.490751 -0.418136 -0.495318 0.313254 0.277987 -0.305392 -0.413873 0.287734 -0.229364 -0.275078 -0.246796 0.511727 0.468409 0.525745 0.253930 0.300418 -0.507058 -0.291115 -0.327167 0.278358 -0.304728 -0.441133
P27986,3.229191 2.819771 -2.316118 2.887026 3.474226 -3.443676 3.368413 -2.522094 -2.694032 2.606959 -1.815253 3.659198 -2.168727 -1.980763 -1.611628 -2.644099 3.727536 -1.601990 0.221358 2.259517 -1.983037 0.647628 2.791398 2.678459 2.740064 -2.384511 0.769970 0.403215 -1.913470 2.617065 -1.965645 -0.903337 -2.410457 -2.450522 1.064114 -6.059408 2.502763 2.419540 -2.111754 2.608319 2.295299 -2.718565 -3.068119 1.690790 4.140497 -2.652591 -3.081948 2.344154 3.117141 -2.817181 1.001171 2.963214 0.996185 -3.555317 -4.841619 -3.539569 -2.344268 -2.592857 4.338285 2.483197 3.098783 -2.168460 1.222269 3.897385
P28062,-0.003724 -0.012124 0.227925 -0.274492 -0.038329 0.011659 -0.282445 0.220692 0.060553 -0.047362 0.152926 -0.174453 -0.126231 0.198073 0.149198 0.229333 0.135846 0.118179 0.355138 -0.120676 0.166200 -0.094147 -0.015835 -0.263808 -0.178994 0.211381 0.159572 0.167224 -0.019101 0.095002 0.143045 -0.142527 0.210710 0.155455 0.084580 0.281532 -0.219626 -0.186778 0.172219 -0.188661 -0.202107 0.184933 0.052338 0.079635 0.154077 0.176354 0.287765 -0.199290 0.097116 0.239016 0.182582 -0.161841 0.253438 0.022337 -0.026534 -0.001407 0.211288 0.184468 -0.191160 -0.205346 0.060835 0.217449 0.081868 0.232885
P28065,0.418980 0.130565 0.247661 -0.398981 0.307251 -0.522007 0.057841 0.246643 -0.393712 0.300635 0.156441 0.004049 -0.543892 0.181282 0.143213 0.253608 0.502786 0.111372 0.502383 -0.174525 0.195304 -0.179583 0.290446 -0.317334 0.229593 0.215338 0.183060 0.315098 -0.546488 0.506354 0.118788 -0.596939 0.213473 0.104486 0.107660 -0.277144 -0.258375 -0.179618 0.171735 -0.223224 -0.257443 0.156955 -0.271524 0.358735 0.630242 0.179650 0.350151 -0.261937 0.552437 0.249563 0.369596 -0.312103 0.639047 -0.466393 -0.367517 -0.449771 0.276837 0.160212 0.012784 -0.292824 0.282628 0.268757 0.315759 0.618441
P28074,0.216441 -0.439406 -0.131407 0.065360 0.379521 0.191513 -0.255522 -0.170858 -0.315104 -0.027564 -0.267643 -0.479379 -0.425725 -0.229501 -0.296136 -0.138247 0.142909 -0.375748 0.161739 0.332027 -0.259403 0.418816 -0.204591 0.086664 0.015929 -0.153483 -0.068433 -0.158912 -0.356267 0.329212 -0.350776 -0.151135 -0.176694 -0.330015 -0.381574 0.475161 0.194109 0.237236 -0.233447 0.205159 0.223062 -0.230956 -0.409969 -0.024025 0.263119 -0.263533 0.007583 0.203090 0.120954 -0.106603 -0.158159 0.296181 0.109594 -0.463458 -0.273800 -0.408296 -0.184374 -0.231726 0.001373 0.188899 -0.157238 -0.141640 -0.092878 0.525759
P28222,-0.369801 -0.067959 0.278178 -0.274994 -0.367248 0.197001 -0.344310 0.276605 0.374732 -0.329250 0.295651 -0.158610 0.306440 0.310945 0.306514 0.283466 -0.225015 0.287293 0.094502 -0.289807 0.286397 -0.287440 -0.312542 -0.292443 -0.400607 0.296237 -0.069168 0.062475 0.329003 -0.344678 0.310482 0.306937 0.280684 0.324062 0.085456 0.237844 -0.297153 -0.300755 0.271795 -0.311743 -0.302692 0.300037 0.400672 -0.208062 -0.336352 0.303514 0.254791 -0.300392 -0.242555 0.297752 -0.119953 -0.289678 -0.132458 0.417540 0.401305 0.419652 0.276320 0.289762 -0.369832 -0.303109 -0.149297 0.261067 -0.107420 -0.342205
P28223,-0.408332 -0.175108 0.263466 -0.193738 -0.463833 0.393637 -0.409942 0.273965 0.568678 -0.399557 0.288957 -0.291275 0.637865 0.298586 0.291217 0.216586 -0.304701 0.274158 0.030763 -0.218145 0.289291 -0.240348 -0.486394 -0.226376 -0.423400 0.236414 -0.062189 0.102185 0.618994 -0.521460 0.259629 0.432270 0.260017 0.284601 0.024661 0.386642 -0.221171 -0.244567 0.301039 -0.241613 -0.234137 0.255742 0.478942 -0.306230 -0.406308 0.253985 0.231092 -0.225598 -0.372478 0.247563 -0.128730 -0.181113 -0.247142 0.594851 0.501238 0.549960 0.257404 0.268762 -0.360161 -0.254107 -0.286600 0.247427 -0.225346 -0.508734
P28300,-0.300216 0.086218 0.276327 -0.271728 -0.241773 0.119189 -0.229747 0.270183 0.320847 -0.141225 0.269002 -0.042313 0.193989 0.292294 0.283603 0.281393 -0.097691 0.290593 0.208077 -0.285399 0.271039 -0.228867 0.002690 -0.281077 -0.245988 0.290559 0.046000 0.156748 0.249992 -0.202134 0.294796 0.169761 0.278089 0.311293 0.231931 0.089180 -0.254429 -0.287619 0.251301 -0.301298 -0.291410 0.297239 0.358040 -0.084006 -0.041189 0.299489 0.242726 -0.293015 -0.062011 0.283747 0.101564 -0.295625 -0.066207 0.359007 0.312144 0.373533 0.286957 0.272768 -0.301324 -0.252961 0.010237 0.243487 -0.017467 -0.180349
P28335,-0.481875 -0.207359 0.239885 -0.222181 -0.461467 0.321891 -0.451380 0.234770 0.455607 -0.448369 0.249955 -0.265023 0.442465 0.271297 0.266087 0.227601 -0.377779 0.255454 0.031323 -0.214796 0.247837 -0.224110 -0.399367 -0.246967 -0.504911 0.249381 -0.162867 0.028442 0.514711 -0.492621 0.262425 0.444298 0.240104 0.293133 0.014878 0.405698 -0.233087 -0.264331 0.254119 -0.260669 -0.237970 0.253060 0.481269 -0.350549 -0.445051 0.258066 0.214095 -0.237613 -0.407706 0.250155 -0.182592 -0.193778 -0.220383 0.520530 0.456546 0.546540 0.207868 0.250475 -0.441500 -0.240854 -0.304246 0.218559 -0.216903 -0.484670
P28472,-0.338084 -0.057721 0.197528 -0.180660 -0.311286 0.105963 -0.279550 0.201154 0.373293 -0.264314 0.229207 -0.138039 0.298988 0.238938 0.235836 0.185808 -0.210588 0.224603 0.114503 -0.178830 0.216904 -0.232262 -0.324880 -0.203417 -0.360167 0.209728 -0.068314 0.135249 0.421816 -0.368357 0.234107 0.281944 0.207371 0.249671 0.072219 0.160215 -0.184417 -0.232629 0.208676 -0.204180 -0.197267 0.214170 0.388352 -0.191735 -0.245949 0.213689 0.165000 -0.198591 -0.206688 0.191729 -0.106816 -0.147789 -0.144145 0.426517 0.290586 0.308924 0.185449 0.227914 -0.286895 -0.201583 -0.194089 0.198483 -0.102354 -0.312557
P28482,-1.417630 -1.840548 -1.908210 2.384489 0.126933 1.702585 0.070364 -2.138214 -0.185664 -1.524757 -2.293744 -2.380391 1.259568 -1.818758 -2.061196 -2.426275 -0.719752 -2.138192 -2.218390 2.456817 -2.048785 1.984772 -2.287294 2.417357 0.631393 -1.954917 -2.104496 -2.314911 0.409335 -0.580990 -2.248819 1.481062 -2.310286 -2.268441 -2.882586 0.645569 2.321905 2.128777 -2.112790 2.230270 2.202224 -2.259725 -0.789985 -2.246761 -1.787949 -2.336815 -2.389749 2.205037 -1.853245 -2.402158 -2.699906 2.763314 -2.308448 -0.792070 -0.324743 -0.543497 -2.063851 -2.125720 -0.247652 2.319872 -2.050781 -2.392648 -2.335785 -0.743752
P28566,-0.519061 -0.284888 0.267367 -0.272338 -0.444861 0.348932 -0.479775 0.261515 0.516009 -0.464048 0.271816 -0.323547 0.455198 0.300644 0.290576 0.261999 -0.423543 0.275608 0.007429 -0.253470 0.272386 -0.258467 -0.452280 -0.301127 -0.539863 0.281097 -0.248538 -0.006935 0.500757 -0.510623 0.288830 0.441178 0.279178 0.317472 -0.020185 0.482102 -0.269573 -0.285439 0.298237 -0.296582 -0.294919 0.291791 0.488527 -0.407208 -0.531006 0.293854 0.258914 -0.294719 -0.396072 0.278736 -0.246095 -0.259944 -0.279007 0.531777 0.490246 0.515102 0.250664 0.289939 -0.493879 -0.285695 -0.336351 0.259582 -0.285188 -0.457087
P28702,0.635858 0.393493 -0.174679 0.075316 0.373230 -1.101567 0.448817 -0.103114 -0.859508 0.589319 -0.064666 -0.092461 -0.445444 -0.216106 -0.203472 -0.124781 0.584904 -0.091979 -0.162718 0.024087 -0.105507 -0.030150 0.258761 0.121060 0.533370 -0.219317 0.259413 0.034878 -0.598117 0.660544 -0.167246 -0.473619 -0.033238 -0.258147 0.113989 -0.190823 0.135406 0.095954 0.057673 0.157725 0.059878 -0.130950 -0.747385 0.350461 0.845949 -0.206030 -0.045233 0.154346 0.573711 -0.184093 0.522583 -0.067046 0.386876 -0.733160 -0.604735 -0.399043 -0.239756 -0.083346 0.553307 0.085025 0.454604 -0.015154 0.401213 0.378228
P29274,-0.096686 0.258013 0.272590 -0.219187 -0.165277 -0.160988 -0.118371 0.259331 0.137181 -0.111528 0.301201 0.248490 0.101992 0.287521 0.298967 0.242143 0.159624 0.267989 0.269728 -0.297972 0.263962 -0.302467 0.105864 -0.227207 -0.143482 0.252923 0.232550 0.237875 0.109522 -0.051596 0.291706 0.023238 0.267519 0.306217 0.199335 -0.177939 -0.260164 -0.256718 0.251365 -0.280568 -0.280621 0.274423 0.196264 0.207438 0.090274 0.258800 0.204272 -0.263386 0.015266 0.274390 0.233241 -0.267332 0.198598 0.270622 0.157454 0.161239 0.278388 0.267388 -0.041150 -0.299650 0.134886 0.242275 0.276410 -0.163521
P29275,-0.276696 -0.021383 0.298334 -0.331091 -0.338633 0.033934 -0.318494 0.298531 0.271011 -0.268086 0.295929 -0.120241 0.160477 0.310430 0.316588 0.307178 -0.142764 0.319563 0.160135 -0.316544 0.301505 -0.319940 -0.184981 -0.332612 -0.351471 0.308946 -0.010769 0.145409 0.265062 -0.306234 0.318027 0.135529 0.294549 0.340338 0.142845 0.122836 -0.328854 -0.325109 0.315841 -0.341584 -0.341868 0.324075 0.345984 -0.137109 -0.200854 0.322610 0.284920 -0.334674 -0.221745 0.307934 -0.020068 -0.344742 -0.050900 0.318125 0.268820 0.305652 0.293586 0.318482 -0.312737 -0.340243 -0.129077 0.298471 -0.105180 -0.247206
P29317,-0.294434 0.197936 -0.049535 0.211596 -0.122609 0.784189 -0.219282 -0.029887 0.318158 -0.192964 0.026788 -0.223412 0.623947 0.044284 0.066550 -0.132574 0.038313 0.092766 -0.122546 0.169544 0.043518 -0.073505 -0.354657 0.167423 0.013250 -0.025637 -0.280830 -0.012489 0.352706 -0.143754 0.037503 0.781988 -0.085462 -0.100400 -0.065739 -0.111072 0.148227 0.035072 -0.013954 0.128773 0.151190 -0.045272 0.287440 -0.397457 0.059614 -0.088156 -0.206548 0.186244 -0.190019 -0.102428 0.063363 0.179101 -0.460298 0.253308 0.385122 0.509958 0.023441 -0.082995 -0.463491 0.220529 0.057104 -0.076591 -0.364796 0.034908
P29320,-0.328172 -0.013476 0.231390 -0.244686 -0.327817 0.111511 -0.362668 0.237634 0.302354 -0.319035 0.234709 -0.281658 0.265477 0.250550 0.271652 0.226016 -0.206150 0.284507 0.043705 -0.230471 0.247924 -0.304373 -0.353018 -0.254969 -0.327427 0.239517 -0.136485 0.087909 0.311202 -0.342046 0.270532 0.200903 0.218405 0.254977 0.099732 0.105727 -0.260434 -0.269626 0.253648 -0.253870 -0.262801 0.251037 0.360118 -0.286147 -0.193058 0.244437 0.193687 -0.239614 -0.250360 0.223509 -0.051484 -0.261580 -0.208468 0.319721 0.268319 0.366130 0.230924 0.239446 -0.423689 -0.257738 -0.156599 0.240688 -0.215549 -0.230220
P29323,0.067053 0.387821 0.162600 -0.076520 -0.012786 -0.141504 -0.083706 0.157113 0.087893 -0.163878 0.222898 0.138637 0.190283 0.172867 0.219035 0.104835 0.215355 0.216700 0.155124 -0.154861 0.157792 -0.268313 0.018448 -0.090272 0.026570 0.115342 0.097058 0.141565 0.134661 0.062336 0.205018 0.296154 0.132408 0.145742 0.149172 -0.312965 -0.117823 -0.141718 0.175029 -0.131709 -0.112565 0.129386 0.176530 0.034780 0.168556 0.126303 0.061213 -0.108579 0.026388 0.132571 0.264498 -0.142741 0.084915 0.164022 0.126080 0.263263 0.153091 0.123760 -0.062518 -0.134511 0.149509 0.208522 0.152730 -0.049273
P29372,0.248473 -0.047514 -0.014619 0.067328 0.034834 0.545900 0.087502 0.062172 -0.006042 0.115400 -0.068015 -0.030340 -0.167269 -0.083127 -0.139138 0.068209 -0.223345 -0.155043 -0.162891 0.054232 -0.026023 0.173188 0.132835 0.025294 0.093995 -0.038018 0.152923 -0.125833 -0.056133 0.101647 -0.091124 -0.225334 0.000348 -0.107167 0.179569 0.668139 -0.005432 0.055252 -0.071337 0.091173 0.061121 0.010086 -0.133717 -0.007596 0.088496 -0.024645 0.110947 0.084614 0.025962 0.090460 0.138249 0.008362 0.203576 -0.082823 0.029465 -0.069610 -0.011846 -0.060655 0.026638 0.086191 0.171494 -0.002476 0.147378 0.305661
P29375,-0.188678 -0.072212 0.167081 -0.167683 -0.304906 0.115637 -0.266430 0.167141 0.234926 -0.230478 0.189539 -0.240087 0.316594 0.157190 0.171240 0.180256 -0.225614 0.181284 -0.051849 -0.157959 0.166730 -0.192030 -0.268971 -0.170810 -0.245728 0.150850 -0.114867 0.065772 0.360707 -0.365093 0.172900 0.200457 0.193954 0.177372 0.094490 0.380734 -0.167071 -0.204026 0.223300 -0.165251 -0.164739 0.181582 0.230847 -0.279239 -0.345297 0.164710 0.178072 -0.168928 -0.227982 0.145419 -0.093442 -0.184682 -0.160898 0.259647 0.234266 0.306500 0.097081 0.179364 -0.217221 -0.165497 -0.131396 0.176993 -0.066540 -0.330686
P29376,-0.297281 -0.123296 0.285806 -0.317377 -0.403900 0.234231 -0.405974 0.280075 0.327783 -0.349673 0.275382 -0.250757 0.306978 0.294892 0.298014 0.281069 -0.280717 0.320325 0.062034 -0.288838 0.291562 -0.322983 -0.309282 -0.318681 -0.383261 0.286697 -0.191363 0.059968 0.352051 -0.379786 0.290879 0.241317 0.264801 0.309887 0.041767 0.212542 -0.315542 -0.306584 0.317419 -0.301696 -0.325757 0.300968 0.372895 -0.326889 -0.258088 0.299640 0.259488 -0.305820 -0.320415 0.281721 -0.115007 -0.342675 -0.167529 0.348326 0.297044 0.342217 0.299737 0.296198 -0.411841 -0.324419 -0.247202 0.299236 -0.279568 -0.265473
P29401,1.893949 -0.078180 -0.768258 0.893328 1.564281 -0.069040 1.332973 -0.749938 -1.314038 1.302606 -1.105679 0.708656 -1.311151 -0.985507 -1.203494 -0.684645 0.829349 -1.339715 0.152204 1.193346 -1.056100 1.435132 1.292669 0.786741 1.310860 -0.962858 0.829422 -0.286168 -1.231232 1.795384 -1.244016 -1.610199 -0.796800 -1.173672 -0.173180 0.468420 0.924263 1.083274 -1.125614 1.059538 1.133280 -0.988701 -1.523599 1.224381 0.496562 -0.982044 -0.368757 1.030104 1.055237 -0.508329 0.619996 1.019517 1.133743 -1.389503 -1.097747 -1.702893 -0.809521 -0.966841 1.426939 1.045770 0.933874 -0.876277 0.726375 2.236501
P29466,0.230005 0.413471 0.017495 -0.001493 -0.031517 -0.302964 0.262893 0.072826 -0.136601 0.269262 0.091817 0.203000 0.072349 0.022461 0.050363 0.055990 0.409442 0.191333 -0.033886 -0.076628 0.081028 -0.068302 0.346597 -0.010513 0.304594 -0.034394 0.113208 0.266374 0.046706 0.148740 0.060378 -0.256107 0.080332 0.027106 0.293817 -0.432179 0.001232 -0.079283 0.129391 0.002340 -0.025443 0.037840 -0.062825 0.049425 0.570113 0.077581 0.049640 0.041180 0.249525 -0.016433 0.432008 -0.023696 0.213184 -0.113145 -0.245322 0.126159 0.046103 0.038358 0.249886 -0.025115 0.287935 0.090912 0.204754 0.196444
P29474,0.434674 0.529030 0.185025 -0.198798 0.213794 -0.449834 0.235246 0.201092 -0.150115 0.245688 0.207745 0.377099 -0.401809 0.174865 0.220157 0.166391 0.509153 0.212490 0.366455 -0.221129 0.205351 -0.301338 0.222750 -0.141744 0.273677 0.128016 0.391542 0.362837 -0.218590 0.222312 0.242600 -0.355211 0.174584 0.188306 0.333978 -0.469664 -0.186005 -0.173841 0.156135 -0.151194 -0.193745 0.148993 -0.042855 0.228705 0.445399 0.150633 0.152279 -0.172277 0.383498 0.137080 0.406852 -0.191418 0.379567 -0.141925 -0.198019 -0.267817 0.268919 0.139389 0.226655 -0.260093 0.256017 0.244023 0.463697 0.155384
P29597,0.271732 0.270138 -0.068184 0.056210 0.370743 -0.572675 0.252698 -0.087027 -0.261080 0.129393 0.023268 0.223729 -0.561413 -0.040772 0.055323 -0.166404 0.720128 0.039399 0.374384 0.076060 0.020555 -0.222175 0.002470 0.074221 0.245117 -0.005834 0.310655 0.417878 -0.218629 0.142728 -0.016554 0.068277 -0.112728 -0.116857 0.184845 -0.767715 0.078458 0.057589 0.010926 0.082350 0.038182 -0.120233 -0.382597 0.194190 0.782797 -0.072791 -0.177170 0.069758 0.244022 -0.170095 0.221900 0.187258 0.258061 -0.560334 -0.767403 -0.373895 0.015929 -0.132858 0.306540 0.063354 0.265758 0.001547 -0.155826 0.761080
P30291,-0.029969 -0.088752 0.005980 -0.010015 -0.139549 -0.065382 -0.109901 0.016889 0.070295 -0.144549 0.004322 -0.105460 0.221337 0.001782 -0.018618 -0.001293 -0.037425 0.050432 -0.075804 0.000508 0.026302 -0.012474 0.045109 -0.010865 -0.063384 0.011908 -0.105687 0.085232 0.187483 -0.063314 0.014137 0.098729 0.016004 0.002783 -0.046051 0.211268 0.001561 -0.015593 0.120946 -0.034574 -0.040395 0.007165 0.064644 -0.229513 -0.036954 0.022215 0.070719 -0.002059 -0.106827 -0.020739 -0.116448 0.019501 -0.091377 0.047574 0.022996 0.084089 -0.060224 0.047973 0.007102 -0.046141 -0.093269 -0.001102 -0.186309 -0.068539
P30518,-0.014693 0.231236 0.283195 -0.341412 -0.116434 -0.219112 -0.132145 0.274970 0.068281 -0.107764 0.311008 0.063117 -0.061896 0.300988 0.307936 0.273880 0.159243 0.299322 0.236284 -0.331259 0.291223 -0.422535 -0.188946 -0.322301 -0.145278 0.288498 0.081202 0.198530 0.061907 -0.125631 0.295854 -0.098310 0.282426 0.294405 0.125914 -0.267092 -0.324824 -0.288776 0.305989 -0.300078 -0.372331 0.296419 0.187119 0.067577 0.033499 0.283231 0.248894 -0.338755 0.027317 0.252746 0.041893 -0.362520 0.069002 0.046883 0.021140 -0.063402 0.311013 0.306461 -0.073509 -0.363116 0.016216 0.313049 0.114332 -0.070785
P30530,-0.000178 0.282616 0.138281 -0.156585 -0.019063 -0.122752 -0.097080 0.152466 -0.044269 -0.021516 0.176244 0.246387 -0.091056 0.177508 0.214196 0.120991 0.229502 0.232641 0.215361 -0.148093 0.184655 -0.329541 -0.110108 -0.186864 -0.104839 0.146708 0.091566 0.183925 0.080257 -0.088768 0.201815 -0.023280 0.117523 0.169652 0.215916 -0.286692 -0.156555 -0.177817 0.154000 -0.168633 -0.168853 0.158408 0.112428 0.019770 0.232977 0.150879 0.120313 -0.144258 0.094880 0.114507 0.213017 -0.134886 0.007154 0.073812 -0.067604 0.055866 0.157451 0.151743 -0.049623 -0.157623 0.163526 0.171657 0.133762 0.068951
P30536,-0.296297 -0.086516 0.275673 -0.261846 -0.331475 0.294792 -0.355972 0.272117 0.427910 -0.261051 0.266298 -0.100619 0.292084 0.291267 0.278617 0.277892 -0.172007 0.259311 0.134069 -0.237339 0.259617 -0.199519 -0.122140 -0.275768 -0.381515 0.279424 -0.025880 0.084284 0.361376 -0.278862 0.278042 0.254896 0.284023 0.299321 0.155750 0.396982 -0.256396 -0.262752 0.257120 -0.279035 -0.263571 0.290221 0.373618 -0.179820 -0.242114 0.291404 0.276480 -0.269082 -0.205980 0.294809 -0.027738 -0.230990 -0.048054 0.408349 0.370040 0.387115 0.280532 0.260892 -0.345735 -0.248996 -0.070244 0.251626 -0.115293 -0.209922
P30542,-0.354919 -0.002160 0.289841 -0.262913 -0.378695 0.068307 -0.294239 0.279442 0.311378 -0.288731 0.282841 -0.065331 0.260331 0.303549 0.300563 0.268413 -0.123923 0.295634 0.164100 -0.284491 0.292978 -0.267919 -0.260531 -0.267411 -0.327557 0.290652 0.081283 0.179404 0.327108 -0.339913 0.303130 0.163803 0.266604 0.321641 0.126109 0.140295 -0.273550 -0.290129 0.277592 -0.292747 -0.295659 0.295658 0.360973 -0.097218 -0.195029 0.286400 0.241223 -0.269453 -0.260289 0.289544 0.042333 -0.255619 -0.064219 0.416748 0.337913 0.379911 0.283356 0.282501 -0.305767 -0.308660 -0.133753 0.251182 -0.022411 -0.319650
P30556,-0.017840 0.595981 0.054547 0.052414 0.006043 -0.333680 0.267785 0.089238 0.206666 -0.067696 0.178330 0.669801 -0.014374 0.163128 0.208421 0.085078 0.410751 0.104130 0.273203 -0.163645 0.114041 -0.050422 0.205699 0.009606 -0.010312 0.127566 0.693963 0.139595 0.165028 0.322225 0.223703 0.235483 0.101761 0.209304 0.264635 -0.328100 -0.041053 -0.048906 0.010991 -0.035135 -0.050566 0.098032 0.159498 0.686433 0.474376 0.089182 -0.016974 -0.031449 0.197040 0.147403 0.414470 0.028829 0.446097 0.268302 0.228364 0.113064 0.179027 0.085971 0.355997 -0.086863 0.284440 0.080740 0.724009 -0.007441
P30874,0.012597 0.191757 0.357181 -0.415788 -0.207310 -0.229626 -0.166427 0.355177 0.067154 -0.091811 0.349473 0.047553 -0.057232 0.339522 0.371370 0.357788 0.041101 0.383706 0.296822 -0.388920 0.352848 -0.450500 0.021461 -0.385942 -0.199362 0.330061 0.094910 0.282345 0.020392 -0.149137 0.362525 -0.049449 0.334316 0.361918 0.291908 -0.203927 -0.410144 -0.378988 0.353681 -0.401905 -0.396438 0.360339 0.205669 -0.036906 0.061092 0.365710 0.333384 -0.402661 -0.058898 0.349032 0.125264 -0.456404 0.172318 0.107922 0.069905 0.114642 0.362694 0.354140 -0.202177 -0.420940 0.079234 0.373695 0.034495 -0.039111
P31040,1.395790 0.689156 -0.322930 0.668415 1.668270 0.110554 0.996078 -0.448450 -0.603617 1.607316 -0.565688 0.931058 -0.406366 -0.445278 -0.685986 -0.338527 1.125595 -0.954711 0.550537 0.815878 -0.659400 1.114269 1.746948 0.521227 1.119204 -0.546888 0.537071 0.001585 -1.153427 2.153044 -0.842817 -1.305931 -0.312056 -0.741802 0.073618 0.117807 0.686271 0.787453 -0.754654 0.787523 0.773458 -0.581600 -1.233235 1.878125 0.893988 -0.662444 -0.193776 0.681196 1.698888 -0.227826 0.587444 0.756066 1.646807 -0.696735 -0.798636 -1.060882 -0.309743 -0.636733 1.048617 0.781420 1.231323 -0.535991 1.156300 1.758159
P31152,-0.198321 -0.019250 0.270901 -0.316721 -0.281266 0.074937 -0.279987 0.275807 0.300227 -0.217341 0.267661 -0.131822 0.171298 0.280492 0.280676 0.269885 -0.137264 0.303189 0.132147 -0.273234 0.286750 -0.291025 -0.139383 -0.301835 -0.304200 0.273943 -0.024635 0.182019 0.262557 -0.255658 0.284014 0.088486 0.277449 0.303623 0.155661 0.158065 -0.288550 -0.296714 0.321167 -0.311829 -0.301207 0.293727 0.295903 -0.198395 -0.211747 0.302642 0.283130 -0.312358 -0.151141 0.271614 -0.069316 -0.309894 0.029946 0.293002 0.266366 0.255401 0.259904 0.303575 -0.288636 -0.308694 -0.082555 0.284806 -0.073673 -0.221016
P31639,-0.453210 -0.236937 0.297730 -0.333512 -0.453108 0.279163 -0.490404 0.297777 0.446939 -0.420963 0.286159 -0.336318 0.357974 0.315138 0.309210 0.304630 -0.382836 0.317978 0.058293 -0.283703 0.297853 -0.301973 -0.418301 -0.341203 -0.491313 0.310893 -0.186963 0.044183 0.456773 -0.483863 0.315011 0.334624 0.294430 0.340030 0.026179 0.407332 -0.322384 -0.327228 0.334243 -0.330503 -0.330120 0.324195 0.470362 -0.399764 -0.449707 0.327031 0.299355 -0.328023 -0.369304 0.304721 -0.213818 -0.321570 -0.223330 0.465610 0.424992 0.459264 0.287674 0.325462 -0.496180 -0.322764 -0.301318 0.304054 -0.268514 -0.402925
P31749,0.272939 -3.445749 -4.763838 5.157254 1.714583 2.691181 2.296915 -5.455219 -3.166376 -0.463115 -5.207250 -2.997555 0.165301 -4.854036 -5.332175 -5.615762 -1.653784 -5.166084 -4.980292 5.232973 -5.110333 4.558055 -0.381648 5.354902 3.900599 -5.072030 -5.866899 -5.480724 -2.509821 -0.055337 -5.189277 -0.272359 -5.695830 -5.127314 -6.705131 -2.242292 5.183314 5.207858 -5.249506 5.134372 4.712559 -5.430131 -2.582161 -2.325664 -3.253926 -5.331625 -5.694744 4.878656 -1.381261 -5.491333 -4.817762 4.683219 -3.280463 -2.832384 -2.872873 -2.477704 -5.619536 -5.361830 0.858277 4.985861 -4.196640 -5.511913 -2.985471 -1.203711
P32239,0.104658 0.389412 0.293856 -0.358595 -0.060324 -0.477596 0.058500 0.308268 -0.144380 0.105867 0.325735 0.279168 -0.222273 0.314177 0.326321 0.304514 0.298442 0.341256 0.350671 -0.352953 0.306220 -0.426948 0.216060 -0.335465 0.003115 0.293643 0.270855 0.341094 -0.113241 0.028897 0.322004 -0.228789 0.294219 0.312366 0.316278 -0.448439 -0.339794 -0.314159 0.299188 -0.344806 -0.372731 0.314360 0.071467 0.277343 0.349625 0.308333 0.268578 -0.344039 0.136652 0.282693 0.308894 -0.427535 0.303970 -0.057875 -0.098368 -0.057587 0.320242 0.307861 0.016421 -0.368926 0.207556 0.331055 0.275154 0.107498
P32320,-0.129037 0.017089 0.311212 -0.351996 -0.284651 -0.017792 -0.195567 0.313468 0.200138 -0.201531 0.274646 -0.094280 0.135423 0.294541 0.294513 0.319574 -0.128939 0.320527 0.178114 -0.306511 0.306743 -0.305588 -0.032656 -0.323457 -0.253945 0.303461 0.106808 0.189364 0.176968 -0.196090 0.288572 0.026988 0.299746 0.310506 0.142330 0.093212 -0.346185 -0.305953 0.336030 -0.311632 -0.323058 0.314578 0.273749 -0.049276 -0.113210 0.307796 0.309976 -0.312367 -0.152557 0.304005 0.104449 -0.344666 0.080997 0.243877 0.205110 0.178128 0.312159 0.310937 -0.243356 -0.349869 -0.072695 0.318984 -0.046649 -0.094356
P32745,-0.108204 0.072026 0.369741 -0.455874 -0.280225 -0.133655 -0.254967 0.385720 0.160549 -0.173553 0.366386 -0.064922 0.017815 0.364695 0.382778 0.380185 -0.051780 0.397036 0.236276 -0.412047 0.378864 -0.442800 -0.116981 -0.428629 -0.259145 0.368729 0.046282 0.246595 0.105957 -0.222718 0.375474 -0.043791 0.365816 0.387379 0.223454 -0.054388 -0.434149 -0.393679 0.400662 -0.429230 -0.439148 0.397842 0.267180 -0.078335 -0.027417 0.388588 0.375813 -0.425230 -0.112599 0.370852 0.080911 -0.492058 0.044436 0.189077 0.147556 0.144132 0.389436 0.401134 -0.273922 -0.459144 -0.048509 0.400973 -0.041997 -0.114358
P33981,-0.569552 -0.572220 -0.089228 0.067637 -0.511925 0.460861 -0.514390 -0.096110 0.310414 -0.523078 -0.063841 -0.634383 0.571921 -0.046951 -0.045740 -0.103011 -0.518929 -0.030800 -0.361938 0.105444 -0.035314 -0.002641 -0.585322 0.079672 -0.392419 -0.029916 -0.600088 -0.285596 0.506248 -0.635207 -0.061844 0.660490 -0.078658 -0.057753 -0.334951 0.441040 0.070082 0.036280 0.011775 0.038925 0.064596 -0.089586 0.273460 -0.735698 -0.525175 -0.043925 -0.119878 0.077760 -0.614774 -0.124373 -0.708678 0.174371 -0.625009 0.212680 0.272031 0.478636 -0.142005 -0.086210 -0.408768 0.040155 -0.663875 -0.107457 -0.741493 -0.635092
P34896,-0.231566 -0.086626 0.106986 -0.065788 -0.191860 0.533364 -0.272738 0.088011 0.335028 -0.257331 0.027790 -0.388735 0.183782 0.052493 0.036455 0.132837 -0.267633 0.050949 0.072563 -0.017905 0.061323 0.011349 -0.355437 -0.090145 -0.302531 0.121138 0.072900 -0.000189 0.350354 -0.090270 0.025583 0.192378 0.064378 0.055654 0.038557 0.434803 -0.107783 -0.064413 0.110775 -0.053352 -0.060392 0.098228 0.221623 -0.242392 -0.492907 0.063683 0.139163 -0.093272 -0.321370 0.125635 -0.311270 0.007395 -0.037416 0.199795 0.284794 -0.009444 0.070315 0.090834 -0.214295 -0.084146 -0.152169 0.118448 -0.185659 -0.093492
P34897,-0.174246 -0.744245 -0.898233 1.088395 0.254858 1.437974 -0.055855 -1.014258 0.433314 -0.375409 -1.066889 -1.232485 0.806316 -1.146717 -1.001199 -0.825996 -0.588212 -1.056530 -0.879191 1.044564 -1.049247 1.249287 -1.137102 1.086632 -0.105294 -0.850857 -0.505283 -0.920947 0.506943 0.267775 -1.126614 1.055988 -1.042740 -1.133534 -1.038294 0.338935 1.008781 1.089007 -0.792880 1.106645 1.045891 -0.943280 -0.446544 -1.005453 -0.837454 -1.123105 -0.898542 0.978818 -0.965513 -0.991321 -2.060488 1.261279 -1.104781 -0.237964 0.052978 -1.101287 -0.967180 -1.015900 0.466106 0.989874 -0.624367 -0.854864 -1.019569 -0.110127
P34972,-0.515664 -0.262237 0.266670 -0.276589 -0.488040 0.330004 -0.494963 0.264324 0.487331 -0.460109 0.263611 -0.348045 0.419966 0.294220 0.284689 0.266136 -0.414686 0.286788 0.029478 -0.245853 0.273486 -0.246338 -0.453810 -0.296204 -0.552461 0.283621 -0.182874 0.035612 0.532210 -0.523909 0.285041 0.393157 0.269577 0.320971 0.022031 0.464748 -0.272202 -0.302146 0.296340 -0.293765 -0.278845 0.290891 0.502868 -0.416087 -0.502134 0.297286 0.262412 -0.282032 -0.440499 0.275751 -0.212767 -0.239915 -0.263766 0.526538 0.480715 0.529781 0.244518 0.290674 -0.496625 -0.278673 -0.346476 0.258104 -0.297863 -0.468451
P34998,-0.264493 0.055729 0.297601 -0.323116 -0.332899 -0.031711 -0.267145 0.300968 0.278469 -0.227031 0.302519 -0.091756 0.156213 0.314138 0.317790 0.304242 -0.130903 0.326931 0.185227 -0.318674 0.303261 -0.328935 -0.182458 -0.315410 -0.350035 0.311975 0.050025 0.209949 0.286287 -0.303152 0.320886 0.122236 0.305009 0.335624 0.172766 0.109792 -0.320975 -0.328403 0.308710 -0.325983 -0.323778 0.320615 0.339659 -0.112280 -0.149476 0.318689 0.275875 -0.317132 -0.185910 0.303463 0.034031 -0.309777 -0.018079 0.322893 0.279123 0.267702 0.301653 0.319164 -0.293000 -0.338301 -0.108916 0.305129 -0.036403 -0.230793
P35228,0.105157 -0.376427 -0.669487 0.818847 0.726022 0.321863 0.300677 -0.717262 0.229045 0.039246 -0.675574 0.124715 0.146658 -0.715981 -0.626283 -0.724451 0.206574 -0.850790 -0.400175 0.786231 -0.746803 0.857928 -0.268709 0.847578 0.341651 -0.685474 -0.038429 -0.517970 0.097128 0.309466 -0.652401 0.558062 -0.677117 -0.691129 -0.656668 0.578461 0.780252 0.780372 -0.727304 0.821896 0.948948 -0.709932 -0.323912 -0.030425 -0.025436 -0.729919 -0.709891 0.844909 0.040773 -0.715692 -0.444958 1.083010 -0.592041 -0.071465 -0.004921 -0.600455 -0.568459 -0.732373 0.520491 0.768529 -0.342076 -0.614392 -0.249997 -0.002668
P35346,0.181115 0.367125 0.422137 -0.549731 -0.084397 -0.613580 -0.011932 0.436305 -0.206140 0.109363 0.417079 0.210299 -0.399449 0.383607 0.427479 0.435635 0.265382 0.451027 0.444039 -0.512648 0.416375 -0.556763 0.254284 -0.488927 -0.030102 0.408822 0.327303 0.421302 -0.262549 0.058901 0.424349 -0.448510 0.395580 0.425404 0.429518 -0.557950 -0.524359 -0.455562 0.417565 -0.502963 -0.515118 0.440273 0.047015 0.257316 0.381146 0.426530 0.415052 -0.495714 0.143624 0.411933 0.382097 -0.625510 0.392559 -0.103349 -0.150944 -0.148535 0.453771 0.435727 -0.090074 -0.563854 0.226614 0.467459 0.217508 0.149611
P35372,-0.278590 -0.020242 0.262633 -0.229685 -0.367147 0.164754 -0.296033 0.264529 0.425339 -0.305534 0.275761 -0.100015 0.361804 0.283562 0.291629 0.239995 -0.224331 0.280230 0.135872 -0.230153 0.272440 -0.264162 -0.266193 -0.250814 -0.370040 0.257760 -0.012860 0.159021 0.403916 -0.363344 0.286398 0.329079 0.256813 0.296385 0.130857 0.196954 -0.254392 -0.271038 0.269145 -0.266853 -0.239760 0.266067 0.386912 -0.216013 -0.267240 0.269190 0.230995 -0.239033 -0.242118 0.262808 -0.024348 -0.213149 -0.091242 0.443434 0.352483 0.397407 0.258295 0.278279 -0.319150 -0.270056 -0.154040 0.261149 -0.101154 -0.317375
P35398,-0.158854 -0.007605 0.160029 -0.162135 -0.278955 0.105838 -0.238942 0.182394 0.159436 -0.220677 0.177972 -0.272017 0.229090 0.168440 0.158357 0.164986 -0.169131 0.195897 -0.057159 -0.185733 0.189626 -0.191611 -0.194933 -0.169414 -0.217466 0.183876 -0.004917 0.073464 0.244302 -0.236963 0.173773 0.147098 0.197266 0.159196 0.109628 0.332526 -0.164498 -0.196490 0.243328 -0.189229 -0.183086 0.187568 0.162532 -0.183303 -0.173842 0.173230 0.202423 -0.161471 -0.129665 0.158292 -0.020967 -0.177169 -0.095679 0.181947 0.202710 0.260787 0.115286 0.198166 -0.200000 -0.173141 -0.058292 0.190770 -0.049406 -0.243558
P35590,-0.128669 0.088967 0.261996 -0.319260 -0.197383 -0.117223 -0.223825 0.251681 0.132698 -0.131655 0.257799 -0.040930 -0.028932 0.265645 0.284620 0.247713 -0.004050 0.306273 0.220379 -0.285677 0.279647 -0.337107 -0.105104 -0.298026 -0.246025 0.267916 0.038668 0.222776 0.115918 -0.191606 0.271358 -0.020570 0.242407 0.279387 0.237568 -0.154116 -0.307242 -0.288162 0.289967 -0.304836 -0.324968 0.269215 0.200694 -0.136159 -0.045852 0.273646 0.233026 -0.312822 -0.118450 0.248434 0.033085 -0.334800 0.027607 0.099560 0.022046 0.103041 0.261992 0.267626 -0.274628 -0.314380 -0.022266 0.275440 -0.127789 -0.022155
P35610,0.937682 1.221637 -0.793198 1.467469 0.801454 0.808466 1.367955 -0.784117 0.238686 0.542224 -0.858687 1.763132 -0.598739 -0.771876 -0.773175 -0.641881 0.725281 -1.074101 0.099011 0.733011 -0.978878 1.672650 1.718171 1.237781 0.659699 -0.732798 1.988847 -0.650950 0.258993 1.276085 -0.809486 0.032512 -0.695115 -0.808079 0.573822 0.504706 1.069296 1.076657 -1.351080 1.192812 1.178436 -0.892570 -0.416395 1.538865 0.318116 -0.922934 -0.941727 1.068085 0.565258 -0.453946 0.550160 1.476711 0.818455 -0.042005 0.218113 -0.951131 -0.550378 -1.013050 2.100900 1.324059 1.608885 -1.112824 1.697680 0.620841
P35869,0.250528 0.438293 0.200714 -0.235206 0.094051 -0.670997 0.174195 0.222369 -0.302198 0.187891 0.242966 0.108664 -0.145896 0.209379 0.204269 0.210389 0.341106 0.273937 0.184186 -0.281897 0.216066 -0.353135 0.146639 -0.213983 0.137207 0.176028 0.170922 0.274239 -0.250405 0.258279 0.210335 -0.340110 0.214074 0.177549 0.315278 -0.488795 -0.248941 -0.230108 0.270933 -0.219679 -0.267896 0.208536 -0.167341 0.325679 0.312911 0.179242 0.203212 -0.247353 0.289570 0.162819 0.447204 -0.341348 0.272794 -0.144522 -0.196875 -0.157723 0.206907 0.245024 0.122151 -0.268634 0.303458 0.273436 0.323072 0.203760
P35916,-0.123118 0.136730 0.156398 -0.172354 -0.113404 -0.020017 -0.162274 0.178048 0.117793 -0.128044 0.191995 -0.002919 0.055309 0.199928 0.215010 0.159031 0.028577 0.229933 0.128615 -0.179475 0.194497 -0.242422 -0.077669 -0.183485 -0.155265 0.166180 0.049210 0.140744 0.140438 -0.114658 0.221206 0.187355 0.165118 0.220048 0.172229 -0.057985 -0.168783 -0.198045 0.188238 -0.193820 -0.175465 0.179002 0.232528 -0.045168 0.029211 0.187569 0.141798 -0.182432 -0.046292 0.160228 0.106172 -0.181079 -0.107058 0.228847 0.140718 0.228767 0.163914 0.176843 -0.145863 -0.169625 -0.010475 0.191033 -0.011530 -0.110043
P35968,0.072440 0.354696 0.020645 0.046013 0.116920 -0.088872 -0.005780 0.018930 0.039703 -0.105887 0.101532 0.042702 0.020434 0.059295 0.127291 -0.048229 0.251225 0.143836 0.120087 0.000290 0.093848 -0.175995 -0.019902 0.039701 0.044424 0.001551 0.138352 0.156037 0.104935 0.075920 0.080278 0.274886 -0.016528 0.017954 0.135427 -0.457543 0.037703 -0.026840 0.071645 -0.001957 0.008219 0.008634 0.103165 -0.019244 0.403932 0.015748 -0.066644 0.023078 0.140952 -0.022655 0.067496 -0.005817 0.003179 0.069368 -0.064914 0.224037 0.028037 -0.007766 -0.059233 0.053822 0.121466 0.023961 0.038529 0.146666
P36507,-0.143421 -0.051765 0.042472 0.014162 -0.176444 0.271735 -0.259942 0.018288 0.117096 -0.354216 0.001035 -0.229609 0.155915 0.039441 0.023332 -0.020545 0.013983 0.031246 0.065211 -0.017108 0.028087 -0.049517 -0.210286 0.007126 -0.220756 0.066267 -0.043367 0.102724 0.260392 -0.102283 -0.009464 0.328329 -0.000710 -0.012168 -0.064197 0.194674 -0.006646 -0.004559 0.089923 -0.035783 -0.057478 -0.012197 0.127428 -0.243664 -0.222828 -0.000601 0.017859 -0.029214 -0.304320 -0.009173 -0.259460 0.074418 -0.272033 -0.003232 0.025861 -0.002613 -0.012697 0.020472 -0.033141 -0.003759 -0.072357 -0.011336 -0.310206 -0.113177
P36544,-0.372601 -0.134395 0.209044 -0.197752 -0.352938 0.266913 -0.408679 0.203686 0.429633 -0.386022 0.226550 -0.217178 0.376398 0.246438 0.246275 0.192302 -0.319802 0.234334 0.047816 -0.175228 0.210675 -0.241875 -0.326450 -0.227767 -0.439852 0.213807 -0.210418 0.024996 0.467404 -0.417601 0.239878 0.373329 0.215597 0.257204 0.047041 0.287614 -0.204428 -0.231892 0.234307 -0.228752 -0.221032 0.225143 0.410298 -0.337594 -0.376072 0.223907 0.175318 -0.229571 -0.281307 0.212430 -0.187061 -0.189747 -0.187473 0.433109 0.345130 0.421951 0.174837 0.217525 -0.360033 -0.199337 -0.229926 0.202410 -0.192781 -0.350188
P36888,-0.203249 0.093961 0.149569 -0.153433 -0.138907 -0.008224 -0.178230 0.168628 0.262691 -0.160998 0.214017 0.029971 0.147019 0.218133 0.241515 0.160641 -0.019272 0.228712 0.146168 -0.165184 0.198737 -0.268583 -0.238337 -0.196829 -0.266944 0.186908 0.051916 0.158266 0.285591 -0.177598 0.234862 0.277922 0.181029 0.222199 0.194697 0.003128 -0.157288 -0.213555 0.186084 -0.184639 -0.163064 0.190333 0.275537 -0.093106 -0.012690 0.202128 0.136897 -0.171701 -0.011087 0.168383 0.065753 -0.128041 -0.082949 0.290456 0.176428 0.246732 0.176573 0.200647 -0.176640 -0.157579 0.012041 0.189141 -0.056111 -0.068563
P36896,0.100125 0.254594 0.141695 -0.161205 -0.066069 -0.435437 -0.000411 0.154934 -0.156201 0.084064 0.170665 -0.015648 0.006193 0.166646 0.182430 0.142515 0.238667 0.227619 0.107711 -0.207901 0.166082 -0.282052 0.037851 -0.158709 -0.003401 0.122714 0.009042 0.227272 -0.040982 0.082831 0.169194 -0.014317 0.147590 0.137732 0.130816 -0.327377 -0.154205 -0.154326 0.227811 -0.168646 -0.193178 0.131979 -0.034758 0.053004 0.274274 0.151922 0.133745 -0.145840 0.128421 0.107421 0.327153 -0.192645 0.086592 -0.067194 -0.181457 0.058424 0.150349 0.151836 0.008364 -0.162017 0.213765 0.205468 0.018448 0.163176
P36897,0.315378 0.444316 -0.169579 0.386133 0.034654 -0.166039 0.106626 -0.142551 -0.271437 0.122062 -0.151950 -0.048450 0.318839 -0.119871 -0.105761 -0.265694 0.563922 -0.037427 -0.118330 0.119567 -0.072440 0.039359 0.016430 0.335767 0.340403 -0.162703 0.117795 0.180102 0.102328 0.201763 -0.187382 0.291436 -0.140751 -0.334593 -0.132398 -0.339467 0.279110 0.257470 0.001474 0.254666 0.177097 -0.268993 -0.364535 -0.127013 0.704999 -0.213897 -0.237595 0.346570 0.065970 -0.306859 0.312874 0.429871 -0.284862 -0.528030 -0.593724 -0.158136 -0.168490 -0.245393 0.357316 0.345419 0.429264 -0.118415 -0.337701 0.579211
P37173,0.860239 0.611254 -0.218470 0.257644 0.515102 -1.013702 0.585461 -0.194246 -0.594928 0.642489 -0.099343 0.644484 -0.521680 -0.175349 -0.108901 -0.256195 0.982248 0.000620 0.291419 0.159124 -0.030182 -0.100556 0.854204 0.209043 0.540150 -0.171377 0.510114 0.585036 -0.329260 0.702297 -0.108795 -0.387448 -0.162409 -0.227686 0.481730 -0.917618 0.237638 0.176162 -0.005499 0.197658 0.128115 -0.256459 -0.626037 0.283617 1.130908 -0.159366 -0.194624 0.210591 0.719263 -0.274694 0.786613 0.286890 0.506533 -0.814080 -0.975765 -0.518892 -0.240671 -0.205383 0.846640 0.181153 0.796861 -0.150250 0.176039 0.846546
P37231,0.717423 0.422842 -0.443742 0.576856 0.562120 -0.442429 0.649171 -0.394114 -0.956802 0.417562 -0.350847 -0.109628 -0.103950 -0.481511 -0.529434 -0.526867 0.479133 -0.462744 -0.623771 0.445869 -0.427882 0.294300 0.241518 0.626916 1.005423 -0.530653 0.245244 -0.161156 -0.604801 0.703600 -0.492362 -0.270519 -0.375344 -0.638113 -0.207785 0.145983 0.511805 0.473939 -0.254076 0.554031 0.535411 -0.475759 -1.009128 0.591612 0.437125 -0.566731 -0.371830 0.575019 0.452761 -0.538216 0.362237 0.424346 0.287663 -0.759626 -0.534166 -0.333368 -0.567542 -0.410699 0.894587 0.584085 0.562046 -0.397384 0.666690 0.069704
P37288,-0.485254 -0.236833 0.254021 -0.263639 -0.443917 0.330348 -0.490896 0.249710 0.489547 -0.443025 0.255947 -0.338108 0.420975 0.287360 0.274828 0.251563 -0.403124 0.271859 0.029971 -0.229687 0.258700 -0.254509 -0.446164 -0.291161 -0.521416 0.268810 -0.227580 0.014738 0.516363 -0.508626 0.275710 0.391741 0.262762 0.306658 0.006942 0.427848 -0.259986 -0.286856 0.284151 -0.284395 -0.273470 0.280181 0.496549 -0.419584 -0.491951 0.284265 0.245883 -0.279988 -0.374331 0.260851 -0.236088 -0.244369 -0.255845 0.502045 0.457141 0.495363 0.226792 0.283291 -0.480935 -0.260840 -0.328759 0.251074 -0.291357 -0.436716
P37840,5.231752 3.756623 -0.609128 0.197527 4.958952 -6.428576 4.336217 -0.741166 -5.968542 4.739651 -0.613553 4.482965 -6.348807 -0.889052 -0.947022 -0.701412 6.548612 -1.064479 2.486821 0.084874 -0.763496 -0.139271 4.311383 0.487342 4.600634 -0.716334 4.210227 2.241584 -6.270531 5.392885 -0.938933 -6.439701 -0.623529 -1.136927 1.034135 -6.170122 0.351925 0.780303 -1.072988 0.598951 0.277345 -0.869788 -4.853365 6.305665 5.566499 -0.958655 -0.356844 0.328037 5.253369 -0.782430 3.745862 0.068770 4.710121 -5.957421 -5.512889 -6.474242 -0.507502 -0.642164 5.305333 0.087652 4.387711 -0.466066 4.753306 5.347228
P40306,-0.112604 -0.123076 0.198867 -0.253645 -0.081420 0.011935 -0.295628 0.192263 0.154694 -0.124286 0.162645 -0.164778 -0.002051 0.193780 0.156939 0.198060 -0.003469 0.137508 0.251002 -0.126360 0.169357 -0.118323 -0.139969 -0.259952 -0.274024 0.202547 0.033619 0.139798 0.104571 -0.061511 0.150732 -0.034232 0.209032 0.175871 0.018535 0.273852 -0.198572 -0.192541 0.185279 -0.200062 -0.196635 0.192861 0.135693 -0.060815 -0.003071 0.199080 0.256882 -0.202617 -0.008288 0.214155 0.044134 -0.162977 0.081132 0.098591 0.092714 0.107456 0.182524 0.194945 -0.228529 -0.192334 -0.067661 0.193380 -0.023656 0.103779
P40925,0.845838 0.726806 0.166512 -0.236962 0.383952 -0.605706 0.529732 0.181254 -0.483922 0.548804 0.056785 0.427069 -0.982388 0.076891 0.041394 0.213077 0.581227 0.052889 0.554835 -0.141487 0.112349 -0.136191 0.634035 -0.197591 0.543184 0.159876 0.833895 0.447244 -0.722099 0.725014 0.056453 -1.056982 0.096669 0.056539 0.619515 -0.591811 -0.217346 -0.104665 0.102973 -0.124631 -0.195196 0.116669 -0.407562 0.709568 0.527075 0.093823 0.249774 -0.194112 0.508565 0.226426 0.524212 -0.249310 0.996685 -0.661684 -0.613029 -0.829778 0.195132 0.132787 0.456393 -0.234498 0.726960 0.201551 0.565587 0.844678
P41143,-0.437717 -0.160710 0.192646 -0.148276 -0.399971 0.380082 -0.394018 0.181031 0.533511 -0.412169 0.203768 -0.245601 0.508920 0.230100 0.228174 0.164515 -0.353349 0.203474 0.010715 -0.148648 0.197155 -0.190070 -0.373561 -0.172375 -0.417670 0.206967 -0.187460 -0.019831 0.527309 -0.493421 0.222666 0.477407 0.199213 0.238687 -0.043196 0.336325 -0.157716 -0.198451 0.198953 -0.188221 -0.177717 0.206220 0.487961 -0.357303 -0.391413 0.203627 0.145424 -0.172438 -0.338318 0.193291 -0.255324 -0.132665 -0.209087 0.536860 0.493897 0.464457 0.189392 0.206248 -0.417515 -0.168796 -0.346534 0.176850 -0.221582 -0.452076
P41145,-0.503294 -0.269976 0.269530 -0.279895 -0.486058 0.361393 -0.503429 0.267105 0.520443 -0.454426 0.264299 -0.349662 0.442494 0.293218 0.287838 0.271381 -0.438651 0.285987 0.029940 -0.242227 0.274033 -0.248915 -0.458389 -0.302543 -0.554677 0.286333 -0.211602 0.031893 0.537467 -0.532293 0.288229 0.425090 0.276052 0.322112 0.018180 0.482761 -0.273761 -0.303755 0.298288 -0.300322 -0.280070 0.295020 0.514147 -0.437943 -0.513782 0.303232 0.267051 -0.288482 -0.423827 0.280789 -0.232927 -0.248001 -0.271303 0.536276 0.490574 0.537122 0.244581 0.294509 -0.514804 -0.275116 -0.342939 0.261719 -0.309674 -0.462485
P41180,-0.183103 0.089320 0.230522 -0.237220 -0.216169 -0.047751 -0.227112 0.257003 0.357041 -0.197078 0.297132 -0.032277 0.314854 0.288313 0.282618 0.242676 0.003806 0.263947 0.152133 -0.262552 0.259789 -0.326621 -0.266667 -0.243776 -0.297509 0.228810 0.028837 0.172960 0.314747 -0.206483 0.293110 0.334257 0.269671 0.285933 0.112436 0.026098 -0.245033 -0.254821 0.290108 -0.254148 -0.263724 0.272902 0.311927 -0.013112 -0.050680 0.263247 0.219837 -0.257598 -0.070666 0.254058 0.011632 -0.257175 -0.004793 0.371632 0.356416 0.232994 0.257894 0.298426 -0.149732 -0.263114 -0.037406 0.287228 -0.007878 -0.218784
P41240,0.165613 0.605546 0.052078 0.029518 0.147653 -0.210316 0.109227 0.087709 -0.113843 -0.100376 0.163311 0.117147 -0.093295 0.167462 0.144158 -0.008343 0.532492 0.154566 0.395509 -0.005734 0.127926 -0.299396 -0.378668 -0.024701 0.173086 0.101564 0.064028 0.203404 0.022619 0.124182 0.136581 0.279835 0.039092 -0.018678 0.087448 -0.614571 -0.022026 -0.070133 0.039438 -0.030458 -0.045493 0.015504 0.079353 0.264834 0.655505 0.041944 -0.056512 -0.005019 0.368673 0.013670 0.324234 0.082378 0.245518 -0.194773 -0.210164 0.072520 0.104191 0.042244 0.101576 0.030337 0.275192 0.092654 0.183412 0.453758
P41594,-0.290437 0.100039 0.154932 -0.133404 -0.207138 0.071196 -0.304938 0.140798 0.288692 -0.251082 0.203844 -0.093546 0.284279 0.215284 0.211236 0.115446 -0.086061 0.180879 0.068313 -0.134638 0.166325 -0.271100 -0.268058 -0.155845 -0.265185 0.148778 -0.119586 -0.000341 0.337123 -0.248803 0.202834 0.298055 0.159826 0.195797 0.043415 -0.021787 -0.140967 -0.168548 0.162545 -0.152849 -0.172063 0.172907 0.336655 -0.157159 -0.129198 0.144639 0.085980 -0.160296 -0.075339 0.135670 -0.139994 -0.146577 -0.067279 0.307893 0.207109 0.281321 0.133500 0.162554 -0.217026 -0.152922 -0.157161 0.163046 -0.062276 -0.271194
P41595,-0.457041 -0.211747 0.280776 -0.301929 -0.455946 0.260919 -0.467157 0.278587 0.448554 -0.422199 0.275496 -0.310105 0.357673 0.299300 0.301527 0.283392 -0.367608 0.297096 0.055770 -0.272681 0.285236 -0.279657 -0.398995 -0.317155 -0.516569 0.297190 -0.161161 0.056505 0.448784 -0.471140 0.304481 0.342872 0.278912 0.333128 0.044827 0.376411 -0.300797 -0.314705 0.310241 -0.315945 -0.302954 0.305920 0.461654 -0.356332 -0.444362 0.312274 0.274575 -0.306651 -0.382398 0.291088 -0.191285 -0.282937 -0.201059 0.476477 0.429963 0.481930 0.264806 0.304076 -0.465140 -0.308289 -0.295439 0.282411 -0.260407 -0.404230
P41743,-0.071360 0.152272 -0.046852 0.085306 0.035593 0.082336 -0.066712 -0.034623 0.028753 -0.074679 0.029648 -0.087191 0.036890 0.028918 -0.004403 -0.148686 0.381352 -0.004779 0.160158 0.087993 0.023051 -0.146309 -0.308414 0.105288 0.121559 0.026277 0.074679 0.167773 0.154657 -0.001586 -0.014263 0.296484 -0.047176 -0.089942 -0.024734 -0.089086 0.094879 0.047105 0.018170 0.096309 0.037444 -0.087713 0.027184 0.015749 0.198538 -0.061733 -0.119522 0.090466 0.004837 -0.112668 -0.114792 0.180512 0.012361 -0.191374 -0.137829 -0.062074 -0.016911 -0.059853 0.057154 0.089326 -0.022023 -0.040337 -0.314568 0.120430
P42261,0.164775 0.433792 0.312295 -0.347802 -0.017107 -0.369876 0.071971 0.301965 -0.026324 0.158480 0.315750 0.343680 -0.167496 0.306125 0.337751 0.314116 0.291469 0.344237 0.368783 -0.354357 0.287240 -0.418694 0.226697 -0.318181 0.017166 0.284813 0.221046 0.365175 -0.154316 0.075453 0.329063 -0.229415 0.291956 0.311771 0.346813 -0.575288 -0.352692 -0.307146 0.274108 -0.349573 -0.342281 0.317239 0.083409 0.282150 0.319688 0.313666 0.262584 -0.340310 0.209710 0.311787 0.310840 -0.418674 0.314976 0.081709 -0.028968 -0.081635 0.361835 0.322794 -0.050927 -0.352155 0.349248 0.352912 0.289722 0.097309
P42262,0.134727 0.377401 0.311589 -0.291470 -0.073820 -0.042211 0.080471 0.299277 0.213287 0.038003 0.328201 0.209004 0.088109 0.312043 0.345623 0.304991 0.182684 0.346682 0.273908 -0.310211 0.289286 -0.370962 0.065546 -0.277168 -0.002443 0.311266 0.101058 0.350107 0.087923 0.061059 0.319140 0.049390 0.305381 0.302189 0.328325 -0.437522 -0.308284 -0.286533 0.278726 -0.321927 -0.322555 0.300272 0.203553 0.132816 0.059147 0.310315 0.259609 -0.330204 0.143179 0.310809 0.147758 -0.375045 0.242855 0.203644 0.175277 0.041725 0.376088 0.316323 -0.168508 -0.302870 0.279874 0.334912 0.186617 0.039186
P42330,0.146734 0.359502 0.354823 -0.418142 -0.118818 -0.366066 0.017986 0.370838 -0.149864 0.243733 0.329125 0.223747 -0.332666 0.347141 0.342788 0.388759 0.276148 0.350874 0.427662 -0.425600 0.355166 -0.408099 0.271995 -0.402857 -0.032028 0.343276 0.386777 0.375919 -0.202280 0.015099 0.350781 -0.375919 0.353852 0.360598 0.506399 -0.372505 -0.401031 -0.365644 0.316029 -0.404810 -0.428432 0.375862 0.070837 0.304831 0.387138 0.375287 0.355002 -0.391385 0.160950 0.375836 0.463134 -0.464975 0.356390 -0.002178 -0.077013 -0.067202 0.392862 0.346496 -0.027609 -0.406546 0.336108 0.362221 0.210305 0.168395
P42336,0.136617 0.261524 0.074746 0.013870 -0.068552 0.162214 -0.156611 0.027966 0.270769 -0.136147 0.067759 -0.029493 0.248639 0.075436 0.124184 -0.060051 -0.099305 0.097413 -0.046099 0.033079 0.042291 -0.161300 -0.075264 0.051893 -0.001870 -0.006660 -0.164562 -0.048367 0.156637 -0.021339 0.059202 0.253479 -0.029957 -0.010175 -0.001683 -0.217151 -0.040049 0.054928 0.104857 0.057858 0.008247 -0.018421 0.084500 -0.233226 -0.031089 -0.041293 -0.089718 -0.015254 -0.138583 -0.016341 0.038817 -0.006112 0.002470 0.023789 0.042903 0.029692 0.115203 -0.033095 -0.113165 -0.050778 -0.000882 0.072647 -0.297107 -0.032774
P42338,-0.209751 -0.017916 0.007547 0.081425 -0.154952 0.271818 -0.220876 -0.017297 0.486034 -0.240844 0.027369 -0.047099 0.420279 0.049347 0.070329 -0.063064 -0.164462 0.052099 -0.011052 0.069145 -0.004010 -0.036334 -0.213403 0.072420 -0.259097 -0.012711 -0.135585 -0.055337 0.426787 -0.239813 0.047067 0.433856 -0.021412 0.027761 -0.038075 0.124435 0.044808 0.035680 0.051613 0.064310 0.050907 -0.022929 0.287904 -0.294469 -0.185635 -0.017580 -0.082198 0.019904 -0.254542 -0.019217 -0.128436 0.119147 -0.115799 0.267259 0.216315 0.236097 0.019645 -0.018891 -0.167766 0.059184 -0.192156 0.012875 -0.260241 -0.132827
P42345,-1.209685 -1.841128 -0.737206 1.171351 -0.861865 2.110951 -1.030537 -0.824214 0.853635 -1.622969 -0.844774 -1.414118 2.401407 -0.856968 -0.895204 -0.882203 -1.982891 -1.058211 -2.154848 0.815479 -0.994208 0.940240 -1.293359 1.119876 -0.585972 -1.003308 -1.842795 -2.036448 1.303894 -0.918513 -0.919495 2.055709 -0.796181 -0.873788 -2.080812 2.385764 0.887692 0.949738 -0.694167 0.999996 1.037924 -0.857996 0.208358 -1.382489 -2.269493 -1.056876 -0.883841 1.037585 -1.842861 -0.886294 -1.971291 1.100846 -1.710234 1.062890 1.431874 0.848914 -0.892058 -0.899679 -0.399865 0.893491 -1.592925 -0.782194 -1.288232 -2.572705
P42574,1.606817 1.084497 -0.790656 0.853064 1.074819 -1.556576 1.959023 -0.749339 -1.360036 1.837450 -0.521611 1.218267 -0.582522 -0.739036 -0.777119 -0.716029 1.618237 -0.449082 -0.261337 0.690813 -0.700960 0.430485 1.848834 0.905563 1.919866 -0.929755 0.315118 0.363191 -0.928419 1.184890 -0.724330 -1.320164 -0.696361 -0.842292 0.385041 -2.371371 0.811836 0.752505 -0.638145 0.945274 0.811081 -0.847529 -1.178667 1.183832 1.672871 -0.671848 -0.851605 0.811201 1.667136 -1.007229 0.930810 0.671232 0.538525 -1.335363 -1.736325 -1.166780 -0.815830 -0.716952 1.803357 0.879898 1.330933 -0.660414 1.091137 1.514802
P42679,-0.491315 -0.313619 0.060807 -0.051052 -0.329325 0.389181 -0.424050 0.051335 0.437833 -0.477505 0.103391 -0.431691 0.400100 0.104729 0.134911 0.021188 -0.360076 0.133696 -0.087376 -0.003637 0.113948 -0.148096 -0.568222 -0.088543 -0.457614 0.095782 -0.370788 -0.130851 0.514864 -0.488618 0.117577 0.572792 0.043758 0.101893 -0.108504 0.333099 -0.047582 -0.095312 0.098986 -0.054913 -0.064075 0.063941 0.405655 -0.528666 -0.407731 0.091462 0.001414 -0.061408 -0.402159 0.035832 -0.404026 0.017632 -0.373334 0.351781 0.289886 0.531497 0.059532 0.033383 -0.521023 -0.044245 -0.463312 0.067271 -0.548862 -0.264055
P42680,0.591900 0.854133 0.152740 -0.219516 0.402031 -0.986357 0.430096 0.179297 -0.467020 0.413664 0.240807 0.601290 -0.759500 0.182058 0.246970 0.120554 0.927045 0.284970 0.602416 -0.220598 0.243290 -0.465549 0.377626 -0.205924 0.374539 0.183671 0.639406 0.578800 -0.459341 0.465231 0.229273 -0.524529 0.142853 0.131311 0.626253 -1.123489 -0.207369 -0.195360 0.213745 -0.197282 -0.256108 0.148421 -0.330912 0.565955 0.989650 0.160066 0.103280 -0.214115 0.646547 0.120309 0.781345 -0.266839 0.621525 -0.564797 -0.733958 -0.498303 0.219904 0.172073 0.406793 -0.233600 0.660168 0.236592 0.372370 0.821738
P42681,-0.307621 0.009259 0.141275 -0.126242 -0.252534 0.197213 -0.314159 0.136273 0.373634 -0.343825 0.181270 -0.164222 0.217884 0.195230 0.219903 0.105713 -0.135061 0.218592 0.113832 -0.102868 0.198193 -0.230974 -0.372216 -0.174675 -0.370823 0.184179 -0.008308 0.101913 0.421572 -0.382782 0.199199 0.399148 0.135381 0.179463 0.163050 0.121272 -0.131673 -0.189397 0.180472 -0.164150 -0.150273 0.154466 0.318595 -0.328633 -0.150585 0.167520 0.101705 -0.150010 -0.223396 0.129950 -0.095833 -0.068094 -0.119651 0.289860 0.148939 0.400355 0.146038 0.153628 -0.306152 -0.120126 -0.139398 0.139367 -0.277040 -0.086175
P42684,-0.291591 0.074232 -0.365765 0.450841 0.042039 0.032089 0.096906 -0.349820 -0.302286 -0.135917 -0.241720 -0.175932 0.356921 -0.225086 -0.207830 -0.384574 0.045830 -0.208917 -0.575390 0.307074 -0.286348 0.069343 -0.375364 0.382179 0.193981 -0.388248 -0.600380 -0.598771 0.064281 0.040755 -0.246339 0.588282 -0.371172 -0.315896 -0.433441 -0.443559 0.359841 0.319906 -0.272558 0.358761 0.318680 -0.333808 -0.100644 -0.065192 0.050803 -0.405137 -0.497229 0.406951 -0.055383 -0.390727 -0.258508 0.363184 -0.493899 0.033267 -0.114201 0.283250 -0.378239 -0.400775 -0.045011 0.363484 -0.236161 -0.292788 -0.200050 -0.286655
P42685,-0.348928 -0.110423 0.153505 -0.164254 -0.295393 0.160743 -0.329749 0.154483 0.285925 -0.336292 0.174260 -0.246020 0.220562 0.210257 0.195967 0.144843 -0.185558 0.202936 0.058264 -0.145558 0.178936 -0.229475 -0.407715 -0.198636 -0.361110 0.190382 -0.167829 0.034688 0.367254 -0.365459 0.191798 0.281800 0.152407 0.197204 0.019504 0.133747 -0.167115 -0.206242 0.188949 -0.190854 -0.192749 0.175881 0.337450 -0.273983 -0.292559 0.188012 0.125768 -0.187587 -0.242716 0.151012 -0.141467 -0.145034 -0.205446 0.302731 0.217067 0.316553 0.146994 0.187398 -0.326941 -0.163793 -0.220808 0.163210 -0.238865 -0.239272
P43004,-0.334132 -0.095539 0.238089 -0.262678 -0.343590 0.201645 -0.294983 0.251221 0.409789 -0.290326 0.243527 -0.237131 0.266584 0.254265 0.253284 0.267052 -0.337096 0.260472 0.046805 -0.224781 0.265521 -0.260313 -0.283762 -0.258114 -0.373895 0.259984 -0.091353 0.081218 0.415331 -0.393426 0.261700 0.268204 0.248668 0.274789 0.070660 0.388027 -0.251887 -0.287714 0.261267 -0.257802 -0.254547 0.259610 0.395629 -0.351996 -0.381840 0.277212 0.267509 -0.278754 -0.306168 0.239006 -0.184862 -0.280631 -0.096426 0.321900 0.362222 0.389457 0.229316 0.238631 -0.315752 -0.262922 -0.242816 0.257230 -0.149513 -0.336162
P43005,-0.422846 -0.212315 0.257872 -0.260964 -0.430627 0.381637 -0.458406 0.256920 0.508941 -0.425030 0.252791 -0.308851 0.391122 0.281032 0.273099 0.255940 -0.385344 0.270010 0.048382 -0.227385 0.257977 -0.229493 -0.374605 -0.283295 -0.490113 0.270205 -0.176587 0.048224 0.510170 -0.498449 0.273077 0.393752 0.265189 0.304989 0.051713 0.466846 -0.251354 -0.284147 0.288391 -0.282199 -0.267845 0.278834 0.476864 -0.411707 -0.499047 0.287998 0.258714 -0.282844 -0.392056 0.268972 -0.251041 -0.244326 -0.231744 0.489422 0.465047 0.483938 0.227725 0.276679 -0.450148 -0.248939 -0.280703 0.244186 -0.262375 -0.431589
P43115,0.487749 0.885690 0.260460 -0.264137 0.124694 -1.106915 0.581609 0.276067 -0.247915 0.523233 0.312070 0.546292 -0.623038 0.217762 0.326868 0.288976 0.815598 0.356750 0.749573 -0.327399 0.332533 -0.343313 0.590912 -0.180703 0.324522 0.234575 1.200646 0.885244 -0.204735 0.330109 0.321778 -0.562175 0.213982 0.307446 0.730898 -0.922012 -0.280482 -0.297331 0.230028 -0.193645 -0.258620 0.199585 -0.163640 0.884092 1.076486 0.245949 0.203545 -0.232866 0.356532 0.207292 0.921885 -0.236532 0.946420 -0.291163 -0.544156 -0.302812 0.324905 0.229177 0.504782 -0.336004 0.514559 0.290197 0.728818 0.559785
P43403,-0.081997 0.274221 -0.259242 0.305459 0.227875 -0.016713 0.024125 -0.289489 -0.087098 -0.260400 -0.142304 -0.159403 -0.257463 -0.155409 -0.074493 -0.359845 0.297699 -0.132199 0.053881 0.289684 -0.143820 -0.047008 -0.398501 0.248703 -0.044437 -0.146703 -0.007225 -0.037885 0.110003 -0.225371 -0.151135 0.445437 -0.327429 -0.249730 -0.021694 -0.579579 0.273782 0.207518 -0.204514 0.256950 0.250665 -0.272175 -0.048207 -0.221087 0.467699 -0.241936 -0.424524 0.262691 0.034532 -0.339100 -0.323851 0.424287 -0.148220 -0.361486 -0.559113 -0.136020 -0.221910 -0.294337 0.156852 0.296627 -0.177060 -0.252475 -0.489475 0.356338
P43405,0.005916 0.379619 -0.936825 1.136280 0.684622 0.317212 0.128336 -0.985343 -0.047201 -0.396354 -0.726405 -0.049018 -0.271785 -0.750538 -0.565961 -1.156192 0.532839 -0.650130 -0.246754 1.000816 -0.764451 0.411728 -0.690940 1.007367 0.101019 -0.749262 -0.026722 -0.585365 0.245004 -0.079167 -0.750459 1.164640 -1.057509 -0.953434 -0.522893 -1.085032 1.024396 0.890466 -0.806538 0.961345 1.011084 -0.982082 -0.434901 -0.469648 1.040735 -0.939862 -1.274338 0.995930 -0.016165 -1.083813 -0.723606 1.371391 -0.580331 -0.709212 -1.146833 -0.308141 -0.776134 -1.065061 0.549668 1.125381 -0.261357 -0.927056 -0.983173 0.867549
P43681,0.137611 0.349135 0.376196 -0.466850 -0.105181 -0.527677 -0.040521 0.386181 -0.107439 0.055596 0.374437 0.192849 -0.304051 0.352069 0.390043 0.388893 0.217282 0.398517 0.388438 -0.450815 0.380062 -0.497174 0.178963 -0.420435 -0.041563 0.372370 0.295268 0.406203 -0.196039 0.045289 0.389334 -0.372080 0.349057 0.382195 0.380118 -0.447112 -0.461940 -0.400080 0.384001 -0.434115 -0.457540 0.390974 0.065917 0.272319 0.266964 0.374649 0.370483 -0.429770 0.116523 0.364482 0.353738 -0.526084 0.318738 -0.055626 -0.112761 -0.123697 0.402292 0.402463 -0.032963 -0.494219 0.225529 0.415514 0.238517 0.098851
P45983,-0.011830 -0.268313 -0.414443 0.746799 -0.203695 0.910274 0.001243 -0.452723 -0.293539 -0.722707 -0.608215 -0.957570 0.858786 -0.477993 -0.604155 -0.582156 0.177646 -0.524622 -0.684473 0.602115 -0.458676 0.420710 -0.440226 0.764685 0.557660 -0.469766 -0.332829 -0.531491 0.344446 -0.039895 -0.634690 0.760473 -0.530372 -0.701867 -0.862952 0.587791 0.590946 0.512971 -0.446198 0.592250 0.607168 -0.643312 -0.327371 -0.559626 -0.635950 -0.627885 -0.505358 0.631096 -0.565680 -0.592735 -0.399436 0.806950 -0.413361 -0.593552 0.156064 -0.068923 -0.571692 -0.516813 0.119601 0.664668 -0.175067 -0.652124 -0.597818 -0.495031
P45984,0.148217 0.183639 -0.098747 0.254440 -0.114821 0.290987 0.101271 -0.098608 -0.129373 -0.271579 -0.171707 -0.280976 0.338373 -0.076124 -0.173215 -0.173601 0.316148 -0.104190 -0.113505 0.200975 -0.089643 0.034991 -0.109321 0.249601 0.327998 -0.102812 0.000753 0.003971 0.236347 0.075328 -0.176668 0.318044 -0.123366 -0.214720 -0.115492 0.216738 0.192193 0.132759 -0.091577 0.173775 0.158883 -0.201330 -0.067584 -0.117892 -0.215969 -0.167289 -0.119724 0.167227 -0.123399 -0.189476 -0.074293 0.314301 0.079642 -0.321817 0.048207 -0.005435 -0.218121 -0.098540 0.166508 0.209819 0.171057 -0.206792 -0.071618 -0.253266
P46734,-0.153842 -0.036698 -0.149477 0.311600 -0.156699 0.540434 -0.166493 -0.153784 0.160142 -0.314124 -0.187457 -0.308272 0.379191 -0.087333 -0.127560 -0.244648 0.157920 -0.125138 -0.078687 0.241858 -0.122199 0.123409 -0.426771 0.268764 -0.075564 -0.103833 -0.097788 -0.066197 0.427718 -0.112060 -0.185091 0.643781 -0.177166 -0.235835 -0.213002 0.202951 0.250919 0.197810 -0.090864 0.219319 0.188788 -0.212914 0.089797 -0.386296 -0.076668 -0.186713 -0.231024 0.232738 -0.345837 -0.224792 -0.324050 0.408762 -0.407130 -0.155117 -0.029045 -0.008790 -0.189654 -0.200595 -0.004246 0.293952 -0.078451 -0.232067 -0.483897 -0.110365
P47869,-0.505521 -0.287602 0.262043 -0.272919 -0.477205 0.365422 -0.507690 0.262789 0.532877 -0.465768 0.263851 -0.378058 0.474519 0.291373 0.284278 0.265320 -0.444290 0.282195 -0.002684 -0.241164 0.270804 -0.240150 -0.464948 -0.298406 -0.549641 0.277857 -0.246636 0.005740 0.546452 -0.513928 0.280407 0.438128 0.273333 0.320136 0.005010 0.481536 -0.267739 -0.295453 0.305417 -0.296830 -0.278755 0.290824 0.513272 -0.439924 -0.525321 0.295866 0.263848 -0.285084 -0.409702 0.273999 -0.240375 -0.254106 -0.291250 0.553840 0.505875 0.537030 0.240933 0.295944 -0.503488 -0.270774 -0.339843 0.261312 -0.330159 -0.473832
P48039,0.768332 1.456027 -0.154858 0.445123 0.713352 -0.085767 0.980603 -0.121941 -0.115765 0.566444 -0.095170 1.709133 -0.897939 -0.078889 -0.090651 -0.143705 1.316456 -0.323211 0.571228 0.056344 -0.214465 0.411070 1.516929 0.359412 0.626876 -0.135111 1.459054 0.034863 -0.304983 1.113800 -0.052930 -0.258705 -0.115040 -0.117093 0.545651 -0.319682 0.312229 0.335907 -0.459743 0.281828 0.281044 -0.156242 -0.345850 1.313670 1.185074 -0.207771 -0.252516 0.243647 0.843473 -0.045463 0.665321 0.438887 0.864439 -0.291782 -0.160514 -0.803381 0.019873 -0.288084 1.325781 0.341830 1.260803 -0.287714 1.515935 0.676283
P48147,-0.069356 -0.022225 0.278367 -0.311244 -0.216003 0.297702 -0.120763 0.282114 0.379248 -0.023457 0.223544 -0.140655 0.222792 0.260436 0.242217 0.295054 -0.164543 0.258095 0.133348 -0.231904 0.264252 -0.226003 -0.010702 -0.280276 -0.118336 0.265502 0.008657 0.153175 0.247659 -0.109437 0.230602 -0.065824 0.269362 0.240082 0.074986 0.210354 -0.291288 -0.228132 0.307703 -0.213547 -0.298276 0.271724 0.200774 -0.138891 -0.286563 0.252165 0.299125 -0.284816 -0.136648 0.284483 -0.015484 -0.349226 0.043540 0.224680 0.243889 0.013375 0.340796 0.285750 -0.258034 -0.306237 0.051630 0.270514 -0.154662 0.051153
P48443,0.405715 0.377452 -0.023749 -0.012385 0.227715 -0.677343 0.236560 0.039342 -0.538217 0.307183 0.047481 -0.002451 -0.295957 -0.015259 -0.050705 -0.015252 0.430018 0.036335 -0.020321 -0.044826 0.019140 -0.094405 0.239263 0.005974 0.335602 -0.037193 0.343003 0.127440 -0.357074 0.415052 -0.020375 -0.438980 0.078677 -0.069668 0.167705 -0.056372 0.013390 -0.030104 0.145295 0.000354 -0.029608 0.008263 -0.443492 0.335399 0.465719 -0.033090 0.086092 0.012766 0.458679 -0.024974 0.432358 -0.100046 0.371570 -0.424307 -0.329686 -0.174267 -0.068068 0.071915 0.385666 -0.013931 0.374197 0.059483 0.435245 0.235617
P48729,0.997166 0.741580 0.030619 0.093778 0.305413 -0.642648 0.831231 -0.003327 -0.551439 0.711076 0.063858 0.473569 0.263712 0.000224 -0.148144 -0.051086 0.888427 0.049630 0.170932 -0.037567 0.007069 -0.130868 0.990797 0.133552 1.100391 -0.153869 0.096399 0.529576 -0.455561 0.794988 -0.089232 -0.664834 0.011691 -0.097988 -0.037430 -1.038613 0.065495 0.141690 0.030405 0.056727 -0.052502 -0.092670 -0.383141 1.017199 0.411306 -0.055159 -0.042099 0.041338 0.854903 -0.146951 0.586372 -0.028266 0.571773 -0.158988 -0.323730 -0.431909 -0.019384 0.064412 0.754789 0.029399 0.803533 0.058247 0.649259 0.451168
P48736,-0.087484 0.204619 0.243134 -0.164706 -0.214344 0.215177 -0.275333 0.228603 0.464500 -0.189353 0.263882 0.079381 0.345589 0.272336 0.272031 0.183794 -0.081145 0.265533 0.216562 -0.174335 0.234510 -0.243304 -0.058697 -0.177819 -0.271538 0.210146 0.017102 0.200214 0.361008 -0.178646 0.264361 0.298558 0.226264 0.238130 0.203523 0.087654 -0.198167 -0.197288 0.272800 -0.186355 -0.180327 0.217049 0.334771 -0.178842 -0.075161 0.220816 0.181262 -0.208301 -0.106874 0.225895 0.073241 -0.147098 0.095245 0.351183 0.290628 0.299873 0.249393 0.234977 -0.195899 -0.181879 0.038870 0.234667 -0.017958 -0.074799
P49146,-0.402934 -0.148580 0.297411 -0.331891 -0.415809 0.140649 -0.403052 0.293943 0.348268 -0.347879 0.290392 -0.234646 0.250717 0.309101 0.312158 0.298553 -0.281496 0.310824 0.108243 -0.303364 0.297456 -0.311031 -0.337703 -0.336234 -0.459283 0.306099 -0.078502 0.105109 0.352085 -0.421620 0.311010 0.224509 0.289472 0.341843 0.089692 0.258283 -0.324142 -0.332043 0.317046 -0.335915 -0.327208 0.318752 0.402593 -0.266252 -0.347113 0.325294 0.288020 -0.323373 -0.324266 0.302155 -0.100308 -0.319876 -0.134324 0.397719 0.345323 0.407489 0.284280 0.315415 -0.422792 -0.334725 -0.222920 0.295213 -0.200433 -0.346756
P49286,0.380502 1.208331 -0.046762 0.285902 0.345276 -0.006293 0.593253 -0.008132 0.239020 0.173458 0.027040 1.244724 -0.472138 0.045173 0.061968 -0.046114 0.879730 -0.090623 0.420279 -0.014692 -0.063082 0.264085 0.970780 0.237945 0.261186 -0.011668 1.195967 0.151138 0.183617 0.692465 0.081794 0.078666 -0.019563 0.042314 0.509390 -0.030043 0.174994 0.171502 -0.214527 0.179662 0.176737 -0.049540 -0.010231 0.904512 0.818885 -0.067092 -0.126265 0.124926 0.404195 0.021903 0.404515 0.350736 0.735318 -0.045087 0.098579 -0.307045 0.099600 -0.120227 0.969870 0.194468 0.879876 -0.116733 1.187787 0.235428
P49327,0.578087 0.459514 0.072253 0.007156 0.382687 -0.207828 0.468712 0.105863 -0.256341 0.380233 0.067403 0.522345 -0.166994 0.043661 0.013382 0.053276 0.638617 0.020626 0.133384 -0.081443 0.038155 -0.005401 0.641777 0.037715 0.486269 -0.027561 0.325520 0.224044 -0.339374 0.635753 0.025620 -0.251663 0.075435 -0.026357 0.060602 -0.213914 -0.032978 0.037976 0.059258 0.001397 0.030775 0.012398 -0.317263 0.695100 0.646338 0.040165 0.111037 0.032236 0.597920 0.038975 0.501661 -0.018774 0.512275 -0.197295 -0.077923 -0.270890 0.125532 0.034739 0.522997 -0.017673 0.577854 0.123808 0.516746 0.219172
P49336,0.382193 0.277237 -0.001939 0.042678 0.087909 -0.337896 0.077852 -0.017252 -0.469183 -0.024521 -0.006718 -0.215986 -0.102650 -0.006902 -0.074682 -0.085460 0.257106 -0.015879 -0.044220 -0.010903 -0.039636 -0.059661 0.223490 0.058204 0.318514 -0.113801 -0.029121 0.046648 -0.247999 0.206767 -0.049523 -0.244316 -0.032008 -0.087046 -0.145528 -0.218908 0.036736 0.047718 0.041652 0.009980 0.010311 -0.091751 -0.229072 0.194610 0.123318 -0.098018 -0.048394 0.026500 0.256692 -0.105520 0.243483 0.016582 0.111348 -0.312045 -0.285535 -0.076961 -0.138056 -0.053568 0.258820 0.002661 0.105079 0.003851 0.229952 0.099298
P49354,-0.177209 -0.070840 0.243776 -0.200706 -0.343427 0.232163 -0.249061 0.239178 0.421935 -0.267963 0.229725 -0.203955 0.454993 0.228770 0.213610 0.238822 -0.206993 0.265404 0.050176 -0.203254 0.226314 -0.200832 -0.199191 -0.217197 -0.345931 0.213328 -0.101320 0.134240 0.451226 -0.258643 0.231820 0.245142 0.259086 0.233481 0.068353 0.404990 -0.212689 -0.229636 0.291164 -0.199364 -0.237893 0.238799 0.353134 -0.289259 -0.397018 0.240619 0.251344 -0.246180 -0.272991 0.232715 -0.031714 -0.221878 -0.097800 0.383066 0.395257 0.363395 0.202822 0.253154 -0.227656 -0.186507 -0.053403 0.244623 -0.059162 -0.238843
P49356,-0.494878 -0.294903 0.239186 -0.233565 -0.507505 0.489539 -0.499596 0.238694 0.546114 -0.489140 0.230615 -0.419079 0.535164 0.251431 0.245570 0.250276 -0.519731 0.247380 -0.061186 -0.196397 0.242848 -0.204001 -0.497811 -0.259768 -0.537739 0.251780 -0.278272 -0.035322 0.582525 -0.540304 0.249041 0.477256 0.251927 0.274616 -0.025975 0.616608 -0.235375 -0.264373 0.283548 -0.246927 -0.231803 0.265400 0.493013 -0.509924 -0.600627 0.261867 0.245270 -0.241489 -0.474281 0.249955 -0.274504 -0.208498 -0.332378 0.550277 0.549664 0.547863 0.215221 0.261139 -0.511823 -0.227875 -0.351963 0.243131 -0.331026 -0.500128
P49674,0.087302 0.100754 0.178804 -0.107456 -0.187192 0.123502 -0.016536 0.160043 0.086136 -0.096974 0.187807 -0.039478 0.411069 0.167510 0.112194 0.135776 0.038583 0.187045 0.020478 -0.163090 0.169942 -0.211098 0.180375 -0.098020 0.105929 0.104889 -0.123914 0.156368 0.206675 0.005333 0.118783 0.109122 0.182078 0.143905 -0.065540 -0.056830 -0.133753 -0.121323 0.204012 -0.139168 -0.170764 0.128400 0.153833 0.195452 -0.097768 0.138770 0.132974 -0.149202 0.076469 0.095955 0.072082 -0.167443 0.102126 0.209215 0.168529 0.202957 0.126653 0.175480 0.036536 -0.136234 0.075609 0.172604 0.056775 -0.172600
P49721,0.425210 0.017992 0.126726 -0.208535 0.199813 -0.211223 -0.043936 0.148229 -0.497278 0.132276 0.017151 -0.187634 -0.556060 0.066763 -0.024519 0.194777 0.210631 -0.039616 0.366648 -0.020870 0.057583 -0.013263 0.004188 -0.203509 0.152382 0.153042 0.207871 0.170443 -0.424142 0.274692 -0.018190 -0.416118 0.089957 -0.052612 -0.002334 0.210374 -0.134776 -0.084889 0.050787 -0.081282 -0.113991 0.038358 -0.320442 0.050979 0.244107 0.032289 0.291595 -0.094008 0.375811 0.173853 0.325204 -0.084042 0.372884 -0.501718 -0.299270 -0.508049 0.110356 0.089208 0.010692 -0.143307 0.285179 0.165045 0.332248 0.563475
P49759,0.190741 0.294094 0.323947 -0.269532 -0.267470 0.145223 -0.057042 0.325061 0.110180 -0.098976 0.321656 0.026740 0.350822 0.268401 0.241279 0.334720 -0.003587 0.302309 0.025127 -0.329273 0.308612 -0.322236 0.021509 -0.229033 0.167813 0.264273 0.068113 0.289039 0.182760 -0.094486 0.280588 0.062029 0.307100 0.222197 0.148510 0.148361 -0.289039 -0.289129 0.330695 -0.293742 -0.251284 0.263502 0.076858 0.216778 -0.064946 0.277646 0.340944 -0.274075 -0.016930 0.282869 0.148547 -0.319779 0.178000 0.110315 0.322945 0.269836 0.309010 0.291069 0.004555 -0.296626 0.181421 0.329570 0.195423 -0.253597
P49760,-0.233119 -0.033994 0.240254 -0.240119 -0.308172 0.191452 -0.226170 0.231076 0.275413 -0.200992 0.238710 -0.201134 0.341411 0.255526 0.221391 0.241173 -0.214196 0.252375 0.047553 -0.231121 0.244857 -0.245418 -0.186699 -0.236229 -0.203041 0.227636 -0.097083 0.115986 0.319087 -0.290839 0.236938 0.192508 0.241056 0.256969 0.041786 0.166564 -0.229585 -0.246939 0.270901 -0.266749 -0.240412 0.243866 0.305934 -0.128677 -0.278944 0.254364 0.240456 -0.254107 -0.131701 0.230129 -0.018012 -0.233663 -0.045178 0.364841 0.375521 0.359146 0.209141 0.262246 -0.252386 -0.228029 -0.079452 0.233238 -0.080561 -0.343295
P49761,-0.075781 0.047147 0.172813 -0.177526 -0.151565 -0.046066 -0.067597 0.185513 0.092713 -0.062575 0.182412 -0.063311 0.152270 0.190213 0.154775 0.171767 -0.025526 0.185923 0.074659 -0.181928 0.163324 -0.204674 -0.081241 -0.165665 -0.051329 0.160069 -0.022664 0.163158 0.149842 -0.109830 0.170289 -0.032812 0.184740 0.184086 0.108877 0.083897 -0.163184 -0.179281 0.210826 -0.181804 -0.178435 0.175055 0.148096 0.024794 -0.167987 0.179544 0.186623 -0.185592 -0.001279 0.152568 0.036607 -0.190198 0.008802 0.185882 0.125154 0.116309 0.139656 0.196066 -0.061738 -0.179962 -0.024916 0.187935 0.060086 -0.143443
P49840,-0.234860 -0.008385 -0.022360 0.078313 -0.085122 0.061255 -0.122536 -0.008789 0.015382 -0.141255 0.011441 -0.248165 0.323211 0.036673 0.000039 -0.064622 -0.009314 0.013735 -0.168237 0.014925 -0.005230 -0.046607 -0.198361 0.080122 0.014761 -0.021043 -0.191894 -0.076943 0.186286 -0.051233 -0.003889 0.422999 -0.021620 -0.036595 -0.192316 0.053981 0.075795 0.017353 0.049822 0.024872 0.017373 -0.012534 0.086716 -0.067416 0.029116 -0.057657 -0.049772 0.073798 -0.005482 -0.072873 -0.037014 0.067172 -0.131898 0.140208 0.103167 0.206632 -0.068248 0.008102 -0.057880 0.059749 -0.219951 0.020543 -0.224384 -0.184076
P49841,-0.918484 -1.165890 -1.017578 1.459031 -0.364447 1.507456 -0.560189 -1.181777 -0.189565 -1.234649 -1.207558 -1.758100 1.683124 -1.114327 -1.250099 -1.349927 -0.821727 -1.323423 -1.990245 1.104963 -1.244307 1.127930 -0.942151 1.558195 0.427513 -1.301186 -1.128282 -1.659526 0.525782 -0.487528 -1.244256 1.699123 -1.292967 -1.314592 -2.274350 1.151832 1.263579 1.263916 -1.073231 1.224124 1.374692 -1.247317 -0.443541 -0.774213 -0.939482 -1.415400 -1.355198 1.374177 -1.120425 -1.420598 -1.499727 1.506366 -1.577620 -0.008639 0.293180 0.319137 -1.461069 -1.276622 0.254814 1.257043 -1.662820 -1.230997 -1.288625 -1.476790
P50052,-0.335879 -0.011764 0.268557 -0.249838 -0.360325 0.258076 -0.353150 0.262447 0.494038 -0.333565 0.280359 -0.101572 0.372339 0.302143 0.309569 0.275864 -0.237683 0.292977 0.112247 -0.252814 0.275953 -0.231623 -0.265183 -0.277539 -0.431348 0.286904 -0.020717 0.097717 0.440868 -0.289138 0.303323 0.424635 0.277179 0.320292 0.135739 0.279381 -0.259135 -0.273685 0.278574 -0.280200 -0.270618 0.296978 0.435327 -0.211012 -0.277511 0.295785 0.258202 -0.276501 -0.271906 0.293105 -0.035835 -0.236072 -0.078310 0.473171 0.439927 0.451223 0.283784 0.289761 -0.339270 -0.271440 -0.132240 0.272916 -0.100498 -0.261862
P50225,-0.392585 0.005868 0.272255 -0.294933 -0.444116 0.014004 -0.239085 0.292178 0.293754 -0.301704 0.264728 -0.343596 0.170727 0.301058 0.298366 0.316607 -0.171789 0.309706 0.152863 -0.285913 0.307393 -0.288831 -0.330750 -0.259662 -0.335493 0.299954 0.133972 0.186934 0.421127 -0.367560 0.290114 0.209573 0.258086 0.301164 0.115875 0.258472 -0.292291 -0.298173 0.287174 -0.242423 -0.299233 0.268143 0.373907 -0.104809 -0.149438 0.282612 0.273763 -0.254815 -0.339147 0.259933 0.054372 -0.236457 0.046719 0.294384 0.331655 0.303529 0.307187 0.275270 -0.312350 -0.304342 -0.170419 0.280100 -0.058785 -0.324429
P50406,-0.492500 -0.206708 0.300249 -0.293162 -0.445504 0.201497 -0.402568 0.292063 0.414004 -0.413051 0.311749 -0.282903 0.441102 0.324550 0.318036 0.288322 -0.350070 0.310803 0.066315 -0.297750 0.312565 -0.332403 -0.426027 -0.298745 -0.506268 0.295759 -0.229287 0.055798 0.417242 -0.451795 0.320801 0.489938 0.284764 0.326000 0.025861 0.396095 -0.298331 -0.312079 0.297859 -0.316341 -0.315614 0.296896 0.450811 -0.401266 -0.502012 0.312174 0.278572 -0.315397 -0.393194 0.302666 -0.194300 -0.286077 -0.207473 0.441399 0.496792 0.538965 0.282043 0.283512 -0.441276 -0.328614 -0.248672 0.304396 -0.173801 -0.445095
P50579,0.035858 0.163365 0.183267 -0.248050 -0.125149 0.040483 -0.113422 0.193398 0.037688 -0.041392 0.167532 -0.044682 -0.147588 0.162464 0.157008 0.199475 0.042079 0.186026 0.153630 -0.186688 0.187537 -0.224355 -0.040794 -0.204468 -0.074305 0.210499 0.145872 0.192592 0.064215 -0.142824 0.177640 -0.166706 0.189499 0.173615 0.213163 0.098717 -0.207573 -0.210968 0.230503 -0.194760 -0.228373 0.200483 0.094364 -0.181945 -0.102160 0.171185 0.220787 -0.224157 -0.049352 0.174688 -0.017745 -0.273588 0.060741 -0.059510 -0.016055 -0.116004 0.136930 0.201299 -0.117259 -0.232652 -0.026119 0.197739 0.057354 -0.035932
P50613,-0.180712 -0.094539 -0.080106 0.132753 -0.016151 0.107894 0.042086 -0.105943 -0.105069 -0.095136 -0.112835 -0.261701 0.142518 -0.059274 -0.183644 -0.190471 -0.079475 -0.154114 -0.124813 0.158151 -0.103136 0.129161 -0.027507 0.160579 0.223314 -0.149240 -0.159148 -0.174188 -0.126115 -0.032748 -0.119601 -0.072487 -0.149147 -0.152013 -0.460101 0.128562 0.126666 0.126551 -0.122827 0.060339 0.140179 -0.116890 -0.129877 -0.006174 -0.218991 -0.131676 -0.135706 0.115438 0.020148 -0.164151 0.012690 0.188069 -0.079578 0.061965 0.084066 0.215266 -0.147120 -0.090388 -0.024657 0.133003 -0.199439 -0.146097 0.009324 -0.178043
P50750,0.719776 0.830306 0.168488 -0.011273 0.481640 -0.668321 0.645133 0.135223 -0.538274 0.457475 0.160704 0.415228 -0.170692 0.096334 -0.044954 0.032304 1.028191 0.024143 0.516326 -0.097739 0.079594 -0.088021 0.511155 0.044127 0.807931 -0.013397 0.798665 0.534078 -0.693463 1.041135 0.021577 -0.397966 0.094852 -0.075478 0.081674 -0.701173 -0.000473 0.007603 0.113128 -0.048101 -0.049871 0.030483 -0.550917 1.075236 0.931797 -0.007072 0.119181 -0.065847 0.729699 0.029622 0.924716 -0.114585 0.901373 -0.441897 -0.452172 -0.237297 0.102259 0.063983 0.750423 -0.044489 0.638480 0.129590 0.810685 0.828897
P51451,0.332234 0.503169 0.149658 -0.108823 0.199839 -0.419494 0.226748 0.101613 -0.195461 0.070469 0.197804 0.326883 -0.294131 0.157674 0.183968 0.068300 0.629256 0.215562 0.354714 -0.150041 0.175435 -0.348249 0.087223 -0.092016 0.211296 0.105765 0.099798 0.379727 -0.240132 0.296412 0.149293 -0.012059 0.096382 0.048782 0.236395 -0.847731 -0.100878 -0.100063 0.164260 -0.145542 -0.195535 0.080180 -0.165806 0.290427 0.674560 0.082112 0.020285 -0.128596 0.350037 0.063332 0.361274 -0.125467 0.337734 -0.263071 -0.412772 -0.171169 0.164355 0.073416 0.158487 -0.101757 0.362964 0.184153 0.269300 0.515033
P51617,0.091395 0.277212 -0.040924 0.193563 0.032355 0.138310 -0.016226 -0.020977 -0.116151 -0.112318 0.020068 -0.037187 -0.010004 -0.016749 0.008060 -0.057985 0.500028 0.039253 0.188106 0.049649 0.034236 -0.090812 -0.077226 0.165447 0.013577 0.008661 0.145708 0.279046 0.260522 0.053567 -0.020522 0.570150 -0.056166 -0.133064 0.005073 0.101787 0.107930 0.040520 0.012460 0.107861 0.042072 -0.124102 -0.068856 -0.136553 0.705746 -0.067285 -0.070574 0.163010 -0.061932 -0.109287 0.067256 0.277409 -0.040151 -0.413572 -0.324850 -0.111284 -0.073936 -0.154419 0.163010 0.146344 0.167266 -0.017213 -0.191166 0.209394
P51681,-0.370979 0.163444 0.110216 -0.032627 -0.279194 0.257913 -0.231237 0.115205 0.658465 -0.414619 0.184422 0.039218 0.413182 0.194692 0.234461 0.121961 -0.192703 0.158727 0.113141 -0.120175 0.147198 -0.070418 -0.299291 -0.092429 -0.467851 0.183140 0.219209 -0.038114 0.576440 -0.173958 0.222912 0.748006 0.147705 0.213432 0.078180 0.229319 -0.087363 -0.097000 0.128825 -0.110465 -0.081777 0.153940 0.463790 0.027614 -0.139546 0.149468 0.060045 -0.102894 -0.180646 0.188905 -0.050989 0.017501 0.022994 0.549097 0.512544 0.478572 0.165136 0.144438 -0.132006 -0.080662 -0.114856 0.132191 0.039377 -0.187456
P51812,-0.542808 -0.391634 -0.283392 0.303034 -0.102444 0.772727 -0.405335 -0.293919 0.274185 -0.505702 -0.276925 -0.659452 0.237242 -0.199548 -0.234554 -0.425042 -0.133122 -0.286290 -0.268099 0.362816 -0.232477 0.214176 -0.717328 0.324243 -0.142732 -0.177686 -0.447543 -0.367935 0.317825 -0.356376 -0.261392 0.432423 -0.343879 -0.298026 -0.551713 0.357230 0.334373 0.246769 -0.225780 0.288361 0.287569 -0.291965 0.118698 -0.718212 -0.549480 -0.306921 -0.350459 0.281160 -0.454852 -0.362820 -0.873155 0.460358 -0.601614 -0.062602 0.030635 -0.044511 -0.256072 -0.279383 -0.303291 0.292653 -0.650671 -0.332715 -0.816476 -0.344795
P51813,-0.231614 -0.022966 0.055061 -0.025613 -0.134331 0.084019 -0.197623 0.084295 0.208670 -0.291042 0.137207 -0.180116 0.323428 0.137825 0.137076 0.041354 -0.015156 0.150160 0.056903 -0.043342 0.104820 -0.218566 -0.485033 -0.061979 -0.237567 0.083870 -0.162485 0.035187 0.372688 -0.204409 0.123524 0.519063 0.073858 0.068161 -0.012891 0.033476 -0.039198 -0.091774 0.123669 -0.062304 -0.063861 0.050626 0.237858 -0.138707 -0.150083 0.091223 0.018003 -0.044143 -0.094949 0.063988 0.001060 0.018457 -0.224847 0.250488 0.188401 0.363500 0.083747 0.075275 -0.177519 -0.009410 -0.014112 0.093926 -0.217678 -0.037241
P51843,0.371679 0.541905 0.180234 -0.067406 0.165426 -0.490981 0.036791 0.192973 -0.179788 0.240060 0.208815 0.290151 -0.008067 0.203097 0.180660 0.091606 0.488698 0.158132 0.132601 -0.269588 0.184180 -0.266028 0.535509 -0.097773 0.170463 0.072954 0.312949 0.346132 -0.199075 0.316309 0.160708 -0.079598 0.176957 0.147411 0.197533 -0.452231 -0.129476 -0.112157 0.269702 -0.182636 -0.203040 0.159193 -0.186850 0.430534 0.368173 0.118658 0.170327 -0.121083 0.351370 0.108483 0.483912 -0.198271 0.342751 0.048780 -0.188272 -0.119370 0.138086 0.186672 0.377412 -0.192650 0.543530 0.205133 0.415228 0.003593
P51955,0.164794 0.220909 0.388606 -0.510862 -0.125429 -0.442641 -0.065574 0.391889 -0.237278 -0.024604 0.350873 0.037217 -0.278710 0.336115 0.349190 0.394016 0.197818 0.401035 0.359550 -0.462250 0.378902 -0.522091 0.128403 -0.437364 -0.027019 0.370885 0.149206 0.367759 -0.251382 0.008277 0.362701 -0.323533 0.363016 0.343234 0.305668 -0.333460 -0.471612 -0.400773 0.391195 -0.456036 -0.479741 0.367084 0.033849 0.153843 0.167407 0.376880 0.387941 -0.460312 0.036249 0.369078 0.220209 -0.556743 0.250820 -0.159884 -0.092699 -0.112085 0.390570 0.382733 -0.097864 -0.504054 0.142421 0.418675 0.124889 0.108443
P51956,-0.447710 -0.213704 0.304617 -0.332735 -0.458601 0.258055 -0.478022 0.307143 0.430199 -0.408056 0.299648 -0.332063 0.394671 0.316934 0.316732 0.323875 -0.374508 0.330232 0.059971 -0.295628 0.306996 -0.314433 -0.428151 -0.339875 -0.492889 0.313284 -0.205782 0.055988 0.465436 -0.477170 0.317980 0.362108 0.311188 0.340837 0.025900 0.380660 -0.325159 -0.340698 0.339670 -0.335348 -0.330196 0.322966 0.472690 -0.385970 -0.437433 0.336797 0.306719 -0.339221 -0.376996 0.309881 -0.218266 -0.328276 -0.218237 0.456695 0.457915 0.482632 0.293998 0.321671 -0.478281 -0.335206 -0.280283 0.316977 -0.276374 -0.408607
P52333,-0.165276 0.051888 -0.027880 0.138416 -0.002699 0.274221 -0.153640 -0.031463 0.213733 -0.364083 0.066795 -0.118162 0.081805 0.054697 0.120029 -0.117672 0.180798 0.102629 0.115548 0.091819 0.077848 -0.185257 -0.423253 0.067381 -0.153182 0.043281 -0.009037 0.065947 0.428718 -0.277213 0.074394 0.670542 -0.065040 -0.029156 0.066176 0.011022 0.083606 0.014057 0.010255 0.078502 0.058780 -0.073263 0.170923 -0.226022 0.337929 -0.049473 -0.158181 0.102487 -0.143771 -0.091105 -0.049753 0.275313 -0.261529 -0.021867 -0.219190 0.289265 0.015837 -0.121150 -0.101586 0.129109 -0.168248 -0.007376 -0.392605 0.256552
P52564,0.641305 0.797980 0.284674 -0.337827 0.287265 -0.755316 0.369142 0.315318 -0.527500 0.445318 0.266122 0.488713 -0.706373 0.270999 0.283371 0.286358 0.933154 0.354416 0.706368 -0.388528 0.323113 -0.459554 0.533687 -0.291849 0.339826 0.323860 0.734481 0.705480 -0.520669 0.626423 0.265401 -0.572249 0.264053 0.194980 0.584407 -0.836063 -0.345248 -0.279767 0.322476 -0.319351 -0.403400 0.246417 -0.274995 0.551679 0.864307 0.262335 0.301417 -0.361926 0.463997 0.259217 0.679296 -0.400913 0.629321 -0.695111 -0.538913 -0.748153 0.336460 0.299722 0.434527 -0.367805 0.705487 0.300560 0.362985 0.630694
P53350,-1.598688 -2.000984 -1.060124 1.176880 -1.140305 1.841035 -1.284927 -1.112359 0.256436 -1.876372 -1.204650 -2.756822 1.821162 -1.128345 -1.165275 -1.176440 -2.153585 -1.097097 -2.274283 1.181268 -1.091929 1.189365 -1.804792 1.285314 -0.538786 -1.060138 -2.232043 -1.804370 0.965205 -1.676891 -1.226768 2.063349 -1.175868 -1.229533 -1.867426 1.445548 1.082998 1.060973 -0.929144 1.037400 1.217412 -1.121424 0.158531 -2.337229 -1.517288 -1.189286 -1.205082 1.262832 -1.988200 -1.261468 -2.661797 1.372253 -2.200228 0.237267 0.714396 0.850250 -1.355071 -1.133865 -0.856338 1.125454 -2.056124 -1.297774 -2.240078 -1.993564
P53355,0.583187 0.493111 0.101071 -0.060847 0.283002 -0.706470 0.188027 0.135411 -0.573911 0.192915 0.129788 0.286973 -0.359404 0.086588 0.048137 0.010950 0.786152 0.040696 0.297465 -0.154710 0.071131 -0.307942 0.172735 -0.008634 0.549375 0.031325 0.333681 0.395492 -0.527685 0.507508 0.066457 -0.317125 0.069654 -0.057946 0.079792 -0.529355 -0.101715 -0.064262 0.113596 -0.042621 -0.051014 -0.001190 -0.435897 0.598700 0.683173 0.030473 0.089416 -0.010182 0.450092 -0.008065 0.567406 -0.028589 0.352916 -0.486591 -0.428216 -0.467013 0.127170 0.076075 0.546883 -0.138935 0.580558 0.156185 0.394148 0.158891
P53667,0.036070 0.190985 0.009650 0.017417 -0.022562 -0.057802 -0.038893 0.012513 -0.063518 -0.061933 0.042983 -0.064036 -0.047774 0.071889 0.055723 -0.044890 0.244327 0.100348 0.106600 -0.007857 0.082870 -0.125482 -0.029713 0.014555 0.009012 0.055939 0.088070 0.213155 0.099653 -0.029325 0.043964 0.079336 0.028181 -0.006766 0.131628 -0.149821 0.001937 -0.034808 0.090980 -0.028513 -0.061287 -0.014418 -0.000504 -0.071118 0.117866 0.021528 -0.011134 -0.013359 0.068419 -0.032201 0.039774 0.052653 0.102894 -0.200587 -0.224273 -0.007490 -0.043233 0.017397 0.046413 0.017597 0.108066 -0.013480 -0.056291 0.075972
P53671,0.481603 0.528794 0.191067 -0.293812 0.199037 -0.685403 0.294497 0.213013 -0.464142 0.278727 0.196394 0.282710 -0.559076 0.174842 0.182823 0.182833 0.582475 0.281173 0.422129 -0.265829 0.247708 -0.359125 0.477253 -0.217952 0.328543 0.212002 0.420946 0.470440 -0.402202 0.375388 0.197912 -0.560705 0.182270 0.143974 0.327851 -0.719776 -0.263715 -0.214104 0.247425 -0.255598 -0.294062 0.162538 -0.235449 0.348634 0.617792 0.203813 0.216027 -0.259366 0.400895 0.144074 0.346333 -0.312485 0.543299 -0.543364 -0.481200 -0.441168 0.201725 0.221470 0.287347 -0.284957 0.463441 0.212741 0.373705 0.366640
P53778,0.531901 0.688930 0.438558 -0.559049 0.147369 -0.790312 0.255411 0.440409 -0.528520 0.300180 0.402261 0.374489 -0.727477 0.380847 0.391364 0.416996 0.735914 0.461790 0.622266 -0.530112 0.421961 -0.600790 0.319296 -0.443136 0.313473 0.391737 0.487712 0.621993 -0.615179 0.400684 0.367182 -0.732015 0.393162 0.357499 0.541719 -0.973818 -0.527225 -0.425599 0.439239 -0.471995 -0.525649 0.392683 -0.217903 0.471521 0.593516 0.391798 0.398967 -0.527290 0.414107 0.379067 0.520120 -0.637047 0.700893 -0.510789 -0.415804 -0.503470 0.471682 0.419883 0.105652 -0.568760 0.537440 0.463975 0.384723 0.525197
P53779,-0.025766 0.126360 0.224098 -0.189044 -0.216784 0.152616 -0.118932 0.219927 0.119468 -0.223075 0.185737 -0.153264 0.278627 0.199224 0.167818 0.197855 0.044905 0.222210 0.102883 -0.173475 0.217006 -0.219196 -0.062856 -0.169145 -0.026240 0.209178 0.082516 0.185631 0.203671 -0.129125 0.181871 0.105904 0.214405 0.180131 0.093191 0.133234 -0.209098 -0.221424 0.228335 -0.206618 -0.193954 0.192501 0.155377 -0.054955 -0.156950 0.200163 0.226516 -0.211768 -0.115912 0.188143 0.087184 -0.196298 0.176818 0.071518 0.209878 0.225877 0.158046 0.227986 -0.106996 -0.189304 0.088975 0.190477 0.057446 -0.158316
P54646,0.122462 0.239236 0.269871 -0.337562 -0.151601 -0.216305 -0.128307 0.299406 -0.104726 -0.047816 0.270912 0.056473 -0.059808 0.259164 0.236923 0.227094 0.198925 0.265501 0.210893 -0.309688 0.280990 -0.378058 0.107961 -0.237933 0.059584 0.258160 0.226638 0.313898 -0.126439 -0.019871 0.247489 -0.148692 0.260545 0.224106 0.198493 -0.251607 -0.312307 -0.266894 0.314965 -0.325506 -0.279614 0.250122 -0.013687 0.213520 0.173595 0.269216 0.270186 -0.287375 0.066400 0.222265 0.161456 -0.327510 0.291917 -0.107246 -0.000926 -0.037890 0.255212 0.278955 0.041829 -0.339615 0.177848 0.280129 0.099849 -0.023700
P54750,-0.513663 -0.336048 0.273599 -0.272946 -0.484562 0.490551 -0.511704 0.263888 0.544405 -0.490821 0.263060 -0.385820 0.498410 0.296774 0.286497 0.268009 -0.510576 0.281122 -0.016858 -0.233378 0.276814 -0.257603 -0.429024 -0.301567 -0.542295 0.290762 -0.302050 -0.025451 0.577632 -0.558633 0.281521 0.455529 0.280177 0.312540 -0.029223 0.569432 -0.267820 -0.289093 0.299735 -0.282360 -0.292225 0.291273 0.512223 -0.477017 -0.574463 0.295852 0.271480 -0.289533 -0.439688 0.282599 -0.270914 -0.270510 -0.294632 0.570626 0.513560 0.498969 0.249877 0.294655 -0.539889 -0.273321 -0.355420 0.242699 -0.325632 -0.518808
P54760,-0.292586 -0.052342 0.279513 -0.279914 -0.337678 0.226762 -0.356684 0.273610 0.306609 -0.302603 0.278136 -0.217863 0.255204 0.295651 0.298933 0.264931 -0.177832 0.309666 0.124576 -0.260597 0.295404 -0.300898 -0.292324 -0.289475 -0.351581 0.289525 -0.127034 0.147615 0.345028 -0.341758 0.291528 0.228414 0.268943 0.296265 0.130508 0.140472 -0.284049 -0.308903 0.295321 -0.287120 -0.292582 0.286628 0.398182 -0.299167 -0.251747 0.289339 0.249769 -0.291566 -0.261398 0.265729 -0.079759 -0.295969 -0.123549 0.312011 0.296305 0.382905 0.257252 0.274468 -0.431724 -0.281958 -0.165333 0.262975 -0.162815 -0.235952
P54762,-0.284318 -0.009182 0.224278 -0.209275 -0.249767 0.143869 -0.274146 0.219391 0.293178 -0.198730 0.243050 -0.146218 0.266967 0.262634 0.251665 0.209315 -0.142882 0.276949 0.104805 -0.211153 0.246019 -0.271085 -0.255184 -0.241390 -0.292879 0.234248 -0.092278 0.153525 0.330276 -0.307987 0.254140 0.239641 0.225451 0.246689 0.100815 0.047023 -0.213350 -0.257535 0.245513 -0.243478 -0.238516 0.242377 0.323120 -0.219843 -0.211221 0.247176 0.197537 -0.232061 -0.168346 0.212141 0.006591 -0.230143 -0.118252 0.332208 0.301970 0.333679 0.222451 0.247879 -0.350196 -0.211181 -0.056536 0.227135 -0.109919 -0.171877
P54764,-0.298199 0.078712 0.210575 -0.207417 -0.241698 0.060776 -0.280292 0.213860 0.223766 -0.250942 0.230635 -0.153919 0.249502 0.247842 0.262770 0.192742 -0.150049 0.262725 0.092693 -0.207280 0.234723 -0.314026 -0.283437 -0.227248 -0.280337 0.207686 -0.062376 0.113491 0.248558 -0.319014 0.251451 0.236477 0.211108 0.231052 0.088806 -0.096225 -0.227909 -0.253100 0.216574 -0.250655 -0.224223 0.242313 0.288022 -0.205027 -0.062474 0.215516 0.163576 -0.206185 -0.153398 0.207008 0.024492 -0.229279 -0.096495 0.324534 0.294172 0.311996 0.225448 0.239856 -0.302729 -0.226069 -0.048028 0.210699 -0.150522 -0.170499
P55011,0.503891 0.625704 0.312854 -0.419923 0.092967 -0.694032 0.254896 0.336555 -0.271452 0.301874 0.296665 0.506446 -0.535785 0.266287 0.311902 0.329110 0.522375 0.348508 0.475042 -0.408165 0.311600 -0.431135 0.534929 -0.346310 0.231592 0.302073 0.525547 0.489206 -0.389202 0.327924 0.317016 -0.621703 0.297071 0.307225 0.534912 -0.742717 -0.395714 -0.316903 0.324170 -0.372852 -0.408426 0.313905 -0.101490 0.520003 0.597326 0.309463 0.325979 -0.393193 0.340333 0.313878 0.516918 -0.531176 0.640695 -0.313965 -0.293068 -0.420749 0.339297 0.335807 0.262376 -0.421020 0.480940 0.341756 0.479844 0.322784
P55055,0.033567 -0.003747 -0.006133 -0.050101 -0.119958 -0.183006 -0.095709 0.052586 -0.136085 0.024544 0.039980 -0.390271 0.081181 -0.018390 -0.003267 0.031268 -0.023627 0.045451 -0.164692 -0.055858 0.060259 -0.072331 -0.230536 -0.030100 -0.061769 0.023095 0.078417 -0.045089 -0.045938 0.014038 0.020624 0.087198 0.090765 -0.037896 0.001532 0.307701 -0.035638 -0.061530 0.160140 -0.035585 -0.059815 0.057963 -0.128133 -0.146630 0.176209 -0.002981 0.075815 0.012462 0.023824 -0.001759 0.073393 -0.102705 -0.037158 -0.137841 -0.045963 0.049989 -0.057815 0.055476 -0.077193 -0.030421 0.054178 0.077727 0.003700 -0.036837
P55072,-3.843483 -7.461438 -3.380653 3.628114 -0.552321 3.591921 -2.089609 -3.983170 1.084892 -3.337270 -3.909742 -5.166786 4.447198 -3.673869 -3.718501 -3.665602 -3.851617 -4.135646 -4.339710 3.938716 -3.789901 3.880327 -6.336000 3.731867 -1.552126 -3.298510 -6.540402 -5.048743 1.480790 -2.711240 -3.985434 3.913261 -3.782444 -3.844869 -6.994482 3.337326 3.678089 3.754490 -3.489104 3.862438 3.617063 -3.481400 -0.222296 -4.873971 -4.772165 -3.766991 -3.922465 3.693917 -5.013694 -3.912004 -7.516595 4.415316 -7.532439 0.384751 1.145979 -0.848559 -3.424949 -3.695531 -2.041725 3.742317 -6.421468 -3.736458 -6.262320 -2.735013
P55157,-0.296419 -0.048142 0.285397 -0.295782 -0.310906 0.207060 -0.317451 0.292432 0.388690 -0.261165 0.292309 -0.109040 0.235673 0.306316 0.314874 0.290240 -0.227842 0.300353 0.117179 -0.289026 0.286253 -0.281069 -0.190077 -0.313631 -0.341801 0.305333 -0.035687 0.099806 0.316517 -0.310055 0.314226 0.251847 0.296394 0.327818 0.116600 0.236816 -0.310793 -0.297533 0.296819 -0.314155 -0.306305 0.311481 0.386888 -0.172816 -0.328759 0.319646 0.277699 -0.314883 -0.171114 0.308848 -0.083904 -0.307193 -0.050121 0.425710 0.383956 0.364745 0.300094 0.308304 -0.348027 -0.293996 -0.054956 0.281867 -0.090417 -0.309041
P55211,0.490431 0.692590 0.183443 -0.228856 0.377535 -0.829985 0.386269 0.219259 -0.505465 0.489303 0.231741 0.650439 -0.653843 0.185526 0.214718 0.191158 0.876904 0.235097 0.539911 -0.274173 0.209352 -0.304335 0.593860 -0.192026 0.407805 0.178934 0.577136 0.505848 -0.567718 0.553591 0.193612 -0.612738 0.174314 0.149748 0.500699 -0.997060 -0.190236 -0.188588 0.199785 -0.208176 -0.217746 0.187967 -0.294384 0.634009 1.084841 0.193931 0.168149 -0.171285 0.582720 0.137286 0.735470 -0.264828 0.436320 -0.458528 -0.656514 -0.552572 0.252004 0.181784 0.376620 -0.231404 0.526019 0.257335 0.477728 0.769677
P56524,1.053271 0.108541 -0.474460 0.359714 0.929763 -1.367217 0.704234 -0.394269 -1.130580 0.690191 -0.438196 -0.132913 -0.801558 -0.592939 -0.531557 -0.438519 0.828953 -0.529783 -0.176297 0.374681 -0.463855 0.368528 0.205821 0.454546 0.994528 -0.536420 0.426924 -0.008524 -0.919043 0.832303 -0.517618 -0.615745 -0.384965 -0.634686 -0.261374 -0.054811 0.484371 0.448248 -0.312787 0.514940 0.492702 -0.475603 -1.204561 0.610386 1.043150 -0.562334 -0.285962 0.534122 0.661216 -0.533851 0.480954 0.344477 0.234462 -1.132852 -0.961052 -1.050759 -0.445656 -0.460767 0.899553 0.377871 0.295869 -0.312457 0.326173 0.975501
P57059,-0.217697 -0.028483 0.214840 -0.264555 -0.249270 0.141195 -0.318252 0.231678 0.281363 -0.170654 0.235983 -0.038142 0.054690 0.224959 0.238266 0.214463 -0.037366 0.235908 0.202076 -0.234841 0.251848 -0.238457 -0.114561 -0.246869 -0.308339 0.261218 0.098181 0.266915 0.252097 -0.262041 0.234816 0.109955 0.240462 0.247422 0.182545 0.259480 -0.223343 -0.252964 0.275903 -0.262579 -0.232893 0.227580 0.245143 -0.233218 -0.184174 0.267630 0.248721 -0.249464 -0.135222 0.216843 -0.076936 -0.198001 0.038212 0.153368 0.196194 0.168568 0.198820 0.235891 -0.206242 -0.255940 -0.067026 0.237393 -0.144145 -0.139119
P57078,-0.401343 -0.183603 0.232205 -0.245848 -0.371642 0.266104 -0.426619 0.236418 0.418737 -0.388455 0.238700 -0.303068 0.336032 0.263218 0.254550 0.223699 -0.302718 0.266227 0.054703 -0.212218 0.251304 -0.237580 -0.360910 -0.261159 -0.453577 0.246426 -0.129366 0.089434 0.448260 -0.456340 0.258302 0.344209 0.246566 0.277207 0.044516 0.383536 -0.227658 -0.266135 0.280943 -0.264710 -0.244347 0.255236 0.408146 -0.375944 -0.393526 0.268499 0.234209 -0.257389 -0.313419 0.236122 -0.178670 -0.204474 -0.197308 0.411589 0.384592 0.445309 0.213496 0.255988 -0.382779 -0.232319 -0.253705 0.228803 -0.274138 -0.314863
P60568,-0.144664 0.133058 0.356234 -0.422001 -0.268454 -0.224160 -0.207028 0.365999 0.130933 -0.114840 0.359329 -0.004102 -0.054570 0.339956 0.379524 0.355477 -0.032037 0.382315 0.277718 -0.399319 0.367595 -0.417516 -0.053322 -0.383523 -0.265244 0.365453 0.171471 0.302130 0.091070 -0.187083 0.369422 -0.067726 0.334369 0.378903 0.271931 -0.136443 -0.415861 -0.385339 0.365548 -0.393108 -0.386978 0.363369 0.254477 0.046525 -0.024695 0.368200 0.347360 -0.381382 -0.118012 0.344430 0.151609 -0.412701 0.113671 0.195024 0.134900 0.177370 0.378467 0.370582 -0.273296 -0.444970 0.029340 0.381179 0.054086 -0.135032
P61073,-0.172551 0.263399 0.128278 -0.057615 -0.154285 0.438479 -0.021290 0.139405 0.490410 -0.166143 0.175019 0.203221 0.098539 0.157196 0.281573 0.141294 -0.093417 0.215158 0.148510 -0.111376 0.149477 -0.122989 -0.172535 -0.104130 -0.329196 0.164430 0.243246 0.060360 0.212821 0.039735 0.232764 0.543036 0.112137 0.181172 0.297646 0.122484 -0.132624 -0.115157 0.075087 -0.111698 -0.054576 0.143217 0.265347 -0.073465 0.091002 0.130670 0.086177 -0.070585 -0.144965 0.193474 0.126614 0.003556 0.186205 0.352421 0.279768 0.380881 0.264975 0.086076 -0.163753 -0.137451 0.133537 0.137592 -0.008641 0.069654
P62508,0.146067 0.322760 0.208070 -0.255144 -0.012851 -0.462651 0.031080 0.232224 -0.174927 0.093032 0.253752 0.034608 -0.168144 0.224435 0.216111 0.194200 0.255232 0.246862 0.190976 -0.272919 0.229760 -0.339230 0.041940 -0.214401 0.077919 0.167035 0.202772 0.273863 -0.142196 0.076887 0.226436 -0.165340 0.223795 0.199593 0.194785 -0.299971 -0.242280 -0.228985 0.278674 -0.237147 -0.248073 0.206994 -0.033883 0.221148 0.258719 0.211863 0.212568 -0.234493 0.201268 0.174858 0.286306 -0.312244 0.278357 -0.076205 -0.123484 0.011617 0.194082 0.229624 0.081569 -0.258291 0.216494 0.251994 0.254476 -0.016837
P62942,0.894191 0.999468 0.074256 0.084336 0.613871 -0.150912 0.773532 0.052582 -0.472262 0.697461 0.057005 0.913915 -0.654956 0.049430 -0.030297 0.059196 0.928803 -0.041631 0.594378 -0.083898 -0.029300 0.110531 1.062523 0.068292 0.733849 0.008973 0.923360 0.374761 -0.641540 0.842826 0.019896 -0.729534 0.053249 -0.066084 0.462716 -0.497019 0.050827 0.057123 -0.125514 0.013479 0.035637 -0.006628 -0.428875 1.034270 0.610372 0.010894 0.056210 -0.030866 0.786473 0.121272 0.766647 0.023982 0.821216 -0.437025 -0.321683 -0.473185 0.111349 -0.037549 0.903802 0.136954 1.080570 0.015663 1.084958 0.753873
P62993,18.465236 13.978685 -8.928290 7.650146 19.744203 -21.504770 20.725719 -8.491627 -14.758165 21.226583 -7.141621 20.097019 -19.748795 -7.969385 -7.668583 -8.697353 21.831214 -6.546712 5.886438 7.499529 -6.949823 5.887115 17.045969 7.895083 18.044678 -8.332484 13.323208 6.278095 -18.369040 19.024011 -6.966199 -18.373036 -8.114134 -7.861580 5.809216 -25.030459 8.941242 8.149230 -8.242145 8.176710 7.392098 -8.806547 -15.360219 16.937965 21.232254 -7.644826 -7.870862 7.315604 20.762519 -9.002143 13.412691 7.472230 13.860475 -17.432063 -20.391708 -18.543471 -7.551899 -7.430610 18.765809 8.107308 15.635877 -7.440180 14.770190 21.337744
P68400,0.731501 -1.284561 -2.897333 3.342023 1.859905 -0.508395 0.951203 -3.302062 -3.236647 0.471594 -3.062508 -1.844668 -0.585273 -3.023418 -3.390807 -3.558329 -0.418653 -3.408410 -3.059102 2.987364 -3.395474 2.754975 0.050055 3.443223 2.742770 -3.388512 -2.883239 -2.874537 -2.628219 0.583214 -3.257611 -0.444459 -3.345172 -3.424575 -3.755484 -1.103094 3.124986 3.241223 -3.083828 3.036000 2.964146 -3.366166 -2.951198 -0.993807 -0.778577 -3.690756 -3.480407 3.027921 -0.070745 -3.579310 -1.968598 2.960637 -1.850600 -2.930019 -2.701667 -2.509573 -3.641783 -3.186609 1.815925 2.897957 -1.963822 -3.321333 -0.978328 -0.113946
P78356,-0.307609 -0.120968 0.224653 -0.222125 -0.345705 0.280289 -0.389288 0.223348 0.439928 -0.338659 0.223546 -0.217131 0.348989 0.249487 0.232349 0.206808 -0.295118 0.244944 0.054881 -0.188583 0.226345 -0.211420 -0.272438 -0.234725 -0.377165 0.228124 -0.151359 0.093866 0.450142 -0.392816 0.248273 0.323953 0.228918 0.259974 0.072356 0.401085 -0.215410 -0.238881 0.263863 -0.240318 -0.230426 0.229335 0.411717 -0.313690 -0.391239 0.240577 0.227603 -0.243757 -0.280985 0.218854 -0.121840 -0.206357 -0.119712 0.390800 0.365457 0.404432 0.181685 0.243754 -0.350348 -0.218599 -0.189058 0.212213 -0.156634 -0.368584
P78362,1.069166 0.814157 -0.168054 0.430044 0.768031 -0.457657 1.061841 -0.222146 -0.903796 0.712119 -0.225558 0.312892 0.043083 -0.355503 -0.467104 -0.353241 1.007884 -0.318995 -0.076861 0.399641 -0.288948 0.167088 0.924482 0.622994 1.462649 -0.452192 0.394990 0.352647 -0.755087 0.789681 -0.399973 -0.983191 -0.258313 -0.507410 -0.099902 -0.444683 0.407340 0.363072 -0.179563 0.391408 0.402026 -0.313639 -1.002639 0.720096 0.531907 -0.446813 -0.248790 0.378958 0.648457 -0.432500 0.238278 0.221922 0.553786 -0.596760 -0.403148 -0.833116 -0.362077 -0.235238 1.212191 0.461632 0.895195 -0.341805 1.281004 0.166409
P78417,0.420161 0.522573 0.167829 -0.162966 0.147910 0.011545 0.176710 0.187247 -0.214330 0.372982 0.099305 0.285612 -0.666264 0.161823 0.095604 0.231270 0.308876 0.093566 0.461252 -0.175601 0.151631 -0.054627 0.570751 -0.189073 0.233815 0.166884 0.610279 0.292808 -0.285250 0.257787 0.120815 -0.513542 0.183523 0.118547 0.616568 -0.102397 -0.139713 -0.134514 0.062540 -0.153070 -0.187185 0.150456 -0.130657 0.425233 0.410386 0.146831 0.232442 -0.173714 0.378550 0.269746 0.500038 -0.145874 0.600534 -0.202415 -0.225412 -0.337008 0.184142 0.115584 0.199549 -0.141792 0.565870 0.123045 0.458812 0.434611
P78527,-0.456032 -2.673382 -1.993195 2.291856 -0.151564 1.650707 -0.571564 -2.002480 -0.294405 -1.256731 -2.067900 -2.074111 1.626934 -2.218901 -2.122393 -2.101521 -2.125645 -2.288054 -3.497914 2.025580 -2.182750 1.995947 -1.472843 2.358578 0.211042 -2.281194 -2.266509 -2.967203 0.406907 -0.511569 -2.150602 1.867954 -2.029236 -2.162553 -2.823955 2.134995 2.065986 2.135965 -1.649659 2.189273 2.216676 -2.034521 -1.113446 -1.385522 -1.982124 -2.346501 -2.081644 2.284371 -1.794849 -2.108641 -2.285717 2.106635 -2.151471 0.100528 0.318488 0.061489 -2.236345 -2.156568 0.359421 2.008359 -1.821547 -1.978460 -2.059111 -2.386234
P80192,-0.329920 -0.200375 0.171394 -0.208783 -0.331568 0.167079 -0.366152 0.174956 0.380364 -0.318600 0.181639 -0.238113 0.242958 0.202431 0.201970 0.175607 -0.304162 0.212589 0.019408 -0.155358 0.194715 -0.185474 -0.300558 -0.227488 -0.417890 0.197518 -0.143178 0.054858 0.397276 -0.385033 0.204840 0.249757 0.189935 0.233441 0.060728 0.325847 -0.189537 -0.212544 0.238948 -0.221798 -0.208506 0.200138 0.353929 -0.357952 -0.404582 0.221502 0.191350 -0.218544 -0.275104 0.184203 -0.198100 -0.179539 -0.158732 0.341586 0.290201 0.381262 0.138709 0.208330 -0.349101 -0.205597 -0.241287 0.178814 -0.231444 -0.310478
P98170,0.248314 0.296950 -0.151894 0.218297 -0.102194 0.129034 0.392764 -0.128176 -0.519301 0.120524 -0.136598 -0.450021 0.366121 -0.176627 -0.193284 -0.122356 -0.010441 -0.007037 -0.567958 0.133301 -0.054394 0.093163 0.070904 0.262432 0.618133 -0.182853 -0.236758 -0.016458 -0.061189 -0.100028 -0.136696 -0.081696 -0.118656 -0.268970 -0.155196 -0.253389 0.179549 0.084793 -0.065933 0.197711 0.224360 -0.160091 -0.353210 -0.203885 0.022870 -0.183793 -0.141416 0.255321 0.088652 -0.244000 0.136727 0.150270 -0.062346 -0.363256 -0.161877 0.095175 -0.242486 -0.173253 0.189950 0.218394 0.229538 -0.144467 0.113099 0.077535
Q00534,0.384650 0.266652 -0.350607 0.413611 0.453222 -0.384898 0.833686 -0.375807 -0.793263 0.593596 -0.406365 -0.028753 -0.218938 -0.359476 -0.577992 -0.447848 0.564901 -0.438101 -0.087191 0.415393 -0.342592 0.464334 0.600099 0.481955 1.012093 -0.499297 0.109096 -0.213039 -0.846928 0.683921 -0.405859 -0.677576 -0.466254 -0.508866 -0.631406 -0.633099 0.433359 0.399834 -0.485948 0.316861 0.411273 -0.445338 -0.764068 0.599515 0.543583 -0.421363 -0.394681 0.414757 0.685857 -0.456131 0.569768 0.398466 0.348102 -0.473489 -0.497844 -0.112313 -0.419754 -0.371085 0.550098 0.446301 0.189154 -0.401560 0.429233 0.329959
Q00535,0.457903 0.592448 -0.005830 0.081050 0.139233 -0.264242 0.607716 -0.021916 -0.341577 0.487239 -0.040086 0.209648 0.004889 -0.010845 -0.155939 -0.063339 0.383835 0.050586 0.044240 0.077223 0.064355 0.058064 0.575984 0.122796 0.789301 -0.106326 0.171048 0.294616 -0.299037 0.386999 -0.029607 -0.537574 -0.058573 -0.112715 -0.119700 -0.599151 0.065180 0.063757 -0.031490 -0.013921 0.050718 -0.067799 -0.324012 0.449349 0.280630 -0.040306 -0.006604 0.042529 0.548183 -0.110972 0.572827 0.062232 0.515470 -0.189784 -0.085821 0.143557 -0.068527 0.020977 0.375003 0.090245 0.426322 -0.027007 0.512699 0.252654
Q00536,0.406371 0.468975 0.163835 -0.199072 0.170641 -0.718473 0.292193 0.149510 -0.568530 0.258463 0.141470 0.216060 -0.482832 0.131927 0.110617 0.088875 0.631098 0.144305 0.251937 -0.226436 0.137919 -0.305949 0.290983 -0.129998 0.421875 0.105458 0.284270 0.368927 -0.522159 0.379148 0.098393 -0.574058 0.113588 0.070218 0.129457 -0.651740 -0.202471 -0.126259 0.161381 -0.173425 -0.202620 0.117493 -0.333179 0.505167 0.409977 0.090599 0.116249 -0.195116 0.289560 0.051049 0.394756 -0.258837 0.339928 -0.527959 -0.539420 -0.504695 0.120283 0.129726 0.243188 -0.221203 0.351087 0.164438 0.266273 0.356003
Q00537,-0.207703 -0.105144 0.183858 -0.210858 -0.296125 0.087592 -0.271356 0.179159 0.140850 -0.268015 0.160392 -0.263879 0.202997 0.187714 0.179073 0.159484 -0.167922 0.192874 -0.004075 -0.183432 0.175832 -0.226104 -0.234319 -0.191560 -0.171330 0.194621 -0.145385 0.053786 0.181188 -0.259906 0.166180 0.112718 0.167543 0.168036 -0.061427 0.119284 -0.219656 -0.188434 0.218700 -0.213138 -0.201354 0.182544 0.185114 -0.107659 -0.322865 0.177272 0.165779 -0.206675 -0.223945 0.150772 -0.095387 -0.197503 -0.120435 0.140029 0.154649 0.148550 0.161942 0.191845 -0.277914 -0.217733 -0.140364 0.176533 -0.225614 -0.226929
Q00975,-0.188927 0.115542 0.326561 -0.380149 -0.279279 -0.076240 -0.271245 0.329170 0.223117 -0.177001 0.334923 -0.040868 0.063284 0.333031 0.347569 0.346680 -0.066186 0.348964 0.186313 -0.375668 0.338515 -0.381282 -0.092514 -0.369314 -0.295525 0.343765 0.079961 0.174388 0.130110 -0.161537 0.355431 0.053137 0.328888 0.363900 0.217761 -0.004525 -0.373369 -0.350674 0.334793 -0.374012 -0.393621 0.349918 0.281091 -0.021680 -0.082744 0.343501 0.322503 -0.375981 -0.078483 0.340909 0.087841 -0.412764 0.066443 0.220922 0.195212 0.224314 0.339184 0.338341 -0.278632 -0.395656 -0.017397 0.344748 -0.010688 -0.154666
Q00987,2.938454 0.089172 -4.105879 4.193775 3.278776 -2.822922 4.025157 -3.796078 -5.639728 3.011239 -3.956420 -0.583702 -2.143551 -4.316918 -4.396241 -3.867014 1.077892 -3.844116 -4.039450 3.829754 -4.059420 4.053841 2.042894 4.352696 5.504824 -4.413336 -0.232503 -2.583209 -3.606291 2.578553 -4.181817 -2.476110 -3.867297 -4.334327 -1.765401 -2.389768 4.184474 3.725066 -3.875200 3.997547 4.260331 -3.956380 -5.318170 0.696354 3.151242 -4.354626 -3.652899 4.444669 2.177913 -4.261242 0.389144 3.587756 -0.616677 -4.234147 -3.805563 -3.320804 -4.261923 -3.757133 4.258350 4.010120 0.470863 -4.062175 1.534922 1.133162
Q01650,-0.304430 -0.087498 0.276483 -0.327965 -0.315846 0.119923 -0.293224 0.289997 0.345984 -0.247746 0.281966 -0.196276 0.142034 0.288811 0.306468 0.298444 -0.232857 0.321111 0.142812 -0.270064 0.303413 -0.308516 -0.226821 -0.321031 -0.355037 0.306261 -0.054842 0.130790 0.321373 -0.342412 0.307753 0.195376 0.275857 0.319138 0.103086 0.234101 -0.305489 -0.315928 0.304998 -0.313078 -0.314283 0.303998 0.366579 -0.236939 -0.185543 0.315713 0.286856 -0.326551 -0.199345 0.272593 -0.112483 -0.325053 -0.037995 0.311521 0.270741 0.286934 0.282564 0.298134 -0.361499 -0.318416 -0.181597 0.291948 -0.158627 -0.229966
Q01959,0.334889 0.615001 0.373832 -0.478289 0.080182 -0.727362 0.167703 0.382556 -0.224991 0.185470 0.383582 0.450989 -0.508981 0.346460 0.396297 0.388939 0.472247 0.387596 0.480369 -0.471571 0.370582 -0.509761 0.400782 -0.421577 0.115248 0.373696 0.495263 0.432340 -0.339345 0.269936 0.400822 -0.501171 0.364502 0.389455 0.464182 -0.628259 -0.464927 -0.384488 0.356461 -0.431580 -0.453325 0.396249 -0.030416 0.548640 0.574452 0.379322 0.357003 -0.447496 0.320339 0.369250 0.475341 -0.540063 0.555203 -0.189968 -0.222669 -0.302712 0.433323 0.401576 0.136510 -0.506768 0.356910 0.426754 0.471406 0.243730
Q02108,-0.509559 -0.310483 0.246136 -0.255919 -0.473489 0.378925 -0.529887 0.238013 0.492546 -0.473936 0.240255 -0.394924 0.441614 0.271642 0.259773 0.235774 -0.459211 0.258495 -0.014787 -0.220288 0.247336 -0.234632 -0.451046 -0.280523 -0.559820 0.258930 -0.281566 -0.014918 0.528538 -0.541802 0.261448 0.431850 0.248699 0.292349 -0.026772 0.506343 -0.249119 -0.273146 0.283400 -0.272864 -0.264834 0.265434 0.497469 -0.479342 -0.535641 0.274411 0.238247 -0.266217 -0.441305 0.249057 -0.272768 -0.230084 -0.315808 0.506641 0.462174 0.523701 0.211261 0.266901 -0.515454 -0.253352 -0.381194 0.236440 -0.358398 -0.469725
Q02127,-0.320899 -0.077801 0.312034 -0.343372 -0.360501 0.189587 -0.412732 0.312285 0.380468 -0.269440 0.289102 -0.228013 0.275856 0.317917 0.312458 0.325744 -0.250173 0.312846 0.140373 -0.286628 0.313230 -0.291407 -0.210679 -0.344880 -0.410949 0.322863 -0.103049 0.116379 0.334164 -0.331105 0.311681 0.181988 0.307183 0.328885 0.126680 0.288000 -0.322154 -0.324113 0.333034 -0.335850 -0.330588 0.328552 0.396717 -0.254947 -0.269105 0.326805 0.312699 -0.335994 -0.234384 0.316693 -0.068521 -0.337087 -0.073387 0.346076 0.329547 0.340142 0.309394 0.320214 -0.405715 -0.327161 -0.147309 0.302617 -0.200800 -0.248972
Q02156,-0.263371 0.098066 -0.171787 0.306396 0.048875 0.412870 -0.206423 -0.261737 0.132452 -0.218227 -0.131737 -0.367360 0.400053 -0.089073 -0.161153 -0.396333 0.179660 -0.177065 0.006504 0.311441 -0.143933 -0.050786 -0.408069 0.356557 0.018363 -0.181216 -0.320775 -0.110693 0.290846 -0.118811 -0.197324 0.582113 -0.216246 -0.270632 -0.290124 -0.275181 0.312855 0.287566 -0.140912 0.333496 0.162149 -0.276014 0.106852 -0.245061 0.029188 -0.313489 -0.386239 0.251367 -0.058300 -0.343881 -0.597035 0.410981 0.063950 -0.124308 -0.087521 -0.058912 -0.211433 -0.241761 0.002524 0.326605 -0.283525 -0.249519 -0.381717 -0.146386
Q02750,0.569043 0.695122 -0.016834 0.150928 0.272456 -0.350206 0.273979 -0.033490 -0.664444 0.126573 -0.077143 0.318480 -0.402884 -0.013867 -0.065657 -0.173846 1.034433 -0.013014 0.403930 0.003913 0.004776 -0.125111 0.290545 0.154100 0.429667 -0.026274 0.614616 0.518996 -0.380126 0.623426 -0.124935 -0.176430 -0.081564 -0.221506 0.200009 -0.585379 0.060141 0.111627 0.028460 0.062270 0.028012 -0.166172 -0.496040 0.410926 0.774012 -0.107464 -0.096431 0.094774 0.288214 -0.139359 0.431688 0.236571 0.285156 -0.796784 -0.733871 -0.628055 -0.080540 -0.086150 0.706410 0.117103 0.728099 -0.092698 0.158622 0.544523
Q02763,0.089257 0.319954 0.276698 -0.314439 -0.004367 -0.332315 -0.043896 0.259910 -0.059472 0.044544 0.285193 0.178394 -0.270556 0.280952 0.301427 0.246719 0.321196 0.329728 0.408591 -0.305892 0.301911 -0.397830 0.078455 -0.299330 -0.099495 0.279361 0.266746 0.413431 -0.083739 0.005596 0.282298 -0.194016 0.243443 0.263192 0.397652 -0.418109 -0.312245 -0.297235 0.300223 -0.307606 -0.346084 0.255703 0.027893 0.060937 0.245359 0.269099 0.240113 -0.328361 0.088542 0.250123 0.279350 -0.338940 0.251683 -0.122457 -0.224930 -0.098891 0.275140 0.277394 -0.060317 -0.316276 0.232982 0.284830 0.064612 0.260583
Q03181,0.023016 -0.101166 -0.059555 0.016240 -0.038569 -0.258879 0.030692 -0.018974 -0.143971 -0.015045 -0.013044 -0.432244 0.130333 -0.093495 -0.080161 -0.049269 -0.110106 -0.023442 -0.264582 0.020035 -0.032866 -0.019234 -0.201368 0.057556 0.028555 -0.093554 -0.108508 -0.132111 -0.019044 0.043912 -0.060756 0.113101 0.001875 -0.103537 -0.087102 0.277392 0.046145 0.021134 0.081110 0.064432 0.033825 -0.035231 -0.177536 -0.149349 0.048254 -0.077226 -0.001152 0.068680 -0.062292 -0.087203 -0.075592 -0.044102 -0.058814 -0.092549 -0.014510 0.075577 -0.090290 -0.047772 0.033396 0.016496 -0.076362 0.019729 -0.099412 -0.145195
Q03405,0.322731 1.077742 0.229783 -0.205101 0.353282 -0.813090 0.664791 0.236196 -0.043185 0.609384 0.319953 0.952662 -0.568857 0.226879 0.337127 0.295122 0.845630 0.306165 0.752066 -0.353441 0.315330 -0.108250 0.876095 -0.116634 0.491042 0.284800 1.302678 0.739021 -0.346091 0.756127 0.352333 -0.210239 0.218067 0.322376 0.876528 -0.723972 -0.224308 -0.207686 0.156096 -0.129811 -0.180409 0.223081 -0.006756 1.029049 1.468712 0.235412 0.135734 -0.147903 0.634550 0.204597 1.137939 -0.178262 0.822645 -0.308887 -0.138150 -0.192080 0.397022 0.209489 0.472614 -0.175848 0.940223 0.220371 1.015359 0.728739
Q04206,5.255889 2.043848 -3.049122 2.839179 5.069577 -5.685558 5.059830 -2.646059 -5.308709 4.925413 -2.442924 3.401399 -3.170214 -3.064662 -2.982446 -2.780013 4.712763 -2.564207 -1.155032 2.408207 -2.926845 2.491183 4.314834 2.875674 4.535293 -3.250654 1.435623 -0.428613 -4.814634 5.608147 -2.869544 -3.785876 -2.493105 -3.235711 -0.407224 -4.225352 2.818266 2.953050 -2.346365 2.867836 2.575500 -2.845387 -5.680562 3.995555 5.660245 -2.878651 -2.397333 3.049214 4.807215 -2.910431 3.862923 2.012194 1.893626 -4.624615 -5.067360 -4.424120 -2.688802 -2.494584 5.394952 2.778980 3.352947 -2.325067 3.398757 4.281512
Q04759,0.202859 0.367918 0.125465 -0.174035 0.052542 -0.335419 0.021209 0.140075 -0.144514 0.121266 0.189261 0.096351 -0.313663 0.155694 0.190100 0.051911 0.418118 0.201623 0.330401 -0.135598 0.208073 -0.397996 0.116042 -0.136672 0.178819 0.162738 0.103559 0.311544 -0.148941 0.022910 0.173662 -0.157367 0.117786 0.106549 0.287007 -0.596215 -0.138305 -0.142486 0.150278 -0.116868 -0.189685 0.092983 -0.010089 0.144828 0.474113 0.121168 0.029869 -0.156301 0.235562 0.037424 0.115003 -0.158110 0.294546 -0.312296 -0.360346 -0.167716 0.164465 0.093656 -0.033780 -0.174441 0.108330 0.172620 -0.102592 0.298235
Q04771,0.098699 0.337811 0.219591 -0.200130 -0.162531 -0.213111 -0.064289 0.234868 -0.073463 0.065656 0.247144 -0.013214 0.126851 0.241986 0.255791 0.206767 0.171850 0.305435 0.123308 -0.254239 0.264090 -0.311771 0.027083 -0.208795 0.000072 0.207542 -0.021754 0.302964 0.098947 0.017367 0.235339 0.035771 0.233627 0.186090 0.185345 -0.260489 -0.219259 -0.225929 0.273704 -0.215416 -0.238979 0.200140 0.081963 0.023426 0.170284 0.222276 0.206454 -0.206641 0.091673 0.175989 0.307828 -0.212619 0.116629 -0.017760 -0.082634 0.137417 0.203657 0.221708 -0.063401 -0.202884 0.248902 0.235764 0.100948 0.090177
Q04828,-0.154172 0.060767 0.261883 -0.253834 -0.260723 0.126618 -0.162673 0.268145 0.203300 -0.023228 0.235440 -0.028404 0.065678 0.279319 0.251228 0.286690 -0.030458 0.246686 0.220181 -0.267566 0.262844 -0.225975 0.035647 -0.285953 -0.263642 0.263216 0.143576 0.163561 0.177678 -0.192350 0.261960 0.033534 0.278640 0.288106 0.278195 0.112331 -0.257224 -0.263411 0.232946 -0.287121 -0.295471 0.284986 0.261488 0.017645 -0.046987 0.287338 0.263555 -0.268947 -0.073532 0.298617 0.148232 -0.267121 0.056180 0.277139 0.217316 0.239254 0.270671 0.257599 -0.180708 -0.236612 0.115123 0.242485 0.008564 -0.070455
Q04912,-0.144583 -0.009479 0.078487 -0.056119 -0.153048 0.076238 -0.160805 0.087952 0.221263 -0.223133 0.133768 -0.105583 0.185173 0.169287 0.174666 0.073408 0.028597 0.180217 0.035814 -0.076891 0.150693 -0.262592 -0.409016 -0.103071 -0.181305 0.108182 -0.150826 0.075909 0.317093 -0.249316 0.134520 0.223674 0.089541 0.104146 0.094786 -0.086986 -0.079420 -0.130232 0.144010 -0.075659 -0.124729 0.092997 0.225513 -0.256335 -0.000799 0.096101 0.041329 -0.097057 -0.128145 0.038617 -0.036469 -0.070420 -0.236575 0.091765 0.085528 0.191474 0.102975 0.099081 -0.249268 -0.095058 -0.048650 0.118409 -0.141638 -0.070925
Q05397,0.569459 0.982300 -0.380501 0.669422 0.308034 0.048493 0.329008 -0.440401 0.054766 0.127269 -0.228579 0.535823 0.049616 -0.270885 -0.160687 -0.519935 0.688931 -0.187967 0.097348 0.433842 -0.267981 0.102719 0.325945 0.560289 0.129708 -0.340424 0.258099 0.005373 0.163440 0.383379 -0.324607 0.702503 -0.388409 -0.461914 0.102042 -1.076826 0.471222 0.517618 -0.275219 0.498479 0.367750 -0.491225 -0.314841 0.406802 1.103441 -0.514208 -0.617195 0.507707 0.207372 -0.484203 -0.070257 0.703386 0.254964 -0.498115 -0.846636 -0.118885 -0.365347 -0.529947 0.756442 0.569685 0.472538 -0.446490 0.058561 0.517483
Q05513,0.175648 0.519046 -0.122902 0.237037 0.378415 -0.130302 0.214654 -0.136635 -0.143449 0.183713 0.017115 0.122969 -0.107740 -0.053009 -0.042641 -0.298936 0.871870 -0.021540 0.266455 0.226694 -0.023394 -0.221868 0.089513 0.304381 0.504509 -0.078484 0.352025 0.269594 0.018529 0.273808 -0.078192 0.363358 -0.181236 -0.263581 0.062863 -0.700540 0.281963 0.191212 -0.065514 0.310869 0.170356 -0.213679 -0.151460 0.248356 0.985193 -0.213009 -0.320882 0.270906 0.304534 -0.327780 -0.033023 0.333651 0.340014 -0.532021 -0.488308 -0.210359 0.007598 -0.223771 0.363048 0.258687 0.217386 -0.102080 -0.296581 0.636002
Q05586,0.650179 0.838836 -0.042307 0.150352 0.602379 -0.415868 0.508422 -0.090434 -0.286457 0.499689 0.064620 0.807463 -0.397027 -0.010564 -0.000984 -0.167870 0.779047 0.022653 0.477853 0.095525 -0.025910 -0.141328 0.822851 0.147086 0.567297 -0.070478 0.287963 0.471858 -0.281186 0.507109 0.004843 -0.356645 -0.079438 -0.072095 0.424649 -1.101200 0.138770 0.108524 -0.047821 0.113888 0.063703 -0.122957 -0.303787 0.487772 0.772362 -0.125595 -0.185637 0.018552 0.704932 -0.170272 0.263304 0.096780 0.525945 -0.396239 -0.670933 -0.606002 -0.069676 -0.078636 0.720261 0.125130 0.668063 -0.035292 0.723289 0.566120
Q05655,-0.502923 -0.191019 -0.482921 0.720035 0.098266 1.109513 -0.344831 -0.533825 0.566694 -0.533804 -0.382675 -0.699245 1.047308 -0.350731 -0.443158 -0.811913 0.210923 -0.471348 -0.280793 0.747186 -0.398961 0.269075 -0.846269 0.794997 0.237716 -0.491169 -0.441529 -0.454065 0.717615 -0.240634 -0.473576 1.274155 -0.538085 -0.641391 -0.823564 0.114400 0.771285 0.667228 -0.360716 0.761907 0.613600 -0.622157 0.267622 -0.567542 -0.073834 -0.617437 -0.749260 0.700412 -0.234915 -0.680394 -0.979174 0.898644 -0.385031 0.102989 0.331199 0.276746 -0.415850 -0.574949 -0.075983 0.820078 -0.592484 -0.548469 -0.918562 -0.286310
Q05940,-0.278059 -0.126177 0.275415 -0.277904 -0.364942 0.184216 -0.381650 0.271762 0.369667 -0.336150 0.258267 -0.218758 0.259678 0.286101 0.263138 0.261240 -0.245800 0.275240 0.095668 -0.251384 0.267952 -0.262092 -0.271369 -0.295957 -0.399607 0.264228 -0.094650 0.137745 0.371154 -0.357442 0.264850 0.259403 0.268292 0.296402 0.109614 0.324323 -0.268137 -0.279779 0.304359 -0.288970 -0.283885 0.274230 0.379923 -0.293449 -0.355763 0.275145 0.273779 -0.292512 -0.313999 0.257744 -0.135615 -0.256972 -0.127949 0.364468 0.326777 0.327258 0.239745 0.291098 -0.347806 -0.285585 -0.179950 0.268122 -0.186901 -0.284553
Q06187,-1.523690 -1.572698 -0.686137 0.892346 -0.900545 1.813331 -1.169020 -0.695379 1.173855 -1.691470 -0.573263 -1.768911 1.992270 -0.562461 -0.468328 -0.804080 -1.714693 -0.592523 -1.333039 0.883483 -0.633031 0.412110 -2.394318 0.763171 -0.982318 -0.581316 -2.165210 -1.616497 1.491218 -1.423694 -0.543093 2.550572 -0.802683 -0.660300 -1.671037 1.036485 0.713381 0.672555 -0.678149 0.767617 0.788838 -0.675279 0.855319 -1.620891 -1.254954 -0.698811 -1.059375 0.856377 -1.581181 -0.753390 -1.791585 1.045095 -2.112744 1.053398 1.049442 1.278178 -0.597454 -0.756123 -1.367227 0.827703 -1.902330 -0.663533 -2.157431 -1.341820
Q06278,-0.229113 -0.007452 0.346203 -0.413358 -0.330872 -0.035730 -0.319817 0.350401 0.240964 -0.233756 0.336014 -0.140881 0.093278 0.341901 0.355744 0.353535 -0.167461 0.366268 0.181165 -0.365659 0.350555 -0.392505 -0.156866 -0.399965 -0.343635 0.348590 -0.037764 0.190808 0.195933 -0.291341 0.354432 0.075205 0.338497 0.371705 0.171806 0.087880 -0.396435 -0.375343 0.367238 -0.392017 -0.397486 0.369754 0.324646 -0.153513 -0.159065 0.365660 0.340478 -0.393936 -0.204954 0.345807 0.022246 -0.428019 -0.017503 0.260225 0.229945 0.241514 0.347807 0.371736 -0.337398 -0.417594 -0.110834 0.359201 -0.125190 -0.206375
Q06418,0.127329 0.343395 0.296015 -0.320667 -0.047862 -0.212878 -0.043648 0.279343 0.040833 0.054915 0.302471 0.208154 -0.151243 0.279522 0.330646 0.273765 0.343879 0.381646 0.379470 -0.306079 0.334403 -0.423589 0.088178 -0.292254 -0.087950 0.289220 0.225067 0.450422 0.013608 0.002441 0.312902 -0.142236 0.260232 0.272525 0.400778 -0.404078 -0.314577 -0.296679 0.330583 -0.293588 -0.374272 0.280211 0.066293 -0.035757 0.216765 0.287931 0.243717 -0.317883 0.066716 0.272501 0.194018 -0.367200 0.183113 -0.084116 -0.155419 -0.048895 0.326267 0.265543 -0.175756 -0.304174 0.226345 0.320586 -0.002999 0.350532
Q06520,-0.109672 0.123701 0.358964 -0.439624 -0.262764 -0.246307 -0.186097 0.369744 0.100582 -0.114132 0.346977 -0.018135 -0.074442 0.346443 0.371479 0.377655 -0.017259 0.385849 0.285394 -0.404162 0.368507 -0.430805 -0.050739 -0.406279 -0.232631 0.356946 0.146266 0.290609 0.069661 -0.178645 0.367239 -0.120184 0.342469 0.383008 0.267896 -0.108646 -0.419097 -0.393842 0.371067 -0.411227 -0.421547 0.377108 0.243898 0.010334 0.046381 0.378202 0.358236 -0.411254 -0.089040 0.351286 0.147333 -0.469153 0.151147 0.136414 0.086775 0.106964 0.371956 0.373908 -0.236503 -0.444177 0.014035 0.386330 0.012368 -0.087473
Q07343,-0.334266 -0.142163 0.224037 -0.217458 -0.321486 0.249417 -0.352935 0.216819 0.422556 -0.350214 0.233173 -0.157166 0.366282 0.253406 0.254354 0.205003 -0.277823 0.243949 0.041637 -0.202280 0.239148 -0.248146 -0.281250 -0.240729 -0.405840 0.234449 -0.135447 0.059029 0.434694 -0.356520 0.246657 0.359689 0.234696 0.264028 0.038247 0.304916 -0.213259 -0.232327 0.259854 -0.239315 -0.239743 0.244567 0.383049 -0.291045 -0.332353 0.240604 0.212056 -0.234284 -0.277749 0.233134 -0.134485 -0.205272 -0.169911 0.436236 0.355322 0.374718 0.213073 0.242956 -0.331643 -0.227560 -0.182043 0.212005 -0.168024 -0.355741
Q07817,0.125455 -0.014237 -0.122938 0.316109 -0.145741 0.687074 -0.235931 -0.116029 -0.431808 -0.302187 -0.175432 -0.351089 0.283599 -0.170385 -0.163297 -0.177580 -0.177670 -0.186517 -0.565143 0.104893 -0.187646 0.191495 0.152157 0.280668 0.398166 -0.192489 -0.085765 -0.231321 -0.032625 -0.196532 -0.193443 0.341016 -0.095271 -0.258133 -0.174405 0.486099 0.186180 0.141325 -0.188636 0.142037 0.232334 -0.218027 -0.257027 -0.093667 0.007067 -0.238943 -0.091151 0.293475 -0.025802 -0.106431 -0.057963 0.232949 0.016437 -0.174477 -0.066574 0.139006 -0.304504 -0.239560 0.094447 0.204013 0.056944 -0.234454 -0.126447 -0.325829
Q07869,0.507079 0.432506 0.046199 -0.105710 0.279026 -0.827318 0.407289 0.087693 -0.609679 0.363961 0.092028 0.128401 -0.433424 0.009585 0.017477 0.051088 0.564387 0.107090 0.097757 -0.132653 0.079269 -0.216547 0.321673 -0.054053 0.463950 0.015016 0.401425 0.291508 -0.499577 0.464240 0.048056 -0.496995 0.104186 -0.021722 0.234516 -0.340573 -0.075463 -0.079733 0.155906 -0.067217 -0.121896 0.048859 -0.493418 0.453086 0.617238 0.020393 0.129422 -0.069766 0.431536 0.019971 0.511035 -0.206193 0.540005 -0.528773 -0.483687 -0.332774 0.022192 0.095211 0.470208 -0.115799 0.478935 0.123668 0.518285 0.327915
Q07912,0.195844 0.027450 -0.033312 0.108356 -0.130551 0.108525 -0.192831 -0.096599 -0.021442 -0.242758 -0.020903 -0.159776 0.003113 -0.060617 0.043129 -0.166704 0.128400 0.055116 -0.023984 0.138942 0.017689 -0.191844 -0.086563 0.138840 0.093787 -0.084236 -0.316361 0.087226 0.236739 -0.354243 -0.013842 0.258388 -0.095662 -0.093557 0.016696 -0.285348 0.106137 0.049162 -0.036284 0.126586 0.034011 -0.136744 -0.001947 -0.504529 0.320842 -0.115617 -0.232606 0.130640 -0.288473 -0.168422 -0.117975 0.178098 -0.109701 -0.223885 -0.367789 0.152027 -0.078002 -0.229804 -0.208964 0.086882 -0.232531 -0.059145 -0.422124 0.054922
Q08289,-0.409701 -0.165067 0.272441 -0.299417 -0.406144 0.210520 -0.432774 0.269564 0.389136 -0.365806 0.269005 -0.285590 0.310132 0.295964 0.289343 0.271812 -0.308409 0.294006 0.073270 -0.263563 0.277028 -0.292195 -0.344483 -0.309806 -0.457159 0.287943 -0.146778 0.067001 0.421659 -0.452074 0.289032 0.279195 0.279216 0.318125 0.068355 0.283483 -0.290800 -0.303731 0.298186 -0.309063 -0.302920 0.294235 0.439063 -0.322788 -0.396816 0.298894 0.262886 -0.305463 -0.316531 0.277465 -0.151014 -0.292772 -0.184779 0.417045 0.373840 0.423026 0.244810 0.295973 -0.420528 -0.290540 -0.248284 0.267217 -0.227378 -0.367651
Q08345,-0.356670 -0.071478 0.257732 -0.277222 -0.352228 0.307924 -0.361711 0.271231 0.397362 -0.256682 0.266622 -0.213029 0.301070 0.287586 0.287011 0.268009 -0.210192 0.310162 0.078538 -0.262844 0.282250 -0.295188 -0.356238 -0.293074 -0.361066 0.271672 -0.137056 0.128843 0.391061 -0.380103 0.296937 0.277528 0.257660 0.301841 0.110474 0.222978 -0.271287 -0.295515 0.289523 -0.297071 -0.276551 0.296243 0.401841 -0.277989 -0.265703 0.294017 0.263705 -0.278421 -0.235282 0.259256 -0.048748 -0.269328 -0.274677 0.425042 0.431478 0.407087 0.274561 0.298873 -0.434579 -0.276443 -0.141271 0.268821 -0.182611 -0.311692
Q08493,-0.310746 -0.068617 0.319420 -0.374989 -0.371385 0.052339 -0.364047 0.327001 0.294001 -0.309363 0.316162 -0.207301 0.174766 0.330464 0.338633 0.334161 -0.212330 0.345924 0.131256 -0.342637 0.327123 -0.357900 -0.255731 -0.372656 -0.411346 0.334643 -0.068273 0.118008 0.297195 -0.336931 0.335814 0.165781 0.323471 0.360462 0.131332 0.175723 -0.366401 -0.354767 0.346075 -0.373579 -0.371331 0.343663 0.373232 -0.205031 -0.268520 0.346239 0.320385 -0.372273 -0.239496 0.326434 -0.066544 -0.389596 -0.088909 0.312188 0.294956 0.315945 0.314987 0.344255 -0.395035 -0.378487 -0.171857 0.332802 -0.163574 -0.285087
Q08499,0.431488 0.634668 0.305845 -0.300218 0.081253 -0.542098 0.221493 0.303801 -0.184008 0.316599 0.332508 0.416691 -0.208259 0.300957 0.309753 0.266548 0.466449 0.325266 0.353191 -0.329503 0.313955 -0.453852 0.426324 -0.256702 0.260066 0.244031 0.329503 0.481211 -0.212294 0.235679 0.273865 -0.277264 0.297061 0.247659 0.447385 -0.589400 -0.301073 -0.254168 0.328770 -0.289800 -0.333593 0.266392 -0.118673 0.446184 0.568300 0.253833 0.275670 -0.294825 0.390705 0.235802 0.440977 -0.374475 0.489472 -0.165133 -0.255829 -0.168210 0.310624 0.279877 0.264467 -0.342881 0.536094 0.320405 0.454714 0.194898
Q08881,-0.122941 0.138620 -0.114999 0.057807 0.036259 -0.293944 -0.012115 -0.102001 -0.035774 -0.116382 -0.047653 -0.075852 -0.208482 -0.039531 0.017836 -0.155801 0.153333 0.035763 0.011723 0.099176 -0.015517 -0.126073 -0.383951 0.047321 -0.034663 -0.048215 -0.055190 -0.027509 0.039304 -0.088988 -0.021149 0.112560 -0.132452 -0.082036 0.038488 -0.462446 0.066978 0.043385 -0.020738 0.063152 0.047904 -0.084388 -0.034013 -0.247101 0.253953 -0.077481 -0.176014 0.074123 -0.021772 -0.142700 0.000642 0.108088 -0.092836 -0.177842 -0.269743 -0.041473 -0.045932 -0.093166 -0.163641 0.055593 -0.147615 -0.051890 -0.376066 0.282305
Q09428,-0.494692 -0.243553 0.266925 -0.273489 -0.466675 0.356093 -0.499587 0.265242 0.520128 -0.460521 0.267019 -0.318492 0.429936 0.295896 0.289736 0.268528 -0.419811 0.283787 0.031309 -0.244215 0.269556 -0.246248 -0.431901 -0.298373 -0.546199 0.285961 -0.204870 0.012937 0.516617 -0.498113 0.293120 0.415914 0.273151 0.324182 0.027333 0.476460 -0.271165 -0.295675 0.291339 -0.296849 -0.279722 0.294404 0.506681 -0.414634 -0.522217 0.300141 0.259463 -0.289496 -0.391145 0.280337 -0.233278 -0.250653 -0.259366 0.531335 0.491459 0.533765 0.249167 0.288118 -0.502758 -0.274157 -0.317214 0.262263 -0.280577 -0.448276
Q09470,-0.376087 -0.080376 0.234388 -0.203520 -0.389564 0.251850 -0.403062 0.227112 0.485227 -0.392883 0.254009 -0.132651 0.399401 0.264105 0.273770 0.211664 -0.315482 0.252402 0.090569 -0.200483 0.245771 -0.218144 -0.327185 -0.229965 -0.463590 0.246916 -0.058594 0.087680 0.474573 -0.418164 0.265410 0.431525 0.237158 0.286121 0.086920 0.309030 -0.227164 -0.255404 0.248399 -0.248115 -0.209331 0.244458 0.441409 -0.276540 -0.353242 0.248568 0.207997 -0.223431 -0.321624 0.240696 -0.105584 -0.163425 -0.127529 0.484493 0.412130 0.482703 0.212444 0.254420 -0.383162 -0.225092 -0.192508 0.216300 -0.101954 -0.420012
Q12797,-0.375743 -0.223407 0.287392 -0.257612 -0.401114 0.392725 -0.368664 0.255468 0.461362 -0.329194 0.249966 -0.331894 0.385725 0.255903 0.272762 0.285570 -0.386452 0.263857 0.005719 -0.240329 0.250619 -0.235215 -0.374823 -0.272265 -0.402237 0.282247 -0.152424 0.023512 0.422633 -0.402897 0.267456 0.357426 0.270687 0.288814 0.070292 0.473664 -0.265112 -0.280459 0.286449 -0.259787 -0.257061 0.277775 0.433861 -0.408661 -0.568587 0.280556 0.260129 -0.289769 -0.396394 0.277720 -0.240953 -0.275425 -0.126340 0.411060 0.489478 0.435661 0.264312 0.256887 -0.428124 -0.260308 -0.185001 0.273375 -0.248835 -0.431634
Q12809,0.031633 0.027615 0.133881 -0.157062 -0.089413 -0.082507 -0.072292 0.153183 0.071235 -0.124679 0.155668 0.041784 0.100660 0.157560 0.178558 0.119985 0.048411 0.171798 0.028790 -0.162420 0.162190 -0.260403 -0.029089 -0.156779 -0.109496 0.129583 -0.077786 0.106524 0.150653 -0.097541 0.168121 0.116032 0.147970 0.165668 0.069271 -0.105497 -0.155538 -0.131561 0.200722 -0.158659 -0.184026 0.143145 0.114376 -0.028539 -0.026236 0.145738 0.131906 -0.160673 -0.024408 0.115635 -0.002909 -0.178722 -0.071968 0.129230 0.068289 -0.009551 0.151026 0.154236 -0.031263 -0.175216 0.041343 0.171882 0.056153 -0.196352
Q12851,-0.309762 -0.244894 0.195686 -0.253759 -0.342942 0.203127 -0.372396 0.197517 0.368254 -0.356704 0.201129 -0.240099 0.300754 0.205496 0.220198 0.211901 -0.290178 0.232015 0.022893 -0.201421 0.229321 -0.233790 -0.323505 -0.246757 -0.445810 0.225741 -0.184904 0.051686 0.377199 -0.381110 0.233725 0.283573 0.220398 0.244619 -0.003819 0.294322 -0.232636 -0.235480 0.274814 -0.236081 -0.245589 0.237679 0.341972 -0.364279 -0.333216 0.237642 0.209638 -0.233818 -0.324986 0.204711 -0.171485 -0.249673 -0.172325 0.303173 0.330588 0.288171 0.192213 0.229629 -0.372302 -0.241335 -0.287150 0.217252 -0.259534 -0.310325
Q12852,-0.148811 -0.091497 0.143295 -0.190416 -0.233326 0.036589 -0.258479 0.154027 0.225745 -0.209091 0.146182 -0.168756 0.076030 0.155650 0.163249 0.140133 -0.165353 0.191090 0.048538 -0.134722 0.171721 -0.176334 -0.197741 -0.187394 -0.272081 0.159895 -0.049698 0.104173 0.237238 -0.282971 0.163006 0.118094 0.157224 0.181769 0.090199 0.153887 -0.168263 -0.174551 0.221170 -0.195833 -0.185824 0.164713 0.221690 -0.277113 -0.258775 0.186093 0.165179 -0.187454 -0.170439 0.142564 -0.133335 -0.185514 -0.048728 0.190890 0.131013 0.218610 0.105646 0.173164 -0.249521 -0.185565 -0.154096 0.150774 -0.155940 -0.169917
Q12879,0.141990 0.347486 0.167015 -0.059797 -0.101210 -0.108588 -0.021916 0.124974 0.190637 -0.033246 0.200701 0.172358 0.214355 0.154451 0.168879 0.085803 0.081013 0.180440 0.248484 -0.089277 0.168073 -0.264764 0.213897 -0.047226 0.024576 0.097181 0.035810 0.304773 0.238281 -0.126157 0.177739 0.177384 0.127901 0.144357 0.257746 -0.350321 -0.100894 -0.134172 0.148880 -0.097334 -0.101897 0.095345 0.119193 0.038360 0.223677 0.105983 0.037996 -0.103544 0.099845 0.093883 0.207097 -0.055839 0.257028 0.228870 -0.020270 0.153660 0.108900 0.111452 0.058849 -0.092788 0.151312 0.137744 0.226872 -0.085861
Q13131,-0.191001 -0.231866 -0.110438 0.188080 -0.334448 0.698123 -0.340505 -0.072060 0.040915 -0.576166 -0.153998 -0.499190 0.665528 -0.116109 -0.190263 -0.268191 -0.075013 -0.176586 -0.391030 0.172024 -0.091621 0.046424 -0.387341 0.357664 0.288689 -0.143464 -0.186449 -0.076877 0.229532 -0.267524 -0.160178 0.480990 -0.161296 -0.257370 -0.489268 0.449654 0.176704 0.196748 -0.015409 0.116116 0.283649 -0.188923 -0.026734 -0.086503 -0.165412 -0.160767 -0.154895 0.241055 -0.290528 -0.238720 -0.569740 0.369639 -0.198590 0.015798 0.285002 0.089417 -0.233856 -0.144935 0.156081 0.169991 -0.342174 -0.218472 -0.365415 -0.597226
Q13133,0.190306 0.121268 -0.015818 -0.050291 -0.023415 -0.320338 0.075118 0.031990 -0.253402 0.109315 0.037630 -0.147359 -0.146501 -0.033300 -0.021351 0.013249 0.089807 0.053896 -0.095170 -0.046920 0.051676 -0.094168 -0.015861 -0.025689 0.071674 0.017973 0.118771 0.080795 -0.121766 0.079209 0.012863 -0.248782 0.075958 -0.041011 0.138445 0.167303 -0.021675 -0.051264 0.129717 -0.011678 -0.057520 0.025172 -0.209363 -0.103792 0.185288 0.002118 0.069313 -0.011766 0.136836 -0.015167 0.102070 -0.092829 0.120232 -0.287890 -0.186834 -0.075676 -0.078331 0.047435 0.093914 -0.052238 0.088871 0.050031 0.202302 0.095716
Q13153,0.373361 0.308278 -0.246063 0.361982 0.316382 -0.139245 0.153043 -0.274844 -0.582062 -0.180775 -0.276477 -0.062031 -0.164833 -0.232925 -0.286878 -0.436633 0.662703 -0.251452 -0.091446 0.280943 -0.239836 0.118743 0.002353 0.386809 0.527877 -0.243140 0.199228 0.021432 -0.228011 0.341938 -0.328185 -0.095738 -0.291112 -0.433123 -0.365037 -0.219766 0.325507 0.317435 -0.157428 0.315477 0.308425 -0.369271 -0.456249 0.240865 0.079212 -0.345106 -0.284776 0.357106 0.193671 -0.368322 0.281983 0.424824 -0.056816 -0.637087 -0.528513 -0.250897 -0.346537 -0.316355 0.451285 0.385696 0.388362 -0.268349 0.160064 0.280130
Q13163,-0.418465 -0.290145 -0.247449 0.364912 -0.348393 0.564983 -0.234644 -0.260435 0.349438 -0.466768 -0.240744 -0.571847 0.625004 -0.189255 -0.191381 -0.334476 -0.155830 -0.187527 -0.350964 0.337650 -0.177386 0.167623 -0.724486 0.343673 -0.186265 -0.194333 -0.372273 -0.249013 0.596637 -0.365205 -0.229150 0.791046 -0.275636 -0.281471 -0.311339 0.256301 0.294595 0.253325 -0.162482 0.318458 0.264067 -0.298123 0.173544 -0.595663 -0.315686 -0.272717 -0.374430 0.305186 -0.486512 -0.334947 -0.568326 0.464232 -0.571395 0.010519 0.009463 0.192084 -0.292452 -0.289542 -0.240262 0.342548 -0.462435 -0.305584 -0.876947 -0.331198
Q13164,-1.094643 -1.313351 -0.423999 0.554293 -0.819206 1.265642 -0.913358 -0.487548 0.468627 -1.179548 -0.534269 -1.539189 1.301537 -0.495144 -0.459427 -0.498210 -1.193757 -0.476687 -1.195798 0.529068 -0.499199 0.509487 -1.381406 0.565417 -0.653801 -0.447067 -1.372338 -1.023704 0.849203 -1.057044 -0.540788 1.262900 -0.505682 -0.518172 -1.230109 1.195447 0.452767 0.460760 -0.361122 0.487202 0.506764 -0.460517 0.299906 -1.423282 -1.244207 -0.533239 -0.572039 0.572349 -1.362638 -0.544957 -1.433773 0.613431 -1.514001 0.465627 0.588844 0.593463 -0.558716 -0.508777 -0.792194 0.521297 -1.356411 -0.506298 -1.530227 -1.134859
Q13177,-0.390769 -0.701135 -0.384571 0.511427 -0.340356 1.120807 -0.418309 -0.415761 0.189265 -1.014981 -0.501746 -0.959000 0.930777 -0.452476 -0.452321 -0.539002 -0.403265 -0.467285 -0.781405 0.502031 -0.438786 0.430647 -1.071791 0.619448 0.091740 -0.368990 -0.559639 -0.702792 0.450814 -0.436653 -0.518568 0.864104 -0.462824 -0.585754 -1.107214 0.844775 0.477989 0.497245 -0.313887 0.490997 0.541463 -0.477366 0.001482 -0.621081 -0.912143 -0.495137 -0.444563 0.547472 -0.836631 -0.515247 -0.911799 0.633433 -0.921926 0.104241 0.455346 0.350014 -0.437744 -0.506578 -0.200322 0.550878 -0.754322 -0.424983 -0.801453 -0.636063
Q13188,-0.211957 -0.078558 0.132489 -0.138874 -0.271221 0.137137 -0.264460 0.108068 0.171808 -0.342014 0.087754 -0.226457 0.202220 0.105292 0.113968 0.112622 -0.086708 0.139942 0.052530 -0.126849 0.131780 -0.159814 -0.293036 -0.099279 -0.163054 0.156963 -0.083571 0.085265 0.232377 -0.221543 0.088707 0.196073 0.109629 0.083061 -0.067552 0.106173 -0.136527 -0.120479 0.153899 -0.137323 -0.140452 0.113892 0.212328 -0.190568 -0.255487 0.126012 0.107417 -0.139926 -0.275329 0.080816 -0.214134 -0.105179 -0.130525 0.066647 0.131215 0.047048 0.114941 0.107775 -0.198184 -0.133101 -0.123901 0.117964 -0.239899 -0.229904
Q13224,-0.231777 -0.020342 0.038111 0.087589 -0.268139 0.288229 -0.360584 -0.002173 0.434178 -0.398567 0.077762 -0.193524 0.646024 0.063851 0.064031 -0.054230 -0.326219 0.046598 -0.085977 0.053200 0.024872 -0.110193 -0.213376 0.076550 -0.210340 -0.026258 -0.352577 -0.079360 0.512970 -0.378320 0.056667 0.602001 0.003339 0.038450 -0.139969 0.076488 0.038089 0.001410 0.050190 0.025529 0.033195 -0.006300 0.332885 -0.311173 -0.182626 -0.014860 -0.105048 0.040662 -0.215813 -0.020599 -0.211336 0.094517 -0.232062 0.493959 0.306178 0.426807 -0.027644 -0.005335 -0.168715 0.054860 -0.191757 0.005683 -0.125168 -0.483420
Q13233,1.630062 0.922497 -0.657671 0.628096 0.967087 -1.341361 1.015377 -0.540459 -2.495356 0.275599 -0.664733 0.106449 -1.298233 -0.740618 -0.748152 -0.681728 1.436084 -0.636771 -0.347912 0.493534 -0.584942 0.291753 0.798265 0.708339 1.781658 -0.635474 0.601324 -0.041484 -1.596819 1.173142 -0.716123 -0.936378 -0.641193 -0.949990 -0.303983 -0.964704 0.590684 0.581200 -0.558838 0.578250 0.634242 -0.746527 -1.721999 0.976814 2.025464 -0.806346 -0.437705 0.818996 0.952421 -0.774572 0.874256 0.638824 0.530130 -2.189908 -1.674951 -1.312264 -0.823017 -0.665804 1.497502 0.545691 0.841782 -0.582281 0.848546 0.853469
Q13255,0.023843 0.367982 0.198377 -0.116421 -0.090069 0.010629 -0.070576 0.205742 0.287725 -0.076524 0.269398 0.037607 0.391091 0.242989 0.225084 0.150333 0.098233 0.234244 0.108745 -0.195102 0.228142 -0.256078 -0.042411 -0.125639 -0.058607 0.151190 0.012110 0.143257 0.251550 0.039200 0.228130 0.363840 0.208760 0.192025 0.066823 -0.155186 -0.151437 -0.144100 0.264760 -0.174785 -0.197512 0.190475 0.175037 0.154672 0.194660 0.163253 0.146213 -0.168847 0.102605 0.175012 0.128584 -0.181080 0.136009 0.368394 0.240975 0.256226 0.203005 0.218987 0.040564 -0.160694 0.135530 0.236299 0.121721 -0.121200
Q13285,-0.084406 0.088351 0.170449 -0.211648 -0.022770 -0.399093 -0.025597 0.177259 -0.141781 0.050694 0.225262 -0.189144 -0.066669 0.201915 0.175278 0.157009 0.181782 0.215711 0.115513 -0.201517 0.184936 -0.310162 -0.215603 -0.199943 -0.049595 0.136444 -0.116548 0.087303 -0.015733 0.040203 0.190851 0.053549 0.188538 0.148824 0.018659 -0.087799 -0.177817 -0.200943 0.226327 -0.185360 -0.225301 0.156728 0.014820 0.036860 0.098984 0.158330 0.172771 -0.219044 0.093465 0.140844 0.133305 -0.242792 0.154182 -0.062191 -0.044997 0.122321 0.130345 0.172343 -0.049405 -0.217187 0.030941 0.230321 0.063433 -0.061929
Q13315,0.585228 0.751064 0.082480 0.056750 0.319942 -0.559268 0.554134 0.182864 -0.274026 0.430675 0.234288 0.621164 0.107637 0.100290 0.060866 0.059279 0.654212 0.056184 0.096659 -0.175388 0.091437 -0.265038 0.479008 0.143507 0.630313 -0.054256 0.479433 0.364754 -0.147967 0.656066 0.077955 0.019731 0.163275 -0.006762 0.284153 0.046566 -0.012361 -0.016511 0.237431 0.046692 0.033777 0.010050 -0.393844 0.754563 0.600432 -0.006513 0.144381 0.081919 0.413758 0.002688 0.647886 0.000175 0.585614 -0.126818 0.076039 -0.147592 0.145310 0.079618 0.823136 -0.097054 0.785110 0.250868 0.791734 -0.299568
Q13370,-0.602180 -0.435729 0.154106 -0.118209 -0.552992 0.499390 -0.486621 0.153266 0.611135 -0.549181 0.144171 -0.471190 0.688280 0.181576 0.169317 0.149117 -0.555270 0.163279 -0.158674 -0.119744 0.151740 -0.134746 -0.568210 -0.140800 -0.531558 0.160627 -0.367671 -0.116549 0.711879 -0.606928 0.163953 0.602605 0.153318 0.209003 -0.166347 0.598010 -0.121481 -0.168744 0.184497 -0.132169 -0.149071 0.164364 0.545681 -0.510772 -0.639011 0.167602 0.124582 -0.147197 -0.607894 0.147382 -0.421212 -0.099442 -0.454442 0.637774 0.581140 0.523216 0.129894 0.175812 -0.502677 -0.132721 -0.506348 0.130387 -0.439821 -0.640998
Q13393,-0.030628 -0.050577 0.048185 -0.049052 -0.146108 -0.031041 -0.077661 0.042409 0.093275 -0.117491 0.046619 -0.143964 0.199202 0.066643 0.050673 0.028056 -0.051439 0.094466 -0.037383 -0.063220 0.058400 -0.153133 -0.190109 -0.060434 -0.131909 0.040705 -0.173603 -0.021553 0.176174 -0.163694 0.049033 -0.010559 0.033648 0.043348 -0.057311 -0.177991 -0.054309 -0.049373 0.097556 -0.038116 -0.107899 0.027260 0.101689 -0.238478 -0.275713 0.060440 0.018035 -0.078783 -0.092354 0.025224 -0.114899 -0.099536 -0.236775 0.092310 0.004497 0.010166 0.053595 0.065313 -0.087311 -0.067003 -0.062341 0.056848 -0.161312 -0.092779
Q13464,0.044219 0.232692 0.205337 -0.189624 -0.157457 0.064793 -0.203078 0.219735 0.101192 -0.149887 0.206013 0.015403 -0.112558 0.208931 0.210518 0.213786 0.079733 0.214536 0.298630 -0.208047 0.203156 -0.194291 0.098518 -0.199920 -0.168735 0.245388 0.221359 0.248800 0.120249 -0.089528 0.193291 0.068764 0.211533 0.180898 0.229793 0.153107 -0.206715 -0.209981 0.226428 -0.221276 -0.215880 0.188040 0.161905 -0.008103 0.016728 0.209048 0.239770 -0.226317 -0.058576 0.215575 0.070641 -0.173254 0.100335 0.002811 0.080092 -0.007337 0.183145 0.205768 -0.003586 -0.194618 0.173438 0.188184 0.092297 -0.099777
Q13470,-0.552803 -0.451142 0.101312 -0.076026 -0.449991 0.509690 -0.484279 0.081547 0.632683 -0.494781 0.105513 -0.389331 0.591369 0.132308 0.152144 0.087810 -0.484711 0.152653 -0.101664 -0.037456 0.132568 -0.097234 -0.650334 -0.096642 -0.534280 0.118585 -0.417356 -0.060478 0.662955 -0.613952 0.118193 0.671728 0.109327 0.136429 -0.160493 0.552291 -0.070814 -0.114784 0.175096 -0.094555 -0.101459 0.104302 0.467969 -0.736048 -0.623075 0.128752 0.085934 -0.104310 -0.550156 0.090194 -0.469019 0.007650 -0.407724 0.488606 0.509240 0.508429 0.080909 0.101898 -0.547700 -0.074253 -0.402010 0.100230 -0.598780 -0.434214
Q13509,-0.328981 -0.359888 -0.096832 0.044496 -0.004959 0.358601 -0.113850 -0.116018 0.395176 -0.085057 -0.059801 -0.391871 0.311596 -0.062121 -0.021453 -0.032463 -0.076418 -0.088641 0.007658 0.210432 -0.018056 0.100970 -0.574982 0.057220 -0.127970 0.020628 -0.061651 -0.070501 0.222937 -0.244302 -0.056660 0.520418 -0.058739 -0.050789 -0.273145 0.222916 0.115390 0.096710 -0.021263 0.163758 0.148447 -0.066174 0.184252 -0.185730 0.166539 -0.063202 -0.099563 0.132088 -0.118951 -0.198022 -0.393000 0.276682 -0.235284 0.049731 0.098110 0.011631 0.015658 -0.044161 -0.160830 0.096564 -0.533497 -0.051357 -0.496958 0.061166
Q13523,-0.007984 0.039891 0.082907 -0.150992 -0.186077 -0.014457 -0.150593 0.115988 0.056030 -0.131112 0.082428 -0.107545 -0.000477 0.087188 0.094969 0.099810 -0.090964 0.136982 -0.001310 -0.091943 0.121147 -0.134797 -0.046960 -0.119394 -0.080380 0.110650 0.003715 0.115111 0.117593 -0.145241 0.121363 0.018256 0.089973 0.103209 0.108262 0.093826 -0.130141 -0.114895 0.192275 -0.149034 -0.118922 0.121621 0.069366 -0.147702 -0.039867 0.111643 0.129137 -0.131144 -0.101124 0.089325 -0.053975 -0.167233 0.031396 0.012874 0.052158 0.054417 0.040370 0.132181 -0.069176 -0.155920 -0.087854 0.093949 -0.099658 -0.082441
Q13546,-0.327366 -0.703352 -0.379893 0.403516 -0.388714 0.395561 -0.219761 -0.357882 0.106650 -0.447417 -0.318882 -0.713060 0.557772 -0.346162 -0.295525 -0.384463 -0.391982 -0.236872 -0.597208 0.366958 -0.241860 0.195661 -0.443235 0.376366 -0.078023 -0.318617 -0.616502 -0.383196 0.509302 -0.602369 -0.318701 0.665308 -0.335514 -0.347742 -0.523562 0.307194 0.384168 0.297754 -0.190113 0.356641 0.329355 -0.379071 -0.022934 -0.818728 -0.130796 -0.318028 -0.406679 0.416002 -0.517171 -0.450020 -0.607269 0.505977 -0.680646 -0.047373 -0.082851 0.201765 -0.411345 -0.390118 -0.192195 0.309970 -0.711923 -0.352634 -1.025833 -0.398258
Q13547,2.723856 1.143591 -1.292874 1.422646 1.735033 -2.432416 2.449893 -1.228277 -2.132628 2.257619 -1.073188 1.124774 -0.837340 -1.645648 -1.425158 -1.135494 1.228253 -1.281403 -1.077930 1.078718 -1.287652 1.382011 1.657820 1.569207 2.739147 -1.592279 1.410057 0.040887 -1.552672 2.363422 -1.414320 -1.076923 -1.056179 -1.549020 0.433839 -0.294830 1.416489 1.297279 -0.860308 1.696160 1.632326 -1.365087 -2.361625 1.193966 1.993582 -1.497989 -1.117894 1.683304 1.797447 -1.469766 1.903617 1.173318 0.804978 -2.003690 -1.947786 -1.572938 -1.507099 -1.265098 2.895947 1.369617 1.812323 -0.953387 1.795050 1.403499
Q13554,0.392522 0.569062 0.293684 -0.278611 0.066694 -0.321724 0.085281 0.303472 -0.237263 0.093421 0.281241 0.382687 -0.175013 0.261247 0.230357 0.229319 0.543570 0.253126 0.397147 -0.340828 0.272029 -0.399257 0.380638 -0.217746 0.284199 0.226331 0.396260 0.481442 -0.291923 0.280327 0.269613 -0.235075 0.257459 0.205777 0.206668 -0.347680 -0.299036 -0.242517 0.285312 -0.296008 -0.255304 0.229953 -0.113401 0.519167 0.418465 0.263191 0.276684 -0.259686 0.407237 0.241455 0.552681 -0.284941 0.492820 -0.110754 -0.076038 -0.159445 0.284484 0.288311 0.301084 -0.320651 0.525326 0.323829 0.451224 0.118814
Q13555,0.920982 1.152342 0.376793 -0.423855 0.352616 -0.951923 0.460540 0.383459 -0.852184 0.389409 0.382370 0.837293 -0.757393 0.288084 0.286622 0.294605 1.076437 0.343230 0.714503 -0.458904 0.351254 -0.600427 0.835241 -0.260345 0.760587 0.260906 0.749328 0.705284 -0.885093 0.766956 0.344001 -0.799248 0.284577 0.230612 0.438976 -1.162940 -0.424523 -0.301014 0.333365 -0.416838 -0.325556 0.266421 -0.489696 1.069232 1.078478 0.309272 0.320308 -0.369401 0.761721 0.297976 0.914848 -0.474402 1.013887 -0.576000 -0.595054 -0.518486 0.348022 0.326066 0.718797 -0.461880 0.981768 0.426160 1.030835 0.382843
Q13557,0.592937 0.812732 0.256848 -0.255612 0.209707 -0.525605 0.271066 0.266594 -0.319137 0.229861 0.263061 0.530814 -0.350690 0.222613 0.209846 0.203338 0.598928 0.230256 0.440561 -0.312335 0.243447 -0.381815 0.586147 -0.171047 0.474759 0.191966 0.544694 0.481529 -0.452267 0.482793 0.266388 -0.419104 0.208363 0.188381 0.326257 -0.623396 -0.258059 -0.206386 0.233743 -0.281189 -0.211586 0.193979 -0.197785 0.650412 0.643453 0.223547 0.230221 -0.237073 0.581257 0.223487 0.642123 -0.282588 0.639797 -0.199026 -0.148329 -0.223057 0.260087 0.250396 0.454223 -0.285889 0.659690 0.313379 0.720307 0.150582
Q13627,0.013034 -0.105680 -0.056323 0.099179 -0.032012 -0.115031 0.003857 -0.111443 -0.507174 -0.107154 -0.112991 -0.460806 0.126799 -0.100934 -0.179555 -0.115594 -0.059548 -0.139004 -0.300279 0.081557 -0.103658 -0.027230 -0.232930 0.130216 0.265718 -0.153730 -0.322252 -0.170418 -0.209549 -0.092722 -0.109296 -0.096759 -0.107491 -0.166210 -0.402394 -0.044771 0.055126 0.053174 -0.081570 0.082614 0.063032 -0.114088 -0.275665 -0.010388 -0.326422 -0.204319 -0.106018 0.066396 -0.028493 -0.170941 -0.065481 -0.011269 -0.123468 -0.264123 -0.156433 -0.039888 -0.236689 -0.096800 0.079615 0.065736 -0.233919 -0.105128 0.040847 -0.145764
Q13639,-0.482776 -0.225472 0.251201 -0.252387 -0.443157 0.329124 -0.466664 0.250996 0.478718 -0.453836 0.258550 -0.268314 0.405056 0.286712 0.279678 0.253121 -0.383387 0.270180 0.030700 -0.239490 0.258769 -0.232934 -0.383822 -0.282163 -0.524519 0.271365 -0.176935 0.010594 0.506461 -0.473491 0.281015 0.413862 0.263291 0.314961 0.017291 0.439218 -0.256248 -0.282213 0.273257 -0.285097 -0.266520 0.278840 0.486589 -0.356097 -0.470930 0.286329 0.243245 -0.274495 -0.376297 0.271717 -0.200556 -0.233910 -0.222888 0.518734 0.473826 0.525385 0.231989 0.273807 -0.445675 -0.259505 -0.288157 0.239474 -0.226601 -0.447120
Q13698,-0.175452 0.111963 0.235998 -0.240778 -0.167849 -0.024363 -0.185373 0.246016 0.260519 -0.153512 0.280780 0.135335 0.152354 0.280269 0.286025 0.252109 0.015275 0.249091 0.151324 -0.273060 0.252182 -0.279753 -0.062286 -0.265200 -0.276683 0.254041 0.054198 0.096276 0.202934 -0.117585 0.292743 0.152582 0.253745 0.306064 0.132132 -0.005499 -0.266541 -0.258391 0.243338 -0.274805 -0.269035 0.274197 0.249566 0.094169 -0.114398 0.267070 0.229204 -0.284859 -0.019884 0.263950 0.036292 -0.285840 0.080357 0.277040 0.249903 0.214159 0.249174 0.278134 -0.169694 -0.262731 0.042551 0.252901 0.160974 -0.177133
Q13873,0.856946 1.162279 0.447814 -0.541699 0.213303 -1.207770 0.451823 0.451924 -0.783037 0.605671 0.463281 0.487343 -0.705030 0.387173 0.441162 0.435198 0.955805 0.508417 0.547708 -0.556737 0.481365 -0.749932 0.606611 -0.401228 0.694455 0.312546 0.406887 0.664967 -0.742046 0.591971 0.391840 -0.810610 0.379771 0.309989 0.602499 -1.530416 -0.528114 -0.401557 0.473883 -0.470613 -0.542235 0.386647 -0.430287 0.701907 1.094282 0.355934 0.375585 -0.443779 0.688898 0.335437 0.924718 -0.697078 0.735493 -0.567255 -0.707703 -0.518844 0.475802 0.389553 0.294785 -0.599218 0.909554 0.536087 0.567005 0.572047
Q13882,-0.209357 0.012546 0.085917 -0.085855 -0.121818 0.159112 -0.186106 0.080545 0.246789 -0.187886 0.125556 -0.145131 -0.002958 0.147512 0.160758 0.041703 -0.025464 0.175284 0.079633 -0.058427 0.154202 -0.180015 -0.360888 -0.117954 -0.196261 0.142714 -0.040074 0.110072 0.270988 -0.228319 0.137427 0.149480 0.087065 0.112817 0.123637 -0.001284 -0.081053 -0.131166 0.132207 -0.078306 -0.119782 0.092374 0.195631 -0.287115 -0.078906 0.118055 0.059328 -0.105832 -0.115686 0.059235 -0.164802 -0.036104 -0.065191 0.027699 -0.010744 0.197866 0.111673 0.067534 -0.312554 -0.092946 -0.175723 0.097037 -0.284368 0.094791
Q13936,-0.188326 0.236346 0.115558 -0.047273 -0.103080 0.121920 -0.079794 0.153283 0.530027 -0.242591 0.227729 0.341476 0.404602 0.216625 0.235716 0.135713 0.044490 0.139963 0.053983 -0.147621 0.157236 -0.138814 -0.086816 -0.105168 -0.266166 0.162889 0.145579 -0.018558 0.465377 -0.018785 0.234874 0.543858 0.184112 0.240998 0.054406 0.090664 -0.098702 -0.122272 0.136383 -0.132168 -0.103584 0.181765 0.324549 0.189058 -0.066124 0.154163 0.096173 -0.149094 -0.009408 0.186724 -0.058943 -0.097626 0.052608 0.429945 0.457777 0.267447 0.154136 0.174123 -0.006980 -0.105076 0.041098 0.151178 0.307888 -0.260039
Q14012,-0.058296 0.202400 0.101493 -0.082303 0.063894 0.234383 -0.155909 0.094366 0.135408 -0.065046 0.108782 0.057584 -0.058612 0.142445 0.105353 0.007314 0.285466 0.126114 0.242970 -0.060812 0.136860 -0.142297 0.011848 -0.050406 0.037508 0.143529 0.211798 0.249531 0.156079 -0.033252 0.131409 0.025506 0.093093 0.078592 0.084845 0.119905 -0.042935 -0.100734 0.135762 -0.092921 -0.079371 0.071763 0.111279 -0.068246 -0.104544 0.088297 0.107773 -0.096367 0.097758 0.069332 -0.027056 0.029824 0.165553 -0.082734 0.079508 -0.055681 0.097631 0.107380 -0.008910 -0.081171 0.045130 0.083551 -0.006279 -0.014346
Q14145,0.194387 0.342255 0.196423 -0.199923 -0.177107 -0.522479 0.525350 0.254609 0.019409 0.295807 0.241161 0.216013 -0.091793 0.166058 0.270834 0.233026 0.415234 0.263597 0.417767 -0.247729 0.299596 -0.349032 0.234402 -0.107247 0.159286 0.168170 0.720644 0.576991 0.136606 0.078851 0.270561 -0.031140 0.172267 0.236628 0.376374 -0.391005 -0.190222 -0.217969 0.222206 -0.119230 -0.205353 0.161703 -0.005553 0.361480 0.723551 0.206347 0.191920 -0.185589 -0.005473 0.123228 0.518378 -0.193082 0.654736 -0.069798 -0.124310 -0.229079 0.283106 0.163685 0.315212 -0.273068 0.195506 0.275807 0.345293 0.046815
Q14164,-0.968847 -3.447820 -1.918578 1.917402 -0.496919 2.035905 -0.624119 -1.846981 -0.108366 -2.101034 -2.138485 -3.061414 1.681218 -2.258104 -2.186931 -1.755859 -2.501129 -2.030416 -2.857704 1.990475 -1.846421 2.180725 -1.968194 2.032963 -0.519425 -1.661191 -2.341976 -2.636868 0.325372 -0.765394 -2.098632 1.370575 -1.984970 -2.182615 -3.212913 2.485134 1.654080 1.837988 -1.610729 1.941472 2.076427 -1.915078 -0.797820 -2.846875 -2.591582 -1.973963 -1.743245 2.017927 -2.069787 -1.827356 -3.032037 2.092524 -2.395959 -0.809570 0.780870 -0.458603 -1.958552 -1.833895 -0.365872 1.793201 -2.319397 -1.934053 -3.321292 -0.704735
Q14289,0.182975 0.597718 -0.353223 0.555757 0.332304 -0.163438 0.040511 -0.373540 -0.147129 -0.232134 -0.158204 0.272438 -0.009069 -0.199214 -0.108539 -0.511198 0.505614 -0.169201 0.024881 0.419621 -0.255896 -0.141494 -0.165745 0.446637 0.164051 -0.344351 -0.004612 -0.064845 0.174779 -0.026491 -0.203015 0.559732 -0.415685 -0.384663 0.079142 -0.847146 0.421291 0.334433 -0.316206 0.411920 0.395135 -0.425341 -0.148618 -0.179183 0.741701 -0.396653 -0.614868 0.449558 0.195981 -0.435989 0.032403 0.604653 -0.307403 -0.252097 -0.684926 0.108181 -0.330661 -0.457119 0.327308 0.512273 0.210492 -0.343351 -0.084734 0.444212
Q14524,-0.058171 0.235974 0.253180 -0.204184 -0.173620 0.092731 -0.196199 0.226395 0.239409 -0.215839 0.254738 0.146540 0.090592 0.270692 0.271662 0.196421 -0.071720 0.246767 0.206527 -0.223805 0.241759 -0.262288 0.112190 -0.225151 -0.187136 0.228554 0.060777 0.192165 0.121821 -0.176706 0.269822 0.165251 0.227801 0.263607 0.227025 0.001331 -0.236999 -0.234622 0.215839 -0.277276 -0.240378 0.231813 0.259768 -0.088333 -0.004880 0.237170 0.205826 -0.240948 -0.017839 0.242991 0.062077 -0.206942 0.169842 0.252415 0.173129 0.286130 0.221149 0.224669 -0.144159 -0.250555 0.088361 0.208866 0.174756 -0.238661
Q14654,-0.182190 0.113207 0.271835 -0.278928 -0.220673 -0.022038 -0.222150 0.268870 0.272618 -0.168724 0.299226 0.097596 0.150930 0.298292 0.301431 0.278190 -0.036707 0.281463 0.181984 -0.293829 0.270275 -0.302823 -0.113892 -0.280125 -0.250758 0.288274 0.037652 0.180143 0.172422 -0.168108 0.309683 0.080323 0.277453 0.321935 0.189704 0.009674 -0.287301 -0.283210 0.266095 -0.297793 -0.293011 0.298553 0.287592 0.000234 -0.181463 0.293154 0.240176 -0.303843 -0.037131 0.281874 0.024757 -0.306082 0.030937 0.297667 0.238429 0.188634 0.289282 0.296035 -0.217057 -0.300130 -0.003440 0.277361 0.085124 -0.172190
Q14957,-0.406376 -0.195270 0.248092 -0.267356 -0.410546 0.281389 -0.433335 0.241862 0.448805 -0.388829 0.250769 -0.277825 0.349298 0.274598 0.269646 0.245787 -0.360225 0.270067 0.053687 -0.225897 0.260044 -0.256004 -0.350182 -0.289230 -0.484106 0.266627 -0.184716 0.063007 0.468238 -0.468945 0.271533 0.352415 0.251315 0.301656 0.064692 0.354376 -0.256953 -0.284339 0.283276 -0.282789 -0.275173 0.269550 0.448104 -0.385492 -0.447979 0.282002 0.244020 -0.279881 -0.338986 0.253752 -0.207057 -0.248533 -0.196164 0.447018 0.380749 0.453326 0.218330 0.272335 -0.441182 -0.259051 -0.267987 0.241506 -0.256747 -0.380464
Q14994,-0.283376 -0.305334 0.020332 -0.077217 -0.327865 0.156476 -0.300755 0.040319 0.236499 -0.266512 0.062014 -0.370974 0.262557 0.042252 0.066863 0.053906 -0.394626 0.100640 -0.202683 -0.046796 0.095777 -0.097334 -0.349634 -0.082925 -0.329692 0.108891 -0.237371 -0.079460 0.301786 -0.361043 0.067358 0.252560 0.077447 0.056834 -0.050023 0.363919 -0.061798 -0.092470 0.127540 -0.061302 -0.084692 0.073945 0.178704 -0.432118 -0.225918 0.085951 0.054840 -0.050656 -0.245046 0.025461 -0.277437 -0.035884 -0.280774 0.146805 0.158052 0.265443 0.006048 0.069607 -0.339988 -0.091605 -0.335948 0.054844 -0.344105 -0.216596
Q15109,-0.263252 -0.004023 0.161758 -0.190197 -0.152967 0.290955 -0.181589 0.198454 0.322234 -0.087309 0.207503 0.099626 0.163706 0.234721 0.254938 0.191835 -0.111310 0.257568 0.137774 -0.176028 0.234504 -0.145070 0.037941 -0.213037 -0.283432 0.194366 0.077390 0.106493 0.182609 -0.145368 0.254477 0.224639 0.186831 0.260081 0.198064 0.214181 -0.162067 -0.202080 0.203604 -0.187555 -0.151667 0.223460 0.371482 -0.144289 0.045946 0.241812 0.188405 -0.137859 -0.014645 0.184205 0.190274 -0.147933 -0.179537 0.386448 0.351279 0.434260 0.228544 0.209330 -0.252331 -0.141312 0.081678 0.177849 0.013482 -0.144920
Q15125,-0.358861 0.037516 0.168091 -0.109923 -0.338056 0.256562 -0.177253 0.174845 0.526754 -0.356219 0.178048 -0.078253 0.228641 0.195138 0.208905 0.181179 -0.252271 0.177381 0.122529 -0.160072 0.173857 -0.045894 -0.242264 -0.127653 -0.350460 0.202070 0.226698 0.065245 0.563750 -0.287129 0.207143 0.384955 0.168273 0.239112 0.142310 0.479957 -0.127532 -0.186864 0.136150 -0.111713 -0.124639 0.178771 0.477786 -0.162020 -0.275540 0.190239 0.127584 -0.149234 -0.391278 0.187124 -0.112626 -0.069728 -0.081936 0.418795 0.470368 0.392063 0.190536 0.166236 -0.194360 -0.108035 -0.174145 0.123540 0.000007 -0.359748
Q15139,-0.111508 -0.167392 -0.178999 0.178416 -0.146422 0.175759 -0.040494 -0.191713 -0.222122 -0.328239 -0.182192 -0.420977 0.198867 -0.125520 -0.153091 -0.226546 -0.067495 -0.090542 -0.278816 0.181233 -0.081437 -0.032149 -0.367867 0.179075 -0.063545 -0.112470 -0.364148 -0.141399 0.077142 -0.198321 -0.158595 0.350886 -0.171230 -0.211823 -0.138806 -0.157601 0.134777 0.136170 -0.072860 0.126537 0.119734 -0.210574 -0.127050 -0.313253 -0.223208 -0.207983 -0.219714 0.146363 -0.299532 -0.262442 -0.288634 0.211939 -0.239085 -0.319023 -0.081004 -0.048818 -0.233172 -0.138394 -0.045714 0.150126 -0.092361 -0.236314 -0.362659 -0.304363
Q15208,-0.028583 0.159062 0.238659 -0.306308 -0.141445 -0.096893 -0.191513 0.238790 0.051918 -0.071685 0.233996 0.008554 -0.093739 0.238776 0.250421 0.216617 0.131093 0.264671 0.274833 -0.260913 0.252873 -0.320583 0.024297 -0.247976 -0.065004 0.254409 0.165170 0.316746 0.019051 -0.081771 0.241348 -0.040019 0.232510 0.228432 0.206786 -0.103749 -0.267064 -0.251446 0.293517 -0.277207 -0.272031 0.238290 0.128971 0.015836 0.044659 0.250998 0.242422 -0.281582 -0.018999 0.219539 0.067678 -0.270142 0.207375 -0.008070 0.036920 0.001415 0.242018 0.252248 -0.092195 -0.308495 0.089613 0.245228 -0.053382 -0.066866
Q15303,0.987877 0.905427 -0.607136 0.516841 1.085034 -1.289991 1.292609 -0.558158 -1.151998 1.206042 -0.455581 1.104154 -1.271986 -0.482313 -0.457607 -0.584255 1.294916 -0.308931 0.175693 0.481942 -0.452775 0.301001 1.099409 0.473617 0.987204 -0.542258 0.626985 0.344096 -1.014554 1.052660 -0.443157 -1.113947 -0.579007 -0.470158 0.414078 -1.852622 0.546359 0.502040 -0.460818 0.481984 0.437291 -0.573139 -0.942207 0.899965 1.334426 -0.496543 -0.570982 0.446337 1.151886 -0.638707 0.678751 0.425996 0.578824 -1.179593 -1.565920 -1.068425 -0.601116 -0.494873 1.257408 0.537011 0.905869 -0.545431 0.784314 1.368882
Q15375,-0.385299 -0.100472 0.296314 -0.309912 -0.408894 0.242634 -0.451710 0.299529 0.410971 -0.371943 0.293618 -0.258516 0.306834 0.313514 0.315637 0.293861 -0.286103 0.317873 0.099989 -0.271891 0.301083 -0.307185 -0.335543 -0.321063 -0.437713 0.305686 -0.127761 0.109294 0.408543 -0.407716 0.315937 0.282849 0.289145 0.330360 0.103854 0.319983 -0.311453 -0.323613 0.318514 -0.318946 -0.308499 0.314892 0.441909 -0.329390 -0.358680 0.318583 0.280477 -0.309952 -0.324638 0.301774 -0.102188 -0.303562 -0.186706 0.422087 0.377726 0.454438 0.276870 0.305968 -0.461233 -0.306684 -0.208953 0.293701 -0.228550 -0.311097
Q15418,-0.254860 -0.202852 -0.279401 0.224115 0.255546 0.299689 -0.106166 -0.278306 -0.005000 -0.181846 -0.247744 -0.260198 -0.181221 -0.227533 -0.226940 -0.399051 0.324428 -0.234197 -0.007404 0.322609 -0.215101 0.160840 -0.483864 0.311485 0.153177 -0.162797 -0.081423 -0.135122 -0.053987 0.091733 -0.251726 0.132615 -0.338164 -0.311262 -0.389708 -0.074776 0.307657 0.227717 -0.210928 0.286641 0.263117 -0.311946 -0.164446 -0.264702 -0.112517 -0.279723 -0.312605 0.233834 -0.102257 -0.324415 -0.571264 0.421399 -0.184392 -0.414570 -0.294490 -0.358705 -0.184535 -0.297751 0.006065 0.247820 -0.330015 -0.286052 -0.543105 0.099224
Q15569,0.073551 0.125160 0.231443 -0.317418 -0.069182 -0.298235 -0.045731 0.237106 -0.008762 0.004235 0.241062 0.094473 -0.223511 0.219610 0.244731 0.229317 0.113514 0.271494 0.256137 -0.264012 0.253843 -0.320357 0.107151 -0.287369 -0.103189 0.247672 0.149813 0.287921 -0.015347 -0.054102 0.247835 -0.248918 0.237733 0.247848 0.253526 -0.170594 -0.278405 -0.263106 0.290271 -0.282703 -0.305928 0.253112 0.079095 -0.005325 0.046532 0.261584 0.252201 -0.300169 0.066602 0.217970 0.104345 -0.326616 0.189188 -0.046512 -0.080733 -0.086813 0.226705 0.257371 -0.059554 -0.313721 0.074029 0.267452 0.043615 0.076478
Q15596,2.042968 1.222691 -0.684833 0.393303 1.260858 -2.990720 1.707693 -0.459836 -2.454408 1.665293 -0.424517 0.821429 -1.937565 -0.777050 -0.676669 -0.450555 1.971918 -0.419832 0.024383 0.229783 -0.528300 0.209919 1.433948 0.525086 1.835524 -0.577812 1.159045 0.484842 -1.893361 1.803665 -0.570827 -1.739017 -0.415290 -0.816494 0.536570 -1.448475 0.499876 0.439619 -0.320332 0.544536 0.466472 -0.597284 -2.057115 1.376109 2.764394 -0.665330 -0.382323 0.575967 1.748931 -0.744608 1.487606 0.261449 0.991270 -2.506476 -2.349517 -1.984085 -0.735904 -0.515821 2.145172 0.327249 1.266474 -0.330889 1.424756 1.669367
Q15746,0.123218 0.388786 0.135484 -0.169312 0.166677 -0.283650 0.033237 0.135719 -0.071948 0.102225 0.155228 0.273403 -0.313804 0.155795 0.178304 0.087159 0.452980 0.172064 0.319783 -0.135748 0.163815 -0.222026 0.161793 -0.147691 0.062902 0.189379 0.356329 0.312262 -0.133184 0.228888 0.173876 -0.058623 0.118362 0.119186 0.246427 -0.152814 -0.142356 -0.128571 0.208637 -0.162811 -0.136905 0.142135 -0.025817 0.210148 0.301644 0.142140 0.164462 -0.150096 0.255054 0.118209 0.290759 -0.108589 0.362801 -0.165607 -0.100692 -0.141474 0.153930 0.168234 0.144308 -0.169088 0.344267 0.174322 0.186062 0.206095
Q15759,-0.126994 -0.011001 0.252208 -0.199111 -0.185785 0.348007 -0.214088 0.219912 0.204125 -0.210964 0.193697 -0.199266 0.116511 0.217897 0.199027 0.192935 -0.009432 0.199335 0.122447 -0.175036 0.200070 -0.212345 -0.263931 -0.166174 -0.123290 0.186601 -0.006278 0.126340 0.163224 -0.096589 0.183493 0.157554 0.217943 0.183515 0.053843 0.308332 -0.214594 -0.217355 0.226157 -0.180245 -0.200207 0.196096 0.160850 -0.215123 -0.207028 0.184401 0.205625 -0.215472 -0.126041 0.210213 0.000186 -0.183370 0.122050 0.108468 0.225649 0.162418 0.220586 0.178509 -0.318553 -0.208226 0.007030 0.200292 -0.117317 -0.113916
Q15788,1.662755 0.918213 -0.997118 0.781183 1.043662 -2.658314 1.488032 -0.757470 -2.236019 1.380749 -0.738727 0.317004 -1.154285 -1.049236 -0.974465 -0.787575 1.526220 -0.655091 -0.600827 0.579106 -0.818801 0.549449 1.241177 0.880681 1.734313 -0.868498 0.690699 0.020924 -1.581970 1.600062 -0.870384 -1.309960 -0.705544 -1.130091 0.189990 -0.897340 0.858362 0.750936 -0.507248 0.859290 0.805742 -0.863551 -2.103991 0.972414 2.542950 -0.985720 -0.679556 0.973484 1.343955 -1.046370 1.228633 0.691705 0.489878 -2.316074 -2.099639 -1.598586 -1.082714 -0.771918 2.017276 0.689563 0.907647 -0.659440 0.909229 1.399115
Q16288,-0.420525 -0.362991 0.034534 -0.059964 -0.419959 0.227777 -0.359559 0.016920 0.239589 -0.403596 0.018588 -0.418001 0.367907 0.051908 0.080653 0.020134 -0.437368 0.095696 -0.200774 -0.012590 0.077789 -0.126297 -0.397900 -0.059145 -0.366210 0.057096 -0.426998 -0.128726 0.369686 -0.467763 0.054529 0.436979 0.006174 0.071707 -0.097637 0.132600 -0.065401 -0.068460 0.096337 -0.087614 -0.078350 0.037971 0.258600 -0.558737 -0.282715 0.047824 -0.007467 -0.049398 -0.468968 -0.003248 -0.392940 -0.032816 -0.409915 0.192639 0.199878 0.377961 0.016981 0.042305 -0.388497 -0.089122 -0.409685 0.009339 -0.510689 -0.448108
Q16348,-0.403806 -0.182913 0.279149 -0.297556 -0.408587 0.250597 -0.422550 0.277370 0.435946 -0.391734 0.276977 -0.232436 0.335468 0.298492 0.300014 0.284852 -0.335624 0.296147 0.061539 -0.273288 0.279932 -0.270359 -0.335422 -0.318294 -0.469601 0.295460 -0.152101 0.061520 0.431163 -0.429078 0.300906 0.322773 0.286916 0.331223 0.069415 0.356136 -0.292151 -0.311832 0.299651 -0.315875 -0.303542 0.305143 0.450325 -0.316829 -0.399814 0.316707 0.275863 -0.313043 -0.337274 0.296958 -0.160832 -0.296187 -0.167486 0.459190 0.422318 0.454077 0.271072 0.306089 -0.437153 -0.293500 -0.240888 0.276025 -0.218215 -0.387993
Q16512,-0.088983 0.075586 0.237077 -0.197513 -0.210117 0.530475 -0.363161 0.228871 0.333405 -0.143118 0.257050 -0.082613 0.218800 0.275867 0.255576 0.221712 -0.031161 0.292289 0.236089 -0.208357 0.291185 -0.302056 -0.261695 -0.191546 -0.319463 0.264206 0.013620 0.239803 0.339397 -0.170477 0.228489 0.426400 0.234400 0.194812 0.134964 0.047263 -0.235599 -0.215365 0.301994 -0.195715 -0.263379 0.208952 0.297453 -0.317273 0.033803 0.223042 0.220719 -0.238830 -0.146632 0.185423 -0.196873 -0.179893 0.074790 -0.008762 0.266195 0.168804 0.271327 0.206756 -0.229122 -0.205383 0.073152 0.232765 -0.250053 -0.110885
Q16513,-0.270198 -0.206690 -0.018183 0.071000 -0.328434 0.470400 -0.351433 -0.050322 0.201159 -0.489510 -0.037947 -0.479772 0.431630 0.013681 -0.042608 -0.093227 -0.344561 -0.004093 -0.201382 0.061189 0.011373 -0.017870 -0.333155 0.069242 -0.305323 -0.000770 -0.339586 -0.136367 0.324689 -0.400363 -0.031348 0.479121 -0.040245 -0.053943 -0.216076 0.172837 0.017781 0.033619 0.047653 0.005122 0.009516 -0.069977 0.177975 -0.464316 -0.447689 -0.050274 -0.070234 0.022783 -0.377322 -0.080697 -0.425684 0.120370 -0.297272 0.086411 0.212136 0.283746 -0.110336 -0.024674 -0.189497 0.042762 -0.243348 -0.082762 -0.367098 -0.464417
Q16539,1.553593 1.704261 -0.366802 0.774251 1.073991 -0.642827 1.299558 -0.475307 -1.307540 0.984783 -0.604548 0.649744 -0.693335 -0.460002 -0.742886 -0.840505 1.955503 -0.594207 0.427139 0.516668 -0.446694 0.519728 1.902832 0.935422 2.122191 -0.673126 1.519269 0.782763 -1.458087 1.533329 -0.651063 -0.970810 -0.604662 -0.860155 -0.254984 -1.188645 0.732568 0.711964 -0.508210 0.547020 0.634908 -0.779644 -1.437255 1.135229 1.292718 -0.735816 -0.544664 0.676610 1.183681 -0.723574 1.360854 0.848461 1.416341 -1.597253 -1.069658 -1.092677 -0.648707 -0.600767 1.633459 0.680157 1.425065 -0.668087 1.098490 1.055550
Q16584,0.207502 0.334559 0.173812 -0.220675 -0.020385 -0.255751 -0.007825 0.176886 -0.068620 0.138687 0.187789 0.129998 -0.222779 0.173610 0.194124 0.166104 0.282840 0.221956 0.250729 -0.189749 0.200086 -0.283240 0.151440 -0.180312 0.012480 0.163836 0.147977 0.300187 -0.002691 -0.009274 0.180231 -0.124414 0.175531 0.158351 0.276668 -0.252474 -0.186091 -0.176403 0.250350 -0.185383 -0.224795 0.152477 -0.005927 -0.029216 0.215849 0.172451 0.169224 -0.204889 0.103597 0.125853 0.144463 -0.236601 0.219366 -0.173415 -0.184201 -0.121233 0.143236 0.149967 0.022062 -0.217410 0.170687 0.205824 0.056028 0.160739
Q16620,0.037826 0.216031 0.173225 -0.214204 -0.088178 -0.264783 -0.045765 0.170096 0.048730 0.001235 0.200533 0.156028 -0.050431 0.199985 0.214914 0.168719 0.143378 0.255902 0.207286 -0.183192 0.226260 -0.275169 0.112468 -0.211335 -0.112120 0.182084 0.117535 0.299856 0.069942 -0.016731 0.215246 -0.045313 0.179854 0.208024 0.320266 -0.260686 -0.194020 -0.202638 0.241677 -0.220209 -0.226188 0.182606 0.103057 -0.030115 0.134003 0.211985 0.178416 -0.208267 0.091135 0.159813 0.145618 -0.202384 0.147155 0.018214 -0.075094 0.109385 0.154315 0.205830 -0.051627 -0.214137 0.167805 0.193284 0.062862 0.065671
Q16659,0.403067 0.570164 -0.096071 0.145224 0.483589 -0.396458 0.771526 -0.077478 -0.418326 0.636676 -0.076504 0.244384 -0.222464 -0.103997 -0.234600 -0.133771 0.721634 -0.046775 0.186337 0.173366 0.005080 0.117973 0.578418 0.236336 0.905862 -0.107327 0.527768 0.569122 -0.485682 0.470050 -0.102460 -0.616068 -0.099394 -0.195273 0.191031 -0.547490 0.180198 0.064177 -0.049755 0.096336 0.174837 -0.080771 -0.526516 0.538495 0.732261 -0.114995 0.018371 0.172716 0.563996 -0.169924 0.513060 0.166480 0.257217 -0.462538 -0.131481 -0.368108 -0.126198 0.014465 0.721196 0.185092 0.645078 -0.205864 0.827640 0.121713
Q16665,-0.529494 -1.479067 -1.340104 1.432629 -0.077006 0.282414 -0.110533 -1.321802 -0.496000 -0.655358 -1.257845 -1.957071 1.420562 -1.338357 -1.309442 -1.438425 -1.405819 -1.245025 -2.460483 1.440161 -1.424479 1.079019 -1.666116 1.500061 0.581963 -1.478565 -2.117370 -2.064429 0.110907 -0.706848 -1.361650 0.999782 -1.371852 -1.467869 -1.805418 0.546787 1.373186 1.310427 -1.150686 1.450249 1.456440 -1.312996 -0.799414 -1.282721 -0.817968 -1.481270 -1.496734 1.484151 -1.033245 -1.561018 -1.737563 1.368252 -2.074039 -0.111120 -0.106177 0.294922 -1.320327 -1.342748 -0.304665 1.420227 -1.614312 -1.294735 -1.354478 -1.128214
Q16790,-0.278133 -0.060130 0.229679 -0.211095 -0.220226 0.241334 -0.258081 0.217997 0.411361 -0.202319 0.219825 -0.047829 0.224065 0.231801 0.241014 0.231491 -0.205436 0.222754 0.139785 -0.191154 0.213874 -0.142840 -0.146566 -0.230548 -0.358154 0.236622 0.023542 0.101697 0.400400 -0.266577 0.236825 0.207805 0.218480 0.264812 0.151320 0.327149 -0.206796 -0.234395 0.219377 -0.218124 -0.202453 0.249007 0.371786 -0.142046 -0.249109 0.242288 0.218241 -0.232288 -0.187605 0.238257 -0.030093 -0.198554 -0.057055 0.385915 0.382015 0.316328 0.221968 0.236881 -0.254980 -0.177325 -0.071077 0.208713 -0.043972 -0.225130
Q16832,-0.246321 -0.026210 0.259051 -0.289747 -0.211824 0.059107 -0.175912 0.252542 0.242107 -0.184038 0.267543 -0.081866 0.119851 0.268058 0.295523 0.237684 -0.093592 0.318563 0.115926 -0.250118 0.281345 -0.311632 -0.225581 -0.292581 -0.218411 0.262154 -0.105166 0.184983 0.215251 -0.257166 0.270523 0.144048 0.251200 0.272733 0.196630 0.027372 -0.263513 -0.275341 0.286099 -0.278839 -0.296819 0.259674 0.258007 -0.216070 -0.183063 0.267695 0.244568 -0.282168 -0.117262 0.246865 0.030191 -0.308499 -0.063032 0.266828 0.181446 0.285569 0.265003 0.269987 -0.365103 -0.297604 -0.004938 0.266824 -0.084214 -0.128674
Q16853,-0.429649 -0.190554 0.290144 -0.315089 -0.434839 0.247488 -0.464570 0.286226 0.441974 -0.406158 0.284917 -0.285719 0.351436 0.306095 0.304607 0.292004 -0.352634 0.307193 0.064323 -0.280935 0.291800 -0.287668 -0.367303 -0.326658 -0.501302 0.303112 -0.160390 0.060633 0.447059 -0.458746 0.305671 0.331476 0.295353 0.336299 0.060049 0.381269 -0.306242 -0.319137 0.318052 -0.324204 -0.310763 0.315861 0.458932 -0.348333 -0.400018 0.321800 0.286404 -0.319803 -0.370406 0.297839 -0.160157 -0.295868 -0.192506 0.462209 0.425103 0.466338 0.273614 0.312603 -0.459432 -0.308128 -0.275915 0.291826 -0.250523 -0.381850
Q16873,-0.155287 0.066628 0.349479 -0.425225 -0.294430 -0.114749 -0.275585 0.354712 0.176965 -0.179290 0.340517 -0.086216 0.018511 0.347351 0.360665 0.361913 -0.101132 0.376411 0.233495 -0.378540 0.353183 -0.402592 -0.081552 -0.405371 -0.298959 0.350691 0.046398 0.221099 0.133958 -0.240396 0.359127 -0.019571 0.341689 0.377277 0.229554 -0.009785 -0.407944 -0.382851 0.371825 -0.405990 -0.406513 0.376369 0.287967 -0.093456 -0.072654 0.371284 0.346002 -0.400272 -0.140795 0.352610 0.085558 -0.443606 0.041647 0.209291 0.166615 0.188330 0.355796 0.372266 -0.300913 -0.426999 -0.045362 0.367261 -0.073863 -0.135340
Q32MK0,0.030221 0.122662 0.232901 -0.302802 -0.127364 -0.189966 -0.130028 0.234738 0.040246 -0.037790 0.231558 0.037070 -0.094819 0.220281 0.237262 0.215805 0.059319 0.265677 0.184222 -0.243854 0.248778 -0.299010 0.020462 -0.271372 -0.114047 0.218751 0.084718 0.263920 0.015979 -0.128258 0.243721 -0.184442 0.232900 0.254598 0.228883 -0.127466 -0.271217 -0.255363 0.277580 -0.282889 -0.275315 0.250155 0.115563 -0.087141 -0.045096 0.252670 0.232505 -0.284220 -0.004086 0.214664 0.080985 -0.308715 0.171732 0.041171 -0.001727 0.031487 0.201861 0.248311 -0.131584 -0.300761 0.017203 0.247231 0.035798 -0.032379
Q4U2R8,-0.483821 -0.270156 0.264229 -0.269380 -0.470638 0.408318 -0.505503 0.261763 0.516942 -0.473819 0.261424 -0.353617 0.436905 0.289595 0.281532 0.264615 -0.448964 0.275657 0.018607 -0.231828 0.261705 -0.235647 -0.428980 -0.297787 -0.542541 0.277883 -0.221444 0.003109 0.539227 -0.525121 0.279285 0.430466 0.271877 0.314641 0.015258 0.523889 -0.262897 -0.291770 0.291903 -0.289314 -0.272443 0.288918 0.511913 -0.447905 -0.534452 0.296886 0.262604 -0.284189 -0.431671 0.278023 -0.253460 -0.246674 -0.273257 0.527411 0.495180 0.540635 0.237468 0.281438 -0.496906 -0.261801 -0.338719 0.253825 -0.306165 -0.455834
Q59H18,-0.275976 -0.083540 0.271524 -0.316703 -0.338490 0.118024 -0.299126 0.284407 0.340873 -0.264321 0.275159 -0.131966 0.170277 0.278489 0.295985 0.285247 -0.222847 0.300186 0.154689 -0.278648 0.299098 -0.303877 -0.163447 -0.314304 -0.358277 0.298362 -0.022651 0.170804 0.308240 -0.353681 0.298945 0.165868 0.284818 0.315303 0.186716 0.213262 -0.297116 -0.312176 0.311811 -0.316560 -0.311060 0.297352 0.340251 -0.239369 -0.192800 0.314222 0.288004 -0.311854 -0.211051 0.274838 -0.068816 -0.309884 -0.010527 0.306749 0.282980 0.272911 0.262947 0.300664 -0.332855 -0.317584 -0.115461 0.280259 -0.120845 -0.255092
Q5S007,-1.717666 -3.784347 -1.973899 1.998884 -0.314178 1.609226 -1.289109 -2.273510 0.857753 -1.484640 -1.988356 -2.877079 1.822205 -2.079307 -1.766467 -2.130245 -2.279828 -2.052840 -2.368850 2.216935 -1.941800 1.663817 -2.410023 2.137129 -0.815582 -1.853931 -2.729160 -2.205751 1.143933 -2.054695 -2.003505 2.680177 -2.083891 -1.969324 -3.104094 1.796089 2.169355 2.008795 -1.787122 2.171155 2.195494 -2.065630 -0.346185 -2.323461 -2.161554 -2.017303 -2.406356 2.108994 -2.426001 -2.399927 -3.362436 2.839848 -3.123932 0.135318 0.101025 0.012031 -2.007830 -2.264777 -0.629841 2.008206 -3.180298 -2.027446 -4.050068 -1.626449
Q6PHR2,-0.515071 -0.288453 0.265851 -0.276336 -0.475641 0.394017 -0.515053 0.260822 0.540268 -0.474227 0.261882 -0.362340 0.464398 0.293758 0.285478 0.266001 -0.451272 0.285816 0.021671 -0.236953 0.273611 -0.243966 -0.460949 -0.301414 -0.562955 0.285249 -0.242222 0.020490 0.553127 -0.536697 0.285228 0.450758 0.274477 0.318977 0.007414 0.503729 -0.268873 -0.298024 0.300771 -0.293958 -0.280940 0.291261 0.521237 -0.466624 -0.535454 0.300005 0.266601 -0.290311 -0.433103 0.276403 -0.257924 -0.244162 -0.272281 0.534340 0.506026 0.541931 0.241007 0.292443 -0.523096 -0.268063 -0.346299 0.261035 -0.339687 -0.452685
Q7KZI7,0.265118 0.287265 0.023505 0.050170 0.002553 -0.226396 0.104370 -0.021800 -0.506843 -0.047632 -0.012443 -0.107160 -0.061442 0.008672 -0.058209 -0.068255 0.425728 0.012606 -0.079869 -0.034256 -0.000963 -0.170985 -0.025274 0.098136 0.488979 -0.032605 -0.018286 0.179830 -0.164878 0.032184 -0.032467 -0.214683 -0.024157 -0.116616 -0.129492 -0.251119 0.000908 0.007934 0.033626 0.025843 -0.012933 -0.083736 -0.242143 0.262950 -0.059656 -0.070964 -0.027502 0.012987 0.179990 -0.125529 0.091486 0.002139 0.142170 -0.461813 -0.351041 -0.250067 -0.109008 -0.019615 0.253132 0.031029 0.145815 -0.053697 0.156179 -0.016854
Q86UE8,-0.279709 -0.063599 0.219998 -0.227476 -0.340519 0.247634 -0.387803 0.234158 0.364342 -0.287903 0.221041 -0.130460 0.228248 0.232071 0.236574 0.233275 -0.227753 0.249310 0.131732 -0.213113 0.243623 -0.207100 -0.185258 -0.236152 -0.421115 0.264749 -0.032808 0.157532 0.366146 -0.302254 0.235205 0.301387 0.227105 0.252588 0.145837 0.318248 -0.236421 -0.241911 0.282692 -0.264181 -0.238087 0.236032 0.373028 -0.299852 -0.234213 0.255029 0.240047 -0.249573 -0.244379 0.228317 -0.111675 -0.213874 -0.059391 0.279985 0.327734 0.317465 0.190950 0.248600 -0.288333 -0.234373 -0.082741 0.218757 -0.184153 -0.271279
Q86YV6,-0.434069 -0.263117 0.171288 -0.204334 -0.364033 0.263185 -0.430683 0.170049 0.439668 -0.384418 0.174036 -0.315367 0.303504 0.205886 0.203036 0.164047 -0.372785 0.208899 -0.020138 -0.147271 0.190470 -0.180948 -0.385921 -0.215401 -0.441220 0.198579 -0.218850 -0.002314 0.443782 -0.463002 0.207513 0.303768 0.182084 0.235235 0.010043 0.376906 -0.183438 -0.216665 0.219556 -0.216457 -0.193083 0.195167 0.399103 -0.433689 -0.496749 0.216428 0.177813 -0.217507 -0.328095 0.178014 -0.282813 -0.162503 -0.206421 0.391996 0.358903 0.426278 0.145931 0.204282 -0.435015 -0.203940 -0.329593 0.170022 -0.309093 -0.391713
Q8IU85,0.013344 0.208318 0.277457 -0.367948 -0.011965 -0.176642 -0.119276 0.303453 0.023308 0.040335 0.280612 0.092741 -0.228053 0.276121 0.287952 0.264832 0.265402 0.297316 0.398038 -0.309045 0.288742 -0.360837 0.239404 -0.285625 -0.007066 0.316904 0.333089 0.380121 -0.068408 0.052343 0.293254 -0.121433 0.255630 0.282014 0.349251 -0.187007 -0.313079 -0.296705 0.334078 -0.328068 -0.332539 0.272042 0.073568 0.071486 0.209562 0.282145 0.296219 -0.336844 0.126915 0.281340 0.149238 -0.339723 0.315285 -0.108384 0.026986 -0.140076 0.339086 0.302993 -0.005358 -0.359543 0.184239 0.315594 -0.032614 0.057390
Q8IVH8,-0.057392 0.090992 0.252609 -0.331491 -0.191571 -0.181970 -0.159377 0.262097 0.120438 -0.088529 0.257219 0.022226 -0.100552 0.256550 0.274716 0.261031 0.014764 0.295902 0.246950 -0.281290 0.288517 -0.331072 0.007923 -0.316762 -0.224630 0.281766 0.105677 0.245534 0.070617 -0.137732 0.280247 -0.057375 0.256389 0.292664 0.244921 -0.076229 -0.305922 -0.298204 0.305286 -0.317675 -0.322404 0.276144 0.175250 -0.054884 -0.008206 0.289645 0.266518 -0.316339 -0.051984 0.253033 0.095404 -0.350177 0.146845 0.082155 0.005105 0.084000 0.242533 0.290674 -0.183408 -0.333639 0.014091 0.270243 -0.050470 -0.027518
Q8IW41,-0.008013 0.178427 0.148112 -0.184142 -0.158204 0.161767 -0.101457 0.181285 0.087920 -0.168196 0.123304 -0.038711 -0.040467 0.176841 0.155602 0.124661 0.055516 0.202204 0.218771 -0.166839 0.249051 -0.162066 0.089011 -0.142906 -0.084757 0.247682 0.276273 0.307128 0.010969 -0.079919 0.184159 0.041423 0.159149 0.137776 0.286866 0.066515 -0.169203 -0.199609 0.213338 -0.218454 -0.186703 0.152132 0.093140 -0.136149 -0.033556 0.181439 0.207971 -0.182881 0.026148 0.152782 -0.060342 -0.153377 0.269174 -0.095010 0.073354 -0.051140 0.107988 0.200626 -0.128954 -0.192727 0.159153 0.094234 0.070068 -0.121781
Q8N0U8,0.039315 0.402374 0.359651 -0.430252 -0.174881 -0.521561 0.056815 0.360953 -0.040471 0.015439 0.367606 0.227547 -0.252216 0.360383 0.384510 0.392259 0.258519 0.401216 0.406047 -0.455989 0.371832 -0.430952 0.108161 -0.384342 -0.113810 0.367837 0.413963 0.382990 -0.072172 0.065714 0.387212 -0.211659 0.336205 0.392674 0.384760 -0.306863 -0.410612 -0.383472 0.326167 -0.379518 -0.428118 0.367358 0.157783 0.311411 0.313534 0.374770 0.324982 -0.403942 0.048106 0.367127 0.375708 -0.452715 0.364442 0.020715 0.013805 0.002409 0.415798 0.368522 -0.027409 -0.451553 0.216210 0.378468 0.308649 0.068746
Q8N4C8,0.043156 0.087638 0.207429 -0.288976 -0.103316 -0.214413 -0.098619 0.190025 -0.027823 -0.026924 0.218386 0.045587 -0.148757 0.186486 0.206480 0.199981 0.131698 0.238769 0.172481 -0.240312 0.230504 -0.304787 0.012835 -0.246856 -0.100402 0.203912 0.134558 0.262897 -0.012806 -0.111065 0.205481 -0.229141 0.221475 0.206437 0.161219 -0.153729 -0.235965 -0.239605 0.264917 -0.248221 -0.275632 0.213619 0.017052 -0.040625 -0.007505 0.230119 0.218896 -0.254140 -0.006992 0.176251 0.071664 -0.285563 0.082969 -0.018089 -0.063962 0.014320 0.187902 0.215358 -0.007230 -0.273117 0.064563 0.230906 0.044464 -0.015750
Q8N568,-0.387067 -0.169060 0.218136 -0.243945 -0.316089 0.183655 -0.340089 0.222203 0.342968 -0.312185 0.227432 -0.219912 0.283132 0.253566 0.235875 0.223203 -0.250836 0.247995 0.055327 -0.212028 0.229830 -0.241382 -0.341232 -0.261527 -0.389284 0.239886 -0.155980 0.052641 0.383723 -0.357837 0.245893 0.287381 0.232013 0.266117 0.020624 0.276853 -0.226291 -0.254857 0.253659 -0.258913 -0.244010 0.243437 0.373630 -0.229822 -0.361595 0.256362 0.229420 -0.250592 -0.243556 0.229625 -0.097399 -0.221616 -0.159093 0.391089 0.329763 0.392758 0.211055 0.255413 -0.356819 -0.229262 -0.216572 0.232625 -0.183418 -0.325981
Q8N5S9,-0.319739 -0.255535 0.070682 -0.092282 -0.294684 0.360289 -0.404202 0.054296 0.302133 -0.311605 0.046839 -0.293320 0.231807 0.072428 0.073552 0.033951 -0.186152 0.086504 -0.013649 -0.049813 0.079413 -0.089647 -0.278643 -0.059790 -0.259429 0.102067 -0.156181 0.031826 0.331426 -0.385875 0.070207 0.253476 0.067307 0.075432 -0.063064 0.315446 -0.058991 -0.086112 0.127636 -0.089462 -0.090889 0.060743 0.257862 -0.449541 -0.433152 0.088094 0.062110 -0.093429 -0.325166 0.049704 -0.411860 -0.017941 -0.185712 0.134813 0.228525 0.165075 0.023314 0.071641 -0.313385 -0.095127 -0.303423 0.036320 -0.399582 -0.314078
Q8NG66,0.204317 0.335712 0.286397 -0.397680 -0.043269 -0.483866 -0.009092 0.295805 -0.195426 0.109828 0.285019 0.168447 -0.386232 0.272212 0.287901 0.287881 0.267579 0.324821 0.326073 -0.346313 0.301934 -0.414014 0.277566 -0.337282 0.053752 0.292674 0.273531 0.376909 -0.230746 0.024440 0.295910 -0.441413 0.283915 0.283778 0.384931 -0.382221 -0.356831 -0.325440 0.315093 -0.358196 -0.365838 0.293052 -0.018376 0.177463 0.231327 0.301707 0.296042 -0.363445 0.163375 0.267416 0.211500 -0.422286 0.325254 -0.219881 -0.223745 -0.173853 0.272219 0.303715 0.006374 -0.409710 0.206140 0.309709 0.213943 0.133600
Q8NI60,-0.347285 -0.060528 0.214617 -0.172442 -0.395884 0.469067 -0.410038 0.208731 0.431926 -0.352374 0.171841 -0.324181 0.247585 0.202327 0.181303 0.237262 -0.319005 0.172856 0.107918 -0.162243 0.181129 -0.106148 -0.291810 -0.207877 -0.430823 0.248611 -0.048803 -0.013567 0.437422 -0.359365 0.190056 0.326015 0.194721 0.198670 0.105309 0.514853 -0.181355 -0.216621 0.179066 -0.198009 -0.208098 0.219248 0.389973 -0.371110 -0.427755 0.196273 0.204534 -0.215812 -0.337945 0.233937 -0.208248 -0.161701 -0.125794 0.367754 0.424684 0.254077 0.202426 0.198949 -0.388407 -0.161343 -0.124882 0.172462 -0.153607 -0.326979
Q8TCT1,-0.306228 -0.148401 0.345080 -0.410186 -0.374862 0.103894 -0.375539 0.348540 0.286393 -0.316975 0.331833 -0.224666 0.178203 0.346927 0.351924 0.351729 -0.274536 0.360938 0.141017 -0.364926 0.354959 -0.387464 -0.222889 -0.400844 -0.391971 0.356670 -0.116312 0.118258 0.265233 -0.375323 0.356725 0.133013 0.334295 0.372336 0.093265 0.177875 -0.392159 -0.378723 0.367726 -0.389374 -0.401584 0.369811 0.362442 -0.257339 -0.270518 0.366732 0.346062 -0.390472 -0.255621 0.345885 -0.055415 -0.436580 -0.095232 0.342733 0.299375 0.290512 0.355407 0.367523 -0.419519 -0.413346 -0.189519 0.357757 -0.198865 -0.271983
Q8TD08,0.089358 0.208825 0.323113 -0.440107 -0.080247 -0.350185 -0.050139 0.316911 -0.040525 0.023339 0.317623 0.080296 -0.194287 0.284208 0.317802 0.302030 0.201447 0.345232 0.307722 -0.363306 0.351708 -0.437102 0.071507 -0.366328 -0.018894 0.314569 0.130259 0.326454 -0.177740 -0.049976 0.310164 -0.343664 0.303866 0.315275 0.236022 -0.390611 -0.380786 -0.334719 0.351980 -0.345158 -0.400818 0.332682 0.074510 0.081528 0.168463 0.330684 0.292574 -0.376117 0.062385 0.290239 0.138310 -0.467034 0.229400 -0.050475 -0.111932 -0.109923 0.361216 0.330025 -0.137893 -0.425190 0.055963 0.356121 0.026676 0.135651
Q8TD19,-0.565190 -0.551153 0.006512 -0.028094 -0.493768 0.470230 -0.574592 -0.001707 0.486314 -0.512406 0.006179 -0.532035 0.491532 0.018488 0.048522 -0.005055 -0.552233 0.045053 -0.268888 0.033860 0.028372 -0.013066 -0.603976 -0.027123 -0.539499 0.030021 -0.431702 -0.222790 0.596552 -0.628592 0.027942 0.586320 0.026713 0.051535 -0.238732 0.602099 0.003368 -0.041434 0.106384 -0.045204 -0.024255 0.034912 0.375749 -0.777111 -0.584384 0.041098 -0.002021 -0.014082 -0.596898 -0.002879 -0.557806 0.040669 -0.504094 0.384394 0.394232 0.492233 -0.040800 0.013779 -0.524066 -0.015009 -0.575010 0.003504 -0.657272 -0.523482
Q8WUI4,-0.122195 -0.568972 -0.319981 0.284752 -0.232026 0.092454 -0.170711 -0.281165 0.175835 -0.256886 -0.268985 -0.618952 0.622920 -0.392377 -0.290718 -0.250891 -0.459751 -0.271547 -0.636963 0.317067 -0.258499 0.347577 -0.368030 0.301576 -0.205162 -0.329364 -0.327082 -0.276953 0.382232 -0.419674 -0.294985 0.532361 -0.231694 -0.332610 -0.335672 0.752009 0.328532 0.271983 -0.087367 0.316842 0.367411 -0.246036 -0.072862 -0.770782 -0.319581 -0.281290 -0.221478 0.385421 -0.442285 -0.349428 -0.387989 0.321796 -0.595813 0.098134 0.199032 0.182760 -0.344850 -0.254950 -0.062491 0.291855 -0.407999 -0.236982 -0.502255 -0.257587
Q92570,-0.490319 -0.264836 0.286158 -0.305972 -0.467481 0.319891 -0.502557 0.285426 0.479992 -0.452878 0.280206 -0.344287 0.418340 0.304468 0.299230 0.289287 -0.416022 0.299368 0.040259 -0.267168 0.287529 -0.280485 -0.450246 -0.323737 -0.531197 0.295094 -0.216781 0.029796 0.494838 -0.512596 0.300288 0.395490 0.288177 0.332343 0.010243 0.438111 -0.301092 -0.317595 0.318712 -0.319202 -0.307400 0.309422 0.484561 -0.412623 -0.472324 0.320268 0.286229 -0.312094 -0.412111 0.295227 -0.224931 -0.288602 -0.243851 0.511798 0.467481 0.530217 0.266049 0.311922 -0.502936 -0.299885 -0.314206 0.284468 -0.295611 -0.430814
Q92731,1.726362 1.194319 -0.399341 0.348174 1.430703 -1.985910 1.359074 -0.380557 -2.411487 1.447109 -0.324003 0.561029 -1.913072 -0.441668 -0.535053 -0.449892 1.673588 -0.379652 -0.023825 0.241882 -0.401124 0.058243 1.098984 0.416791 1.799324 -0.535014 0.674255 0.325537 -1.911054 1.418776 -0.454038 -1.837391 -0.329699 -0.627728 0.256436 -1.574965 0.363738 0.314389 -0.402697 0.375372 0.279430 -0.486769 -1.867447 1.377122 1.501084 -0.575010 -0.279906 0.333246 1.555672 -0.514283 1.148609 0.048491 1.168465 -2.094971 -1.982535 -1.471557 -0.601978 -0.403997 1.562969 0.312997 1.260394 -0.359177 1.542173 1.138882
Q92769,2.459369 1.401285 -0.795255 0.788301 1.561444 -2.638092 2.054281 -0.709806 -2.090856 2.033586 -0.612494 1.245413 -1.342810 -1.028350 -0.901452 -0.677195 1.494049 -0.728391 -0.355049 0.557011 -0.758426 0.734904 1.765931 0.885426 2.189127 -0.974459 1.390746 0.458556 -1.638784 2.051933 -0.867558 -1.634682 -0.594347 -0.979472 0.766622 -1.042526 0.833577 0.749326 -0.460154 0.968248 0.924138 -0.817898 -2.033656 1.281027 2.038914 -0.894574 -0.614409 0.961715 1.916759 -0.910958 1.780165 0.558129 1.146718 -1.933591 -1.983477 -1.643264 -0.966596 -0.712353 2.443764 0.754179 1.781234 -0.519839 1.777205 1.644784
Q92843,-0.447826 -0.218756 0.246602 -0.260715 -0.448722 0.371393 -0.471438 0.261414 0.474430 -0.416740 0.259270 -0.346020 0.436677 0.283786 0.271521 0.253850 -0.364829 0.266846 0.007422 -0.237694 0.260612 -0.230895 -0.395531 -0.278685 -0.481089 0.260648 -0.196053 0.005425 0.502827 -0.441668 0.273982 0.440721 0.268231 0.295815 -0.000927 0.491174 -0.254323 -0.279898 0.286992 -0.278704 -0.262313 0.273891 0.463644 -0.386106 -0.427562 0.281464 0.260942 -0.266056 -0.338105 0.262080 -0.212500 -0.237883 -0.231535 0.472445 0.466726 0.525435 0.227813 0.264907 -0.451109 -0.256269 -0.296383 0.252585 -0.279894 -0.439216
Q92887,-0.196260 0.178041 0.221879 -0.115237 -0.151453 0.262080 -0.151211 0.217907 0.503460 -0.110618 0.242027 0.201529 0.304337 0.268815 0.258029 0.213875 -0.063177 0.200919 0.192174 -0.200674 0.198904 -0.101083 0.101732 -0.174931 -0.298320 0.223167 0.187577 0.061579 0.367752 -0.050921 0.253802 0.337708 0.271339 0.264576 0.190430 0.340964 -0.174129 -0.172221 0.187883 -0.181984 -0.173264 0.231877 0.322574 0.110677 -0.132397 0.225330 0.206645 -0.205111 -0.016851 0.269340 0.136547 -0.113296 0.257193 0.461177 0.461394 0.353259 0.276431 0.219939 -0.074762 -0.152976 0.181521 0.196752 0.177199 -0.167945
Q92918,0.321744 0.341485 0.053661 -0.111033 0.149824 -0.302120 0.211526 0.049737 0.083971 0.292147 0.110929 0.374862 -0.283967 0.052387 0.097632 0.059536 0.435183 0.152097 0.331123 -0.051001 0.146502 -0.120688 0.300908 -0.090148 0.048089 0.131462 0.359641 0.444073 -0.004376 0.196347 0.113405 -0.297216 0.111645 0.083646 0.359137 -0.214510 -0.054773 -0.079520 0.182613 -0.061381 -0.156021 0.068059 -0.049056 0.039521 0.234709 0.110456 0.089192 -0.115902 0.284963 0.045018 0.181494 -0.127144 0.385870 -0.251890 -0.348959 -0.241333 0.024219 0.091021 0.180909 -0.091445 0.232098 0.085348 0.178451 0.435336
Q969S8,0.076691 0.184328 0.310970 -0.384394 -0.154931 -0.282927 -0.007072 0.320010 0.110310 0.018557 0.320398 0.101602 -0.095042 0.290136 0.329574 0.342330 0.036484 0.340941 0.266385 -0.359538 0.350722 -0.376778 0.020043 -0.347199 -0.116762 0.316913 0.283530 0.337719 0.081881 -0.045688 0.337150 -0.092996 0.321689 0.328711 0.321140 -0.117203 -0.370775 -0.343182 0.357181 -0.326531 -0.355291 0.337454 0.140520 0.058200 0.223224 0.330619 0.327098 -0.338949 -0.015626 0.303970 0.272649 -0.411639 0.263773 0.050259 0.076207 0.044493 0.340581 0.318375 -0.150227 -0.386295 0.147327 0.356745 0.152438 0.086522
Q96EB6,1.324482 0.372137 -0.989808 0.944868 0.855295 -1.387634 1.519986 -0.869013 -1.230269 1.099704 -0.834107 -0.257217 -0.166909 -1.198296 -0.987837 -0.826787 0.476389 -0.832929 -0.906139 0.908731 -0.864722 0.885450 0.458454 1.078298 1.625797 -1.058199 0.287513 -0.123179 -0.606373 0.869264 -0.894050 -0.562461 -0.780373 -1.020982 -0.096721 -0.278570 0.952044 0.826928 -0.672903 1.136601 1.079463 -0.938134 -1.405255 0.201261 1.075211 -1.098987 -0.874369 1.126087 0.606978 -1.207661 0.479706 0.808319 0.343175 -1.305230 -1.247429 -1.078424 -1.070664 -0.886310 1.532365 0.868288 0.301178 -0.834925 0.822367 0.458795
Q96GD4,-0.220573 -0.292588 -0.441514 0.376625 0.442609 0.023295 0.034683 -0.419278 -0.003188 -0.055553 -0.374294 -0.194988 -0.358790 -0.343229 -0.343596 -0.542022 0.325282 -0.361407 -0.062378 0.437742 -0.315417 0.289498 -0.284153 0.425812 0.194517 -0.278854 -0.057172 -0.062415 -0.017118 0.034024 -0.362569 0.011583 -0.442983 -0.390051 -0.413235 -0.035295 0.486863 0.376995 -0.340733 0.399367 0.421022 -0.454342 -0.267628 -0.288526 -0.098029 -0.380511 -0.442952 0.356258 -0.028192 -0.494237 -0.566232 0.618668 -0.319273 -0.479644 -0.385438 -0.432154 -0.344741 -0.396432 0.179920 0.391344 -0.385640 -0.418463 -0.595291 0.299560
Q96L34,-0.620029 -0.515195 0.029881 -0.006084 -0.404531 0.617068 -0.615554 0.021586 0.554058 -0.429507 0.047743 -0.415976 0.634430 0.051405 0.083159 -0.048840 -0.315754 0.039287 -0.110686 0.039772 0.052277 -0.026294 -0.406619 0.018495 -0.526913 0.097032 -0.252886 0.011811 0.589699 -0.535619 0.011039 0.772070 0.053419 0.024457 -0.242593 0.608235 0.028924 0.010625 0.140780 -0.008636 0.018919 0.027474 0.372385 -0.693419 -0.435288 0.057122 0.026945 0.028303 -0.530775 -0.015250 -0.596795 0.189090 -0.442977 0.326716 0.453470 0.394003 0.012571 0.040638 -0.388793 0.025736 -0.421619 0.010263 -0.815822 -0.311440
Q96NX5,-0.539660 -0.367260 0.141415 -0.173173 -0.442321 0.403449 -0.518144 0.139973 0.513498 -0.480526 0.142153 -0.412875 0.402584 0.176522 0.177554 0.133360 -0.469092 0.178969 -0.087314 -0.115998 0.162802 -0.143827 -0.494603 -0.180698 -0.504954 0.177430 -0.289874 -0.073735 0.529620 -0.561411 0.178563 0.413202 0.149502 0.205902 -0.070607 0.488996 -0.154370 -0.190087 0.197285 -0.188607 -0.157692 0.170999 0.445324 -0.540456 -0.583300 0.189891 0.143547 -0.181484 -0.446810 0.149649 -0.402710 -0.111417 -0.316211 0.440755 0.437516 0.484386 0.116276 0.171121 -0.505116 -0.171235 -0.448665 0.136195 -0.434078 -0.481037
Q96PY6,-0.455017 -0.288235 0.224412 -0.231798 -0.418966 0.277010 -0.435861 0.206982 0.418126 -0.418897 0.213809 -0.351833 0.418675 0.221500 0.231949 0.226207 -0.404420 0.233379 -0.031161 -0.210058 0.214164 -0.236786 -0.465007 -0.240479 -0.472727 0.231656 -0.252093 -0.002188 0.452389 -0.470440 0.226190 0.368277 0.210171 0.248604 -0.022554 0.414581 -0.231399 -0.251902 0.244195 -0.239369 -0.233656 0.237309 0.403098 -0.401323 -0.501406 0.239509 0.210633 -0.243333 -0.445906 0.211297 -0.262335 -0.214183 -0.344758 0.431419 0.401211 0.418160 0.204577 0.229469 -0.441517 -0.232169 -0.325468 0.226347 -0.332688 -0.434644
Q96Q40,-0.489014 -0.320719 0.140677 -0.166968 -0.386837 0.378060 -0.467826 0.128924 0.469939 -0.422065 0.134616 -0.401671 0.370479 0.166401 0.159056 0.110204 -0.409296 0.170329 -0.077583 -0.093830 0.155547 -0.144305 -0.446899 -0.166975 -0.435598 0.161276 -0.280687 -0.075294 0.488596 -0.492252 0.163786 0.339431 0.129834 0.188758 -0.112985 0.455757 -0.133122 -0.167850 0.179459 -0.162373 -0.140272 0.158114 0.421508 -0.534809 -0.541863 0.168458 0.128265 -0.168155 -0.440684 0.123643 -0.350121 -0.092575 -0.295503 0.387575 0.421752 0.443381 0.133531 0.156849 -0.517918 -0.155366 -0.450862 0.143231 -0.444348 -0.424332
Q96Q83,0.287559 0.263202 0.283161 -0.425594 0.190139 -0.340772 0.129716 0.248347 -0.064950 0.282929 0.297855 0.264576 -0.390444 0.246398 0.299598 0.253879 0.434489 0.287817 0.449841 -0.294600 0.297847 -0.440359 0.120626 -0.317034 0.077892 0.297178 0.377606 0.476904 -0.187305 0.112299 0.278408 -0.379386 0.277109 0.256430 0.274317 -0.437594 -0.284730 -0.260261 0.320821 -0.264030 -0.345440 0.282983 -0.053692 0.167045 0.343978 0.290712 0.281836 -0.341016 0.306468 0.230263 0.178891 -0.368253 0.401968 -0.171661 -0.253426 -0.467719 0.363932 0.306185 0.088067 -0.359916 0.240271 0.339130 0.161681 0.320749
Q96RD7,-0.431356 -0.184856 0.281878 -0.315257 -0.445129 0.228933 -0.442435 0.282311 0.429231 -0.389766 0.277561 -0.276720 0.312637 0.303765 0.302725 0.292774 -0.349790 0.303057 0.079576 -0.276965 0.291824 -0.285819 -0.368247 -0.321782 -0.491677 0.298395 -0.134254 0.086107 0.433299 -0.471796 0.305990 0.316714 0.282444 0.336174 0.072996 0.354856 -0.305645 -0.322134 0.309494 -0.318748 -0.309741 0.308180 0.446528 -0.316014 -0.392049 0.317961 0.281871 -0.311422 -0.365559 0.291829 -0.145658 -0.291250 -0.183765 0.440597 0.397791 0.453870 0.268227 0.307497 -0.452936 -0.309339 -0.267969 0.288727 -0.236867 -0.383018
Q96RI1,0.106347 0.138144 0.063833 -0.126751 -0.019639 -0.397260 0.048635 0.116837 -0.226529 0.077085 0.126752 -0.116560 -0.142650 0.071039 0.070057 0.085991 0.155256 0.129358 0.011803 -0.133344 0.114644 -0.187725 -0.017182 -0.107035 0.046165 0.070488 0.201891 0.139801 -0.083212 0.057644 0.086989 -0.188429 0.140865 0.062877 0.162725 0.033156 -0.100829 -0.133106 0.186949 -0.099401 -0.136453 0.097083 -0.159059 0.071427 0.210552 0.078829 0.140735 -0.096990 0.091269 0.068907 0.242525 -0.166090 0.177851 -0.181324 -0.152259 -0.017891 0.040272 0.122832 0.071998 -0.137485 0.110116 0.137632 0.143686 0.064383
Q96SW2,0.045373 0.235642 0.312586 -0.351615 -0.186035 -0.212553 -0.126355 0.333894 0.112153 -0.030549 0.326804 0.070861 0.057981 0.312547 0.313291 0.312582 0.064770 0.346057 0.265632 -0.321983 0.325430 -0.365725 0.127158 -0.321697 -0.148916 0.292980 0.227394 0.313166 0.094396 -0.090755 0.315735 -0.051701 0.328360 0.318179 0.328658 -0.064817 -0.325750 -0.312920 0.368239 -0.339399 -0.340914 0.314753 0.171804 0.071030 0.218351 0.311021 0.322231 -0.322996 -0.020678 0.295164 0.262493 -0.352165 0.213423 0.134430 0.117508 0.123123 0.323599 0.323772 -0.074102 -0.369845 0.109907 0.346398 0.092231 -0.080661
Q99250,-0.338291 -0.016372 0.280844 -0.293021 -0.354008 0.106277 -0.330219 0.279872 0.359038 -0.302779 0.286294 -0.094673 0.208075 0.302608 0.314658 0.282310 -0.207591 0.304273 0.133713 -0.291442 0.288496 -0.287889 -0.216340 -0.306037 -0.391051 0.301148 -0.000953 0.117643 0.332472 -0.334252 0.311457 0.228299 0.282334 0.330174 0.122289 0.205874 -0.300849 -0.304304 0.289423 -0.313067 -0.298588 0.303143 0.375240 -0.151640 -0.250180 0.302735 0.270083 -0.310039 -0.236028 0.295948 -0.066259 -0.280287 -0.022983 0.367776 0.341181 0.353238 0.276670 0.303541 -0.332659 -0.313613 -0.122678 0.280599 -0.063985 -0.309657
Q99500,-0.487405 -0.243190 0.268321 -0.280250 -0.465342 0.314213 -0.490141 0.266329 0.475160 -0.445771 0.268808 -0.308312 0.408457 0.294485 0.288989 0.269443 -0.385089 0.288459 0.037439 -0.255000 0.274880 -0.256250 -0.433629 -0.303840 -0.542554 0.284855 -0.190096 0.033474 0.492515 -0.502193 0.290043 0.383985 0.274850 0.323534 0.018262 0.429693 -0.278403 -0.302789 0.297439 -0.303788 -0.285806 0.296756 0.485934 -0.392952 -0.485742 0.302334 0.260735 -0.290253 -0.401410 0.281197 -0.205743 -0.258478 -0.246943 0.510027 0.462167 0.522218 0.247465 0.292834 -0.486657 -0.283168 -0.312131 0.262238 -0.272895 -0.436403
Q99519,-0.060362 0.194025 0.364722 -0.421757 -0.217215 -0.127186 -0.174744 0.371588 0.172843 -0.097779 0.361775 0.017915 0.016410 0.348735 0.364732 0.371909 0.012113 0.372223 0.291387 -0.394582 0.356210 -0.397853 0.032632 -0.402156 -0.229561 0.366130 0.132552 0.265390 0.070524 -0.101758 0.368821 -0.045187 0.354993 0.377091 0.259224 -0.103089 -0.407014 -0.377586 0.370179 -0.398428 -0.407271 0.380549 0.257184 0.013049 0.015629 0.374479 0.351013 -0.403990 -0.063331 0.362716 0.139554 -0.474360 0.149730 0.154561 0.143023 0.150305 0.384136 0.376510 -0.214163 -0.424815 0.038871 0.377000 0.015866 -0.093527
Q99571,-0.219096 -0.029114 0.361668 -0.418443 -0.354169 0.064590 -0.347610 0.371004 0.309149 -0.285036 0.352877 -0.184485 0.157650 0.354480 0.368035 0.361937 -0.199579 0.374733 0.143389 -0.374774 0.364765 -0.397782 -0.224361 -0.406702 -0.335747 0.362975 -0.073229 0.167675 0.263765 -0.304947 0.367628 0.116258 0.353017 0.378260 0.159480 0.111729 -0.408398 -0.378141 0.375945 -0.396985 -0.410771 0.379355 0.355349 -0.240610 -0.227539 0.374299 0.355861 -0.405772 -0.224552 0.354230 -0.054176 -0.439016 -0.079471 0.309718 0.316574 0.270059 0.373656 0.379436 -0.410815 -0.421442 -0.119036 0.374653 -0.131726 -0.246652
Q99572,-0.355348 -0.111908 0.280219 -0.282688 -0.411808 0.248483 -0.397423 0.268521 0.419548 -0.339065 0.279415 -0.218617 0.332110 0.294310 0.298638 0.270507 -0.293529 0.295950 0.076132 -0.262692 0.291107 -0.300988 -0.282740 -0.281847 -0.417543 0.279764 -0.132936 0.113012 0.415650 -0.436449 0.298613 0.334312 0.268913 0.314383 0.098183 0.294943 -0.282106 -0.297801 0.295927 -0.285992 -0.286303 0.277339 0.414698 -0.274777 -0.321366 0.293291 0.253286 -0.280917 -0.314655 0.271731 -0.109052 -0.264108 -0.131710 0.418608 0.360393 0.473100 0.264689 0.279390 -0.441989 -0.284313 -0.221581 0.282249 -0.196153 -0.333580
Q99640,-0.332197 -0.099350 0.266409 -0.273738 -0.357709 0.187977 -0.324349 0.277910 0.323057 -0.272757 0.251937 -0.157840 0.155024 0.260966 0.279687 0.267580 -0.206510 0.290825 0.132604 -0.253263 0.282669 -0.251872 -0.243099 -0.268305 -0.367900 0.279304 0.014829 0.195921 0.369562 -0.380025 0.282550 0.209699 0.254994 0.288051 0.136468 0.275759 -0.270562 -0.298953 0.270351 -0.287718 -0.288041 0.280710 0.363423 -0.313883 -0.181781 0.287958 0.284229 -0.273050 -0.275610 0.256195 -0.069917 -0.260476 -0.016294 0.284738 0.321739 0.271246 0.251390 0.270641 -0.327837 -0.289298 -0.154590 0.244669 -0.110493 -0.279711
Q99720,-0.415682 -0.070263 0.260416 -0.238683 -0.385395 0.316927 -0.337366 0.256451 0.522092 -0.389189 0.255268 -0.199247 0.331719 0.287003 0.274498 0.267005 -0.293876 0.267882 0.124929 -0.230928 0.263889 -0.188326 -0.249881 -0.261371 -0.454131 0.287801 -0.044350 0.045816 0.515871 -0.365196 0.283140 0.380979 0.267674 0.308890 0.104756 0.462712 -0.238027 -0.270537 0.258900 -0.246943 -0.261435 0.280421 0.483130 -0.274900 -0.339962 0.281323 0.247367 -0.270118 -0.336524 0.276297 -0.138513 -0.213541 -0.084419 0.474602 0.492808 0.440971 0.266158 0.270592 -0.364989 -0.228278 -0.206128 0.235037 -0.135916 -0.325756
Q99759,-1.917594 -2.663781 -0.995508 1.283601 -1.576055 2.587423 -1.737525 -1.040518 0.793301 -2.632029 -1.199335 -3.004968 2.516746 -1.030911 -1.026803 -1.133111 -2.342581 -1.063010 -2.261972 1.194261 -1.068425 1.123072 -2.883912 1.251947 -0.846899 -0.959100 -2.542374 -2.209006 1.464419 -2.026890 -1.091341 2.823944 -1.154286 -1.168068 -2.625647 2.124258 1.075455 0.996712 -0.993542 1.067483 1.183424 -1.090528 0.562777 -2.523805 -2.017212 -1.166854 -1.238989 1.329587 -2.596330 -1.158211 -2.482959 1.483385 -2.930595 0.737079 1.106418 1.327563 -1.174962 -1.174049 -1.586814 1.186055 -2.783143 -1.204169 -2.874058 -2.052857
Q9BQB6,0.118047 1.043015 0.086941 0.060426 0.133205 -0.488797 0.667352 0.102509 0.255673 0.366978 0.153277 0.837024 -0.240542 0.142488 0.209239 0.186333 0.495611 0.153549 0.651151 -0.259667 0.152038 0.222046 0.763666 0.068774 0.210218 0.177682 1.285947 0.370805 -0.018572 0.686661 0.246482 0.140526 0.126077 0.224923 0.787605 -0.104965 -0.009116 -0.067969 -0.165789 0.076569 -0.010034 0.072275 0.320535 0.704380 1.159585 0.123922 -0.071041 0.060442 0.463022 0.161357 1.044221 0.134331 0.369349 0.086295 0.336122 0.138544 0.306899 0.035414 0.566133 0.024042 0.779396 -0.023904 0.946086 0.311038
Q9BQI3,-0.232327 -0.046727 0.219972 -0.247804 -0.295856 0.055048 -0.299651 0.225707 0.250819 -0.248215 0.222433 -0.181556 0.176869 0.240050 0.235260 0.209751 -0.156525 0.255331 0.078215 -0.218764 0.242302 -0.237320 -0.178361 -0.247933 -0.317492 0.227012 -0.020343 0.137764 0.289254 -0.302503 0.232788 0.149944 0.237501 0.247390 0.116033 0.202113 -0.226761 -0.243819 0.282982 -0.267569 -0.243907 0.234585 0.257655 -0.244587 -0.219054 0.257671 0.238811 -0.243803 -0.176902 0.214755 -0.077244 -0.218051 -0.064738 0.256989 0.213661 0.329792 0.191492 0.246428 -0.252385 -0.245272 -0.098703 0.226935 -0.118599 -0.220401
Q9BRS2,-0.308288 -0.254454 0.170591 -0.190515 -0.370759 0.422858 -0.382175 0.172037 0.350802 -0.373882 0.144092 -0.267391 0.198044 0.169512 0.164644 0.166015 -0.371861 0.170631 -0.030377 -0.141822 0.189891 -0.179232 -0.270319 -0.194704 -0.350960 0.213642 -0.224356 0.021258 0.400987 -0.455645 0.177353 0.214128 0.183535 0.186919 0.018407 0.489491 -0.165311 -0.194648 0.218505 -0.193789 -0.200703 0.171191 0.299807 -0.463288 -0.414668 0.196623 0.201351 -0.196602 -0.303678 0.182941 -0.235289 -0.195124 -0.151779 0.299088 0.291925 0.252296 0.117295 0.184007 -0.369352 -0.207745 -0.277770 0.142290 -0.254197 -0.318184
Q9BUB5,-0.379498 -0.231624 -0.016659 0.016535 -0.221704 0.445134 -0.439581 -0.013309 0.348614 -0.370689 -0.026811 -0.285807 0.208880 0.010553 0.015804 -0.081539 -0.159057 0.006841 -0.052261 0.040117 0.006408 0.007218 -0.247884 0.047125 -0.245739 0.037453 -0.069996 -0.015490 0.407557 -0.394358 0.004686 0.327271 -0.018040 -0.003592 -0.131176 0.461428 0.051786 -0.009066 0.054591 -0.007672 0.055575 -0.024921 0.213045 -0.461807 -0.372655 0.002335 -0.021152 0.021017 -0.346744 -0.049639 -0.391730 0.172916 -0.248559 0.110269 0.178548 0.194336 -0.039183 -0.037478 -0.246445 0.021997 -0.277350 -0.041838 -0.408063 -0.289662
Q9BXA7,-0.262178 -0.077152 0.149203 -0.196298 -0.224056 0.218002 -0.285018 0.149057 0.310468 -0.219637 0.150000 -0.187601 0.152905 0.175225 0.184274 0.122322 -0.160789 0.201791 0.046136 -0.125984 0.182847 -0.180629 -0.175408 -0.164934 -0.246061 0.184362 -0.061010 0.087843 0.300628 -0.297319 0.179775 0.127593 0.146465 0.184665 0.069285 0.159419 -0.158479 -0.187262 0.196078 -0.187162 -0.172272 0.164921 0.242179 -0.324056 -0.262786 0.172944 0.145760 -0.190558 -0.231240 0.140335 -0.178764 -0.143063 -0.044676 0.153171 0.192072 0.207464 0.155873 0.163408 -0.310263 -0.188163 -0.198200 0.165570 -0.272594 -0.206997
Q9BYF1,-0.216398 0.006338 0.342833 -0.377711 -0.321697 -0.014676 -0.309861 0.338737 0.233704 -0.207714 0.326392 -0.143642 0.110631 0.324632 0.336899 0.346434 -0.139483 0.339935 0.215242 -0.352913 0.325277 -0.357271 -0.154569 -0.380458 -0.347241 0.336611 -0.019927 0.131611 0.180320 -0.250343 0.339128 0.093958 0.317133 0.355793 0.185573 0.096733 -0.364048 -0.363602 0.342716 -0.374283 -0.369410 0.350934 0.325165 -0.167928 -0.236865 0.359837 0.329846 -0.387650 -0.212723 0.344842 -0.004194 -0.410539 0.006112 0.288692 0.245622 0.287648 0.348344 0.341291 -0.338600 -0.380122 -0.051486 0.351127 -0.118000 -0.218392
Q9C0B1,-0.335556 -0.131443 0.242299 -0.244105 -0.376691 0.371936 -0.324250 0.253460 0.558741 -0.307567 0.247362 -0.194001 0.492094 0.260955 0.246809 0.248715 -0.297471 0.270661 0.061143 -0.196321 0.257953 -0.192243 -0.164268 -0.245328 -0.402173 0.267501 -0.075913 0.122321 0.500868 -0.335941 0.255652 0.369868 0.265883 0.289867 0.144630 0.487599 -0.235275 -0.257662 0.314953 -0.235025 -0.225996 0.267470 0.464733 -0.290211 -0.415911 0.273798 0.259447 -0.244388 -0.288892 0.252179 -0.173917 -0.205262 -0.077502 0.477846 0.464319 0.413207 0.223161 0.277800 -0.364170 -0.234507 -0.161301 0.242373 -0.217350 -0.321856
Q9GZU7,-0.230748 0.038014 0.315298 -0.387050 -0.270677 0.041028 -0.279216 0.322942 0.227507 -0.135153 0.317446 -0.152641 0.080970 0.322980 0.340397 0.324601 -0.031183 0.349668 0.215016 -0.308067 0.332301 -0.379706 -0.199846 -0.343521 -0.253580 0.325964 0.023620 0.206851 0.227657 -0.279871 0.329327 0.053648 0.309562 0.329751 0.163056 0.075578 -0.345974 -0.333120 0.333104 -0.331336 -0.344048 0.326166 0.290310 -0.140224 -0.036505 0.326969 0.313219 -0.344571 -0.127671 0.294449 -0.007820 -0.354196 0.068860 0.199031 0.163122 0.190172 0.335771 0.332674 -0.329341 -0.372977 -0.109159 0.329635 -0.139399 -0.120875
Q9H093,-0.218966 -0.095309 0.121073 -0.175396 -0.202690 0.096329 -0.294966 0.125284 0.195358 -0.223116 0.131715 -0.138830 0.011190 0.150522 0.162569 0.098247 -0.118687 0.180630 0.046282 -0.127652 0.160827 -0.171301 -0.194867 -0.157841 -0.222385 0.162826 -0.041001 0.128845 0.237163 -0.305030 0.158506 0.083704 0.132734 0.161346 0.090107 0.179610 -0.136128 -0.168227 0.189620 -0.174403 -0.158008 0.134740 0.200188 -0.271897 -0.243928 0.161384 0.142673 -0.167154 -0.145500 0.113154 -0.184819 -0.118422 -0.029742 0.080379 0.075261 0.173556 0.080372 0.138476 -0.226322 -0.171209 -0.171101 0.122374 -0.159747 -0.171320
Q9H0K1,-0.307464 -0.259084 0.098098 -0.123505 -0.266547 0.419546 -0.356066 0.099635 0.353453 -0.285471 0.129647 -0.241191 0.205974 0.108597 0.129277 0.072858 -0.154340 0.117474 0.073727 -0.103463 0.159787 -0.122700 -0.223655 -0.115565 -0.349450 0.191947 -0.046932 0.186948 0.392200 -0.410877 0.117107 0.331901 0.137891 0.119059 -0.029993 0.496373 -0.063706 -0.131693 0.183826 -0.135871 -0.103146 0.103470 0.258799 -0.369222 -0.391594 0.165656 0.138699 -0.101787 -0.281430 0.087706 -0.298637 -0.000822 -0.184031 0.146891 0.242900 0.220863 0.072083 0.111365 -0.243288 -0.109171 -0.242046 0.085945 -0.359675 -0.240668
Q9H1R3,0.072838 0.200046 0.137759 -0.154516 -0.108848 0.093958 -0.171905 0.140529 -0.019465 -0.085353 0.148133 -0.030954 -0.093243 0.126163 0.135653 0.106928 0.130119 0.150461 0.048244 -0.130588 0.137859 -0.197037 -0.004263 -0.113537 -0.015583 0.146032 0.088355 0.215318 0.122895 -0.218368 0.130017 -0.090252 0.156851 0.097631 0.155699 0.114942 -0.137373 -0.150178 0.205912 -0.158467 -0.129685 0.131416 0.025082 -0.120317 -0.168222 0.140448 0.164516 -0.138787 0.036079 0.099012 -0.106553 -0.151005 0.119302 -0.075276 0.002084 0.018718 0.059366 0.135786 -0.012364 -0.147853 0.063132 0.130172 0.129206 -0.146041
Q9H228,-0.487533 -0.241827 0.278827 -0.297658 -0.470322 0.323883 -0.495835 0.278756 0.479833 -0.457710 0.270253 -0.334685 0.394741 0.303486 0.295976 0.283665 -0.405463 0.299189 0.034129 -0.264251 0.286606 -0.267382 -0.437505 -0.317185 -0.523490 0.294596 -0.210922 0.038299 0.506553 -0.508716 0.297635 0.379146 0.284783 0.329415 0.022970 0.451544 -0.291880 -0.310773 0.306482 -0.308757 -0.301755 0.305723 0.493522 -0.403870 -0.477732 0.311975 0.277374 -0.304113 -0.415390 0.288798 -0.201529 -0.275182 -0.261213 0.500864 0.475310 0.500818 0.259795 0.305106 -0.494838 -0.295735 -0.323824 0.274430 -0.282542 -0.437591
Q9H2K8,-0.321904 -0.203585 0.180417 -0.216722 -0.367113 0.205326 -0.370233 0.191020 0.287879 -0.330223 0.185161 -0.245105 0.226053 0.190797 0.204541 0.184207 -0.284117 0.215687 0.029240 -0.180405 0.213547 -0.225704 -0.308305 -0.211807 -0.352635 0.216471 -0.148814 0.064811 0.322539 -0.411481 0.210800 0.247768 0.208331 0.205457 0.053324 0.354447 -0.206495 -0.223963 0.233843 -0.220206 -0.215699 0.198320 0.298457 -0.357269 -0.352384 0.214298 0.197606 -0.215940 -0.270288 0.172933 -0.204603 -0.181799 -0.147532 0.252048 0.250398 0.296733 0.141370 0.193732 -0.350052 -0.228410 -0.243860 0.183687 -0.225150 -0.348148
Q9H2X6,-0.015131 0.206871 0.121944 -0.188403 -0.186385 -0.224467 -0.062491 0.162266 -0.132666 -0.062190 0.154978 -0.046497 -0.072871 0.146187 0.147583 0.162827 0.154317 0.197472 0.039080 -0.187910 0.192887 -0.219394 0.019891 -0.161915 0.040795 0.179221 0.139021 0.218608 0.029099 -0.103671 0.174060 -0.096624 0.173424 0.137448 0.200323 -0.008766 -0.169570 -0.201035 0.216656 -0.205460 -0.149800 0.162503 -0.006830 -0.053587 0.215048 0.170747 0.188260 -0.145997 0.073282 0.105516 0.157771 -0.148854 0.117179 -0.163719 -0.105038 0.041475 0.075971 0.186115 0.080833 -0.211702 0.039440 0.160868 0.126456 -0.060522
Q9H3Y6,-0.412855 -0.248656 0.275693 -0.311634 -0.409450 0.245717 -0.438271 0.271148 0.410774 -0.408754 0.268721 -0.294955 0.285995 0.292035 0.291360 0.268797 -0.341223 0.295048 0.067589 -0.279856 0.287361 -0.282533 -0.387924 -0.328341 -0.501151 0.295647 -0.176433 0.072831 0.412488 -0.453068 0.290985 0.296280 0.280142 0.318643 0.038642 0.346698 -0.292949 -0.313427 0.315490 -0.316963 -0.319882 0.298282 0.426323 -0.371087 -0.426477 0.308795 0.276648 -0.307067 -0.377955 0.283865 -0.190534 -0.300324 -0.206308 0.406670 0.384198 0.421133 0.264326 0.294556 -0.478194 -0.305627 -0.299099 0.282704 -0.294950 -0.342464
Q9H4B4,-0.185311 0.170300 0.355256 -0.386613 -0.376731 0.103268 -0.357317 0.371196 0.154735 -0.261269 0.391083 -0.310395 0.179353 0.367849 0.355818 0.347224 0.023450 0.382153 0.220699 -0.400016 0.366727 -0.441965 -0.321052 -0.346404 -0.281304 0.327027 0.001953 0.235615 0.209933 -0.286035 0.332570 0.371204 0.344371 0.326334 0.168514 0.015543 -0.395781 -0.359274 0.401957 -0.380496 -0.390067 0.316375 0.280267 -0.145674 0.047158 0.357012 0.334751 -0.369008 -0.134259 0.337764 -0.034534 -0.390563 0.054586 0.166306 0.243038 0.352237 0.351212 0.331573 -0.198573 -0.361267 0.003157 0.380390 -0.190369 -0.174578
Q9HBH9,-0.390164 -0.175829 0.209145 -0.223171 -0.354082 0.199969 -0.427050 0.214310 0.244421 -0.422159 0.213067 -0.361730 0.308083 0.220481 0.218454 0.193161 -0.182304 0.233058 0.041214 -0.198267 0.229688 -0.263117 -0.420629 -0.213779 -0.343141 0.223701 -0.176370 0.038842 0.346935 -0.391546 0.216895 0.329101 0.206932 0.212448 -0.086557 0.334567 -0.213627 -0.242666 0.242411 -0.234746 -0.224097 0.188041 0.319913 -0.284889 -0.344070 0.224639 0.199771 -0.223636 -0.305417 0.189260 -0.204907 -0.162346 -0.191904 0.272723 0.267436 0.389918 0.174998 0.198350 -0.350621 -0.222245 -0.224968 0.199738 -0.269529 -0.352952
Q9HC29,-0.328047 -0.095153 0.240699 -0.262530 -0.362935 0.174276 -0.291869 0.255478 0.376053 -0.248159 0.267461 -0.200541 0.209630 0.267533 0.279647 0.265923 -0.205520 0.288052 0.128590 -0.252322 0.278461 -0.256842 -0.252793 -0.270876 -0.360437 0.264471 -0.024280 0.189734 0.412577 -0.403615 0.284432 0.271375 0.271570 0.300085 0.148990 0.257504 -0.253925 -0.292259 0.280604 -0.258682 -0.259488 0.264486 0.356368 -0.233502 -0.184243 0.285434 0.242724 -0.265453 -0.261678 0.235505 -0.056309 -0.219227 -0.044947 0.317914 0.232302 0.346749 0.241568 0.251029 -0.307265 -0.263875 -0.210277 0.257731 -0.195928 -0.211991
Q9NQU5,-0.320173 -0.174126 0.038513 -0.023356 -0.336388 0.332500 -0.345393 0.008567 0.269037 -0.330819 0.028881 -0.317269 0.279346 0.071044 0.065428 -0.017528 -0.190406 0.075452 -0.063452 -0.000601 0.084244 -0.068753 -0.260036 -0.023217 -0.294636 0.085525 -0.196718 0.035183 0.379733 -0.418664 0.041391 0.339244 0.030834 0.036606 -0.077681 0.277369 -0.023640 -0.055531 0.098529 -0.052985 -0.053625 0.021138 0.237153 -0.468895 -0.438240 0.065003 0.010343 -0.029527 -0.330471 -0.009410 -0.336210 0.057394 -0.254412 0.105284 0.101664 0.298858 -0.046016 0.021887 -0.297093 -0.019825 -0.237915 0.002184 -0.358810 -0.305583
Q9NRP7,-0.443989 -0.264077 0.259785 -0.282273 -0.445692 0.319325 -0.477706 0.253342 0.483152 -0.425593 0.251873 -0.316470 0.401674 0.272106 0.275954 0.262489 -0.421629 0.274980 0.016785 -0.240180 0.266520 -0.254624 -0.389132 -0.291277 -0.500386 0.270972 -0.215697 0.036628 0.485874 -0.495480 0.273370 0.340467 0.262095 0.305820 0.021315 0.410803 -0.273547 -0.287523 0.295273 -0.287239 -0.278312 0.283774 0.463350 -0.406957 -0.451327 0.292140 0.256534 -0.287130 -0.396311 0.263939 -0.237407 -0.255714 -0.227817 0.476123 0.450045 0.469612 0.237532 0.278135 -0.471993 -0.280353 -0.331970 0.257081 -0.293831 -0.411986
Q9NS75,-0.419022 -0.126586 0.277147 -0.304725 -0.436130 0.169838 -0.398880 0.280138 0.401045 -0.374455 0.279088 -0.232449 0.281284 0.306197 0.304300 0.287829 -0.306808 0.307953 0.101324 -0.284113 0.293929 -0.273234 -0.372101 -0.312720 -0.473897 0.300341 -0.072947 0.100564 0.418735 -0.415023 0.305436 0.291409 0.285055 0.335107 0.101811 0.321871 -0.301376 -0.315657 0.301700 -0.309290 -0.302795 0.306563 0.448906 -0.278576 -0.353832 0.311846 0.274531 -0.305855 -0.335066 0.291910 -0.092457 -0.280121 -0.133897 0.428755 0.386831 0.426347 0.269299 0.309137 -0.423005 -0.308561 -0.244759 0.275286 -0.182218 -0.358030
Q9NSY1,-0.442066 -0.269091 0.147106 -0.129915 -0.450987 0.433459 -0.456415 0.129457 0.400538 -0.426208 0.144151 -0.394945 0.480240 0.154627 0.145734 0.126866 -0.421182 0.170759 -0.147765 -0.110360 0.162583 -0.114638 -0.289612 -0.137889 -0.421997 0.150667 -0.302825 -0.065396 0.504237 -0.487050 0.152528 0.397254 0.135493 0.173780 -0.096121 0.492334 -0.130198 -0.158652 0.209965 -0.163864 -0.138576 0.161343 0.385635 -0.518438 -0.392340 0.160554 0.137680 -0.120902 -0.450239 0.129402 -0.260635 -0.093591 -0.331750 0.423462 0.422744 0.518559 0.109869 0.148652 -0.394692 -0.141131 -0.407282 0.135588 -0.341985 -0.508610
Q9NWZ3,-0.052998 0.171746 0.306358 -0.348380 -0.213011 -0.129506 -0.174870 0.316123 0.086802 -0.143492 0.314010 -0.005904 -0.057231 0.314812 0.341057 0.318185 0.122526 0.356879 0.278504 -0.338419 0.336281 -0.419741 -0.096335 -0.335340 -0.201277 0.322772 0.161177 0.309683 0.104836 -0.142977 0.335541 0.025905 0.301418 0.320794 0.295499 -0.081177 -0.342315 -0.335289 0.331248 -0.338821 -0.361746 0.319817 0.218230 -0.050597 0.208539 0.327531 0.299289 -0.330422 -0.070883 0.292618 0.129459 -0.353792 0.066258 0.107925 0.061662 0.145641 0.317304 0.314956 -0.162974 -0.357197 0.004851 0.330438 -0.020394 0.032956
Q9NYA1,-0.122842 0.039198 0.367379 -0.438741 -0.262460 -0.142348 -0.235070 0.374427 0.145776 -0.130275 0.360839 -0.067153 -0.055535 0.342546 0.372350 0.370375 -0.071614 0.391021 0.253492 -0.398182 0.371887 -0.431590 -0.077620 -0.403963 -0.256316 0.349397 0.019677 0.246227 0.103942 -0.245072 0.369667 -0.070020 0.351773 0.376491 0.222411 -0.064668 -0.422648 -0.389830 0.377782 -0.404967 -0.420850 0.371049 0.237933 -0.055001 0.013656 0.380150 0.364313 -0.414626 -0.106506 0.345911 0.086320 -0.475152 0.155278 0.152213 0.112706 0.178294 0.376662 0.359553 -0.311140 -0.438065 -0.061061 0.394855 -0.033464 -0.085854
Q9NYL2,-0.319544 -0.154859 0.139571 -0.140616 -0.391313 0.246068 -0.361339 0.159597 0.393715 -0.323568 0.152299 -0.216209 0.333201 0.150902 0.175853 0.156404 -0.298070 0.197092 -0.017397 -0.154322 0.193534 -0.136379 -0.214149 -0.145994 -0.392657 0.177740 -0.094895 0.082473 0.426763 -0.425084 0.167339 0.374599 0.174770 0.178152 0.082103 0.376652 -0.143112 -0.182146 0.237225 -0.181006 -0.149676 0.160089 0.324278 -0.455851 -0.228064 0.181193 0.174996 -0.137411 -0.314613 0.143696 -0.127206 -0.115644 -0.184367 0.284079 0.305850 0.361638 0.109884 0.166862 -0.308476 -0.161741 -0.190148 0.147774 -0.282526 -0.328217
Q9NYY3,0.209693 0.451747 0.350868 -0.439276 -0.017552 -0.507509 0.010676 0.361897 -0.253260 0.153686 0.326555 0.232462 -0.382433 0.325560 0.329133 0.340140 0.351424 0.369526 0.431008 -0.412895 0.358235 -0.488434 0.370259 -0.366207 0.098982 0.338532 0.373847 0.458766 -0.333260 0.149778 0.337659 -0.474912 0.337266 0.327227 0.478562 -0.561510 -0.432143 -0.366432 0.374256 -0.401800 -0.428550 0.330619 -0.049193 0.302722 0.445574 0.340140 0.337515 -0.405024 0.239195 0.316727 0.420429 -0.508739 0.418794 -0.245609 -0.251545 -0.206086 0.339978 0.367079 0.038961 -0.463992 0.340418 0.363931 0.281584 0.168858
Q9NZQ7,-0.247402 0.140033 0.295109 -0.333907 -0.339123 -0.135597 -0.155570 0.308238 0.106734 -0.203310 0.312197 -0.019608 -0.013379 0.299695 0.313969 0.301008 -0.000706 0.327026 0.224553 -0.344753 0.320434 -0.315456 -0.159767 -0.297260 -0.240276 0.309074 0.299600 0.231256 0.210071 -0.226492 0.321205 -0.004982 0.273917 0.341474 0.197517 0.036243 -0.330810 -0.328753 0.295239 -0.306563 -0.320469 0.294762 0.292354 0.039345 -0.003791 0.296055 0.277904 -0.292609 -0.215166 0.285680 0.115778 -0.310228 0.051509 0.190124 0.197810 0.279756 0.298923 0.290393 -0.229099 -0.368625 -0.097343 0.311691 0.100867 -0.247898
Q9P0L2,-0.302548 -0.197111 0.106086 -0.103638 -0.342449 0.157624 -0.294038 0.096395 0.079821 -0.415993 0.082018 -0.374865 0.283240 0.119061 0.090124 0.080612 -0.223309 0.098853 -0.138010 -0.107127 0.096099 -0.162696 -0.365667 -0.101900 -0.187137 0.126171 -0.238031 -0.005358 0.259007 -0.373692 0.089927 0.211139 0.091106 0.090688 -0.119713 0.303283 -0.122143 -0.133279 0.136269 -0.122686 -0.110395 0.094242 0.195282 -0.268783 -0.487079 0.100402 0.097412 -0.114178 -0.299031 0.060542 -0.251110 -0.079757 -0.293506 0.137003 0.171050 0.188211 0.032197 0.118846 -0.243096 -0.114435 -0.250960 0.072772 -0.265097 -0.362826
Q9P286,-0.353480 -0.104683 0.286437 -0.296160 -0.420897 0.329662 -0.434000 0.295796 0.434746 -0.377394 0.274223 -0.266546 0.368446 0.288660 0.295502 0.285473 -0.263329 0.301407 0.096064 -0.262589 0.301637 -0.263923 -0.333656 -0.285532 -0.393142 0.317532 -0.068289 0.087164 0.426168 -0.389160 0.296725 0.385465 0.289829 0.302083 0.047197 0.383155 -0.279189 -0.299090 0.337493 -0.303084 -0.282820 0.301185 0.452817 -0.332438 -0.360754 0.310077 0.291781 -0.286609 -0.292630 0.284851 -0.131350 -0.275834 -0.122655 0.392045 0.440298 0.387636 0.278874 0.297892 -0.413730 -0.276841 -0.194516 0.290230 -0.239075 -0.420861
Q9P289,-0.202973 -0.097076 0.106569 -0.150042 -0.260942 0.181267 -0.341599 0.119350 0.060011 -0.320161 0.078842 -0.309919 0.066937 0.098487 0.107291 0.081391 -0.011592 0.078796 0.078855 -0.143793 0.111418 -0.139985 -0.304838 -0.104133 -0.209214 0.162820 0.085527 0.049297 0.103710 -0.271286 0.073711 0.217351 0.078371 0.074694 -0.044407 0.180926 -0.136964 -0.129652 0.171702 -0.156522 -0.135415 0.107040 0.142692 -0.337768 -0.269137 0.112932 0.125757 -0.116235 -0.330808 0.103234 -0.294496 -0.129002 -0.285366 -0.031252 0.194549 -0.023379 0.101338 0.130168 -0.227397 -0.162676 -0.219906 0.100521 -0.436098 -0.266973
Q9UBF8,-0.344891 -0.255624 0.076215 -0.046623 -0.396396 0.265250 -0.372395 0.067197 0.258208 -0.446562 0.061859 -0.341002 0.398964 0.094591 0.086136 0.051861 -0.333030 0.094744 -0.172091 -0.064951 0.057032 -0.118035 -0.383768 -0.074715 -0.342798 0.078470 -0.333211 -0.113151 0.425053 -0.408957 0.072692 0.334752 0.060963 0.088129 -0.142019 0.302771 -0.080014 -0.086211 0.105556 -0.082750 -0.084112 0.062695 0.288102 -0.381306 -0.466708 0.067098 0.043145 -0.085862 -0.433575 0.037448 -0.345597 -0.014509 -0.389941 0.258842 0.230614 0.272608 0.022904 0.083754 -0.253130 -0.077265 -0.319471 0.046143 -0.337569 -0.432797
Q9UBN7,-0.447047 -2.213069 -1.721658 1.661468 -0.184841 1.081220 0.065631 -1.675200 0.721906 -0.394535 -1.624029 -1.711831 1.768367 -1.958624 -1.663472 -1.506409 -1.650315 -1.687405 -2.123587 1.877233 -1.701188 1.870135 -1.901236 1.727410 -0.299967 -1.654260 -2.013562 -1.728275 1.081624 -0.757592 -1.717218 1.793761 -1.621510 -1.733982 -2.097780 1.625535 1.710079 1.698755 -1.344768 1.898829 1.851727 -1.552820 -0.460233 -2.338566 -1.162940 -1.687281 -1.692437 1.909853 -1.580999 -1.832910 -2.429231 1.915728 -2.372574 0.143858 0.235135 -0.384749 -1.604375 -1.700549 -0.085871 1.712544 -2.019118 -1.501315 -2.402560 -0.258704
Q9UBS5,0.193759 0.315902 0.179519 -0.174487 0.044818 -0.262984 0.101755 0.188755 0.097664 0.160476 0.235193 0.376839 0.012011 0.202593 0.219606 0.172301 0.208803 0.251739 0.273661 -0.178824 0.208547 -0.287612 0.265567 -0.173379 0.031784 0.152780 0.104222 0.370424 0.003350 0.117828 0.223498 -0.121228 0.186977 0.203679 0.365323 -0.321128 -0.167279 -0.172807 0.213840 -0.177656 -0.190481 0.183015 0.061727 0.186867 0.253811 0.181305 0.160553 -0.199466 0.246006 0.144029 0.288029 -0.196389 0.225778 0.094889 -0.087135 -0.036448 0.191104 0.190057 0.108786 -0.191453 0.247945 0.223676 0.220524 0.177325
Q9UGN5,-0.292572 -0.016401 0.307589 -0.341435 -0.375133 0.129358 -0.345004 0.317905 0.338822 -0.265278 0.318562 -0.158400 0.245725 0.294368 0.311152 0.327424 -0.266350 0.306096 0.135052 -0.308521 0.305848 -0.303462 -0.280784 -0.318485 -0.329034 0.312192 -0.006854 0.156185 0.333033 -0.375524 0.308622 0.194828 0.299764 0.320676 0.174250 0.309958 -0.332188 -0.335991 0.331749 -0.312905 -0.311020 0.320316 0.369549 -0.223056 -0.242661 0.320264 0.312680 -0.302683 -0.223069 0.299070 -0.006918 -0.329040 -0.057933 0.316364 0.342700 0.372911 0.299591 0.308875 -0.371347 -0.331822 -0.094520 0.347736 -0.079292 -0.313258
Q9UHD2,-0.747881 -1.631018 -0.725074 0.671220 -0.775637 0.946369 -0.535921 -0.704919 0.328840 -0.945698 -0.731277 -1.386042 1.068698 -0.811089 -0.729406 -0.659711 -1.286315 -0.643539 -1.182076 0.739833 -0.660336 0.611082 -1.010888 0.748910 -0.409062 -0.598238 -1.302991 -1.042199 0.678671 -0.922967 -0.758810 0.911836 -0.713961 -0.773068 -1.273561 0.809977 0.597611 0.650403 -0.462556 0.686570 0.611709 -0.685513 -0.011659 -1.507115 -0.998243 -0.722411 -0.769923 0.697798 -1.217513 -0.787759 -1.643235 0.713362 -1.398781 -0.039916 0.318155 0.117081 -0.780589 -0.677537 -0.487325 0.611423 -1.423697 -0.728737 -1.843636 -0.772914
Q9UIK4,-0.423868 -0.192127 0.208252 -0.214918 -0.384406 0.372998 -0.463850 0.203580 0.417998 -0.447868 0.197762 -0.313573 0.314877 0.241525 0.230410 0.181067 -0.357764 0.235006 0.010204 -0.184516 0.219349 -0.207587 -0.363562 -0.225167 -0.431666 0.229467 -0.185968 0.008487 0.448038 -0.472465 0.234281 0.332507 0.204497 0.246040 0.003956 0.412401 -0.206503 -0.238423 0.237311 -0.240929 -0.212754 0.217133 0.431343 -0.436643 -0.463934 0.231559 0.199396 -0.225466 -0.342989 0.203368 -0.254557 -0.168210 -0.217375 0.381642 0.382241 0.437230 0.173299 0.221168 -0.423429 -0.212941 -0.298687 0.192040 -0.260460 -0.420504
Q9UKE5,-0.520339 -0.572506 0.127358 -0.104358 -0.543133 0.988718 -0.489824 0.096878 0.517314 -0.727181 0.092738 -0.674571 0.709722 0.083456 0.079598 0.068429 -0.710019 0.088765 -0.330011 -0.033993 0.169632 -0.075504 -0.623561 -0.044188 -0.449740 0.175685 -0.466893 -0.184184 0.608846 -0.736069 0.089091 0.661607 0.111084 0.043042 -0.436297 0.879516 -0.065551 -0.072253 0.215563 -0.096762 -0.085605 0.117067 0.336926 -0.769276 -0.954452 0.096600 0.099553 -0.058102 -0.648413 0.066074 -0.531855 -0.060507 -0.556315 0.466393 0.605224 0.486385 0.072097 0.090849 -0.496671 -0.043823 -0.489338 0.112306 -0.400447 -0.808541
Q9UKI8,-0.266895 0.029106 0.301899 -0.336885 -0.350514 0.132070 -0.375286 0.311331 0.282798 -0.307840 0.292845 -0.124789 0.121998 0.306475 0.312755 0.309836 -0.185662 0.316456 0.190698 -0.312240 0.315051 -0.308771 -0.203239 -0.325834 -0.370736 0.321567 -0.012157 0.200538 0.260697 -0.305184 0.309024 0.182286 0.291934 0.321912 0.181046 0.189915 -0.338133 -0.322010 0.337145 -0.359002 -0.319584 0.316915 0.343298 -0.215486 -0.213401 0.330206 0.312288 -0.336140 -0.185716 0.303247 -0.000884 -0.327511 -0.015132 0.289106 0.303097 0.279387 0.283656 0.326781 -0.347412 -0.335747 -0.063288 0.312559 -0.095306 -0.258075
Q9UKV0,0.568946 0.456447 0.110352 -0.219786 0.235707 -0.793307 0.347794 0.149807 -0.541085 0.394143 0.171619 0.284863 -0.571021 0.054261 0.092323 0.149121 0.609789 0.159717 0.296649 -0.219613 0.174834 -0.252431 0.322790 -0.160936 0.339968 0.140765 0.536075 0.461320 -0.441272 0.340414 0.121763 -0.521162 0.181736 0.058937 0.304036 -0.318323 -0.152907 -0.163521 0.222748 -0.155731 -0.163589 0.128356 -0.419902 0.403343 0.600088 0.127974 0.212613 -0.137725 0.405473 0.069966 0.506657 -0.216617 0.417617 -0.564582 -0.485115 -0.389953 0.111246 0.161662 0.465631 -0.204123 0.451501 0.210770 0.521813 0.490194
Q9UM07,0.217830 0.277492 0.265255 -0.366443 -0.014601 -0.404375 0.069349 0.276800 -0.094514 0.179780 0.291272 0.242911 -0.319411 0.235349 0.271398 0.292481 0.204089 0.276856 0.307036 -0.309315 0.286398 -0.372543 0.198899 -0.318899 0.078805 0.262118 0.305979 0.388255 -0.123739 0.002005 0.279604 -0.378820 0.279137 0.263291 0.387394 -0.183741 -0.321687 -0.297266 0.295811 -0.274575 -0.316723 0.281228 -0.059339 0.127973 0.223564 0.273355 0.288922 -0.303295 0.194719 0.249743 0.352895 -0.383081 0.357926 -0.160610 -0.198776 -0.189705 0.278539 0.266412 -0.002679 -0.380857 0.192846 0.337706 0.246137 0.224119
Q9UM73,-0.594370 -0.866732 -0.474096 0.491905 -0.087129 0.672994 -0.388582 -0.443349 0.282739 -0.424110 -0.410966 -0.511773 0.419200 -0.416800 -0.354345 -0.485998 -0.451850 -0.373180 -0.663152 0.500444 -0.445618 0.430749 -0.587971 0.478666 -0.367435 -0.454961 -0.789345 -0.770150 0.401705 -0.337185 -0.375468 0.788825 -0.530819 -0.355903 -0.665771 0.272192 0.469317 0.464422 -0.378135 0.477681 0.499777 -0.436983 0.163251 -0.648956 -0.055895 -0.425659 -0.578692 0.485941 -0.556205 -0.507499 -0.674082 0.508856 -1.071945 0.253656 0.015538 0.226653 -0.417586 -0.494097 -0.267704 0.523021 -0.940145 -0.406692 -0.933424 -0.192608
Q9UNQ0,-0.343774 -0.157845 0.356977 -0.420906 -0.385182 0.070852 -0.400865 0.355678 0.282352 -0.274733 0.347941 -0.289248 0.236689 0.351940 0.357618 0.366432 -0.253739 0.372794 0.128269 -0.376818 0.350882 -0.410650 -0.279335 -0.405100 -0.430429 0.350818 -0.144491 0.097000 0.263386 -0.377428 0.359747 0.186210 0.337498 0.376179 0.065172 0.183625 -0.403053 -0.384509 0.368785 -0.398934 -0.406036 0.361583 0.377839 -0.284720 -0.335633 0.379784 0.355704 -0.414220 -0.280649 0.354836 -0.128509 -0.448855 -0.091903 0.312270 0.325943 0.366289 0.351718 0.363670 -0.416152 -0.422404 -0.196112 0.375056 -0.218321 -0.297903
Q9UPY5,-0.427023 -0.177124 0.278406 -0.310129 -0.419071 0.223513 -0.429590 0.280153 0.426050 -0.361374 0.281572 -0.266953 0.292063 0.298623 0.303811 0.289314 -0.344050 0.305445 0.085179 -0.279647 0.292632 -0.284228 -0.336331 -0.316622 -0.481336 0.292382 -0.146392 0.095461 0.428559 -0.445858 0.301230 0.298597 0.283360 0.328705 0.076255 0.357381 -0.302757 -0.318868 0.309227 -0.312184 -0.305151 0.299143 0.432619 -0.335221 -0.362458 0.314591 0.280766 -0.305254 -0.332245 0.280179 -0.134188 -0.296501 -0.170182 0.408475 0.365302 0.446085 0.268143 0.297610 -0.435953 -0.305066 -0.257853 0.286599 -0.223477 -0.357703
Q9UPZ9,-0.153378 -0.016547 0.155890 -0.165851 -0.215024 0.067030 -0.247172 0.139106 0.170777 -0.218120 0.150059 -0.148050 0.124428 0.171712 0.167394 0.116893 -0.047736 0.189460 0.043190 -0.128657 0.176985 -0.173579 -0.135174 -0.158179 -0.191251 0.160461 -0.023460 0.134800 0.247595 -0.258613 0.150815 0.041329 0.160087 0.163310 0.038576 0.128098 -0.145853 -0.170843 0.217275 -0.193545 -0.170846 0.156556 0.173397 -0.287994 -0.204670 0.175872 0.164285 -0.164374 -0.161320 0.134501 -0.045631 -0.132778 -0.066572 0.139405 0.121785 0.238600 0.104948 0.169361 -0.169127 -0.173862 -0.087333 0.139955 -0.086765 -0.204430
Q9UQB9,-0.352905 -0.180420 0.184340 -0.208994 -0.265816 0.195342 -0.381150 0.180401 0.356510 -0.353580 0.195735 -0.262646 0.221030 0.214943 0.208401 0.150916 -0.230404 0.217113 0.052650 -0.171059 0.207538 -0.232327 -0.310765 -0.205749 -0.346967 0.204682 -0.160440 0.069482 0.353461 -0.403251 0.213980 0.244984 0.183984 0.224602 0.006759 0.239586 -0.186333 -0.217064 0.221159 -0.213501 -0.200702 0.188669 0.323753 -0.309018 -0.392714 0.215332 0.166758 -0.222372 -0.278147 0.170200 -0.226775 -0.158706 -0.188783 0.294423 0.264959 0.331123 0.183514 0.197140 -0.345396 -0.209180 -0.274252 0.192588 -0.244109 -0.257853
Q9UQL6,-0.910404 -3.789062 -2.402681 2.466807 0.172544 2.109148 -0.824547 -2.456525 0.393593 -1.258186 -2.650177 -3.432176 2.479001 -2.720446 -2.574117 -2.314240 -2.683815 -2.781412 -3.618842 2.799599 -2.493882 3.041305 -2.667361 2.552667 -0.307567 -2.499817 -2.619419 -3.453461 0.757162 -0.819075 -2.635744 2.512175 -2.363507 -2.681650 -3.790788 3.632135 2.577199 2.566455 -2.054289 2.657806 2.923517 -2.318995 -1.089244 -2.444306 -1.831809 -2.602741 -2.222596 2.880776 -2.129590 -2.525376 -2.950862 2.964925 -3.015360 0.096715 1.025316 -0.057992 -2.354103 -2.443492 -0.600112 2.559314 -3.013160 -2.195145 -3.055259 -1.016424
Q9UQM7,-0.529768 -0.480242 -0.158689 0.367448 -0.493590 1.253271 -0.616482 -0.218295 0.625870 -0.955337 -0.217813 -0.519969 1.219740 -0.201092 -0.220528 -0.326557 -0.803132 -0.250625 -0.579245 0.304783 -0.235505 0.224206 -0.514783 0.427682 -0.097749 -0.259233 -0.745616 -0.636508 0.643177 -0.582234 -0.162914 0.982898 -0.261927 -0.226573 -0.865201 0.804312 0.265926 0.276488 -0.227110 0.219946 0.406853 -0.263673 0.443915 -0.695484 -0.657884 -0.249916 -0.364857 0.326599 -0.661763 -0.225917 -0.657635 0.476254 -0.724364 0.731268 0.944085 0.769819 -0.227889 -0.250421 -0.313813 0.295971 -0.670731 -0.219477 -0.381926 -1.219641
Q9Y230,1.248762 -0.411435 -0.998005 0.903389 1.425487 -1.229231 1.056957 -1.046484 -2.069387 0.763351 -1.137472 -0.231107 -1.653694 -1.234740 -1.361731 -0.900881 1.117440 -1.407585 -0.029990 1.054186 -1.138125 1.124189 -0.155968 0.963536 1.447248 -0.938496 -0.066949 -0.211200 -1.792385 0.982399 -1.312288 -1.511385 -0.989068 -1.372033 -0.838847 -0.257200 0.963129 1.002267 -1.213744 1.119900 1.044520 -1.125510 -1.859843 0.710450 0.486988 -1.188217 -0.780674 1.035150 0.724242 -1.055437 -0.105571 1.107775 -0.011501 -2.235634 -1.665957 -2.398809 -1.193214 -1.077652 1.152219 0.931943 0.020294 -0.942390 0.581833 1.442722
Q9Y2D0,-0.524119 -0.299562 0.292134 -0.314037 -0.489157 0.392578 -0.527414 0.287542 0.503845 -0.477001 0.283744 -0.407732 0.453556 0.304802 0.306411 0.297426 -0.465864 0.304670 0.021527 -0.272993 0.285076 -0.276310 -0.499812 -0.327635 -0.570363 0.295195 -0.246951 0.011421 0.529117 -0.531091 0.303948 0.422085 0.292784 0.332508 0.003593 0.480224 -0.303082 -0.319755 0.325351 -0.322532 -0.316846 0.311684 0.502644 -0.492325 -0.550609 0.320055 0.299205 -0.321015 -0.456827 0.304569 -0.261450 -0.288913 -0.272156 0.518697 0.497294 0.533317 0.273440 0.306642 -0.527344 -0.312138 -0.328458 0.295562 -0.350468 -0.460502
Q9Y2H1,-0.172018 0.001645 0.255914 -0.321378 -0.236825 -0.045626 -0.242227 0.250461 0.142899 -0.161703 0.244786 -0.108156 0.001925 0.262179 0.268229 0.251977 -0.051974 0.285585 0.190396 -0.272175 0.266991 -0.328475 -0.152937 -0.293523 -0.222046 0.269782 0.016100 0.217172 0.127498 -0.215795 0.266586 -0.018795 0.252172 0.275678 0.155464 0.004482 -0.295450 -0.288866 0.302819 -0.296880 -0.305004 0.265495 0.221845 -0.121135 -0.162439 0.282416 0.255440 -0.311868 -0.122267 0.247571 -0.022001 -0.315324 0.058299 0.132218 0.137735 0.148408 0.248958 0.276413 -0.217124 -0.320287 -0.043800 0.263380 -0.091433 -0.181230
Q9Y2H9,-0.121097 -0.320206 0.046291 -0.112334 -0.237061 0.138905 -0.094925 0.049336 0.085615 -0.208907 0.043272 -0.298615 0.262836 0.030015 0.046924 0.025751 -0.273632 0.125069 -0.210128 -0.046054 0.128072 -0.118732 -0.087522 -0.079290 -0.208303 0.089087 -0.263277 0.005811 0.152283 -0.247618 0.074688 0.140463 0.069468 0.054217 -0.113639 0.179733 -0.078887 -0.081093 0.198805 -0.093675 -0.109344 0.081209 0.102330 -0.471162 -0.321330 0.089842 0.109103 -0.057642 -0.149752 0.012814 -0.083092 -0.156786 -0.175125 0.139026 0.135846 0.105796 0.017629 0.131825 -0.193324 -0.111286 -0.185768 0.018600 -0.119819 -0.390588
Q9Y2I1,-0.259711 -0.125853 0.293856 -0.343319 -0.329389 0.087680 -0.324082 0.286529 0.264365 -0.269680 0.285868 -0.180054 0.184505 0.298650 0.296748 0.286521 -0.216780 0.311549 0.116556 -0.300500 0.313095 -0.342947 -0.246367 -0.339937 -0.369745 0.298636 -0.110562 0.121821 0.254634 -0.341813 0.306729 0.152982 0.293872 0.323542 0.093273 0.175723 -0.325159 -0.324641 0.332330 -0.324479 -0.338030 0.308736 0.318881 -0.249968 -0.275931 0.313375 0.290273 -0.329547 -0.234285 0.281883 -0.046205 -0.359167 -0.078529 0.308577 0.246226 0.274608 0.278889 0.318967 -0.367920 -0.339730 -0.167671 0.298210 -0.158740 -0.271022
Q9Y2K2,-0.308013 -0.127915 0.177358 -0.200407 -0.346320 0.250984 -0.377795 0.194108 0.347438 -0.305962 0.198097 -0.157507 0.227842 0.191887 0.202650 0.188622 -0.159324 0.202830 0.125592 -0.186858 0.228726 -0.169880 -0.216374 -0.209288 -0.390949 0.244709 0.064810 0.200514 0.367190 -0.384423 0.203561 0.270361 0.217976 0.203039 0.099693 0.443533 -0.185145 -0.217113 0.250285 -0.237303 -0.180512 0.199434 0.313786 -0.328326 -0.316449 0.249030 0.225415 -0.195557 -0.244161 0.185627 -0.133667 -0.117478 -0.145460 0.239304 0.310619 0.328651 0.152291 0.210444 -0.239116 -0.195699 -0.111989 0.170297 -0.180246 -0.246194
Q9Y2U5,-0.266755 -0.095868 0.058976 -0.012292 -0.284244 0.132981 -0.348265 0.071256 0.149080 -0.365572 0.057068 -0.289709 0.340722 0.113123 0.087122 0.013906 -0.029216 0.121298 -0.028408 -0.060583 0.109840 -0.111149 -0.252204 -0.018261 -0.252943 0.093786 -0.040224 0.112980 0.267245 -0.283348 0.052117 0.463606 0.065163 0.031264 -0.051611 0.289935 -0.028849 -0.063508 0.164142 -0.097824 -0.064719 0.034316 0.139607 -0.274316 -0.043875 0.074249 0.079607 -0.023752 -0.220456 0.046040 -0.047143 0.069439 -0.111679 0.101916 0.184542 0.324130 -0.003522 0.095539 -0.163169 -0.032783 -0.071789 0.018061 -0.306912 -0.164731
Q9Y463,-0.561148 -0.389237 0.070755 -0.056385 -0.475071 0.573333 -0.550804 0.068430 0.527267 -0.525652 0.068097 -0.515591 0.586095 0.088010 0.096603 0.050662 -0.478085 0.079965 -0.207113 -0.028163 0.086042 -0.060174 -0.524223 -0.061446 -0.500532 0.090788 -0.407430 -0.140210 0.610120 -0.568871 0.083977 0.642655 0.073268 0.102610 -0.243623 0.616502 -0.054473 -0.074846 0.133895 -0.079663 -0.053706 0.087044 0.415200 -0.592048 -0.520794 0.090862 0.052822 -0.045642 -0.555685 0.037906 -0.480971 0.035648 -0.456122 0.423655 0.440413 0.518212 0.035297 0.066278 -0.460258 -0.060752 -0.503968 0.075863 -0.593628 -0.477103
Q9Y4K4,-0.300288 -0.221038 0.155991 -0.174090 -0.290007 0.297753 -0.307816 0.139553 0.358218 -0.318934 0.158411 -0.210695 0.231427 0.182373 0.187125 0.128104 -0.294258 0.200609 0.005779 -0.137103 0.223800 -0.218763 -0.211147 -0.198628 -0.372718 0.221265 -0.219167 0.050523 0.358025 -0.375590 0.190781 0.251604 0.167494 0.194870 0.029812 0.312505 -0.158006 -0.181101 0.224288 -0.176552 -0.225614 0.163675 0.308287 -0.400258 -0.323092 0.192761 0.155142 -0.193441 -0.204910 0.149837 -0.200398 -0.181519 -0.143514 0.266644 0.159087 0.261849 0.117889 0.186895 -0.369396 -0.196422 -0.278926 0.124818 -0.309083 -0.252579
Q9Y6E0,-0.239697 -0.043615 0.177081 -0.155946 -0.246867 0.405962 -0.366629 0.167863 0.334795 -0.269709 0.167273 -0.254991 0.308324 0.178741 0.160030 0.153315 0.016286 0.163948 0.181992 -0.143418 0.179312 -0.151497 -0.279632 -0.130966 -0.288400 0.222081 0.083188 0.166636 0.323888 -0.215468 0.145648 0.423847 0.162213 0.133102 -0.022632 0.413865 -0.123405 -0.162863 0.255464 -0.155601 -0.150001 0.169468 0.288595 -0.265549 -0.263359 0.186509 0.197523 -0.161896 -0.249386 0.153388 -0.253302 -0.086791 -0.134724 0.154959 0.363456 0.146585 0.180252 0.185437 -0.226975 -0.124839 -0.061109 0.178933 -0.296484 -0.202059
Q9Y6R4,0.034861 0.184541 0.197466 -0.136614 -0.168649 -0.062867 -0.124494 0.188042 -0.053123 -0.179083 0.191372 -0.097833 0.207958 0.198310 0.169431 0.144556 0.195202 0.200765 0.093162 -0.177622 0.212440 -0.294138 -0.066493 -0.131400 -0.049259 0.156061 -0.006256 0.204509 0.183539 -0.078200 0.167388 0.161688 0.187110 0.135220 0.106430 0.066023 -0.155682 -0.178575 0.241343 -0.171365 -0.181243 0.145276 0.052335 -0.009937 0.078504 0.159520 0.166785 -0.149070 -0.073680 0.137049 0.170188 -0.107879 0.036853 0.056013 0.044117 0.149722 0.127649 0.176444 0.071890 -0.156245 0.162654 0.165645 0.053263 -0.220854
