db_id,seq_features
DB00120,0.685579 -0.645078 -0.665500 0.513586 -0.793641 -0.672875 0.544934 0.636466 -0.954433 0.715150 0.584886 0.671453 0.731465 -0.911860 0.931154 0.581111 0.742966 -0.849807 0.661169 -0.571187 -0.655479 -0.449200 0.841521 0.557277 0.692223 0.748333 0.354210 0.674014 0.731349 -0.837537 -0.659979 0.637680 0.775242 0.809612 -0.230641 0.329348 -0.668848 0.327022 0.653774 0.747200 0.813124 0.629718 0.575697 0.661322 0.723315 0.640075 0.782213 0.747662 -0.547403 0.604394 0.627007 0.883354 0.858609 0.705890 0.745287 -0.426063 0.660223 0.774892 0.708368 -0.520007 0.683282 -0.786462 0.750387 0.783798
DB00122,0.807306 -0.846991 -0.649451 0.834538 -0.703689 -0.899599 0.891319 0.798678 -0.685431 0.884663 0.705932 0.889886 0.907308 -0.768874 0.789286 0.848151 0.726409 -0.832905 0.881455 -0.864279 -0.810187 0.740350 0.816562 0.855784 0.804761 0.819274 0.569904 0.747888 0.866023 -0.691355 -0.849799 0.797598 0.764668 0.774371 0.769690 0.829545 -0.877223 0.665130 0.762110 0.842770 0.800726 0.777949 0.867773 0.878102 0.867018 0.790885 0.839313 0.811189 -0.582358 0.772407 0.680500 0.844293 0.891682 0.742440 0.750905 -0.785322 0.814547 0.795375 0.818319 -0.874581 0.769966 -0.860652 0.829369 0.763342
DB00127,0.824337 -0.880287 -0.672031 0.857963 -0.720772 -0.927076 0.915073 0.823571 -0.692729 0.912879 0.715273 0.907900 0.934597 -0.787482 0.854972 0.868619 0.745254 -0.859929 0.902054 -0.898823 -0.832345 0.729611 0.838875 0.881998 0.838319 0.850874 0.609064 0.766989 0.897708 -0.710093 -0.881641 0.824554 0.799477 0.806636 0.792724 0.844064 -0.905096 0.662082 0.783775 0.870544 0.841620 0.797042 0.885237 0.897971 0.890361 0.814532 0.867953 0.849737 -0.608699 0.797260 0.692507 0.870070 0.919495 0.774915 0.767648 -0.802314 0.836701 0.815929 0.839932 -0.909906 0.792812 -0.898224 0.858841 0.793136
DB00132,0.824781 -0.894072 -0.691525 0.861011 -0.731908 -0.938352 0.920225 0.828162 -0.704577 0.921451 0.714861 0.916256 0.946751 -0.796694 0.879871 0.873892 0.748480 -0.865369 0.906906 -0.914852 -0.840258 0.714999 0.858208 0.889122 0.844291 0.858588 0.617189 0.767502 0.910797 -0.710769 -0.895901 0.829385 0.809264 0.810977 0.791625 0.847510 -0.917308 0.653698 0.784793 0.876592 0.853321 0.814552 0.887370 0.904465 0.897736 0.819590 0.876432 0.855764 -0.615768 0.800477 0.691716 0.886517 0.928818 0.778565 0.771111 -0.814210 0.839644 0.826269 0.843871 -0.925880 0.795355 -0.913319 0.869671 0.795893
DB00134,0.824162 -0.895258 -0.690458 0.861117 -0.730103 -0.938402 0.919527 0.828615 -0.705371 0.922105 0.714806 0.917498 0.946910 -0.796819 0.881069 0.874169 0.748529 -0.865868 0.907163 -0.913367 -0.840848 0.713225 0.860832 0.889098 0.844312 0.858768 0.615888 0.767314 0.911889 -0.710570 -0.896550 0.829509 0.810453 0.811563 0.789381 0.847084 -0.918557 0.652574 0.784930 0.876598 0.853087 0.820387 0.887426 0.904889 0.897969 0.819838 0.876947 0.855986 -0.612532 0.801363 0.691374 0.888640 0.928944 0.778506 0.771964 -0.812641 0.839174 0.828003 0.843723 -0.924589 0.795914 -0.914196 0.869665 0.796853
DB00135,0.824606 -0.895625 -0.694070 0.861314 -0.732681 -0.939916 0.920688 0.828758 -0.706769 0.923083 0.715662 0.917642 0.947856 -0.798112 0.883573 0.874287 0.748750 -0.866721 0.907851 -0.916494 -0.841295 0.713269 0.860188 0.889907 0.844765 0.859367 0.618639 0.767315 0.913210 -0.711302 -0.897532 0.829812 0.810144 0.811328 0.791918 0.847304 -0.919764 0.652490 0.784869 0.877596 0.854821 0.818082 0.887485 0.905159 0.898522 0.820055 0.877469 0.856376 -0.616319 0.800968 0.691348 0.888415 0.929928 0.778511 0.771681 -0.815979 0.839351 0.827706 0.843968 -0.927645 0.795129 -0.915960 0.870950 0.795804
DB00136,0.123729 -0.135614 -0.867625 0.477096 -0.340932 -0.036350 0.028507 0.408078 -0.128184 0.140297 0.174866 0.076745 0.103711 -0.437256 -0.654726 -0.045020 0.538604 -0.329175 0.395912 0.182991 -0.257296 0.279251 -0.192514 0.409968 0.245221 0.318401 -0.998756 0.487852 -0.052677 -0.609510 -0.004396 -0.052906 0.172846 0.538155 -0.317407 -0.206097 -0.239533 0.504689 0.471784 0.334421 -0.015053 0.136986 0.445221 0.432565 0.369462 0.573666 -0.172250 0.276613 0.323992 0.579864 0.726785 0.145717 0.104913 0.346355 0.487305 -0.362268 -0.404821 0.332666 0.142613 0.050056 0.604498 0.034167 0.238741 0.542563
DB00140,0.822755 -0.889939 -0.693107 0.859414 -0.733537 -0.934159 0.918511 0.826654 -0.708256 0.920414 0.717086 0.912989 0.944056 -0.796130 0.875161 0.871776 0.749009 -0.867478 0.908026 -0.914062 -0.838855 0.717921 0.844882 0.888492 0.843310 0.857201 0.616075 0.765954 0.908729 -0.714293 -0.892674 0.825523 0.807391 0.807760 0.795703 0.845679 -0.917003 0.654625 0.784398 0.877440 0.847590 0.807843 0.886536 0.901909 0.896553 0.819768 0.874206 0.855646 -0.617162 0.797036 0.692580 0.880815 0.929390 0.777512 0.769782 -0.810423 0.838431 0.822464 0.842143 -0.925518 0.794242 -0.909359 0.868588 0.794694
DB00142,0.825239 -0.894928 -0.691191 0.861064 -0.732751 -0.939451 0.920616 0.828221 -0.705206 0.922571 0.716731 0.917055 0.946923 -0.796958 0.882850 0.874177 0.748203 -0.865778 0.906680 -0.914853 -0.840662 0.714020 0.859585 0.889537 0.844758 0.858943 0.619644 0.768063 0.912376 -0.711568 -0.896356 0.829632 0.809674 0.811216 0.792001 0.847199 -0.918423 0.652995 0.784822 0.876356 0.854633 0.816643 0.887179 0.904589 0.897957 0.820048 0.876721 0.856046 -0.614120 0.800721 0.691220 0.888095 0.929919 0.778414 0.771683 -0.814921 0.839554 0.827287 0.843723 -0.925609 0.795193 -0.915032 0.870346 0.796203
DB00145,0.825463 -0.893203 -0.695030 0.861191 -0.735504 -0.938378 0.917104 0.827668 -0.704625 0.921287 0.719492 0.916823 0.946952 -0.800715 0.873324 0.873733 0.748995 -0.867810 0.905439 -0.914260 -0.839921 0.713311 0.860987 0.888911 0.843704 0.857934 0.613725 0.767461 0.911153 -0.717033 -0.895915 0.829466 0.809568 0.811356 0.785059 0.846653 -0.917969 0.653920 0.784858 0.876336 0.850814 0.818544 0.887353 0.904893 0.897033 0.819385 0.875629 0.856040 -0.613718 0.800885 0.692294 0.885544 0.924866 0.777977 0.771380 -0.816296 0.838296 0.826520 0.843765 -0.922124 0.795088 -0.913835 0.868868 0.796526
DB00150,-0.622917 -0.086037 1.201961 -0.910150 2.141308 0.888840 0.133025 -0.280366 0.440434 -0.615171 -0.531675 -0.360729 -0.214531 0.054504 -0.029875 -0.095012 -0.724059 1.133531 -0.617528 0.511073 0.196969 -0.821911 0.061051 -0.393488 -0.241659 -0.492589 -0.693290 -0.563046 0.047564 1.553111 -0.137467 -0.507577 -0.059519 -0.579243 0.854630 0.094408 0.328952 -0.022756 -0.481865 -0.581609 0.258124 0.487688 -0.874580 -0.483731 -0.646409 -0.810489 -0.596153 -0.367989 0.597626 -0.328746 -1.333116 0.009245 -0.793249 -0.397267 -1.591598 1.349201 -0.416178 -0.539346 -0.562075 0.764167 -0.925297 0.160940 -0.384561 -1.492689
DB00152,0.827006 -0.890214 -0.694293 0.860120 -0.728625 -0.934908 0.920250 0.825879 -0.708473 0.919421 0.717214 0.912390 0.943311 -0.797091 0.866032 0.872010 0.749558 -0.867462 0.905557 -0.910411 -0.839396 0.720001 0.846835 0.887308 0.842825 0.856530 0.610087 0.767511 0.907427 -0.716876 -0.890700 0.826562 0.806415 0.808366 0.797826 0.845741 -0.917093 0.656207 0.784486 0.875278 0.846845 0.807819 0.887533 0.901094 0.896177 0.818667 0.872250 0.853012 -0.620486 0.798431 0.694933 0.876516 0.927684 0.775273 0.772173 -0.810750 0.836622 0.822110 0.842968 -0.919681 0.792636 -0.913025 0.866157 0.795738
DB00155,0.837779 -0.737247 -0.538439 0.855306 -0.679454 -0.811606 0.872434 0.794994 -0.589926 0.829906 0.739498 0.823299 0.831374 -0.720998 0.617486 0.839109 0.719725 -0.781648 0.873352 -0.774885 -0.742303 0.882209 0.601650 0.820552 0.796644 0.791655 0.591239 0.762887 0.772919 -0.653197 -0.774440 0.795725 0.740779 0.781511 0.785250 0.846839 -0.785497 0.750026 0.773498 0.824226 0.736157 0.539374 0.871048 0.827711 0.820777 0.784969 0.797648 0.823767 -0.491155 0.763490 0.706438 0.713190 0.856691 0.765430 0.728049 -0.700593 0.839028 0.682558 0.823279 -0.794968 0.787172 -0.766237 0.761764 0.788019
DB00159,0.473592 -0.036002 0.036633 -0.188661 -0.396831 -0.146015 0.216437 -0.056430 0.714462 0.145049 0.390621 0.127006 0.119291 0.185881 0.662367 0.175877 -0.108994 -0.374535 -0.134309 -0.363013 0.117666 0.375100 0.526919 0.031303 0.047010 0.014671 0.883472 -0.043474 0.312410 0.075220 -0.109155 0.512852 0.120127 0.023947 0.244787 0.416542 -0.013687 -0.334460 -0.333148 -0.060310 0.138549 0.162380 0.029922 -0.066833 0.108180 -0.064915 0.459836 0.045653 -0.407672 -0.127775 -0.214133 0.062915 0.332933 -0.061212 -0.046778 0.241755 0.419330 0.124971 0.193391 -0.301093 -0.143016 -0.109492 0.038693 0.236902
DB00162,0.809329 -0.879964 -0.644655 0.856518 -0.704238 -0.919590 0.902897 0.818712 -0.681693 0.905668 0.695540 0.892323 0.923671 -0.777224 0.860987 0.850277 0.746792 -0.852767 0.896718 -0.873773 -0.827154 0.691209 0.841254 0.881599 0.836451 0.848305 0.601119 0.767222 0.889244 -0.721808 -0.872098 0.813303 0.799041 0.809397 0.753599 0.822375 -0.899449 0.640481 0.786355 0.866513 0.837334 0.794153 0.878178 0.889226 0.885692 0.817751 0.856571 0.852395 -0.608197 0.798471 0.696137 0.860797 0.919963 0.774303 0.766516 -0.797912 0.821721 0.814152 0.826283 -0.894970 0.798419 -0.894172 0.857546 0.805743
DB00166,0.750873 -0.767342 -0.427716 0.847396 -0.482182 -0.787035 0.743447 0.817095 -0.466462 0.847646 0.773418 0.820523 0.825484 -0.721427 0.792529 0.793236 0.744111 -0.695113 0.762676 -0.687148 -0.807546 0.552305 0.567032 0.839406 0.795268 0.812052 0.563204 0.750818 0.796583 -0.646805 -0.803136 0.792007 0.790572 0.787240 0.573842 0.745277 -0.796206 0.552018 0.760149 0.794286 0.684291 0.730572 0.831161 0.772494 0.829226 0.797047 0.799703 0.814461 -0.359386 0.672635 0.712731 0.786617 0.781950 0.780341 0.786941 -0.910537 0.684537 0.795926 0.794213 -0.773135 0.774139 -0.857526 0.816963 0.703491
DB00169,0.232673 -0.092388 -0.351142 0.450145 0.164955 -0.068601 0.390290 0.179782 -0.405311 0.179069 0.285624 0.229771 0.004706 0.261118 -0.333656 0.183321 0.346612 -0.466947 0.335175 0.231734 -0.342813 0.775798 -0.105228 0.303888 0.217204 0.191284 -0.015430 0.382863 0.014076 -0.311989 0.002139 0.123231 0.099697 0.324575 0.288874 0.001192 -0.114959 0.663918 0.407480 0.202991 -0.028032 0.093611 0.406578 0.336539 0.267081 0.282585 0.046893 0.175830 0.155223 0.349273 0.554279 0.134084 0.263380 0.201958 0.387525 -0.376223 0.155748 0.200124 0.266139 -0.001669 0.433584 0.047842 0.170473 0.118663
DB00170,0.783913 -0.858702 -0.583482 0.838709 -0.624836 -0.894150 0.849439 0.815028 -0.627911 0.888577 0.700518 0.867533 0.885322 -0.733117 0.836391 0.826871 0.740557 -0.865667 0.876529 -0.856711 -0.815577 0.466702 0.824904 0.815350 0.815087 0.839262 0.607306 0.748276 0.874731 -0.749736 -0.864137 0.792667 0.807519 0.815168 0.664204 0.768600 -0.870255 0.616201 0.761125 0.853645 0.826889 0.734254 0.833123 0.838170 0.868258 0.810760 0.849401 0.846069 -0.722032 0.795250 0.681435 0.860078 0.876402 0.788046 0.759607 -0.782636 0.800221 0.787040 0.820039 -0.864631 0.772590 -0.887857 0.846528 0.803763
DB00173,0.820942 -0.898473 -0.693476 0.859412 -0.736870 -0.940976 0.920599 0.825661 -0.720685 0.922822 0.713776 0.917122 0.949815 -0.801754 0.883284 0.871657 0.751613 -0.868916 0.905612 -0.915540 -0.846813 0.706268 0.852153 0.889953 0.845392 0.859923 0.608930 0.763148 0.912982 -0.721249 -0.895326 0.824561 0.808575 0.807240 0.795085 0.845460 -0.928035 0.645548 0.785215 0.880168 0.852492 0.819438 0.887826 0.904643 0.899274 0.821693 0.874258 0.855260 -0.632045 0.796742 0.694426 0.882238 0.928348 0.774532 0.775721 -0.816445 0.834559 0.830669 0.841721 -0.930701 0.793302 -0.917536 0.872496 0.796925
DB00175,0.644076 -0.707074 -0.443956 0.738002 -0.920470 -0.792724 0.749620 0.688197 -0.753015 0.773021 0.614647 0.759053 0.812394 -0.787947 0.471584 0.716372 0.664818 -0.749004 0.828677 -0.700013 -0.667433 0.733669 0.625284 0.759437 0.650855 0.707083 0.341749 0.698484 0.699410 -0.597277 -0.705435 0.616166 0.636804 0.658042 0.623341 0.652342 -0.836187 0.701475 0.708857 0.752434 0.592963 0.691303 0.787060 0.782548 0.778692 0.741278 0.711714 0.624751 -0.498010 0.640566 0.656380 0.741895 0.705570 0.546949 0.714083 -0.584371 0.669945 0.721334 0.685605 -0.854746 0.694352 -0.643632 0.731387 0.652083
DB00178,0.716809 0.399019 1.331275 0.148942 -0.070576 0.464776 0.011958 0.067226 1.141151 -0.095765 1.341400 0.065038 -0.728443 0.406407 -0.835003 0.128210 0.276854 0.423051 -0.521697 0.660432 0.385532 0.191604 -1.270543 -0.079469 0.355700 0.135955 1.189500 -0.004913 0.032633 -0.547235 0.234231 0.642670 0.059943 -0.049795 -0.157699 0.288310 0.996165 -0.008974 0.333849 -0.065320 0.104265 -0.397254 0.134227 -0.461122 -0.230646 0.359762 0.108127 0.224169 1.787273 0.296466 0.497285 -0.792454 -0.118487 0.532098 0.291019 0.830472 0.302193 -0.066294 0.546388 0.467612 0.498363 0.702108 -0.097797 0.390808
DB00179,0.822626 -0.882158 -0.603573 0.837537 -0.694107 -0.905381 0.900159 0.806829 -0.598259 0.883187 0.715682 0.885115 0.911395 -0.729079 0.826604 0.844116 0.743093 -0.849957 0.886039 -0.852168 -0.813020 0.740857 0.805207 0.870335 0.823421 0.830146 0.620524 0.769291 0.872340 -0.684716 -0.887083 0.806662 0.805173 0.789951 0.724533 0.821744 -0.859477 0.678729 0.755317 0.851411 0.833309 0.745636 0.860992 0.885798 0.869466 0.791525 0.845859 0.833089 -0.541021 0.790074 0.685442 0.853801 0.921835 0.761737 0.754473 -0.800970 0.839929 0.805490 0.812412 -0.891879 0.790953 -0.831180 0.846117 0.793554
DB00181,0.019199 0.645154 0.693013 -0.295952 0.677383 0.604909 0.025346 -0.327987 0.770792 -0.476618 -0.041929 -0.366868 -0.358840 0.716294 -0.844889 -0.059460 -0.650992 0.507397 -0.338826 0.245396 0.582742 0.775113 -0.528629 -0.466516 -0.372487 -0.491773 0.101153 -0.393276 -0.430644 0.607777 0.426615 -0.084861 -0.392936 -0.458768 0.388606 0.282034 0.548104 -0.019425 -0.432428 -0.499815 -0.599193 -0.924117 -0.272173 -0.437771 -0.499175 -0.594210 -0.238415 -0.277152 0.337587 -0.473539 -0.637155 -0.710162 -0.321944 -0.258208 -0.649508 0.525472 0.029142 -0.804938 -0.215305 0.344216 -0.407223 0.455675 -0.653498 -0.237545
DB00182,0.377441 -0.400806 -0.544562 0.206767 -0.565093 -0.305690 0.613095 0.057171 -0.125095 0.434787 0.281009 0.377453 0.433636 -0.156633 0.748217 0.372229 -0.119512 -0.568942 0.203633 -0.782081 -0.167192 0.295326 0.775986 0.233497 0.231814 0.217089 0.975347 0.054986 0.575288 0.167114 -0.371946 0.387431 0.164116 0.092107 0.592072 0.437298 -0.416510 -0.113084 0.011433 0.147499 0.409919 0.464108 0.184057 0.261605 0.259678 0.047178 0.496427 0.224778 -0.696388 -0.009271 -0.137032 0.191253 0.424648 0.104739 0.126884 -0.401317 0.439026 0.242588 0.271621 -0.847595 0.042501 -0.545323 0.265512 0.267567
DB00184,0.804441 -0.844164 -0.616540 0.833132 -0.691788 -0.900606 0.876603 0.786928 -0.709444 0.880713 0.707749 0.877652 0.902448 -0.764130 0.801261 0.834015 0.739703 -0.844543 0.870208 -0.838416 -0.816989 0.723500 0.813310 0.856469 0.813021 0.820212 0.597560 0.746340 0.856158 -0.717275 -0.825979 0.765405 0.750446 0.767141 0.805341 0.805338 -0.850581 0.658489 0.763731 0.848391 0.798256 0.776568 0.857964 0.863362 0.864598 0.784099 0.812013 0.799820 -0.593659 0.759916 0.690025 0.789068 0.864872 0.749110 0.762742 -0.783415 0.814594 0.802593 0.807959 -0.831941 0.760952 -0.829964 0.826951 0.761871
DB00186,-2.697793 1.647563 2.021971 -3.098385 2.476700 2.621903 -1.671126 -2.765352 1.482027 -2.607919 -3.418155 -2.417630 -1.543503 2.171496 -0.927665 -2.061602 -3.435028 2.827728 -2.655908 0.528464 2.692002 -2.914675 -0.282360 -2.732067 -2.688416 -2.729919 -1.731041 -3.737893 -1.718250 3.694698 1.795512 -2.607003 -2.244405 -2.886684 0.173167 -1.388857 1.892750 -3.221002 -3.055054 -2.829756 -2.248076 -1.320512 -3.256740 -2.769321 -2.841369 -3.598968 -2.236089 -2.499816 -0.372753 -3.109139 -4.183207 -1.864702 -2.627106 -2.723512 -3.972747 2.267761 -2.346734 -2.876583 -2.859325 1.337475 -3.464245 1.600213 -2.588144 -3.302542
DB00188,-2.301226 1.952686 0.625231 -1.879037 1.579871 1.618855 -3.122120 -1.836829 1.065879 -1.976827 -2.161007 -2.044577 -2.330145 0.709650 -1.664555 -2.547561 -0.933927 1.758999 -1.675381 2.887858 0.778827 -2.634277 -1.894880 -2.034126 -1.876633 -1.600771 -2.952258 -0.737166 -2.500221 0.598980 2.024868 -2.303072 -1.799623 -1.679045 -4.491879 -3.670231 1.336277 -1.098713 -1.195956 -1.651424 -1.149682 -1.462403 -1.886693 -1.510726 -1.754883 -1.215956 -2.181370 -2.310662 1.855796 -1.045806 -0.316691 -1.372927 -2.237526 -1.933946 -0.696777 1.709957 -2.297703 -0.881658 -1.989345 2.664978 -1.724483 2.069428 -1.438300 -2.134816
DB00190,0.206777 -0.431477 -0.707607 0.219672 -0.563696 -0.438545 0.495986 0.063061 -0.360762 0.435414 0.054077 0.393483 0.591151 -0.062951 0.790082 0.391785 -0.123086 -0.406305 0.255396 -0.986593 -0.163775 0.275272 0.863248 0.221465 0.190838 0.228890 0.738112 -0.099961 0.552338 0.035606 -0.387969 0.397696 0.191584 0.059290 0.766330 0.534413 -0.514023 -0.336330 -0.007917 0.195400 0.224635 0.499990 0.213664 0.264885 0.269677 -0.018561 0.551668 0.261312 -1.023748 -0.052666 -0.199533 0.311782 0.536227 0.105576 0.069982 -0.435214 0.443934 0.177650 0.250888 -0.963240 0.037256 -0.599261 0.243590 0.298851
DB00191,0.751707 -0.783466 -0.603032 0.662050 -0.770133 -0.683227 0.813079 0.666720 -0.376277 0.781730 0.798883 0.751615 0.704643 -0.743011 0.896261 0.686058 0.637904 -0.705049 0.667185 -0.710123 -0.651815 0.489410 0.666409 0.758082 0.709050 0.724321 0.669968 0.685361 0.821024 -0.546739 -0.770397 0.652218 0.636110 0.628924 0.458169 0.644876 -0.671280 0.506708 0.628048 0.687719 0.781341 0.705491 0.716195 0.721916 0.744445 0.703968 0.725306 0.692433 -0.341656 0.662730 0.600874 0.682205 0.716973 0.643097 0.703452 -0.733243 0.655836 0.808848 0.700618 -0.812200 0.670663 -0.816276 0.744818 0.688187
DB00193,-0.338815 -0.110957 -0.828364 -0.322485 -0.170558 -0.055168 0.003366 -0.354252 -0.418803 0.002327 -0.100518 -0.051666 0.152486 0.176215 0.534423 -0.102694 -0.376321 0.029357 -0.098950 -0.406464 0.077263 -0.168558 0.545007 -0.100709 -0.243826 -0.178402 0.245467 -0.375068 0.168859 0.424476 -0.098078 -0.194285 -0.310071 -0.344673 0.481091 -0.101925 -0.181886 -0.286743 -0.294690 -0.151607 0.139013 0.369751 -0.259587 -0.072654 -0.098771 -0.406232 -0.116561 -0.343568 -0.368830 -0.342387 -0.558098 0.048703 -0.046974 -0.460487 -0.419960 -0.259236 -0.071271 -0.114423 -0.351117 -0.362145 -0.449006 -0.152938 -0.049463 -0.643233
DB00194,0.819139 -0.907324 -0.707006 0.861636 -0.754453 -0.952299 0.909169 0.829180 -0.719275 0.924722 0.709539 0.918715 0.953266 -0.820643 0.875714 0.874612 0.748314 -0.881150 0.907856 -0.922279 -0.851324 0.688285 0.873599 0.890034 0.844816 0.859257 0.596949 0.763478 0.916420 -0.734844 -0.906460 0.825587 0.811629 0.811767 0.764011 0.844298 -0.930259 0.645462 0.784871 0.876899 0.846892 0.831548 0.887840 0.908477 0.899054 0.820352 0.880037 0.856807 -0.625011 0.802063 0.691187 0.893556 0.918310 0.778993 0.772018 -0.837019 0.833816 0.828211 0.843603 -0.933099 0.796426 -0.920473 0.870534 0.796767
DB00195,0.815165 -0.002592 0.100839 0.561234 0.124406 -0.329596 0.584846 0.448026 0.244564 0.385690 1.224829 0.325292 0.162080 0.085033 0.424239 0.529213 0.429333 -0.438772 0.409803 -0.066708 -0.364175 1.532786 -0.718836 0.479327 0.568625 0.472368 1.517377 0.694019 0.332074 -0.498734 -0.222772 0.791712 0.325314 0.424392 0.890339 0.632568 0.010376 0.944861 0.461219 0.434309 0.627550 -0.599444 0.539668 0.285657 0.349291 0.402900 0.487092 0.550656 0.546997 0.410155 0.523826 -0.121407 0.521006 0.513022 0.360545 -0.251231 0.924582 0.016144 0.625724 0.078155 0.512427 -0.172173 0.348212 0.285214
DB00196,-4.535926 2.906140 -0.386610 -3.209792 0.455088 2.511837 -4.044638 -3.537705 1.182006 -3.111035 -4.265127 -3.326479 -2.884512 2.920819 -1.676360 -4.024976 -3.100243 3.147558 -2.866460 1.774030 3.137235 -2.710206 -2.004603 -3.036211 -3.884769 -3.364190 -3.320041 -3.557860 -3.173968 1.913646 3.057640 -4.079595 -3.793457 -3.902762 -3.390534 -4.115688 2.459070 -3.506828 -3.451781 -3.192044 -3.294706 -2.000411 -3.470220 -2.763403 -3.119573 -3.126333 -3.672552 -3.828168 1.320942 -3.431944 -2.866176 -2.498742 -3.085925 -4.034906 -2.709310 0.378151 -4.526527 -2.829826 -4.111683 1.988089 -3.186266 2.600875 -3.089434 -3.360891
DB00197,-1.703200 1.193158 1.179089 -0.839630 1.446563 0.781419 -2.276243 -0.669586 0.316246 -1.059813 -1.229158 -1.119900 -1.372381 -0.017187 -1.034478 -1.611941 -0.451881 1.680402 -1.178571 1.844649 0.582059 -0.492408 -1.974487 -0.736299 -1.102958 -1.110860 -1.954516 -0.127539 -1.698777 0.153371 1.294842 -1.522817 -1.413552 -1.152225 -2.264322 -1.721637 0.962946 -0.670437 -0.738887 -1.000391 -1.537298 -0.245278 -0.771490 -0.866085 -0.924900 -0.387061 -1.656086 -1.413968 2.116893 -1.150779 0.091993 -0.979747 -1.586965 -1.107532 0.084935 -0.881985 -1.980423 -0.404063 -1.276035 1.634294 -0.850488 0.989495 -0.706141 -1.574544
DB00198,0.185674 -0.127590 -0.204511 0.135427 -0.470091 -0.240625 0.342158 -0.039502 -0.134437 0.228801 -0.001533 0.205432 0.423397 0.165265 0.361324 0.292238 -0.264139 -0.281714 0.167429 -0.761863 0.078088 0.356595 0.609867 0.031749 -0.002158 0.048265 0.572222 -0.220396 0.275849 0.151996 -0.156901 0.276471 0.049273 -0.032659 0.625452 0.516592 -0.242510 -0.314991 -0.120165 0.043905 -0.069736 0.017799 0.111915 0.104346 0.093570 -0.126584 0.385846 0.143137 -0.848904 -0.204546 -0.308865 0.115136 0.334509 0.026735 -0.069736 -0.281536 0.394073 -0.068347 0.115252 -0.684660 -0.051964 -0.347129 0.012454 0.283864
DB00199,-0.254184 -0.021567 -0.962671 -0.014754 -0.718925 -0.127075 0.121065 -0.049280 -0.973502 0.128686 -0.124296 0.019299 0.074901 -0.219974 -0.125370 -0.301266 0.219362 0.047453 0.301065 0.035135 -0.104456 0.716896 -0.215650 0.235744 -0.125077 0.001703 -0.563892 0.262617 -0.028532 -0.280737 -0.021667 -0.384798 -0.307614 -0.169609 0.048525 -0.418390 -0.171194 0.598198 0.063368 0.114956 0.142821 0.132297 0.148221 0.414716 0.228789 0.129269 -0.244177 -0.220504 0.030011 0.076749 0.281825 0.164011 0.248473 -0.409259 0.190302 -0.884285 -0.445332 0.126457 -0.214737 -0.172815 0.197939 -0.001189 0.080260 -0.194098
DB00201,0.625628 -0.713037 -0.156296 0.715787 -0.390358 -0.682885 0.702885 0.694839 -0.566143 0.730135 0.518514 0.738880 0.789358 -0.782064 0.607968 0.719477 0.665653 -0.668565 0.717900 -0.519194 -0.772152 0.422538 0.556832 0.745357 0.715131 0.719683 0.442686 0.621736 0.679511 -0.603933 -0.733284 0.581994 0.726720 0.708110 0.700956 0.755944 -0.829594 0.649092 0.717066 0.735961 0.594640 0.642758 0.689614 0.741481 0.714036 0.665979 0.687774 0.722344 -0.638901 0.732496 0.677414 0.676455 0.669476 0.711276 0.688022 -0.573448 0.683759 0.783675 0.710195 -0.561928 0.659090 -0.717983 0.733713 0.737176
DB00202,0.457042 -0.470659 0.210389 0.332154 -0.058277 -0.365386 0.573820 0.465102 -0.207944 0.389114 0.500095 0.444500 0.469268 -0.522182 0.436758 0.557457 0.377893 -0.250681 0.387815 -0.264449 -0.405576 0.385750 0.367236 0.473828 0.506790 0.435978 0.440955 0.389770 0.483470 -0.051202 -0.549773 0.488887 0.505308 0.414797 0.683591 0.613192 -0.306828 0.505315 0.432384 0.431441 0.566352 0.463648 0.384303 0.371904 0.391487 0.390150 0.407994 0.495714 0.156084 0.446063 0.212813 0.339123 0.339815 0.493599 0.143036 0.053405 0.511985 0.335610 0.462106 -0.156647 0.356825 -0.392600 0.421876 0.210553
DB00204,-0.274034 0.439174 -0.738993 -0.191932 0.406704 0.342523 -0.770501 -0.150364 1.087717 -0.361292 0.009494 -0.363077 -0.510509 0.462821 -0.525562 -0.600723 0.037458 0.610544 -0.179615 0.752420 0.031344 0.386969 -0.939137 -0.123395 -0.418433 -0.273279 -1.014054 0.126141 -0.526422 -0.142809 0.343050 -0.410885 -0.563272 -0.501630 -0.954742 -0.937808 0.185304 0.383635 -0.092938 -0.291990 -0.019751 -0.209377 -0.114604 0.019356 -0.203609 -0.070646 -0.642993 -0.626814 1.246025 0.027967 0.264984 -0.281475 -0.421524 -0.526999 -0.127935 -0.265242 -0.983423 -0.088631 -0.491684 0.619097 -0.124028 0.576999 -0.257252 -0.775346
DB00205,0.758351 -0.691883 -0.529424 0.831173 -0.593618 -0.829767 0.790774 0.762555 -0.568592 0.793212 0.685393 0.773952 0.791502 -0.681246 0.718372 0.778058 0.688360 -0.741168 0.853067 -0.733031 -0.734868 0.889345 0.569283 0.803189 0.773289 0.763544 0.633214 0.760490 0.727830 -0.684675 -0.734011 0.749768 0.690278 0.733642 0.759418 0.781123 -0.739996 0.725242 0.743224 0.805638 0.750826 0.478284 0.828448 0.790798 0.783295 0.753486 0.744222 0.793449 -0.432521 0.738833 0.684848 0.654713 0.811482 0.730223 0.711836 -0.679847 0.811214 0.639774 0.773531 -0.738341 0.737968 -0.730817 0.744477 0.719089
DB00206,-2.391483 2.442637 2.837122 -2.928937 2.494812 3.111959 -2.180674 -3.062159 3.259089 -2.847287 -1.915296 -2.764015 -2.653368 2.951718 -2.106109 -2.235719 -3.436177 3.284993 -3.127943 1.696823 3.100027 -1.676672 -1.775635 -3.044165 -2.806284 -2.894954 -0.407256 -3.250768 -2.207524 3.339363 2.333150 -2.134066 -2.545463 -3.170215 -1.213981 -1.703901 2.794828 -2.873016 -2.894470 -3.082025 -2.473284 -2.289266 -3.094394 -3.091899 -3.227318 -3.289493 -2.365509 -2.769820 1.741606 -2.783128 -3.666455 -3.051886 -2.879687 -2.877797 -3.460091 3.179869 -2.071382 -3.175183 -2.693732 1.572359 -3.221890 2.644720 -3.002051 -3.159751
DB00207,0.464477 -0.468865 -0.558650 0.565887 -0.408867 -0.481557 0.410254 0.516638 -0.352833 0.502606 0.461420 0.481353 0.463324 -0.434972 0.284387 0.391118 0.517084 -0.480811 0.608456 -0.366513 -0.554167 0.637883 0.187033 0.556673 0.449287 0.498447 0.017863 0.571836 0.409762 -0.539623 -0.470517 0.392607 0.358964 0.445110 0.274158 0.317200 -0.518567 0.642010 0.526032 0.537958 0.539883 0.323460 0.582713 0.615885 0.551824 0.528582 0.371142 0.415208 -0.139786 0.572799 0.571031 0.453442 0.539965 0.355237 0.528345 -0.627380 0.287839 0.459578 0.442794 -0.423176 0.526177 -0.363443 0.481331 0.377611
DB00208,-0.153534 -0.012676 -0.270823 -0.066810 0.016229 -0.081290 -0.167758 -0.259904 -0.034498 -0.010754 -0.272443 0.054520 0.088195 0.238436 0.269902 0.018346 -0.261869 -0.119629 -0.081134 -0.348464 -0.052981 -0.447651 0.524438 -0.218171 -0.180057 -0.116832 0.343892 -0.344814 0.044958 -0.004181 0.041941 0.010394 -0.111449 -0.201667 -0.090482 0.022080 -0.030293 -0.607719 -0.201751 -0.105156 -0.194472 0.096554 -0.147804 -0.106875 -0.104905 -0.206845 0.114713 -0.146983 -0.967969 -0.185831 -0.252416 0.065082 -0.089921 -0.097683 -0.010852 -0.123071 0.172397 0.029906 -0.058161 -0.222597 -0.283458 -0.078816 -0.046753 -0.030825
DB00210,0.820443 -0.913736 -0.733621 0.859141 -0.776100 -0.962354 0.911777 0.826667 -0.742981 0.925755 0.723631 0.919472 0.961519 -0.835688 0.881895 0.875051 0.745864 -0.893460 0.911073 -0.940654 -0.858732 0.688431 0.857697 0.892501 0.845983 0.862921 0.597195 0.763079 0.923582 -0.747348 -0.913192 0.824137 0.807141 0.807445 0.776531 0.844980 -0.940420 0.643902 0.781496 0.881243 0.856449 0.822702 0.888489 0.908693 0.900168 0.817623 0.880894 0.858790 -0.655465 0.797673 0.688644 0.886377 0.919968 0.774934 0.767965 -0.857922 0.833176 0.826463 0.844741 -0.948918 0.792072 -0.933235 0.876459 0.787837
DB00213,0.084955 -0.317352 -0.556089 0.147806 -0.579857 -0.458117 0.309590 0.045162 -0.393100 0.378169 0.011274 0.315937 0.561080 -0.070287 0.711692 0.256706 -0.063851 -0.451369 0.290634 -0.884316 -0.155491 0.219718 0.703919 0.196663 0.087680 0.167284 0.497022 -0.067331 0.437809 -0.081705 -0.310180 0.178903 0.081715 0.004896 0.595963 0.349298 -0.470753 -0.146432 -0.022158 0.195659 0.123371 0.424786 0.165795 0.254731 0.271981 0.017739 0.399507 0.118179 -0.741367 -0.097481 -0.179353 0.309916 0.478813 0.002092 0.077629 -0.552878 0.352294 0.198855 0.103271 -0.781670 -0.002682 -0.442709 0.242828 0.154489
DB00215,-0.003049 -0.525283 0.015384 0.208582 0.418255 -0.298790 0.087487 0.321369 -0.183530 0.268180 0.110355 0.310090 0.302071 -0.404563 0.646195 0.242676 0.290219 -0.114660 0.211170 -0.061671 -0.485939 -0.482127 0.619201 0.325753 0.327323 0.292381 -0.063772 0.195045 0.386386 -0.081922 -0.452838 0.155672 0.420703 0.277506 0.039227 0.053034 -0.399182 0.089488 0.256819 0.256376 0.454873 0.827349 0.140623 0.242266 0.268173 0.256786 0.158941 0.237723 -0.058765 0.397905 0.159212 0.470415 0.012428 0.292995 0.118555 -0.083015 0.050574 0.462201 0.166745 -0.063862 0.138135 -0.327972 0.397380 -0.037330
DB00216,-0.174766 -0.374482 -0.255076 0.066220 0.379465 -0.086968 0.151754 0.121882 -0.007644 0.065935 -0.138199 0.199242 0.081853 -0.171636 0.134107 0.129826 0.138263 0.170912 0.081611 -0.033093 -0.293642 -0.192498 0.384847 0.156071 0.209615 0.093827 -0.236098 0.055078 0.126836 0.149265 -0.261381 -0.067715 0.214793 0.045262 0.000733 0.044186 -0.150385 0.036835 0.175064 0.107922 0.369645 0.599814 0.042291 0.070369 0.059442 0.163000 -0.058471 0.124339 0.258166 0.247880 0.085513 0.152471 -0.143174 0.153017 0.029551 0.178312 -0.028947 0.241347 0.096120 0.028823 0.057109 -0.132301 0.197177 -0.091334
DB00218,0.674065 -0.731818 -0.260795 0.711888 -0.208256 -0.750486 0.598951 0.740965 -0.206979 0.758246 0.666606 0.747488 0.734228 -0.578419 0.849075 0.710445 0.666881 -0.627016 0.623378 -0.545683 -0.799634 0.363661 0.607240 0.733961 0.720979 0.728989 0.524245 0.619580 0.716077 -0.472222 -0.780148 0.739429 0.750787 0.663742 0.421482 0.643748 -0.781746 0.407583 0.667332 0.687321 0.666871 0.799363 0.712852 0.693800 0.710370 0.703359 0.755678 0.706592 -0.434448 0.727086 0.682593 0.716714 0.606306 0.709392 0.704782 -0.621485 0.612432 0.798141 0.710612 -0.571096 0.642812 -0.720844 0.743807 0.637371
DB00220,-0.398440 -0.316644 -1.023983 0.099438 -0.969579 -0.424126 -0.057220 0.086464 -0.916618 0.251272 -0.225644 0.119243 0.260610 -0.479982 0.415319 -0.316115 0.326820 -0.184766 0.354121 -0.099997 -0.289707 -0.015924 0.116687 0.354024 -0.018898 0.166821 -0.842112 0.291280 0.154741 -0.448348 -0.249765 -0.445839 -0.118450 -0.015706 -0.290882 -0.625090 -0.531682 0.223842 0.130037 0.244600 0.309484 0.689093 0.141814 0.483247 0.363503 0.295175 -0.222827 -0.158324 0.077211 0.133154 0.323000 0.506005 0.168090 -0.308439 0.371978 -0.988027 -0.734490 0.482384 -0.243385 -0.381854 0.214401 -0.262563 0.338192 -0.133044
DB00221,0.806942 -0.787676 -0.575669 0.698596 -0.663680 -0.652158 0.852308 0.673592 -0.316436 0.753834 0.831264 0.767077 0.661130 -0.732132 0.700409 0.741486 0.659714 -0.683451 0.638653 -0.743127 -0.627725 0.505819 0.697233 0.739413 0.746975 0.740409 0.713839 0.667058 0.787457 -0.532894 -0.776296 0.709757 0.688586 0.652224 0.391093 0.724765 -0.607119 0.453872 0.687301 0.688286 0.773852 0.754672 0.747361 0.679727 0.713423 0.726313 0.753250 0.719745 -0.147440 0.739876 0.630855 0.562462 0.729835 0.743453 0.694074 -0.526689 0.734049 0.795454 0.776532 -0.747582 0.707324 -0.764062 0.714561 0.743370
DB00224,-0.371605 -0.375786 -1.371442 0.073637 -1.116009 -0.519784 0.124934 0.076072 -1.339885 0.351668 -0.146620 0.170673 0.398488 -0.812360 0.633187 -0.264939 0.358632 -0.334366 0.457445 -0.242928 -0.311708 0.195591 0.243303 0.419778 0.055344 0.189455 -0.596904 0.301816 0.290571 -0.551714 -0.320818 -0.466061 -0.110865 0.067492 0.011326 -0.562551 -0.503880 0.332782 0.141026 0.325283 0.330433 0.733985 0.192137 0.588362 0.466598 0.311907 -0.154925 -0.076615 -0.199333 0.148865 0.339689 0.569073 0.411476 -0.239245 0.388829 -1.127629 -0.562350 0.499957 -0.232241 -0.561955 0.251638 -0.434941 0.411148 -0.087103
DB00227,-3.092162 1.653541 -1.459313 -1.625997 -0.748677 1.089502 -2.009672 -1.997228 -1.686548 -1.598602 -2.488472 -1.890649 -1.700482 0.223075 -2.012307 -2.942397 -0.937201 1.305739 -0.796827 2.091215 1.348452 0.141779 -1.700117 -1.198724 -2.133146 -1.840466 -3.538001 -0.772702 -2.191598 0.379996 1.918174 -3.322207 -2.664802 -1.895241 -1.967214 -3.503643 1.232859 0.037610 -1.339452 -1.381815 -1.547044 -0.792692 -1.484033 -0.659473 -1.173651 -1.127423 -2.957132 -2.615864 1.363739 -1.432475 -0.470264 -1.153827 -1.637290 -2.915313 -0.660150 -0.359692 -3.297931 -1.117913 -2.631627 1.316322 -1.309777 1.908636 -1.363786 -2.341989
DB00230,-2.006158 1.918620 3.835172 -2.545455 4.288459 2.945264 -1.934406 -2.093449 3.537267 -2.608244 -2.448233 -2.214955 -2.091533 2.883666 -1.468312 -1.689735 -2.945629 3.116211 -2.814117 2.129916 2.127126 -2.330073 -1.276114 -2.560013 -2.309136 -2.518742 -1.467666 -2.913401 -1.947191 3.316971 1.823827 -1.810853 -1.803133 -2.570554 -0.962190 -1.270965 2.144654 -2.366250 -2.442278 -2.754288 -2.214554 -1.444853 -2.786699 -2.679728 -2.769358 -2.917593 -1.952740 -2.235017 1.715382 -2.658975 -3.263300 -1.957532 -2.826413 -2.105953 -3.463577 2.772620 -2.143412 -2.531315 -2.307129 2.493918 -2.841313 2.218491 -2.548434 -2.941984
DB00231,-0.097202 -0.130546 -0.166923 -0.149479 0.290872 0.106088 0.190594 -0.101925 -0.091500 -0.054061 -0.260636 0.060106 0.182049 0.265242 0.101792 0.172137 -0.381099 0.088223 -0.113392 -0.337339 0.119844 -0.187327 0.606610 -0.127601 -0.136594 -0.136295 -0.102494 -0.478437 0.151555 0.306051 -0.073067 0.008854 0.004178 -0.169777 0.506659 0.328187 -0.023016 -0.400618 -0.234173 -0.156395 -0.175396 0.303530 -0.164654 -0.056333 -0.139046 -0.300104 0.079722 -0.060467 -0.322979 -0.301132 -0.553243 0.107821 -0.064942 -0.150042 -0.412865 0.191527 0.045821 -0.120227 -0.085596 -0.231750 -0.295567 -0.134594 -0.141557 -0.087382
DB00233,0.771053 -0.803743 -0.516698 0.806430 -0.517228 -0.810600 0.783116 0.789553 -0.590034 0.851836 0.770770 0.825673 0.818331 -0.733902 0.794587 0.788914 0.741918 -0.804575 0.785599 -0.730152 -0.792278 0.476779 0.732509 0.820152 0.796710 0.807446 0.657712 0.752648 0.825942 -0.728701 -0.804391 0.792180 0.793676 0.794567 0.600666 0.721339 -0.789141 0.558482 0.741413 0.806596 0.722330 0.748303 0.813421 0.780784 0.829785 0.784775 0.815347 0.823153 -0.627243 0.739873 0.696749 0.809954 0.826155 0.772557 0.771417 -0.747562 0.752079 0.776262 0.799012 -0.765596 0.768112 -0.814102 0.821145 0.746591
DB00234,0.253578 -0.640986 -0.423957 0.228010 0.132062 -0.365334 0.664818 0.376309 -0.448619 0.442145 0.289381 0.484199 0.541056 -0.540308 0.751845 0.445993 0.249359 -0.234375 0.411288 -0.525762 -0.520037 0.341043 0.634230 0.469487 0.438992 0.379538 0.249092 0.353167 0.626149 -0.038317 -0.637840 0.323546 0.415084 0.263159 0.836809 0.411604 -0.531451 0.397509 0.306788 0.371723 0.665259 0.736640 0.309688 0.499039 0.408020 0.234124 0.364840 0.370124 -0.452879 0.407593 0.039456 0.637951 0.466295 0.259204 0.037993 -0.311550 0.365257 0.393492 0.302903 -0.516383 0.201624 -0.563959 0.481783 -0.053630
DB00235,0.158331 -0.451764 -0.749126 0.257636 -0.681769 -0.508851 0.408711 0.105103 -0.357110 0.403642 -0.123522 0.384826 0.638149 -0.027091 0.721288 0.387403 -0.064780 -0.444145 0.285207 -1.151936 -0.143534 0.006349 0.946385 0.215559 0.151402 0.237837 0.506421 -0.197914 0.500876 -0.092040 -0.399582 0.336796 0.218103 0.132097 0.687922 0.530845 -0.513966 -0.452819 0.023234 0.231987 0.151558 0.376933 0.214853 0.241288 0.265933 0.057306 0.513411 0.250323 -1.267755 -0.035408 -0.173427 0.413680 0.464912 0.141522 0.129792 -0.519711 0.398395 0.197022 0.233000 -1.005466 0.022068 -0.645197 0.272074 0.337088
DB00238,0.099040 -0.590283 -0.938259 0.421855 -0.169223 -0.676968 0.350657 0.329970 -0.713273 0.511475 0.081465 0.554913 0.534929 -0.495266 0.710892 0.310145 0.385008 -0.514569 0.533241 -0.442168 -0.709924 0.488168 0.591970 0.510903 0.409244 0.396179 0.246795 0.481184 0.430842 -0.523473 -0.480849 0.219448 0.279570 0.275989 0.427362 0.177541 -0.621165 0.288932 0.396621 0.472211 0.579169 0.749779 0.440092 0.608282 0.489000 0.483227 0.291708 0.266877 -0.416221 0.430968 0.452873 0.535753 0.336016 0.227424 0.557108 -0.742852 0.379675 0.610594 0.302231 -0.413389 0.281581 -0.541875 0.571601 0.120318
DB00242,0.230349 0.426621 -0.087878 -0.017866 -0.912544 0.282084 -0.278203 0.087961 -0.863332 -0.023787 0.300885 -0.186808 -0.167123 -0.815221 -0.413829 -0.145925 0.593758 -0.571145 0.214814 0.619947 0.100721 -1.543391 -0.325496 -0.346994 0.095614 0.238033 -0.489183 0.411006 -0.231293 -0.731055 0.249402 0.027720 0.309191 0.606341 -1.879111 -0.673944 0.187250 0.165245 0.370453 0.259283 0.160586 -0.718256 -0.033481 -0.127453 0.113739 0.245922 0.230221 0.286856 0.124220 0.100837 0.574957 0.118190 0.203017 0.326879 0.520562 0.599676 0.221633 0.098481 0.259856 0.657012 0.390857 0.136286 0.069709 0.606074
DB00243,-0.424904 0.050249 -0.513730 -0.033645 -0.451893 -0.139470 -0.280930 -0.310719 -0.039389 -0.078230 -0.230839 -0.114013 -0.008594 0.190408 0.194393 -0.196027 -0.279455 -0.025828 -0.000461 -0.308072 0.045791 0.147942 0.165608 -0.130466 -0.340915 -0.173501 -0.107734 -0.290684 -0.123702 0.136863 0.081439 -0.236737 -0.394949 -0.348357 -0.082077 -0.305033 -0.178855 -0.395026 -0.175280 -0.150787 -0.195400 -0.052471 -0.143799 -0.058187 -0.110956 -0.251466 -0.146072 -0.402547 -0.385356 -0.232447 -0.253406 -0.050039 -0.143439 -0.491612 -0.099399 -0.311171 -0.306868 -0.116340 -0.297736 -0.398924 -0.330010 0.068341 -0.121043 -0.445344
DB00244,-0.999475 1.691611 1.162719 -1.602899 0.646065 1.664824 -1.806109 -1.782703 2.304425 -1.540855 -1.041907 -1.574281 -1.629228 2.224417 -1.021925 -1.191420 -1.792292 1.643383 -1.940062 0.862354 2.150364 -1.386229 -0.445273 -1.831169 -1.720887 -1.632216 0.821616 -1.950392 -1.226196 1.913168 1.608895 -0.817031 -1.218440 -1.482018 -1.632039 -0.786431 1.741863 -2.782630 -1.984098 -1.824742 -2.143033 -1.305414 -1.665021 -2.212697 -1.753633 -1.727689 -0.752113 -1.365597 0.195018 -1.904357 -1.721560 -1.847895 -1.614827 -1.434972 -1.424389 1.695570 -0.669736 -1.618053 -1.244993 0.674277 -1.686929 1.536646 -1.766932 -0.654742
DB00245,0.147705 -0.302010 -0.366223 0.285014 -0.366719 -0.417848 0.072297 0.086859 -0.043121 0.222750 0.029744 0.290262 0.257457 0.238277 0.507236 0.331540 -0.032152 -0.250390 0.148939 -0.773042 -0.165219 -0.119167 0.700415 0.149798 0.086171 0.171857 0.405103 -0.271679 0.318755 0.027360 -0.258359 0.296318 0.140237 0.101326 0.169746 0.307844 -0.401763 -0.377297 0.091102 0.115020 0.029588 0.371624 0.155440 0.088754 0.130694 -0.008558 0.357541 0.162017 -0.841181 0.019355 -0.055703 0.259525 0.169599 0.121907 0.088022 -0.381152 0.306191 0.185397 0.182057 -0.661883 0.034266 -0.307906 0.144221 0.238550
DB00246,-0.429344 0.580860 0.169496 -0.432612 0.482721 0.843983 -0.363915 -0.413377 0.031125 -0.650598 -0.331746 -0.438388 -0.800814 0.614417 -1.804434 -0.494215 -0.189280 0.844057 -0.392804 1.165738 0.525094 0.556017 -0.978630 -0.368769 -0.496941 -0.586718 -1.323618 -0.282251 -0.719918 0.306111 0.707919 -0.704296 -0.622383 -0.562410 -0.164262 -0.422974 0.796069 0.596393 -0.278530 -0.536185 -0.608590 -0.442867 -0.275767 -0.277347 -0.448337 -0.366978 -0.829029 -0.604715 1.237401 -0.193550 -0.090904 -0.632348 -0.531857 -0.495252 -0.432139 0.139444 -0.754329 -0.484749 -0.440197 0.804942 -0.133368 0.879647 -0.686608 -0.474751
DB00248,-1.684166 1.323647 -0.235763 -2.139178 1.598394 2.416798 -1.115764 -1.851324 1.717210 -1.798529 -0.772337 -1.884311 -1.759031 1.053050 -1.408599 -1.958268 -1.482640 2.366172 -1.667933 1.970049 1.558199 -0.788849 -1.770873 -1.457067 -1.682936 -1.631433 -1.670828 -1.024435 -1.363033 1.985201 1.152680 -2.156961 -1.843073 -2.132571 -1.241041 -2.203510 1.644977 -0.400739 -1.477208 -1.724206 -0.451170 -0.883124 -1.890525 -1.372374 -1.672462 -1.569238 -2.264872 -2.154400 2.796373 -1.225990 -1.843118 -1.682490 -2.004607 -2.263223 -2.159217 1.755664 -2.222517 -1.452044 -2.078221 1.400148 -1.885999 1.675687 -1.495168 -2.975065
DB00250,-0.733925 0.194375 -0.526594 -0.086109 0.170626 -0.251119 -0.586902 -0.166428 -0.774271 -0.199971 -0.864784 -0.104924 -0.133713 -0.473266 -0.514795 -0.515431 0.067386 0.159629 0.092681 0.384559 -0.138443 0.630860 -0.146372 -0.056607 -0.317565 -0.294674 -1.095651 0.121408 -0.518862 -0.265521 0.387735 -0.741723 -0.511248 -0.373719 -0.445510 -0.508685 -0.179152 0.271519 -0.084845 -0.039494 -0.275705 0.152915 -0.049113 0.134185 -0.084839 0.106042 -0.657664 -0.570855 0.320066 -0.024532 0.325077 -0.264523 -0.449223 -0.558609 0.324304 0.108151 -0.478065 0.090771 -0.384910 0.482190 -0.247844 0.195720 -0.084099 -0.433938
DB00252,-0.622890 -0.155316 -0.300267 -0.130645 0.391024 -0.065296 -0.379244 0.008579 -0.476589 -0.073917 -0.551329 -0.109147 0.005917 -0.298918 0.250938 -0.432040 0.090886 -0.002791 0.082813 0.385371 -0.180193 -0.372650 0.262809 0.132776 -0.070026 -0.071708 -1.219902 0.050234 -0.113035 -0.262011 -0.023115 -0.603113 -0.132344 -0.062732 -0.370650 -0.652697 -0.097707 0.067312 -0.005285 0.019955 0.063436 0.655653 -0.127198 0.194513 0.047085 0.071700 -0.508527 -0.182516 0.606139 0.081972 0.077606 0.280676 -0.256418 -0.246192 0.039822 -0.290040 -0.731999 0.249446 -0.409134 0.262587 -0.044950 0.051978 0.111993 -0.257870
DB00257,0.821317 -0.894906 -0.704320 0.857478 -0.728431 -0.939644 0.916595 0.824891 -0.709470 0.919836 0.718328 0.913763 0.947972 -0.800441 0.880674 0.869244 0.748310 -0.868835 0.904102 -0.917814 -0.843241 0.702793 0.850465 0.889312 0.843245 0.858756 0.608099 0.766269 0.912264 -0.726786 -0.895329 0.824565 0.807049 0.807244 0.789616 0.841174 -0.921694 0.653210 0.783313 0.878238 0.856763 0.806340 0.884233 0.903520 0.897325 0.817632 0.872378 0.854242 -0.633879 0.797163 0.691583 0.882929 0.925784 0.775964 0.769301 -0.820405 0.833699 0.825510 0.841725 -0.929073 0.793302 -0.919399 0.870812 0.793150
DB00261,0.624605 -0.474645 -0.204148 0.560848 -0.060093 -0.553112 0.391209 0.581957 -0.223048 0.568601 0.619658 0.561970 0.517133 -0.373388 0.582145 0.549265 0.637111 -0.601545 0.523842 -0.379629 -0.660907 -0.006669 0.408650 0.496532 0.584908 0.599635 0.525239 0.553480 0.541193 -0.603039 -0.569403 0.629665 0.665590 0.610780 0.088137 0.426724 -0.579228 0.481658 0.547217 0.593070 0.602051 0.326978 0.528282 0.528225 0.596861 0.589635 0.657250 0.614450 -0.760852 0.618197 0.604084 0.610166 0.584696 0.663582 0.587236 -0.362537 0.587494 0.624143 0.639903 -0.333989 0.527493 -0.544869 0.577909 0.654554
DB00262,-1.683889 2.038776 0.980742 -2.163351 0.174644 1.879589 -1.842472 -2.403332 0.520163 -1.710525 -1.850000 -1.990219 -1.181423 1.677472 -0.588832 -1.729299 -2.311048 1.123168 -2.121107 0.161060 2.196040 -3.573514 -0.180298 -2.609407 -2.133987 -1.843483 -0.175247 -2.651080 -1.495225 1.683562 1.903687 -1.510633 -1.505864 -1.757795 -1.733641 -1.542164 1.512704 -2.981246 -2.298172 -2.000691 -1.999652 -2.127237 -2.408298 -2.205258 -2.050712 -2.559537 -0.903000 -1.686287 -1.786629 -2.561886 -2.394060 -1.453323 -1.382463 -1.698535 -1.763054 1.537497 -1.024359 -1.841048 -1.744209 0.928436 -2.257113 0.922206 -1.973672 -0.717737
DB00263,0.563388 -0.217937 0.432825 0.642617 0.248501 -0.367428 0.127360 0.618721 0.329152 0.406520 0.703445 0.418134 0.290434 -0.209052 0.229066 0.506551 0.499671 -0.085451 0.349490 0.010068 -0.524861 0.751145 -0.293377 0.506912 0.510544 0.479502 0.296394 0.656508 0.237684 -0.370337 -0.326890 0.627894 0.454568 0.491832 0.045910 0.532289 -0.298766 0.572804 0.543124 0.413276 0.294954 0.134892 0.610121 0.375110 0.426583 0.556994 0.441940 0.502332 0.389612 0.404832 0.633322 0.240496 0.348347 0.603683 0.567781 -0.738714 0.368768 0.432794 0.565654 -0.109788 0.513031 -0.291463 0.415923 0.391327
DB00264,0.259387 -0.076710 0.247809 0.082194 -0.132585 -0.138165 0.259095 -0.060936 0.073813 0.144306 0.294851 0.167011 0.071123 0.261544 0.464604 0.214566 -0.185466 -0.224520 -0.096303 -0.512034 0.131770 0.104994 0.237559 0.032808 0.073573 0.074937 0.987128 -0.171504 0.327609 -0.003534 -0.086892 0.312955 0.033376 -0.072825 0.547084 0.256498 0.065562 -0.340770 -0.138036 -0.053476 0.075068 0.195974 0.014835 -0.072501 -0.003153 -0.113135 0.320881 0.107082 -0.282075 -0.156354 -0.247195 -0.030875 0.261729 0.028869 -0.027963 -0.162744 0.364354 -0.014424 0.171158 -0.540567 -0.009250 -0.136358 0.036931 0.140488
DB00266,-0.658829 0.636349 1.415996 -0.336078 2.048568 0.698842 -1.456209 -0.164927 0.668764 -0.671925 -0.334445 -0.739229 -1.187805 0.826676 -1.276988 -0.834242 0.228043 -0.184056 -0.728309 1.688186 0.325289 -3.476440 -0.391929 -0.810434 -0.294846 -0.385708 -0.336337 0.135820 -0.960799 -1.339454 0.865655 -0.355038 0.132910 0.267749 -3.077963 -1.327763 0.847936 -0.297652 -0.165247 -0.326404 -0.840418 -0.994598 -0.573572 -0.906952 -0.469294 0.093104 -0.470408 -0.085007 -1.844622 0.122181 0.471127 -0.379655 -0.717853 0.329856 0.282373 1.210158 -0.228942 -0.369754 -0.182542 1.468766 0.116070 1.076326 -0.410937 0.727031
DB00268,0.462432 -0.588653 0.001062 0.372008 0.082268 -0.443345 0.658992 0.493182 -0.238857 0.491077 0.402190 0.583670 0.609212 -0.510887 0.378266 0.583603 0.352139 -0.382945 0.426495 -0.384350 -0.563721 0.464491 0.454297 0.494418 0.550076 0.470944 0.260560 0.383060 0.598525 -0.174795 -0.608003 0.469076 0.539945 0.390623 0.866045 0.635760 -0.528088 0.498935 0.453275 0.455654 0.532081 0.697481 0.436219 0.512609 0.461152 0.382093 0.460468 0.493443 -0.297631 0.521918 0.212530 0.549883 0.459222 0.471314 0.244862 -0.133367 0.469544 0.470722 0.482052 -0.364153 0.364617 -0.508078 0.475168 0.276871
DB00270,-3.711448 4.355715 1.336141 -4.005174 0.550529 4.336612 -3.311202 -4.227596 2.346249 -3.970632 -3.398343 -3.910594 -4.326837 4.738399 -4.164279 -4.244180 -3.981004 4.608769 -4.250852 2.996853 4.551381 -1.339451 -4.629982 -3.813749 -4.193214 -4.121144 -1.799077 -3.684663 -3.987229 2.583878 4.213568 -3.646704 -4.679779 -4.760928 -2.262614 -3.648568 4.621336 -2.588738 -4.145716 -4.334155 -3.671429 -3.598984 -3.782200 -3.709267 -3.989748 -3.941361 -3.998125 -4.305350 3.072563 -4.119237 -3.455663 -4.211396 -3.371134 -4.211277 -3.557933 1.289944 -4.227019 -4.067459 -4.032811 3.033465 -3.321068 4.059663 -4.299909 -3.650467
DB00273,-0.196107 -0.003771 0.234809 -0.130130 0.350764 0.236505 -0.093530 -0.051405 0.175927 -0.249247 -0.342885 -0.108116 0.015496 0.321602 -0.176606 0.006107 -0.259271 0.256235 -0.084511 -0.106211 0.211614 -0.546163 0.299065 -0.170640 -0.217995 -0.153613 -0.650743 -0.604318 -0.007896 0.222318 0.049024 -0.227810 -0.063683 -0.083414 0.105554 0.121937 0.170705 -0.351561 -0.125052 -0.154175 -0.377428 0.008786 -0.226884 -0.211643 -0.237576 -0.267181 -0.149850 -0.074966 -0.006414 -0.194797 -0.445673 0.074707 -0.298689 -0.083744 -0.471836 0.138338 -0.161497 -0.187080 -0.199951 0.074160 -0.251599 0.158709 -0.204732 -0.085744
DB00274,0.515236 -0.486495 -0.279765 0.347994 -0.361741 -0.527517 0.564499 0.259573 -0.283840 0.519821 0.109826 0.457208 0.632074 -0.195233 0.531169 0.486345 0.110899 -0.647927 0.400739 -1.058678 -0.282524 0.310456 0.724587 0.334293 0.304817 0.335071 0.563922 0.165963 0.509166 -0.303416 -0.436383 0.475101 0.354272 0.276579 0.675907 0.601019 -0.613069 -0.045336 0.154418 0.365952 0.356156 0.316666 0.358728 0.405397 0.424572 0.274983 0.586663 0.355456 -1.045526 0.178676 0.035749 0.447597 0.580436 0.303048 0.242041 -0.453585 0.529072 0.263203 0.387799 -0.824083 0.192679 -0.673041 0.351245 0.446374
DB00275,0.810952 -0.703399 -0.471127 0.648236 -0.652211 -0.676457 0.780072 0.649733 -0.409571 0.748704 0.808337 0.773736 0.626457 -0.574134 0.785269 0.719553 0.638645 -0.607288 0.576228 -0.730197 -0.627862 0.521672 0.528692 0.711407 0.765448 0.733851 0.798298 0.636424 0.811406 -0.750962 -0.727047 0.794023 0.648540 0.579285 0.566631 0.714424 -0.586544 0.452639 0.638596 0.684475 0.793075 0.720291 0.711543 0.628610 0.688061 0.704017 0.747713 0.704091 -0.150902 0.683822 0.572471 0.604671 0.765302 0.704218 0.669204 -0.438914 0.747858 0.727477 0.768437 -0.677512 0.689204 -0.688109 0.723201 0.658339
DB00276,0.589060 -0.623444 -0.658951 0.473612 -0.831625 -0.642351 0.437514 0.607841 -1.011993 0.661611 0.498191 0.599789 0.651936 -0.974779 0.876886 0.498141 0.755366 -0.872257 0.631502 -0.486342 -0.627487 -0.670666 0.838078 0.472502 0.645701 0.721943 0.193698 0.620998 0.657610 -0.832405 -0.609641 0.553598 0.758094 0.820107 -0.461244 0.198689 -0.645463 0.235590 0.650713 0.712976 0.756741 0.629675 0.513646 0.603310 0.680356 0.636834 0.749868 0.734846 -0.451500 0.573233 0.627058 0.883310 0.757509 0.684464 0.747470 -0.365755 0.563760 0.770627 0.653535 -0.435985 0.676310 -0.739654 0.715588 0.824999
DB00277,0.332193 -0.069561 0.017181 0.531346 -0.259778 -0.096669 0.250592 0.362749 -0.346046 0.132047 0.132494 0.205826 0.111540 -0.419976 -0.841018 0.202920 0.442660 -0.276616 0.478504 0.249213 -0.335728 0.837042 -0.392563 0.287128 0.269597 0.224521 -0.713686 0.443159 -0.111283 -0.420357 -0.016775 -0.043650 0.124409 0.392422 0.175703 0.228645 -0.114389 0.792809 0.450983 0.345620 -0.074682 -0.180626 0.462084 0.416110 0.290234 0.415193 -0.071359 0.241121 0.053360 0.533385 0.632368 0.033397 0.099424 0.346150 0.535833 -0.233148 0.048849 0.196872 0.301675 0.191503 0.455938 0.151164 0.139974 0.473095
DB00279,0.185825 -0.497024 -0.524110 0.405963 -0.698386 -0.529241 0.355699 0.327180 -0.430285 0.471918 0.194744 0.457486 0.582461 -0.244147 0.719666 0.453335 0.176232 -0.530382 0.375136 -0.777093 -0.325833 -0.130024 0.827900 0.370190 0.279252 0.392145 0.439817 -0.002334 0.539430 -0.237791 -0.477189 0.369190 0.385270 0.314930 0.374290 0.465260 -0.580112 -0.275991 0.258543 0.357396 0.108299 0.600857 0.337772 0.326167 0.371336 0.236925 0.540642 0.421829 -0.764332 0.163335 0.108141 0.511752 0.431572 0.322730 0.340413 -0.589467 0.394180 0.426855 0.324618 -0.818745 0.290530 -0.605887 0.385492 0.500652
DB00280,-0.054214 -0.221135 -0.068907 0.087194 -0.099669 -0.252409 -0.123798 0.037733 0.188192 0.194158 0.080334 0.162877 0.216009 0.140964 0.590033 0.154636 -0.079858 0.011025 -0.098656 -0.449378 -0.158572 -0.498275 0.331652 0.108439 0.010615 0.134635 0.455289 -0.251632 0.233939 -0.015321 -0.237397 0.226913 0.153860 -0.031140 -0.200839 0.181724 -0.382444 -0.561364 -0.033431 0.013968 0.023035 0.461164 0.014593 -0.006015 0.070991 -0.039332 0.278796 0.088170 -0.233529 -0.087895 -0.085026 0.224197 -0.009719 0.092312 0.133471 -0.564975 0.058029 0.269160 0.055135 -0.418711 -0.043451 -0.373684 0.148458 0.080433
DB00281,0.034590 -0.000959 0.027952 -0.081602 0.941976 0.397496 0.193180 -0.008198 0.359077 -0.197159 0.049041 0.013118 -0.120032 0.392309 -0.878193 0.027970 0.020279 0.048173 0.062644 0.452817 -0.212160 0.740753 -0.432286 0.002893 -0.008632 -0.128982 -0.512393 0.155725 -0.201983 0.151331 -0.039592 -0.128657 0.013311 -0.129887 0.102181 0.100013 0.184914 0.678963 0.012685 -0.118011 0.174129 -0.186369 0.023519 0.186363 -0.096372 -0.144866 -0.180880 -0.101196 0.666586 0.211214 0.036822 -0.106032 0.123401 -0.078234 -0.081809 0.295940 0.025332 -0.053535 -0.050313 0.404021 0.039924 0.477034 -0.137374 -0.188910
DB00282,0.492349 -0.331868 -0.035571 0.438064 -0.423142 -0.426220 0.474005 0.298450 -0.153992 0.393689 0.198237 0.404293 0.504962 -0.151818 0.164928 0.498269 0.174568 -0.514174 0.427499 -0.766791 -0.215862 0.544963 0.390081 0.320786 0.295749 0.313857 0.416571 0.163585 0.392560 -0.249324 -0.308588 0.460515 0.320553 0.334077 0.521487 0.631153 -0.419804 0.118390 0.258621 0.351720 0.171961 0.083953 0.416875 0.346511 0.347959 0.295709 0.492040 0.389875 -0.703060 0.225774 0.163785 0.280729 0.464290 0.348184 0.265090 -0.366947 0.553775 0.176021 0.409114 -0.554714 0.290280 -0.461651 0.255812 0.528117
DB00283,0.353955 -0.501202 0.005860 0.376403 0.262073 -0.388809 0.455453 0.461433 -0.187963 0.356073 0.446560 0.412981 0.380259 -0.254979 0.655530 0.514773 0.302649 -0.085256 0.383043 -0.293785 -0.512498 0.210689 0.345231 0.443278 0.470920 0.406664 0.403209 0.263930 0.482259 0.019342 -0.558956 0.434416 0.471980 0.354282 0.612305 0.445139 -0.356961 0.472562 0.413660 0.372347 0.606320 0.445380 0.309006 0.316584 0.332742 0.311414 0.349246 0.448934 0.139158 0.488957 0.162924 0.368743 0.271742 0.421205 0.024244 0.005454 0.395652 0.293159 0.381636 -0.150131 0.262318 -0.391248 0.404979 -0.028672
DB00285,-0.283694 -0.090743 -0.002792 -0.305160 0.271299 0.120130 0.059242 -0.293180 0.106374 -0.041693 -0.138788 -0.050782 0.166220 0.266384 0.616344 -0.015131 -0.499472 0.121485 -0.214097 -0.287000 0.139875 -0.365772 0.648278 -0.185160 -0.198101 -0.200480 0.390453 -0.432212 0.189909 0.514035 -0.079183 -0.036587 -0.108796 -0.320576 0.427372 0.072171 -0.042552 -0.486928 -0.396363 -0.249097 -0.057646 0.310909 -0.322613 -0.170781 -0.179138 -0.466178 0.035764 -0.165689 -0.571388 -0.393414 -0.708830 0.101803 -0.009894 -0.299152 -0.495746 0.073015 -0.011106 -0.170635 -0.257488 -0.322416 -0.421360 -0.143564 -0.120146 -0.366028
DB00289,0.065133 0.439182 0.172357 0.063651 -0.330600 0.271811 -0.049685 -0.227650 0.574531 -0.287376 0.137605 -0.190979 -0.263647 0.628177 -0.642028 0.013549 -0.323664 0.143888 -0.085646 0.064844 0.417349 0.579321 -0.356795 -0.256860 -0.273700 -0.261753 0.099849 -0.364324 -0.298907 0.154989 0.372176 -0.061165 -0.318051 -0.221791 0.083812 0.190470 0.379580 -0.096648 -0.133361 -0.244553 -0.526170 -0.857483 -0.067162 -0.285408 -0.289291 -0.254920 -0.123006 -0.135755 0.093086 -0.210395 -0.217327 -0.506302 -0.143561 -0.102852 -0.223096 -0.035383 0.032296 -0.459571 -0.064353 0.076567 -0.112101 0.304149 -0.415526 0.081290
DB00292,-2.151730 1.773461 2.617421 -2.940815 2.324941 2.910828 -1.732219 -2.933796 3.032290 -2.578351 -2.219880 -2.406042 -2.048045 2.643224 -1.260657 -1.777337 -3.450592 3.470710 -3.099177 0.926771 3.056185 -2.990051 -0.600681 -2.878507 -2.587949 -2.699845 -0.251293 -3.654991 -1.646647 4.239103 1.905018 -2.023785 -2.183595 -2.994950 -0.974937 -1.066932 2.583776 -3.304562 -3.005884 -2.956738 -2.018602 -1.384126 -3.168352 -3.082456 -3.024873 -3.257437 -1.950015 -2.459029 1.188050 -3.001852 -3.948298 -2.784190 -2.769776 -2.224473 -3.757772 3.369384 -1.710083 -2.737745 -2.488372 1.453733 -3.256256 1.718767 -2.718853 -2.620425
DB00293,0.596332 -0.598336 -0.622701 0.521856 -0.783406 -0.627450 0.437603 0.619214 -0.947551 0.672267 0.503102 0.610425 0.658372 -0.930467 0.831747 0.512993 0.765450 -0.867761 0.653610 -0.501004 -0.621236 -0.707244 0.822574 0.462779 0.649309 0.723727 0.174875 0.616334 0.658718 -0.810334 -0.618636 0.555691 0.763483 0.816521 -0.431028 0.215395 -0.644951 0.254797 0.643315 0.719361 0.752679 0.629129 0.525751 0.590639 0.689816 0.663327 0.744975 0.740409 -0.534254 0.587304 0.615832 0.871551 0.760638 0.706902 0.757905 -0.388475 0.570987 0.762168 0.662676 -0.441049 0.663513 -0.752630 0.708642 0.845265
DB00295,0.187846 -0.327487 -0.043285 0.169483 -0.003926 -0.224272 0.236558 0.241746 -0.281734 0.179125 0.154341 0.302011 0.235568 -0.507008 -0.419855 0.267909 0.224432 -0.080901 0.217263 -0.009655 -0.250440 0.204929 0.265557 0.242476 0.201921 0.178877 -0.471064 0.191167 0.180779 -0.046972 -0.234120 0.079345 0.165611 0.210044 0.342419 0.226932 -0.316284 0.441118 0.307513 0.209697 0.154882 0.560327 0.248582 0.281943 0.220302 0.181247 0.015407 0.057405 0.157431 0.296731 0.173711 0.285324 -0.055417 0.111174 0.099969 0.074880 0.030749 0.306282 0.190530 -0.084457 0.156327 -0.065528 0.195414 -0.012214
DB00297,0.289010 0.193598 0.470292 -0.023095 0.581028 0.198696 0.332921 0.064014 0.765127 -0.138170 0.439219 -0.052484 -0.082947 0.359685 0.024109 0.130638 -0.048183 0.102143 0.095096 0.160781 -0.034384 0.981841 -0.785471 0.065415 0.103166 -0.048117 0.691100 0.300846 -0.063719 0.289067 -0.186768 0.183813 -0.019205 -0.158035 0.464454 0.324713 0.377326 0.569831 0.039935 -0.021876 0.375759 -0.945267 0.027215 0.028490 -0.144987 -0.178384 -0.016212 0.072535 0.586850 0.140302 -0.121605 -0.317050 0.423549 0.008063 -0.265914 0.254539 0.363624 -0.372829 0.024888 0.178712 0.021147 0.288360 -0.050959 -0.370862
DB00302,0.719821 -0.807729 -0.465086 0.796609 -0.560527 -0.830016 0.751311 0.780879 -0.543662 0.815358 0.654772 0.776593 0.795173 -0.640623 0.728900 0.732205 0.727796 -0.828692 0.807614 -0.712277 -0.771309 0.235179 0.777074 0.763487 0.773319 0.795516 0.508905 0.722414 0.789685 -0.859424 -0.785120 0.728785 0.776109 0.819500 0.492058 0.652126 -0.807590 0.592555 0.743084 0.802633 0.753499 0.626130 0.777122 0.770815 0.812512 0.792922 0.775902 0.822630 -0.748860 0.780656 0.679589 0.794049 0.813006 0.779468 0.737283 -0.752430 0.738134 0.742555 0.761755 -0.757202 0.769583 -0.807400 0.797056 0.831944
DB00307,-1.038926 1.924753 0.599892 -0.992767 0.471334 1.244802 -1.799628 -0.895651 0.059546 -1.492454 -1.310049 -1.673711 -1.832563 0.295550 -2.450695 -1.706557 -0.282007 0.827363 -0.797909 2.084710 1.142301 -1.013596 -2.375144 -1.495607 -1.099624 -1.151916 -2.090259 -0.184489 -2.194031 -0.217917 1.974063 -1.432575 -1.316430 -0.547040 -2.809582 -2.055939 1.637034 0.097525 -0.494237 -0.832254 -1.118541 -2.685595 -0.912554 -1.140978 -1.182075 -0.441674 -1.554070 -1.048895 1.466382 -0.700057 0.272508 -1.705278 -1.256779 -0.776756 -0.219511 1.916542 -1.000702 -1.318356 -1.041814 2.381032 -0.719654 1.887392 -1.244605 -0.524633
DB00308,0.150709 -0.316994 -0.302716 0.177334 -0.316543 -0.389048 0.194522 0.035853 0.040586 0.248568 -0.037022 0.264099 0.377836 0.165118 0.669958 0.320568 -0.184016 -0.228511 0.107614 -0.974752 -0.094093 0.055955 0.705661 0.109802 0.054472 0.127661 0.504971 -0.248180 0.393545 0.071143 -0.298636 0.331001 0.111012 -0.046210 0.417207 0.416759 -0.419168 -0.418078 -0.048872 0.061655 0.076860 0.350120 0.108333 0.129357 0.128723 -0.101224 0.417377 0.145553 -0.836515 -0.077456 -0.258532 0.220249 0.335973 0.025350 -0.060500 -0.382629 0.322922 0.081331 0.148132 -0.762082 -0.090253 -0.446199 0.107426 0.165295
DB00310,-0.788239 1.223698 -0.093086 -1.019202 -0.399777 0.919639 -1.294406 -1.335058 1.165926 -1.039599 -0.184376 -0.939945 -1.339544 1.489587 -0.589940 -0.752626 -1.360837 1.248958 -1.921286 -0.091145 1.507201 -1.742876 -0.360511 -1.303162 -1.109790 -1.030234 1.086136 -1.904536 -0.689250 1.045709 1.014690 -0.406826 -1.103410 -1.279924 -1.226947 -0.444287 1.234247 -2.595319 -1.205111 -1.374958 -1.405347 -0.531217 -1.176047 -1.744459 -1.422998 -1.395838 -0.633523 -1.045036 0.720691 -1.195130 -1.337428 -1.540207 -1.153944 -0.808704 -0.890017 0.682405 -0.505942 -0.946974 -0.844284 0.024071 -1.130561 0.853375 -1.211702 -0.661947
DB00311,-0.338336 0.888806 -0.129845 -0.480028 -0.120021 0.620559 -0.251029 -0.722168 0.556585 -0.481520 -0.248285 -0.516622 -0.251964 0.979340 -0.595663 -0.193829 -1.149128 0.385016 -0.628785 -0.173507 0.897206 0.733761 -0.381768 -0.739697 -0.702193 -0.707013 0.763787 -0.827581 -0.538304 1.103322 0.699959 -0.103589 -0.830930 -0.875165 0.601778 0.277862 0.468382 -0.682509 -0.826112 -0.759393 -0.974196 -1.065588 -0.460498 -0.635481 -0.664587 -1.016840 -0.158914 -0.554327 -0.466556 -1.214540 -1.031427 -0.902211 -0.270695 -0.676819 -0.722799 -0.104339 0.008186 -1.025560 -0.438522 -0.267042 -0.719619 0.413112 -0.897697 -0.290262
DB00312,-0.560423 0.505040 -0.025967 -0.698522 0.172556 0.505748 -0.365211 -0.638124 -0.130366 -0.537130 -0.530416 -0.479294 -0.447475 0.530346 -0.380320 -0.503232 -0.672242 0.616005 -0.472455 0.240735 0.653408 0.115765 -0.363383 -0.506274 -0.678816 -0.652128 -0.506751 -0.709567 -0.413044 0.346579 0.577365 -0.710931 -0.798992 -0.751189 0.265271 -0.366769 0.526957 -0.165574 -0.645186 -0.575617 -0.548682 -0.425634 -0.577828 -0.418957 -0.551292 -0.773842 -0.640524 -0.706017 0.166976 -0.674754 -0.785938 -0.466329 -0.409152 -0.808585 -0.813514 -0.123581 -0.496850 -0.625452 -0.711459 0.345059 -0.703402 0.463521 -0.600035 -0.879525
DB00313,0.003845 -0.384624 0.106582 0.013461 0.794303 -0.352923 0.091186 0.213956 -0.063934 0.212076 -0.133576 0.271799 0.301444 -0.083987 0.526357 0.156582 0.115092 -0.113741 0.145854 -0.063658 -0.440286 0.006552 0.489602 0.230010 0.191059 0.123773 -0.259604 0.232804 0.230210 -0.100774 -0.304275 0.105745 0.169305 -0.024987 0.299551 0.167639 -0.353552 0.252077 0.132149 0.168294 0.465016 0.756319 0.123853 0.285106 0.160713 0.249127 0.107644 0.041046 0.262958 0.201735 0.052823 0.301614 0.021390 0.033452 -0.002234 0.178412 0.220230 0.367371 0.053803 0.063724 -0.111673 -0.249068 0.282105 -0.248231
DB00315,-0.616578 0.385137 1.318034 -1.337426 2.466183 1.672788 -0.186556 -0.711312 1.762420 -1.087174 -0.077600 -0.736270 -0.855497 0.549934 -0.526131 -0.499336 -0.856499 1.994507 -1.320427 1.342773 0.575732 -1.407539 -0.845894 -0.795052 -0.475502 -0.787387 -0.344241 -0.991334 -0.453743 1.804843 0.218369 -0.851597 -0.393667 -1.076218 -0.397019 -0.251064 0.937779 -0.265609 -0.648857 -1.037276 0.031927 -0.038924 -1.258671 -1.079409 -1.135189 -1.022008 -0.899169 -0.745126 1.845335 -0.338095 -1.257914 -0.843785 -1.605905 -0.385771 -1.500388 2.062932 -0.576207 -0.489357 -0.678536 1.581914 -1.156170 0.693768 -0.723485 -1.462718
DB00316,-1.838733 1.733050 0.483154 -1.481138 0.411553 1.547030 -1.679534 -2.138865 1.169518 -1.666986 -1.889287 -1.735289 -1.357377 2.476161 -1.166925 -1.639570 -2.121630 0.994599 -1.478990 0.333310 1.785638 -0.819123 -0.686429 -1.867908 -2.128661 -1.880634 -0.737864 -2.260521 -1.651186 1.281572 1.805621 -1.706974 -2.024208 -2.100388 -0.930113 -1.335401 1.372408 -2.086134 -1.892739 -1.751850 -2.037134 -1.960874 -1.792261 -1.642840 -1.788727 -2.096861 -1.531716 -1.933838 -0.695597 -2.009376 -1.938932 -1.671985 -1.525546 -2.055363 -1.558510 0.368732 -1.376269 -1.823320 -1.939595 0.735567 -1.908302 1.446473 -1.856085 -1.466337
DB00317,-0.179150 0.075322 -0.549824 0.253743 -0.266316 0.030136 0.215685 -0.163967 -1.046153 0.031514 -0.022960 0.028624 -0.077612 0.286394 -0.363553 -0.174061 0.153749 -0.307965 0.340219 0.317813 -0.142880 0.922777 -0.195879 0.149866 -0.042848 -0.015634 -0.227691 0.273914 -0.182758 -0.201381 0.119751 -0.326451 -0.211009 -0.025529 0.228872 -0.416547 0.006201 0.714939 0.174272 0.071488 -0.027129 -0.039205 0.161020 0.301139 0.131261 0.028635 -0.293215 -0.208503 -0.013847 0.053415 0.365590 0.041017 0.194296 -0.296954 0.363031 -0.597198 -0.112197 0.062447 -0.109569 -0.144860 0.170965 0.315225 0.041890 -0.243886
DB00318,0.343455 -0.443964 -0.289651 0.443664 0.070800 -0.348204 0.434305 0.457941 -0.259733 0.346661 0.311065 0.434998 0.377194 -0.520432 0.010470 0.461435 0.421854 -0.269635 0.472431 -0.253726 -0.447785 0.472785 0.324269 0.448655 0.448438 0.401467 -0.028725 0.348416 0.325449 -0.183904 -0.410625 0.286062 0.397734 0.486426 0.493814 0.367110 -0.411143 0.592027 0.517035 0.425429 0.310224 0.483435 0.440681 0.420459 0.397595 0.366757 0.243148 0.416167 0.070146 0.497646 0.378142 0.404550 0.221392 0.432689 0.309904 -0.212200 0.298280 0.369555 0.408641 -0.220003 0.412941 -0.255970 0.366540 0.282592
DB00319,0.338842 -0.328822 -0.299983 0.280399 -0.322043 -0.340937 0.476707 0.109170 -0.248155 0.377219 0.050433 0.317555 0.512565 -0.142766 0.338793 0.392851 -0.028182 -0.497564 0.278535 -0.704762 -0.122655 0.395485 0.632888 0.222101 0.194770 0.207439 0.481738 0.034320 0.370731 -0.065577 -0.285196 0.356515 0.226868 0.138248 0.598998 0.549293 -0.442059 -0.115722 0.070708 0.217681 0.130304 0.261812 0.275834 0.299965 0.285036 0.129112 0.485082 0.272014 -0.790751 0.057965 -0.041517 0.254702 0.468364 0.175984 0.134904 -0.280198 0.431188 0.123231 0.267481 -0.665858 0.118704 -0.468970 0.179995 0.466722
DB00320,-0.033330 0.562117 0.087490 -0.205228 0.333205 0.583618 0.046580 -0.250359 0.507310 -0.389987 0.453788 -0.475421 -0.544141 0.301162 -0.330503 -0.350417 -0.237092 0.628216 -0.073931 0.569666 0.375231 1.338484 -1.368120 -0.110792 -0.146279 -0.274009 0.277161 0.290147 -0.402499 0.136516 0.357335 -0.287686 -0.580885 -0.428718 0.525663 -0.263998 0.806015 0.847585 -0.120289 -0.220569 0.134798 -1.226499 -0.111978 -0.130296 -0.269628 -0.229783 -0.542608 -0.240854 1.157220 -0.041004 -0.130199 -0.789215 0.060080 -0.284781 -0.470652 0.038083 -0.166711 -0.705483 -0.294725 0.462939 -0.192839 0.539595 -0.350295 -0.688082
DB00321,-0.813754 1.164702 1.362324 -0.896204 1.269155 1.164276 -0.897880 -1.021219 1.248408 -1.253683 -0.754261 -1.006561 -1.310903 1.375712 -1.668760 -0.754214 -1.139748 1.602975 -1.066715 1.404777 0.981405 0.393465 -1.200962 -1.109595 -1.040508 -1.226261 -0.596430 -0.950987 -1.268445 1.033210 1.316111 -0.853733 -1.127371 -1.143154 -0.339484 -0.509331 1.240319 -0.340874 -0.917530 -1.204709 -1.233619 -1.515657 -0.929644 -1.111506 -1.246128 -1.099931 -1.109661 -1.107104 1.119630 -0.904486 -0.921031 -1.448886 -1.238020 -0.892495 -1.140196 1.127077 -0.656805 -1.252802 -0.888355 1.187584 -1.037375 1.213263 -1.287895 -1.041317
DB00323,-2.163839 2.824331 4.151923 -2.914132 3.269085 3.282136 -2.050898 -2.772054 3.548341 -3.069707 -2.103128 -2.674264 -2.558383 3.503154 -3.506239 -1.834767 -3.534724 3.316978 -3.270810 1.904698 3.232981 -1.297172 -2.401390 -3.236782 -2.730380 -3.035119 -0.750327 -3.575043 -2.414510 3.949809 2.613695 -1.922432 -2.596297 -3.048636 -0.049536 -0.906250 3.282916 -2.389137 -2.902186 -3.179293 -3.047874 -2.655216 -3.049399 -3.251694 -3.369084 -3.333744 -2.362646 -2.552255 1.344039 -2.947455 -3.808315 -3.309942 -2.921867 -2.356989 -3.910500 3.915784 -1.784104 -3.589612 -2.444966 2.377126 -3.111022 2.945455 -3.327173 -2.793283
DB00324,0.596724 -0.598931 -0.581532 0.553575 -0.524446 -0.635117 0.524504 0.674716 -0.527861 0.648002 0.613604 0.578358 0.587625 -0.833044 0.749503 0.522942 0.718884 -0.720523 0.519194 -0.254107 -0.701782 -0.244628 0.771882 0.647099 0.647904 0.679435 0.190857 0.683157 0.565300 -0.710148 -0.557907 0.624595 0.739064 0.795048 -0.214721 0.352699 -0.662366 0.179482 0.679331 0.617607 0.519521 0.833223 0.621938 0.588784 0.665249 0.693567 0.660626 0.695785 0.055051 0.590587 0.726994 0.783330 0.634052 0.678333 0.752765 -0.317635 0.428794 0.808103 0.623331 -0.261640 0.714339 -0.716611 0.699087 0.693452
DB00325,0.252788 -0.137850 -0.173280 0.226500 -0.529645 -0.229683 0.182545 0.072107 0.057486 0.154121 0.151020 0.242056 0.217558 0.073397 0.086198 0.309037 -0.042716 -0.187198 0.052150 -0.673566 0.069264 0.040307 0.372120 0.047261 0.087976 0.121163 0.409986 -0.247343 0.264499 -0.088456 -0.153328 0.303822 0.118665 0.077506 0.188172 0.450584 -0.111230 -0.426206 0.051742 0.088904 -0.087845 0.172295 0.151081 0.015484 0.077381 0.039196 0.333998 0.193009 -0.575003 0.051707 -0.067909 0.057553 0.155885 0.187539 0.104548 -0.175945 0.316917 0.088125 0.241679 -0.510519 0.099984 -0.177443 0.046690 0.382113
DB00327,-0.463534 0.410178 0.185505 -0.087723 0.365375 0.188127 -0.328385 -0.171345 0.338246 -0.345105 -0.350399 -0.342379 -0.208221 0.350868 0.097387 -0.109804 -0.349339 0.431377 -0.084140 -0.054473 0.353445 0.097053 -0.296934 -0.227388 -0.245566 -0.253390 0.243808 -0.419564 -0.340287 0.472664 0.176708 -0.216944 -0.231849 -0.286477 0.076308 0.001394 0.357851 -0.187323 -0.163420 -0.171023 -0.287444 -0.818720 -0.303845 -0.419460 -0.400797 -0.310678 -0.290310 -0.096189 0.381528 -0.245342 -0.386210 -0.438578 -0.413577 -0.185704 -0.460283 0.234428 -0.062029 -0.643842 -0.251489 0.201293 -0.318377 0.302170 -0.319241 -0.302154
DB00328,-0.056061 0.546211 0.494591 -0.557180 -0.275156 0.306823 -0.450040 -0.362337 0.577958 -0.414175 -0.145431 -0.331488 -0.448802 0.223789 -0.502187 -0.227742 -0.309408 0.145161 -0.488841 0.528315 0.460120 -0.020754 -0.013665 -0.538705 -0.362364 -0.445135 -0.243179 -0.217358 -0.431508 0.394170 0.542933 -0.034799 -0.209723 -0.166937 -0.828550 -0.120967 0.351826 -0.548782 -0.523673 -0.472939 -0.522528 -0.307300 -0.310527 -0.491383 -0.354136 -0.290572 -0.077193 -0.365138 0.003322 -0.499301 -0.231722 -0.294674 -0.369597 -0.320285 -0.114680 0.655927 -0.028448 -0.224281 -0.142791 0.599526 -0.430462 0.456424 -0.440622 0.090319
DB00333,-0.551016 1.488034 1.284923 -0.337628 1.061627 1.001805 -0.969361 -0.642899 1.205158 -1.171848 -0.611137 -1.039828 -1.255306 1.250645 -1.729701 -0.575858 -0.769008 1.356817 -0.598908 1.102777 1.112514 1.092446 -1.716689 -0.844991 -0.791491 -0.931941 -0.420660 -0.558769 -1.410606 0.564765 1.262260 -0.617248 -0.962535 -0.765064 -0.330013 -0.291553 1.444258 0.282204 -0.527720 -0.813686 -1.194892 -2.280578 -0.552502 -0.950789 -1.063392 -0.790425 -1.033015 -0.662910 1.557006 -0.572778 -0.449858 -1.640025 -0.990673 -0.512764 -0.897613 0.930878 -0.345962 -1.539536 -0.615066 1.296161 -0.577080 1.415194 -1.239511 -0.561121
DB00334,0.104554 -0.522643 0.281120 0.105646 0.597744 -0.264125 0.129207 0.218516 -0.132732 0.258220 0.183225 0.336300 0.226799 -0.281961 0.548965 0.301521 0.120006 0.105493 0.030979 -0.015332 -0.563665 -0.170132 0.389504 0.266253 0.311708 0.247463 0.264461 0.099318 0.381805 0.215126 -0.406924 0.311801 0.366708 0.129188 0.328703 0.226474 -0.319882 0.097262 0.197334 0.138457 0.512841 0.832032 0.089455 0.192906 0.134175 0.080744 0.216447 0.170471 0.078140 0.337919 0.055821 0.275487 0.043501 0.217331 0.020166 0.191764 0.259122 0.437749 0.205407 -0.065274 0.068632 -0.238164 0.324750 -0.183807
DB00335,0.515350 0.525629 1.293015 0.058524 1.452787 0.823459 0.023330 -0.048837 0.982355 -0.428724 1.180881 -0.157986 -1.099048 0.918805 -0.850056 -0.073231 0.074358 -0.287778 -0.707424 1.264099 0.578255 0.233259 -1.389587 -0.222487 0.108938 -0.063300 1.298578 0.084479 -0.285692 -0.109499 0.511728 0.088639 -0.095821 -0.081475 -0.359542 -0.293028 1.280950 0.239906 0.023735 -0.495117 -0.226868 -0.167085 -0.130632 -0.673532 -0.501024 -0.040488 -0.147564 -0.120090 2.054585 -0.090821 0.209356 -0.808367 -0.516772 0.180168 0.230337 0.635144 0.133086 -0.090736 0.320496 0.922605 0.300088 1.048383 -0.296321 0.165812
DB00338,0.765177 -0.831668 -0.637424 0.830694 -0.679721 -0.896860 0.855908 0.783384 -0.675101 0.869082 0.668623 0.858628 0.891463 -0.762575 0.826074 0.805687 0.728246 -0.829011 0.877101 -0.837126 -0.820207 0.737586 0.758923 0.844017 0.807146 0.809369 0.569167 0.758936 0.839956 -0.716516 -0.821827 0.750636 0.737144 0.762763 0.798643 0.782865 -0.847215 0.650676 0.764254 0.844172 0.808950 0.738682 0.850292 0.863641 0.855533 0.791279 0.792775 0.803527 -0.580760 0.754102 0.679686 0.793781 0.861049 0.742213 0.756260 -0.779048 0.783656 0.779517 0.786432 -0.829278 0.745455 -0.837150 0.827969 0.729474
DB00339,-0.991282 1.592076 1.075921 -1.206085 0.116853 1.238941 -0.917226 -1.810632 1.366278 -1.303288 -1.421766 -1.419512 -0.770988 2.140639 -0.828105 -0.892497 -2.258444 1.056978 -1.371969 -0.726050 2.085881 -0.394873 -0.304330 -1.749691 -1.756009 -1.634136 0.479073 -2.267718 -1.140236 1.814008 1.442393 -0.881236 -1.597393 -1.684871 0.275123 -0.163107 1.400479 -2.180779 -1.892447 -1.571236 -1.975212 -2.358179 -1.485932 -1.668984 -1.611799 -1.971816 -0.724677 -1.330724 -1.293108 -2.168138 -2.250278 -1.752517 -0.889472 -1.381842 -1.853366 0.672828 -0.507856 -2.195586 -1.327182 -0.134489 -1.814077 0.984840 -1.800877 -0.803167
DB00340,0.822889 -0.864580 -0.691487 0.832361 -0.798210 -0.962174 0.819115 0.777456 -0.769847 0.882272 0.742795 0.876925 0.876025 -0.703523 0.775602 0.854355 0.745918 -0.764787 0.827878 -0.859973 -0.765181 0.601891 0.811149 0.861118 0.815638 0.840219 0.644022 0.686954 0.855501 -0.666190 -0.821699 0.814269 0.767345 0.813111 0.745432 0.830700 -0.902324 0.649222 0.765035 0.841718 0.823993 0.808984 0.863394 0.829909 0.851031 0.765402 0.813894 0.805928 -0.592016 0.758031 0.702557 0.783895 0.870381 0.764296 0.737588 -0.708780 0.842731 0.811847 0.811244 -0.852321 0.779510 -0.840415 0.832315 0.788999
DB00341,-0.117301 0.017082 0.306048 -0.255150 0.314444 0.048909 0.067744 -0.267964 0.526593 -0.099205 -0.113918 -0.136121 0.077039 0.403440 0.657476 0.034990 -0.594794 0.261955 -0.216626 -0.623163 0.204998 0.036383 0.209131 -0.179883 -0.172750 -0.208692 0.619125 -0.479750 0.152700 0.764243 -0.087756 0.039610 -0.172469 -0.371333 0.661340 0.222007 -0.027471 -0.369986 -0.374448 -0.264394 0.056300 -0.142155 -0.329827 -0.287562 -0.248674 -0.490784 0.054850 -0.113076 -0.422229 -0.356028 -0.755240 -0.147252 -0.054898 -0.235688 -0.662733 0.112382 0.080825 -0.433054 -0.204019 -0.242810 -0.524418 -0.179091 -0.203391 -0.532047
DB00342,-3.430259 1.785096 -2.143115 -1.784130 -0.116868 1.496523 -2.962094 -2.006209 -0.400668 -1.999272 -2.612349 -2.255410 -2.366332 1.534883 -1.772135 -3.354595 -0.917012 2.060812 -1.432765 2.483833 1.398290 -1.383119 -2.602725 -1.295806 -2.146463 -1.813770 -4.084238 -1.313631 -2.432518 0.482026 1.967154 -3.502826 -2.615665 -1.928146 -3.105013 -4.238195 1.264287 -0.591335 -1.668176 -1.707257 -1.225083 -0.573174 -1.828924 -0.959199 -1.545156 -1.413768 -3.477773 -2.514583 1.984721 -1.322889 -0.434378 -1.302591 -2.007421 -2.605028 -0.868949 -0.997198 -4.152864 -1.123096 -2.984726 1.911527 -1.166643 2.351518 -1.511658 -2.311097
DB00343,-0.282528 0.396211 -0.145758 -0.213488 -0.061154 0.248350 -0.265128 -0.236311 -0.015339 -0.308283 -0.236117 -0.202302 -0.550676 0.297689 -0.784786 -0.404032 -0.029280 0.623808 -0.260966 0.641067 0.279093 0.612583 -1.040827 -0.156419 -0.226312 -0.323112 -0.313677 0.110078 -0.438915 -0.528156 0.490083 -0.278258 -0.517976 -0.422813 -0.086532 -0.373089 0.473372 0.416127 -0.142965 -0.261635 -0.169379 -0.276178 -0.066673 -0.124273 -0.225198 -0.058484 -0.528240 -0.413766 0.999491 -0.106574 0.236749 -0.386228 -0.265244 -0.336182 -0.000956 0.000524 -0.467710 -0.212559 -0.194746 0.535327 -0.075204 0.466363 -0.292966 -0.325389
DB00344,0.360783 -0.402176 0.463996 0.286607 0.326819 -0.149506 0.464159 0.399343 0.258201 0.278940 0.576596 0.335511 0.256816 -0.188016 0.419134 0.458244 0.267961 0.039940 0.240730 -0.064561 -0.391771 0.345965 0.172515 0.351775 0.412790 0.316492 0.424921 0.344433 0.405513 0.088620 -0.423410 0.450798 0.428987 0.266567 0.410361 0.465777 -0.243941 0.425049 0.343264 0.259956 0.517468 0.237307 0.290672 0.240680 0.267113 0.265731 0.322710 0.394504 0.246327 0.367872 0.186487 0.253733 0.168979 0.430742 0.068273 0.058973 0.350011 0.257625 0.372787 -0.128288 0.252965 -0.376339 0.316600 0.120313
DB00346,0.540028 -0.179524 -0.205310 0.602838 -0.244272 -0.326015 0.413996 0.499552 -0.008260 0.321731 0.620829 0.401488 0.234042 -0.099080 -0.209449 0.454412 0.454696 -0.319760 0.493343 -0.144695 -0.341858 0.926360 -0.266066 0.424821 0.437608 0.400664 0.203020 0.472774 0.215346 -0.486658 -0.261313 0.466724 0.293618 0.426724 0.320049 0.517204 -0.182829 0.745387 0.550584 0.427099 0.298698 -0.135192 0.583351 0.420725 0.383436 0.474302 0.306036 0.443729 0.240139 0.542551 0.578488 0.163295 0.404784 0.468763 0.462839 -0.275809 0.427664 0.226865 0.522548 -0.142374 0.560051 -0.128331 0.277157 0.467108
DB00353,0.634925 -0.791894 -0.931219 0.658312 -0.876134 -0.682813 0.761007 0.609495 -0.496957 0.767348 0.612270 0.723188 0.720162 -0.716954 0.809731 0.604730 0.674334 -0.688856 0.711225 -0.760390 -0.667377 0.407692 0.711593 0.748100 0.681078 0.725797 0.432294 0.639620 0.784760 -0.643683 -0.757785 0.570808 0.623533 0.604579 0.453881 0.525526 -0.747608 0.416808 0.637944 0.715452 0.825672 0.801682 0.701727 0.729481 0.747312 0.725203 0.656468 0.642858 -0.408748 0.664980 0.619504 0.655612 0.730973 0.588051 0.692032 -0.708693 0.542058 0.790186 0.645093 -0.830242 0.663270 -0.793206 0.757193 0.651211
DB00356,-2.831755 3.229571 3.030210 -3.280564 3.775596 3.704656 -2.077019 -3.653353 2.487343 -3.312504 -2.817128 -3.174023 -2.759076 4.133988 -2.981752 -2.546277 -4.214452 3.168343 -3.318960 2.169971 3.011699 -0.709319 -2.534477 -3.478325 -3.277199 -3.536828 -0.920077 -3.641142 -3.133286 4.288922 3.157093 -2.741222 -3.273475 -3.780218 0.268983 -1.705761 2.987870 -2.295491 -3.399938 -3.607104 -3.134358 -3.302475 -3.503933 -3.193017 -3.613041 -4.065252 -2.874270 -3.247767 0.507219 -3.423448 -4.066172 -3.313688 -3.269581 -3.240773 -4.034457 3.193199 -2.132756 -3.837353 -3.141497 2.777487 -3.800198 3.278598 -3.643394 -3.631560
DB00357,0.444541 -0.634609 -0.817783 0.669260 -0.496795 -0.600671 0.428201 0.637214 -0.364491 0.575112 0.429431 0.466835 0.590896 -0.677318 0.314101 0.340550 0.679856 -0.642726 0.669680 -0.346163 -0.592307 0.207086 0.531900 0.708865 0.588740 0.646085 -0.258082 0.685239 0.490691 -0.798212 -0.536753 0.314331 0.569476 0.728803 0.114273 0.156225 -0.657093 0.481518 0.668974 0.647309 0.508491 0.587750 0.638132 0.689475 0.666524 0.724759 0.339834 0.601850 -0.157699 0.733937 0.710824 0.574361 0.605730 0.577877 0.659497 -0.674053 0.136835 0.676035 0.422669 -0.518957 0.707798 -0.561288 0.647516 0.713224
DB00358,0.587712 -0.757696 -0.531132 0.652051 -0.456097 -0.822570 0.642589 0.636816 -0.419142 0.762017 0.588246 0.728760 0.753421 -0.589512 0.845951 0.635155 0.636476 -0.695727 0.708492 -0.621064 -0.757246 0.536826 0.768434 0.739533 0.615281 0.692711 0.412724 0.661901 0.734884 -0.551629 -0.772991 0.624291 0.629866 0.545254 0.430536 0.498986 -0.857418 0.531417 0.640039 0.684596 0.717406 0.792371 0.691971 0.763778 0.732936 0.663959 0.682696 0.570417 -0.453981 0.666244 0.605068 0.739672 0.720825 0.489166 0.618571 -0.662745 0.503377 0.759997 0.589726 -0.722285 0.615337 -0.714059 0.728490 0.468675
DB00359,-0.237510 -0.029293 0.225263 0.150835 -0.079572 -0.196135 -0.331469 0.038473 0.186226 0.043256 -0.170510 0.044067 0.160481 -0.032787 0.258385 0.037603 -0.116548 0.042575 -0.060356 -0.311349 0.006385 -0.224806 0.191166 0.008755 -0.081858 -0.007992 -0.055722 -0.196040 -0.008802 0.021927 -0.006959 0.020783 0.023186 -0.046052 -0.234165 0.110166 -0.171940 -0.581446 -0.100618 -0.031778 -0.337929 0.192458 -0.000952 -0.104486 -0.018748 0.000747 0.069868 -0.008172 -0.200195 -0.272946 -0.085461 0.096811 -0.119939 0.013730 0.145265 -0.642808 -0.138828 0.090795 -0.026841 -0.239617 -0.071070 -0.216302 0.029747 0.122259
DB00363,-0.363723 2.041307 1.495633 -0.946391 1.368533 1.629118 -0.890006 -1.211268 1.723246 -1.582796 -0.180398 -1.373198 -1.752148 1.696499 -2.993205 -0.880640 -1.260066 1.703596 -1.124380 1.750886 1.487811 1.983480 -2.892597 -1.368576 -1.302932 -1.504061 -0.315131 -0.708045 -1.816963 0.871569 1.901650 -0.771463 -1.719657 -1.386214 0.084379 -0.302197 1.895827 0.506793 -0.942627 -1.351338 -1.664250 -3.181023 -0.801890 -1.266029 -1.444131 -1.271888 -1.405260 -1.348794 1.683966 -1.054703 -0.834695 -2.259361 -1.186601 -1.167802 -1.307680 1.242761 -0.497409 -2.018220 -0.908434 1.702924 -1.085857 1.816048 -1.767651 -1.349573
DB00365,0.602729 -0.190773 0.237025 0.529702 0.153791 -0.329787 0.324490 0.471061 0.211718 0.383703 0.727299 0.360100 0.262918 -0.149573 0.170059 0.462546 0.425973 -0.243464 0.410308 -0.025396 -0.548942 1.151150 -0.319639 0.461263 0.468730 0.408359 0.575963 0.584970 0.218525 -0.234114 -0.281922 0.552418 0.360698 0.379255 0.445554 0.564663 -0.320713 0.803366 0.501196 0.401745 0.378530 -0.224524 0.550622 0.422304 0.392557 0.444692 0.398999 0.451499 0.005033 0.522790 0.590456 0.094086 0.510701 0.500156 0.434147 -0.265783 0.568744 0.276567 0.509010 0.011853 0.453948 -0.230958 0.339673 0.353726
DB00367,-0.722631 0.220784 -0.666380 -0.330513 -0.326638 0.294266 -0.418502 -0.238617 -0.901918 -0.257430 -0.698827 -0.466038 -0.368392 -0.094296 -0.312239 -0.928276 0.178217 0.152143 -0.076757 0.748124 0.181470 -0.763277 -0.540326 -0.021861 -0.344858 -0.330512 -1.306562 0.079477 -0.364290 -0.699728 0.416193 -0.857109 -0.582371 -0.167195 -0.838495 -1.048472 0.254493 0.054132 -0.104900 -0.150878 -0.172632 0.034765 -0.182493 0.063979 0.020556 0.069678 -0.742474 -0.383601 0.092426 -0.076604 0.259789 -0.027034 -0.128127 -0.410673 -0.015543 -1.098148 -1.044551 -0.022056 -0.671249 0.494844 0.033479 0.369794 -0.105833 -0.254806
DB00368,0.842203 -0.789062 -0.648756 0.712705 -0.622485 -0.746448 0.895590 0.726081 -0.476413 0.801952 0.849448 0.805024 0.733883 -0.760366 0.832492 0.780464 0.670283 -0.809032 0.701427 -0.808062 -0.680077 0.670602 0.718856 0.787585 0.778532 0.775885 0.791730 0.733155 0.834941 -0.565625 -0.806514 0.733374 0.699070 0.679122 0.552518 0.758518 -0.681949 0.551507 0.689168 0.735097 0.805226 0.728286 0.786805 0.750177 0.766395 0.715680 0.789517 0.749410 -0.338860 0.742282 0.627195 0.641005 0.797481 0.719736 0.710816 -0.597070 0.801812 0.795162 0.788967 -0.758453 0.714472 -0.814085 0.757656 0.728560
DB00369,0.254500 -0.112612 -0.161970 0.207815 -0.437833 -0.260432 0.358429 0.019101 0.017333 0.260004 0.126860 0.210494 0.402645 0.113835 0.395245 0.331767 -0.169072 -0.309103 0.227342 -0.690021 0.040135 0.547873 0.392415 0.089482 0.065097 0.102485 0.714686 -0.118908 0.276373 0.017591 -0.152373 0.327848 0.084482 0.045273 0.700887 0.531489 -0.196190 -0.114675 -0.037982 0.117414 -0.033008 -0.105331 0.172964 0.120950 0.148453 -0.031461 0.409274 0.196753 -0.658008 -0.094108 -0.199801 0.080460 0.411431 0.085678 -0.033114 -0.253804 0.456915 -0.081660 0.179089 -0.600893 0.005752 -0.283476 0.053024 0.277214
DB00370,0.412819 -0.278244 0.024868 0.068200 0.351539 -0.050392 0.506018 0.125611 0.022955 0.251145 0.636371 0.269319 0.202192 -0.070957 0.599836 0.320353 0.084137 0.043709 0.157828 -0.143439 -0.403696 0.622662 0.087882 0.272847 0.274008 0.210395 0.787004 0.289100 0.394905 0.082736 -0.332061 0.327884 0.165195 -0.042137 0.771659 0.327891 -0.152497 0.539662 0.184901 0.159597 0.651708 0.170073 0.168425 0.243980 0.174939 0.042036 0.271096 0.140619 0.207707 0.249057 0.005182 0.062349 0.289461 0.090374 -0.096325 -0.043137 0.460575 0.177329 0.246158 -0.150235 0.001992 -0.252864 0.261789 -0.325887
DB00372,-0.089266 -0.278602 -0.197022 -0.055165 0.132449 -0.105242 0.243865 -0.023863 -0.000157 0.103681 -0.157327 0.146481 0.365923 0.047278 0.628056 0.237393 -0.287154 -0.042250 -0.005118 -0.721900 0.010302 -0.185768 0.764054 -0.013257 -0.028217 0.003671 0.318429 -0.359281 0.360714 0.289747 -0.276883 0.110092 0.125241 -0.122572 0.573003 0.347289 -0.237878 -0.477042 -0.181889 -0.022867 0.021052 0.369655 -0.111689 0.006776 -0.020881 -0.241217 0.227360 0.059450 -0.712310 -0.165890 -0.514492 0.291046 0.115019 -0.063497 -0.285750 -0.104638 0.142170 -0.040362 -0.018787 -0.549005 -0.228177 -0.357837 0.036167 -0.065713
DB00373,0.053283 0.046901 -0.075307 0.034130 0.091297 -0.016610 -0.072250 -0.078825 0.266146 -0.077657 0.103043 0.078168 -0.153781 0.355434 -0.025256 0.110276 -0.182275 -0.128484 -0.194333 -0.169252 0.066009 -0.125111 0.072550 -0.121489 -0.098438 -0.069597 0.467395 -0.306790 0.062817 0.080319 0.086327 0.135431 -0.128338 -0.128090 -0.053333 0.115184 0.136851 -0.450638 -0.130441 -0.197766 -0.197198 0.158014 -0.066005 -0.190921 -0.177299 -0.200180 0.121703 -0.083106 0.002703 -0.188638 -0.204603 -0.109108 -0.143214 -0.071007 -0.017352 -0.163747 0.167398 -0.029087 0.068574 -0.147795 -0.058640 0.085293 -0.117630 0.058962
DB00376,0.825175 -0.873410 -0.708684 0.822991 -0.862868 -0.980865 0.830356 0.775182 -0.789033 0.891703 0.748324 0.877174 0.883369 -0.700844 0.818300 0.855212 0.744339 -0.783660 0.824405 -0.894746 -0.770933 0.590949 0.822237 0.867710 0.817959 0.846749 0.691880 0.673393 0.864750 -0.680719 -0.836089 0.822343 0.760606 0.813395 0.750979 0.833693 -0.917002 0.630351 0.764045 0.844577 0.833941 0.816275 0.864321 0.829143 0.856072 0.762488 0.823505 0.807060 -0.653263 0.754221 0.701870 0.783137 0.877932 0.758995 0.741547 -0.709027 0.854408 0.812619 0.811439 -0.880738 0.778680 -0.850760 0.843425 0.782799
DB00379,0.579785 -0.619948 -0.549435 0.648620 -0.419207 -0.633524 0.677308 0.549082 -0.586330 0.665972 0.485855 0.685051 0.656258 -0.529010 0.525488 0.598479 0.583078 -0.695326 0.659408 -0.487789 -0.757098 0.619816 0.481443 0.673846 0.617788 0.626620 0.406577 0.576913 0.603733 -0.587959 -0.595847 0.525148 0.570287 0.546923 0.659632 0.526907 -0.716838 0.657060 0.612169 0.629974 0.617948 0.687120 0.643633 0.734803 0.660169 0.606102 0.569595 0.566563 -0.482537 0.630728 0.630101 0.664254 0.606842 0.537030 0.674435 -0.563450 0.608432 0.715431 0.608379 -0.512667 0.601281 -0.564178 0.655421 0.585268
DB00381,0.503399 -0.368352 -0.365414 0.362909 -0.502130 -0.508854 0.505880 0.387146 -0.284395 0.504383 0.716597 0.457061 0.347445 -0.381948 0.871847 0.340149 0.414796 -0.308894 0.349231 -0.439845 -0.400351 0.614972 -0.049408 0.512635 0.521038 0.469132 0.901012 0.582724 0.546552 -0.615168 -0.454917 0.536232 0.237303 0.267362 0.557434 0.362696 -0.237770 0.471266 0.362062 0.452674 0.735683 0.302951 0.464575 0.427346 0.471921 0.428798 0.401707 0.400576 0.107565 0.418938 0.395573 0.297385 0.608274 0.343274 0.462537 -0.410650 0.461296 0.411455 0.432127 -0.399740 0.414283 -0.497851 0.527732 0.180734
DB00382,0.787684 -0.692454 -0.422772 0.771282 -0.537340 -0.768173 0.826033 0.716544 -0.513969 0.787361 0.694771 0.771632 0.790891 -0.695217 0.586206 0.786278 0.674637 -0.763589 0.768306 -0.690544 -0.755368 0.839437 0.463458 0.795476 0.762583 0.762997 0.647562 0.714187 0.718435 -0.649666 -0.713899 0.749793 0.706038 0.691156 0.834338 0.820426 -0.777427 0.761125 0.744614 0.768440 0.696267 0.484264 0.794718 0.788159 0.771842 0.718719 0.750930 0.755055 -0.620787 0.746180 0.715275 0.657486 0.776409 0.747162 0.711494 -0.670092 0.833700 0.712831 0.782321 -0.681661 0.718075 -0.740526 0.733476 0.759774
DB00384,-0.710339 2.060220 1.966667 -1.420942 0.834532 1.649708 -1.033489 -1.764327 1.869509 -1.439678 -0.785593 -1.419596 -1.267118 2.202830 -2.395789 -0.982183 -2.143500 1.362769 -1.864076 0.810188 1.927691 0.720953 -1.955567 -1.770543 -1.531318 -1.674302 1.087820 -1.902297 -1.544178 1.817600 1.893591 -0.625622 -1.589500 -1.785842 0.803380 -0.054499 1.624196 -0.997143 -1.749185 -1.781327 -2.002811 -2.418555 -1.463854 -1.678379 -1.757119 -2.008750 -0.929270 -1.430989 -0.494928 -1.924888 -1.725261 -2.236260 -1.296212 -1.364894 -1.582200 1.648876 -0.276910 -1.978628 -1.070809 1.059844 -1.578136 1.546717 -1.941922 -0.705559
DB00387,0.835889 -0.754377 -0.549437 0.826304 -0.779118 -0.921542 0.804540 0.753877 -0.700932 0.840574 0.817828 0.809161 0.817611 -0.650307 0.801860 0.840960 0.717564 -0.731541 0.821649 -0.809553 -0.710486 0.756547 0.623253 0.841029 0.803353 0.815317 0.833924 0.712304 0.798205 -0.644582 -0.773917 0.837542 0.712577 0.780662 0.812979 0.838156 -0.777971 0.735412 0.757967 0.827509 0.827632 0.562022 0.850413 0.782728 0.814077 0.744440 0.787173 0.805946 -0.469603 0.730370 0.693624 0.653750 0.870232 0.757314 0.685994 -0.668616 0.891438 0.695178 0.801364 -0.787410 0.768037 -0.776496 0.793093 0.727512
DB00388,0.730809 -0.313227 0.012385 0.682409 -0.331707 -0.292638 0.598090 0.575308 0.065117 0.412955 0.719654 0.468769 0.298197 -0.344754 -0.180603 0.591339 0.540890 -0.351194 0.547437 -0.182166 -0.362270 0.915121 -0.012260 0.515753 0.569299 0.495755 0.401143 0.574273 0.338384 -0.385703 -0.352114 0.540604 0.467824 0.553421 0.432705 0.635448 -0.217414 0.756915 0.652466 0.512772 0.385964 -0.011608 0.653091 0.456848 0.457347 0.588962 0.430231 0.599379 0.276243 0.638054 0.647323 0.105768 0.422976 0.671749 0.513651 -0.245992 0.563899 0.344468 0.663030 -0.264750 0.646723 -0.221014 0.372829 0.687761
DB00390,-1.744883 2.835586 1.975111 -1.273303 1.256066 2.554619 -2.721932 -1.826112 2.950992 -2.524177 -1.682457 -2.406600 -2.678027 2.701518 -4.365015 -1.796789 -2.043260 2.165342 -2.077721 1.860148 2.676383 -0.718407 -2.512835 -2.323622 -2.375203 -2.259287 -1.874158 -2.419074 -2.970585 1.628825 2.660724 -1.570041 -1.944429 -1.821729 -2.451329 -1.577524 2.352978 -1.892877 -1.622410 -2.320190 -3.486298 -3.028861 -1.790177 -2.483503 -2.479204 -1.860246 -2.031317 -1.900888 1.632735 -1.872288 -1.367824 -2.812897 -2.786808 -1.555532 -1.677275 2.409743 -1.951038 -2.649282 -1.822699 2.145579 -1.514635 2.870920 -2.749974 -1.021832
DB00391,-0.564967 0.118774 1.724168 -0.701273 2.528986 0.731574 -0.722720 -0.248955 1.300226 -0.803272 -0.438036 -0.477076 -0.642311 0.737387 -0.557813 -0.200456 -0.525654 1.582944 -0.898269 1.167316 0.198909 -1.143999 -0.199980 -0.507097 -0.338694 -0.538998 -0.803993 -0.727309 -0.435413 1.401298 0.097205 -0.312942 -0.029200 -0.619190 -0.513620 -0.229148 0.462531 -0.204547 -0.392963 -0.710333 -0.035334 0.490161 -0.772089 -0.686611 -0.827832 -0.759944 -0.679028 -0.490827 1.660064 -0.092459 -0.819105 -0.527326 -1.143247 -0.195524 -1.252907 1.737736 -0.561527 -0.464182 -0.543812 1.507912 -0.683148 0.741823 -0.588070 -1.280102
DB00392,0.828029 -0.766751 -0.492028 0.823506 -0.732728 -0.858414 0.793872 0.765415 -0.698472 0.787729 0.713670 0.807500 0.783528 -0.653605 0.503354 0.825269 0.725943 -0.730753 0.778846 -0.689086 -0.694708 0.726827 0.617962 0.804940 0.773357 0.780766 0.575159 0.684064 0.720920 -0.662181 -0.715215 0.784897 0.726457 0.802786 0.686791 0.827578 -0.747873 0.705166 0.763739 0.789966 0.692713 0.623218 0.851610 0.777542 0.787453 0.755936 0.743082 0.777089 -0.456828 0.746089 0.724182 0.643302 0.777772 0.781538 0.699801 -0.603437 0.815963 0.717140 0.800020 -0.694207 0.796019 -0.723099 0.738904 0.795242
DB00393,0.020174 0.571120 1.442415 -0.364315 1.023827 0.867047 -0.949493 -0.139654 2.295953 -0.630434 0.470116 -0.385724 -1.443468 0.996414 -0.328971 -0.504472 -0.183738 1.507483 -1.329402 1.414137 0.428872 -1.491653 -1.736848 -0.445857 -0.104058 -0.221615 0.519259 -0.400228 -0.404123 -0.376751 0.425145 0.180098 -0.326313 -0.651385 -1.337346 -0.746589 1.348567 -0.752642 -0.182112 -0.687848 0.017262 0.044756 -0.465982 -0.957469 -0.765556 -0.207037 -0.387307 -0.404751 2.464486 0.147200 0.091999 -0.796455 -0.883060 0.054663 -0.083506 0.883345 -0.687146 -0.086113 -0.085674 0.991905 0.055753 0.878022 -0.416284 -0.520370
DB00396,-1.794217 1.169193 0.998782 -0.801342 1.201674 0.869614 -1.823257 -1.167446 0.235311 -1.304621 -1.748472 -1.266754 -1.600907 0.856679 -1.629776 -1.783210 -0.744663 0.946200 -0.805542 2.037637 0.629093 -0.257762 -1.624109 -1.026574 -1.199123 -1.343530 -2.116923 -0.205931 -1.912409 0.010518 1.652246 -1.922588 -1.664471 -1.044439 -1.546848 -2.113082 1.133060 -0.248810 -0.530914 -1.024734 -1.236309 -0.884708 -0.887477 -0.819652 -1.097094 -0.636489 -1.983323 -1.556640 1.421333 -0.822375 -0.056860 -1.182591 -1.612165 -1.318174 -0.235980 0.312685 -1.661082 -0.873263 -1.496086 1.577759 -1.101126 1.627260 -0.965527 -1.638298
DB00398,-0.666849 0.705450 -0.261117 -0.323368 -0.406698 0.377412 -0.976880 -0.478224 0.091969 -0.570666 -0.593273 -0.624723 -0.551467 0.159274 -0.467450 -0.689501 -0.189521 0.269808 -0.237595 0.465832 0.429621 -0.844828 -0.349095 -0.601230 -0.639964 -0.451086 -1.088542 -0.484958 -0.731824 0.139440 0.640098 -0.806371 -0.561918 -0.368359 -1.422914 -0.971963 0.316631 -0.570399 -0.315119 -0.373279 -0.601621 -0.824552 -0.517421 -0.458176 -0.484251 -0.308754 -0.583645 -0.505558 0.357128 -0.357854 -0.124267 -0.373192 -0.609186 -0.476304 -0.128351 0.073653 -0.673345 -0.364047 -0.593276 0.502145 -0.336679 0.544206 -0.491299 -0.163249
DB00399,0.814546 -0.858636 -0.604778 0.798696 -0.694514 -0.917903 0.883519 0.799959 -0.629375 0.887312 0.708176 0.880040 0.891940 -0.739797 0.873166 0.845621 0.743800 -0.876425 0.856188 -0.833639 -0.815231 0.735496 0.834461 0.859788 0.815829 0.826241 0.656301 0.748806 0.898486 -0.682487 -0.852098 0.820613 0.789607 0.801251 0.776517 0.822123 -0.876826 0.611161 0.732730 0.840738 0.816438 0.782885 0.852685 0.857340 0.872899 0.793605 0.861831 0.824567 -0.675510 0.767347 0.677875 0.866512 0.896833 0.733896 0.754387 -0.731101 0.830399 0.809390 0.823187 -0.871795 0.765443 -0.867100 0.845126 0.783110
DB00400,0.523640 -0.461831 -0.624228 0.739876 -0.659761 -0.483251 0.473169 0.636674 -0.241848 0.509777 0.498920 0.431963 0.526159 -0.661720 0.053257 0.397940 0.663377 -0.579809 0.720100 -0.345195 -0.518266 0.640280 0.162319 0.655299 0.595141 0.619796 -0.264291 0.686044 0.396091 -0.724077 -0.420171 0.338464 0.475650 0.722254 0.366547 0.311431 -0.494172 0.724448 0.647931 0.654087 0.477214 0.148600 0.679750 0.660139 0.626293 0.721481 0.294055 0.606394 -0.130615 0.738775 0.731238 0.407787 0.577041 0.625952 0.606676 -0.634348 0.236776 0.484195 0.495290 -0.425256 0.720281 -0.322296 0.540756 0.780889
DB00401,-2.363472 2.648524 1.213418 -2.305173 -0.295227 2.731030 -2.459964 -2.731095 1.646641 -2.621220 -2.171906 -2.259285 -2.770437 2.994411 -2.913551 -2.376291 -2.552300 2.588179 -3.078280 1.320591 3.256515 -2.218744 -2.617608 -2.740816 -2.642564 -2.563392 -0.836823 -3.388528 -2.329644 1.527275 2.711814 -2.063801 -2.674306 -2.825387 -1.600145 -1.797386 3.307674 -3.306863 -2.563276 -2.738585 -3.052997 -2.043584 -2.518755 -2.908044 -2.768458 -2.496104 -2.289396 -2.487198 1.417869 -2.639022 -2.322374 -2.668555 -2.444472 -2.266825 -2.017187 1.245907 -2.482729 -2.463905 -2.220980 1.554809 -2.115236 2.649708 -2.808014 -1.637233
DB00404,-3.330735 2.097355 0.921914 -3.273873 2.322775 3.043410 -2.330181 -3.103114 1.660966 -2.853668 -3.629027 -2.819165 -2.002826 2.434918 -1.518158 -2.734736 -3.482907 2.708691 -2.691299 0.704529 2.962413 -2.563310 -1.104081 -2.911935 -3.168639 -3.029652 -2.292475 -3.666343 -2.206262 3.523022 2.207116 -3.177764 -2.892188 -3.275522 -0.787325 -2.259206 2.092926 -3.178304 -3.279948 -2.967363 -2.494218 -1.606203 -3.402989 -2.715099 -2.956160 -3.475779 -2.833234 -3.020772 0.101960 -3.251190 -4.028236 -2.121832 -2.708108 -3.317695 -3.770218 1.686792 -3.122389 -3.116012 -3.361214 1.318781 -3.516946 2.151624 -2.870361 -3.565559
DB00408,0.340731 -0.755625 -0.353808 0.445500 -0.205215 -0.572004 0.690537 0.526055 -0.631628 0.583199 0.340444 0.604680 0.715486 -0.705412 0.723747 0.599553 0.424456 -0.400502 0.561492 -0.582823 -0.619784 0.124609 0.813909 0.584211 0.575229 0.554071 0.222469 0.393624 0.693450 -0.125214 -0.752296 0.453302 0.647517 0.510502 0.697535 0.556398 -0.672962 0.376845 0.503025 0.552786 0.701133 0.824863 0.449991 0.532818 0.549975 0.451675 0.506364 0.549400 -0.443431 0.529790 0.229525 0.702618 0.475258 0.484421 0.262878 -0.289246 0.431610 0.554229 0.458825 -0.568144 0.409075 -0.719029 0.606282 0.268402
DB00409,0.392755 -0.442177 0.015688 0.420833 0.262410 -0.296546 0.588142 0.424998 -0.300791 0.323756 0.394827 0.424253 0.394502 -0.293989 0.254998 0.523200 0.316816 -0.243188 0.442223 -0.218114 -0.490718 0.504032 0.315404 0.418702 0.464408 0.380465 0.215941 0.363128 0.403452 -0.049217 -0.466423 0.349829 0.438134 0.387100 0.721132 0.463729 -0.319200 0.579889 0.450360 0.385147 0.465570 0.388261 0.373974 0.381907 0.348895 0.316634 0.309792 0.440045 0.013409 0.507215 0.215679 0.399295 0.295113 0.417254 0.132443 -0.065868 0.434417 0.265808 0.411811 -0.173729 0.326224 -0.318337 0.364536 0.096464
DB00411,0.824217 -0.898954 -0.696910 0.859932 -0.737780 -0.942539 0.920156 0.827609 -0.716284 0.921917 0.713181 0.916394 0.945429 -0.797205 0.879126 0.873564 0.751196 -0.873924 0.903237 -0.912208 -0.839227 0.706836 0.860144 0.889308 0.844425 0.859230 0.617943 0.761005 0.909653 -0.716466 -0.894358 0.825474 0.809694 0.809482 0.793677 0.845115 -0.915969 0.646883 0.783841 0.877158 0.849850 0.822858 0.885232 0.902195 0.896508 0.818650 0.874562 0.854293 -0.625351 0.799833 0.693650 0.881224 0.922637 0.778979 0.771903 -0.811164 0.837784 0.829020 0.843742 -0.922311 0.796556 -0.910667 0.869581 0.797699
DB00412,-0.314714 0.443397 0.570701 -0.161995 0.382861 0.292654 -0.393617 -0.330938 0.402174 -0.288707 -0.262571 -0.235367 -0.231023 0.477592 -0.570016 -0.170548 -0.545342 0.412965 -0.337380 0.247242 0.374390 0.646181 -0.205711 -0.354689 -0.355340 -0.432675 -0.171899 -0.198732 -0.489253 0.378230 0.455347 -0.134010 -0.366355 -0.447836 -0.056316 0.072890 0.238898 -0.244945 -0.435380 -0.444818 -0.696545 -0.334521 -0.167360 -0.302208 -0.333792 -0.355711 -0.230829 -0.356079 0.178871 -0.554466 -0.340767 -0.435144 -0.284660 -0.322169 -0.188982 -0.056912 -0.204514 -0.385068 -0.225702 0.176673 -0.386687 0.331655 -0.451220 -0.152114
DB00413,-0.146914 -0.201253 -0.064438 -0.134450 0.120538 -0.001395 0.189534 -0.076111 0.128310 0.012125 -0.239959 0.103792 0.284741 0.166674 0.379850 0.170991 -0.333667 0.052834 -0.110610 -0.523915 0.055413 -0.260868 0.646231 -0.089494 -0.055882 -0.056669 0.217485 -0.470165 0.264909 0.417022 -0.214443 0.042248 0.043644 -0.171759 0.489907 0.327625 -0.133801 -0.518046 -0.174876 -0.118239 -0.055216 0.369257 -0.169332 -0.106170 -0.121831 -0.302641 0.148099 0.005251 -0.654961 -0.193859 -0.555002 0.142840 0.003100 -0.073780 -0.370505 0.071697 0.081932 -0.073443 -0.054015 -0.439874 -0.247301 -0.223681 -0.039563 -0.125597
DB00415,0.296111 -0.481677 -0.659516 0.314019 -0.522428 -0.533946 0.443611 0.181111 -0.352117 0.467100 0.089184 0.399602 0.606717 -0.157317 0.745353 0.407622 0.027747 -0.552707 0.335808 -1.032046 -0.225370 0.081648 0.945920 0.304946 0.233602 0.300993 0.502354 0.001537 0.533475 -0.243029 -0.425538 0.388613 0.288945 0.210286 0.562515 0.519129 -0.587767 -0.296228 0.111006 0.317743 0.287297 0.475045 0.276006 0.343048 0.350069 0.173748 0.537201 0.346642 -0.949020 0.110946 -0.062513 0.454097 0.527282 0.214373 0.187895 -0.505496 0.427408 0.262546 0.274275 -0.867401 0.130943 -0.659134 0.329435 0.451579
DB00417,0.781269 -0.875047 -0.657584 0.848051 -0.659959 -0.908630 0.867767 0.814856 -0.650688 0.897993 0.665470 0.876649 0.916330 -0.759842 0.867171 0.824178 0.758680 -0.858289 0.881724 -0.822903 -0.828944 0.555745 0.884954 0.879694 0.828063 0.843801 0.550433 0.760447 0.881037 -0.760523 -0.863295 0.786446 0.804409 0.806286 0.661781 0.783538 -0.895628 0.585844 0.781967 0.855436 0.819633 0.845016 0.863548 0.881030 0.878876 0.823650 0.842407 0.848356 -0.602359 0.808219 0.703000 0.874746 0.893261 0.778532 0.758268 -0.780709 0.782959 0.839885 0.803853 -0.859968 0.806161 -0.882740 0.859065 0.838257
DB00420,-0.166307 0.237951 0.846004 -0.066001 0.944611 0.405375 -0.199612 -0.097128 0.408212 -0.400031 -0.119869 -0.173974 -0.529391 0.393994 -1.120346 -0.056486 -0.084982 0.631365 -0.228915 0.871180 0.096035 0.398046 -0.496927 -0.200189 -0.133357 -0.290688 -0.653651 -0.124630 -0.468103 0.381031 0.387950 -0.258847 -0.150889 -0.228166 -0.023877 -0.035899 0.449807 0.435981 0.025567 -0.275541 -0.319657 -0.335264 -0.108561 -0.228870 -0.342361 -0.122046 -0.418028 -0.222532 0.970739 0.126645 0.070443 -0.504450 -0.543912 0.021427 -0.194748 0.682191 -0.169239 -0.204055 -0.076063 0.736081 -0.070605 0.555728 -0.353924 -0.200121
DB00421,-0.612242 1.572033 1.442308 -1.090181 -0.032398 1.439092 -1.137171 -1.478231 1.953802 -1.303750 -0.130455 -1.078718 -1.604893 1.719177 -2.124926 -0.785284 -1.486805 1.214198 -1.832619 0.715867 1.907280 -0.002995 -1.454597 -1.555371 -1.134385 -1.304875 0.820329 -1.743415 -1.111924 1.066389 1.526985 -0.390801 -1.287707 -1.456959 -0.362048 -0.285841 1.935693 -1.659813 -1.278938 -1.516871 -1.800954 -1.248099 -1.158919 -1.741823 -1.562326 -1.376335 -0.785436 -1.125492 1.384987 -1.330716 -1.265195 -2.076000 -1.114663 -0.806538 -1.104016 1.482767 -0.565894 -1.457102 -0.721926 0.831114 -1.036717 1.724059 -1.627763 -0.442415
DB00422,0.707871 -0.648996 -0.275169 0.656305 -0.393208 -0.574350 0.735006 0.661470 -0.235279 0.631049 0.738815 0.663158 0.594206 -0.647664 0.666540 0.700052 0.647390 -0.522404 0.666153 -0.536931 -0.591794 0.510822 0.477609 0.681782 0.694990 0.673436 0.645708 0.558598 0.698699 -0.472495 -0.715617 0.609222 0.670141 0.651439 0.488279 0.670771 -0.578287 0.522033 0.684629 0.674554 0.718286 0.484272 0.642736 0.564726 0.640816 0.669980 0.636322 0.713713 -0.124699 0.688451 0.563992 0.545311 0.550304 0.706613 0.541288 -0.491970 0.650252 0.607269 0.689478 -0.547774 0.627906 -0.608885 0.658784 0.544302
DB00425,-0.394433 -0.366563 -0.265717 -0.078342 0.569280 -0.195949 0.019542 0.000955 -0.340253 0.080886 -0.523703 0.168466 0.166390 -0.277754 0.431073 -0.014217 -0.015118 0.112995 0.083516 -0.098078 -0.467013 0.082921 0.191268 0.153045 0.097425 0.012154 -0.195583 0.102639 0.075819 0.062352 -0.234001 -0.127184 0.027408 -0.129446 0.296318 -0.041435 -0.287321 0.052679 0.064456 0.068994 0.348548 0.499895 -0.034799 0.231898 0.061776 0.111259 -0.133406 -0.077613 -0.164844 0.205595 0.024931 0.297484 -0.124949 -0.084545 -0.027325 -0.076571 0.031547 0.271090 -0.092321 0.109269 -0.179338 -0.227208 0.194296 -0.411967
DB00433,0.237411 -0.185703 0.317651 0.284144 0.405539 -0.088187 0.320566 0.291493 0.029549 0.118684 0.344702 0.203627 0.120885 -0.126962 0.014608 0.353528 0.216619 0.067797 0.283165 0.110765 -0.301277 0.540695 -0.089324 0.260496 0.293372 0.199277 0.126296 0.258507 0.158636 0.142593 -0.256308 0.215796 0.244134 0.211827 0.501393 0.338902 -0.046645 0.625149 0.342080 0.220658 0.323086 -0.072707 0.224006 0.164049 0.160943 0.181407 0.096497 0.277264 0.441639 0.399270 0.159451 0.094464 0.084486 0.308535 -0.009722 0.068904 0.278688 0.015497 0.257180 0.111124 0.232023 -0.053412 0.156526 -0.115366
DB00434,0.376007 -0.698211 -0.104867 0.371816 0.075448 -0.495376 0.473796 0.499090 -0.268051 0.464991 0.380044 0.542129 0.541579 -0.374628 0.708613 0.564937 0.343933 -0.166147 0.378957 -0.439058 -0.566816 -0.038049 0.699778 0.508968 0.513944 0.479025 0.211747 0.280291 0.616890 -0.040913 -0.676392 0.498547 0.585204 0.403591 0.490011 0.552828 -0.610794 0.345183 0.410594 0.428376 0.720526 0.866800 0.361772 0.436858 0.423112 0.355771 0.454581 0.463133 -0.200424 0.509811 0.181612 0.557656 0.364457 0.466438 0.125845 -0.091404 0.420366 0.510847 0.412930 -0.368643 0.287142 -0.519693 0.506642 0.151489
DB00439,-0.079685 0.130290 -0.180196 0.137843 -0.032851 0.026992 -0.195561 0.001115 -0.321640 -0.101569 -0.435681 0.013731 -0.138753 -0.182075 -1.091393 -0.175808 0.113302 0.018560 0.219660 0.334349 -0.019491 0.925664 -0.208069 0.011926 -0.152782 -0.169513 -1.113404 0.278766 -0.449099 -0.196083 0.331372 -0.321214 -0.292307 -0.065145 -0.208373 -0.159536 -0.026849 0.572804 0.140745 0.020152 -0.324669 -0.052755 0.217103 0.259814 0.025880 0.172174 -0.375508 -0.275658 0.486982 0.138162 0.394451 -0.107414 -0.211265 -0.245989 0.308297 -0.109900 -0.228620 0.027245 -0.075412 0.228695 0.110465 0.335880 -0.150849 0.033616
DB00440,-0.163033 0.202271 0.178347 0.061224 -0.358652 -0.048089 -0.124746 -0.167735 0.181112 -0.170342 -0.303891 -0.087236 -0.040727 0.221230 -0.516777 -0.001716 -0.283096 -0.006989 0.005807 -0.145237 0.251944 0.463483 -0.094276 -0.217136 -0.231812 -0.236204 -0.133571 -0.273395 -0.279526 0.032046 0.303071 -0.076648 -0.241106 -0.150568 0.154988 0.197371 0.105814 -0.237440 -0.125160 -0.151144 -0.521136 -0.385297 -0.013116 -0.161624 -0.187189 -0.123021 -0.102575 -0.144955 -0.243449 -0.255441 -0.144725 -0.277191 -0.204943 -0.141100 -0.037522 0.179669 -0.010652 -0.308903 -0.076360 -0.005456 -0.209395 0.157107 -0.274874 0.108024
DB00443,-0.006292 -0.111791 -0.995911 0.108979 -0.657290 -0.159253 -0.080975 0.255854 -0.675203 0.106923 0.114327 0.048459 0.096980 -0.837871 -0.152533 -0.226486 0.473041 -0.318806 0.208080 0.326313 -0.229902 -0.353913 0.190942 0.309015 0.122909 0.185462 -1.153607 0.414754 -0.042673 -0.649114 -0.024068 -0.227167 0.110094 0.348795 -0.925769 -0.506818 -0.300646 0.062450 0.297241 0.208195 -0.038653 0.624041 0.228861 0.394242 0.297732 0.383778 -0.170697 0.103478 0.708887 0.238249 0.564016 0.441435 0.104962 0.098874 0.556563 -0.286785 -0.584551 0.539728 -0.020326 0.238352 0.414776 -0.186362 0.282863 0.404970
DB00445,0.631936 -0.602128 -0.727616 0.467628 -0.796913 -0.624337 0.470688 0.605599 -0.892065 0.657494 0.535690 0.602187 0.678281 -0.980875 0.845790 0.503372 0.732025 -0.839496 0.638988 -0.480989 -0.631398 -0.501598 0.772790 0.523029 0.657910 0.713704 0.180955 0.653172 0.654925 -0.923147 -0.603870 0.570905 0.732586 0.811315 -0.399689 0.222785 -0.638383 0.324543 0.659198 0.718306 0.779996 0.575950 0.540048 0.640857 0.680736 0.626289 0.722054 0.723337 -0.362197 0.581283 0.623641 0.833194 0.794968 0.672502 0.731390 -0.398762 0.604719 0.752938 0.654312 -0.427400 0.689899 -0.711164 0.706374 0.790125
DB00446,-0.343697 0.468906 -0.607876 -0.402966 -0.959307 0.546345 -0.804549 -0.282817 -1.357151 -0.254780 -0.336923 -0.422334 -0.381882 -0.828197 -0.367264 -0.753512 0.452853 -0.457449 -0.055335 0.766082 0.232809 -2.352179 -0.131996 -0.622834 -0.310814 -0.059644 -1.538245 0.122704 -0.445646 -0.716005 0.461770 -0.666290 -0.167608 0.206226 -2.510657 -1.406486 0.260880 -0.265152 -0.000173 -0.001626 0.060611 -0.168937 -0.390855 -0.168509 -0.045064 -0.003888 -0.307592 -0.248888 0.275183 -0.111034 0.315011 0.201416 -0.113913 -0.265837 0.430173 0.129473 -0.648579 0.159425 -0.281415 0.770078 0.055872 0.225416 -0.104032 0.176402
DB00448,-0.411344 0.477461 0.361249 -0.017855 0.334902 0.231789 -0.389081 -0.351194 -0.320765 -0.429813 -0.372040 -0.250894 -0.412984 -0.301140 -1.583778 -0.451249 -0.139642 0.128370 0.018969 0.887527 0.141638 1.255738 -0.666223 -0.310787 -0.372276 -0.496523 -1.249446 0.289563 -0.860918 -0.013475 0.709157 -0.731326 -0.713390 -0.436009 -0.047064 -0.424248 0.283507 0.639762 -0.066729 -0.247849 -0.711151 -0.373397 0.021059 -0.035249 -0.240060 0.030555 -0.807321 -0.742434 0.437276 -0.230091 0.316338 -0.697010 -0.530550 -0.539014 0.239178 0.655277 -0.275992 -0.185527 -0.323207 0.740263 -0.384265 0.839012 -0.341534 -0.576427
DB00450,-0.718465 1.299082 2.949686 -1.438786 3.431051 2.353367 -1.288278 -0.819041 3.486026 -2.064196 -0.091111 -1.425086 -2.158541 2.139789 -2.636900 -0.816548 -1.209283 3.141479 -1.974145 2.913545 1.346206 -1.345425 -2.263858 -1.522479 -0.977040 -1.405430 -1.037280 -1.403288 -1.528048 2.313479 1.166900 -0.871191 -0.923187 -1.428631 -1.596070 -0.735893 2.316448 -0.193659 -0.856330 -1.721643 -0.848477 -1.146929 -1.500780 -1.902308 -1.905364 -1.226705 -1.544912 -1.163796 4.105545 -0.574448 -1.262075 -2.126350 -2.649525 -0.491095 -2.028887 3.499894 -1.266622 -1.417853 -0.932954 2.904242 -1.179661 2.040131 -1.734265 -1.629992
DB00451,0.772949 -0.378875 -0.018221 0.806659 -0.312809 -0.465730 0.683403 0.686345 -0.175971 0.570518 0.728270 0.590127 0.517031 -0.483884 -0.046792 0.704583 0.643698 -0.506072 0.712033 -0.269120 -0.533668 1.179037 0.040869 0.630205 0.635012 0.591198 0.378977 0.741854 0.421061 -0.532159 -0.429821 0.682983 0.582550 0.683969 0.594086 0.770246 -0.470048 0.901055 0.695678 0.630031 0.403662 0.014033 0.791026 0.606939 0.614011 0.652036 0.569666 0.663699 -0.047305 0.639511 0.731804 0.332588 0.619206 0.688676 0.630595 -0.518542 0.751926 0.383321 0.737097 -0.396403 0.746134 -0.435507 0.485151 0.706051
DB00454,-0.609913 0.015051 -1.000032 -0.524224 -0.103010 0.122981 -0.179744 -0.489437 -0.160420 -0.222330 -0.580355 -0.245782 0.038594 0.180505 0.281394 -0.347453 -0.535257 0.285480 -0.239427 -0.364673 0.333151 -0.486459 0.513569 -0.263282 -0.472498 -0.368108 -0.281747 -0.693873 -0.030184 0.608727 0.071442 -0.495360 -0.461899 -0.520565 0.315441 -0.286565 -0.042010 -0.610169 -0.531396 -0.345940 -0.181222 0.303979 -0.479404 -0.275896 -0.286084 -0.566593 -0.310151 -0.480655 -0.606093 -0.523428 -0.735923 -0.083262 -0.299843 -0.629252 -0.631792 -0.092455 -0.442758 -0.303109 -0.559349 -0.243992 -0.606175 0.030292 -0.256008 -0.682498
DB00455,0.160528 0.652621 1.194235 0.283042 0.639468 0.344088 -0.455412 0.134411 1.096457 -0.390894 0.294138 -0.305326 -0.683704 0.783977 -1.331068 -0.071370 0.153057 0.688863 -0.051436 0.901286 0.068423 1.351696 -1.553934 -0.141050 -0.112362 -0.197358 -0.519352 0.147162 -0.819034 0.210025 0.516210 0.047320 -0.314608 -0.177175 -0.304498 -0.051427 0.469661 0.956649 0.280763 -0.140751 -0.302977 -1.165979 0.224083 -0.142547 -0.264504 0.072188 -0.370962 -0.174164 1.288682 0.255207 0.594918 -0.868742 -0.381084 0.189990 -0.004737 0.408245 -0.093411 -0.464917 0.033621 0.980481 0.138378 1.032327 -0.455418 -0.238584
DB00456,0.408442 -0.419133 -0.158306 0.297216 -0.348182 -0.472894 0.462230 0.200926 -0.191499 0.441960 0.119628 0.394416 0.609751 -0.187305 0.724955 0.422651 0.042374 -0.561733 0.354675 -0.921073 -0.221522 0.200733 0.708516 0.283992 0.255700 0.293601 0.655808 0.081011 0.517818 -0.219690 -0.397203 0.413083 0.313064 0.241852 0.631946 0.566620 -0.497795 -0.138804 0.091123 0.307045 0.272061 0.321053 0.266122 0.296163 0.345260 0.176788 0.541005 0.324497 -0.920038 0.122197 -0.053145 0.376511 0.552801 0.232102 0.148335 -0.489200 0.476489 0.200856 0.305682 -0.689598 0.140690 -0.586734 0.314932 0.367648
DB00457,0.767607 -0.764851 -0.555989 0.693014 -0.671529 -0.758613 0.759457 0.669888 -0.556126 0.789289 0.741836 0.799627 0.694708 -0.670238 0.771200 0.721023 0.661510 -0.674378 0.620715 -0.765077 -0.683089 0.402977 0.643114 0.734983 0.760975 0.744043 0.700389 0.612284 0.847079 -0.695130 -0.762564 0.751772 0.676077 0.634958 0.567098 0.685091 -0.679558 0.364966 0.679673 0.721278 0.746937 0.823473 0.722998 0.660889 0.718738 0.714704 0.766727 0.708148 -0.414416 0.726286 0.611753 0.641325 0.804114 0.687854 0.702431 -0.522845 0.714336 0.773519 0.767093 -0.839140 0.706666 -0.709677 0.759955 0.665331
DB00458,-0.589415 2.319089 2.272933 -0.448012 1.442460 1.652225 -1.318394 -0.895076 2.090549 -1.801365 -0.315424 -1.594581 -2.053355 1.711388 -3.191686 -0.882489 -0.889216 1.807496 -0.869413 2.054387 1.540626 1.584117 -3.342764 -1.259957 -1.132892 -1.351862 -0.535289 -0.702838 -2.156150 0.720880 1.858483 -0.880614 -1.414016 -0.962508 -0.835206 -0.524298 2.090606 0.494187 -0.560452 -1.171112 -1.787907 -3.927497 -0.765495 -1.514109 -1.528853 -0.953696 -1.561820 -0.953416 2.385814 -0.699179 -0.364717 -2.547513 -1.680540 -0.651812 -1.081535 1.384167 -0.626868 -2.224550 -0.764816 2.048137 -0.656738 2.201645 -1.781014 -0.813693
DB00459,0.793995 -0.869670 -0.633911 0.848427 -0.696854 -0.906020 0.876164 0.808521 -0.679258 0.883559 0.672470 0.868566 0.905498 -0.759770 0.804391 0.824539 0.745103 -0.848506 0.878181 -0.829208 -0.817605 0.663381 0.815041 0.871559 0.824421 0.837303 0.544896 0.756757 0.866790 -0.743208 -0.847983 0.791016 0.787491 0.807212 0.721553 0.795237 -0.893761 0.635087 0.784923 0.854502 0.804895 0.771748 0.870339 0.877997 0.872006 0.814813 0.831834 0.841965 -0.608781 0.793165 0.700385 0.838442 0.899221 0.770117 0.762859 -0.785493 0.793775 0.806362 0.809060 -0.864679 0.802868 -0.875354 0.845659 0.821078
DB00461,-1.245350 3.036305 2.744440 -3.559980 1.844388 2.241332 -2.573790 -2.910719 5.091924 -2.615315 -1.249036 -2.674585 -3.010773 3.454348 -0.792250 -2.225345 -2.737992 1.821745 -3.522759 2.475827 2.923501 0.125443 -1.538645 -2.814783 -2.597490 -2.854196 1.481207 -2.256812 -2.299005 3.428333 2.790315 -0.960333 -2.154092 -2.597344 -1.540108 -1.164767 2.901258 -2.942663 -3.814711 -3.124499 -2.371187 -2.737848 -2.763709 -3.348065 -2.717612 -2.881447 -1.314630 -2.733060 0.163643 -2.955251 -2.439702 -2.751965 -2.181527 -2.889375 -2.463635 4.004950 -0.696608 -2.371895 -2.006085 2.608682 -3.226283 2.704583 -2.710994 -1.504679
DB00465,0.308303 0.578265 0.814087 -0.266253 0.185863 0.236459 0.019108 -0.267596 0.805718 -0.337237 0.080380 -0.276796 -0.462923 0.584689 -0.727732 -0.029571 -0.347568 0.361480 -0.325060 0.107238 0.444046 1.215399 -0.488140 -0.329994 -0.249881 -0.409994 0.564498 0.034144 -0.440178 0.273325 0.482429 0.191121 -0.356568 -0.292625 0.198663 0.328690 0.514062 0.005978 -0.377386 -0.351343 -0.352091 -1.000500 -0.058470 -0.363754 -0.312363 -0.194432 -0.066042 -0.229176 -0.053550 -0.354746 -0.159404 -0.737536 -0.178823 -0.185824 -0.228457 0.469708 0.341744 -0.520758 0.005339 0.346326 -0.350115 0.438384 -0.464751 -0.040708
DB00467,0.404264 0.059264 1.258121 0.317983 1.358326 0.078217 -0.265391 0.406113 1.427316 0.142834 0.472271 0.171431 -0.081960 0.241662 0.139902 0.261660 0.322836 0.263990 -0.141874 0.676991 -0.602388 0.125270 -0.482986 0.245375 0.291450 0.218451 0.317538 0.409914 -0.103557 0.170224 -0.175405 0.553464 0.427945 0.165155 -0.566795 0.290842 -0.104181 0.332784 0.314427 0.050073 0.032610 -0.006237 0.254663 0.096918 0.090902 0.178073 0.303276 0.214031 0.527654 0.424046 0.607295 0.008563 0.088619 0.454747 0.264200 0.156970 0.192209 0.347860 0.348045 0.618141 0.314628 0.097732 0.134387 0.204792
DB00468,-0.753306 -0.048562 -0.276809 -0.291001 0.410976 -0.047044 -0.769325 -0.163383 -0.239036 -0.225622 -0.446796 -0.374806 -0.290854 -0.270065 0.494319 -0.666678 -0.195595 0.394543 -0.196764 0.273909 -0.114703 -0.175966 -0.373895 -0.020821 -0.139532 -0.151808 -0.838318 0.069925 -0.196854 -0.374368 0.174082 -0.628867 -0.369490 -0.332386 -0.587744 -0.914825 0.100095 -0.057060 -0.265975 -0.172698 0.178886 0.245037 -0.264158 0.097229 -0.184207 -0.145870 -0.630480 -0.321283 0.501180 0.015192 -0.004023 -0.040078 -0.028735 -0.366722 -0.034104 -0.463973 -0.997397 0.036444 -0.587098 0.081588 -0.232001 0.153432 0.008972 -0.316195
DB00470,-1.833514 2.320515 3.061665 -1.648735 3.087207 2.286336 -1.747716 -1.719567 1.596434 -2.399241 -1.389593 -2.136489 -2.490607 2.343938 -3.204093 -1.705364 -1.739830 2.820093 -1.695616 3.263786 1.526613 0.952530 -3.536729 -1.905139 -1.718718 -2.127210 -1.810557 -1.025282 -2.723678 2.252190 2.466248 -2.124697 -2.265471 -2.057467 0.312350 -1.525950 2.727763 0.639430 -1.281203 -1.881911 -1.566470 -2.800605 -1.678656 -1.873047 -2.218688 -1.580334 -2.712531 -2.076106 2.876384 -1.222689 -1.295329 -2.922818 -2.619094 -1.643370 -2.160069 3.005765 -1.415426 -2.536255 -1.847811 3.382075 -2.007284 3.025972 -2.191395 -2.916107
DB00471,0.377164 -0.734674 -0.619079 0.575685 -0.387321 -0.897736 0.532451 0.583174 -0.706359 0.668990 0.257899 0.693787 0.738564 -0.757943 0.723030 0.514446 0.538430 -0.596025 0.669781 -0.705641 -0.694151 0.560889 0.750957 0.659273 0.595802 0.579966 0.285584 0.636515 0.594341 -0.605276 -0.613435 0.453258 0.501943 0.512606 0.515164 0.479936 -0.760137 0.422853 0.549220 0.650853 0.689590 0.810641 0.642872 0.713129 0.653475 0.691972 0.511100 0.516601 -0.503293 0.563449 0.570030 0.640128 0.628985 0.470161 0.645361 -0.546697 0.548624 0.707523 0.515199 -0.604035 0.463919 -0.751025 0.693298 0.464116
DB00472,-0.130979 -0.078458 0.452429 0.020273 1.005104 -0.060556 -0.038400 0.044247 0.216530 -0.011337 0.086672 0.069421 -0.053447 0.138930 0.179528 0.122157 -0.000424 0.318135 -0.040944 0.268422 -0.301138 0.132286 0.068996 0.064010 0.121957 -0.002554 0.148491 0.129011 -0.012236 0.199071 -0.057775 0.087848 0.130666 -0.063013 0.231056 0.093332 -0.050274 0.258614 0.071206 0.002134 0.269099 0.156580 -0.013208 -0.030978 -0.048633 0.030999 -0.052794 -0.012778 0.254515 0.158463 0.034533 -0.053106 -0.236818 0.095080 -0.171999 0.325626 0.177624 0.026600 0.034317 0.397382 -0.143062 0.044291 0.075553 -0.368031
DB00476,-0.398703 0.007496 0.386643 -0.318797 0.609181 0.140484 -0.136180 -0.309728 0.429131 -0.183969 -0.274706 -0.108371 -0.055169 0.358048 0.393626 -0.028246 -0.550943 0.366032 -0.370710 -0.195068 0.196520 -0.423252 0.458102 -0.291643 -0.249352 -0.290227 0.413920 -0.504102 0.024840 0.582331 0.075801 -0.038958 -0.136031 -0.386135 0.259286 0.032063 0.159929 -0.638301 -0.434097 -0.335660 -0.213995 0.136838 -0.384419 -0.368945 -0.333007 -0.434666 -0.047522 -0.215412 -0.427401 -0.357069 -0.675529 -0.082233 -0.225843 -0.260724 -0.524175 0.372612 -0.045391 -0.272081 -0.250134 -0.154642 -0.505883 -0.016698 -0.206934 -0.410047
DB00477,-0.566250 0.565382 0.375241 -0.964351 0.673130 0.742648 -0.391730 -0.896478 0.103885 -0.658646 -0.411666 -0.509562 -0.695841 0.892496 -0.436800 -0.506228 -0.945073 0.909171 -0.847603 0.507853 0.622376 0.060952 -0.203876 -0.681279 -0.795153 -0.861904 -0.026090 -0.828406 -0.481772 0.917840 0.609459 -0.504415 -0.880892 -1.127908 0.110977 -0.288513 0.702750 -0.349308 -0.915055 -0.919445 -0.549196 -0.330624 -0.757465 -0.623790 -0.752954 -1.043898 -0.586160 -0.943813 0.483284 -0.870412 -1.037253 -0.637438 -0.562946 -1.009544 -0.950147 0.315382 -0.432420 -0.674361 -0.720328 0.459878 -0.886880 0.582666 -0.757850 -1.136893
DB00480,0.171497 0.030432 -0.498974 0.049446 -0.711791 -0.120419 0.010146 0.016296 -0.406434 0.091166 -0.027893 0.040736 0.175247 -0.206359 0.209811 0.107561 0.115868 -0.399811 0.126175 -0.371734 0.070260 -0.687796 0.368198 -0.157583 0.010045 0.121212 0.017604 -0.169911 0.117928 -0.290626 -0.000923 0.137708 0.194091 0.275292 -0.493662 -0.000688 -0.104363 -0.454314 0.044046 0.155270 -0.040954 -0.286971 -0.019678 -0.023841 0.069686 0.016103 0.329528 0.215475 -0.761375 -0.095149 0.033301 0.209963 0.211456 0.243764 0.177303 -0.001472 0.211301 0.038243 0.166548 -0.186280 0.110836 -0.284703 0.061500 0.507417
DB00481,0.718721 -0.798822 -0.650049 0.743795 -0.769042 -0.933629 0.821360 0.692368 -0.719595 0.856802 0.660723 0.816631 0.885574 -0.847182 0.810715 0.746361 0.680814 -0.833664 0.843780 -0.818458 -0.774950 0.752538 0.784497 0.799795 0.713030 0.750247 0.570021 0.756849 0.825218 -0.697194 -0.788379 0.692659 0.634828 0.671141 0.773824 0.684042 -0.857536 0.655173 0.722431 0.804843 0.783637 0.749170 0.811172 0.844856 0.837790 0.750033 0.760680 0.651705 -0.571119 0.687934 0.637427 0.768379 0.805728 0.585464 0.709972 -0.781710 0.728428 0.770945 0.704403 -0.880127 0.642503 -0.846451 0.817494 0.550129
DB00482,-2.298748 3.120804 2.268790 -3.462707 2.703954 2.702081 -3.443289 -3.403293 4.069440 -3.016262 -2.319044 -2.975535 -3.413374 3.548544 -1.586929 -2.847031 -3.161107 2.458384 -3.498838 3.119125 3.173625 -0.524473 -1.772596 -3.181145 -3.062960 -3.299528 0.298690 -2.327632 -2.902843 3.517943 3.258643 -1.818539 -2.861479 -2.955355 -2.766348 -2.309305 3.256356 -3.436909 -3.796572 -3.472417 -3.140318 -2.296194 -3.049062 -3.501319 -3.126210 -3.152451 -2.267073 -3.294932 1.443641 -3.338669 -2.740284 -3.209375 -2.941190 -3.490682 -2.520846 3.850716 -1.727934 -2.772853 -2.668286 2.772691 -3.394700 3.137260 -3.036935 -2.613224
DB00483,-0.669263 -0.026047 1.321106 -0.823877 0.960254 0.464988 -0.865405 -0.495761 -0.079972 -0.833106 -0.573825 -0.578366 -0.694917 0.267794 -0.918291 -0.163481 -0.339936 1.798895 -1.102393 1.169490 0.707391 -2.497041 -0.180870 -0.523937 -0.350408 -0.439275 -0.527233 -1.256504 -0.446566 1.631777 0.329787 -0.516759 -0.075452 -0.118584 -0.107922 -0.113669 0.519341 -0.311271 -0.322494 -0.632926 -0.079612 0.565618 -0.906343 -1.146142 -0.852675 -0.868588 -1.005914 -0.545279 1.457667 -0.377804 -0.795654 -0.745906 -1.475013 -0.058060 -1.358267 2.227134 -0.378235 -0.388464 -0.619221 1.341370 -0.579579 0.677760 -0.474101 -1.087857
DB00484,0.471427 -0.641209 -0.271157 0.475156 -0.031371 -0.500822 0.680816 0.592396 -0.422831 0.520161 0.468070 0.605873 0.629406 -0.617248 0.500536 0.629056 0.464971 -0.394843 0.535440 -0.561175 -0.578596 0.386117 0.474529 0.559147 0.600621 0.551161 0.329620 0.404456 0.639094 -0.252059 -0.683581 0.494013 0.585906 0.534574 0.727115 0.604959 -0.590567 0.472032 0.554660 0.548036 0.602249 0.642217 0.485843 0.511729 0.519561 0.474272 0.494116 0.582142 -0.266553 0.576567 0.293358 0.594607 0.446831 0.555919 0.290082 -0.256610 0.458683 0.475950 0.536272 -0.440716 0.449272 -0.623673 0.555753 0.295564
DB00485,0.700248 -0.826060 -0.813628 0.795323 -0.674069 -0.866020 0.770306 0.757156 -0.583472 0.842332 0.624483 0.791703 0.881005 -0.774456 0.814246 0.712788 0.744223 -0.842494 0.849619 -0.777399 -0.791215 0.475659 0.850170 0.844938 0.767997 0.808588 0.358721 0.744901 0.825438 -0.787274 -0.810918 0.669825 0.731806 0.776450 0.571212 0.621744 -0.874207 0.560964 0.746993 0.819664 0.812750 0.826821 0.810319 0.857294 0.847347 0.808581 0.738068 0.770646 -0.559559 0.783259 0.685441 0.837819 0.818467 0.693836 0.727021 -0.810068 0.636360 0.817646 0.707047 -0.828785 0.763380 -0.839301 0.835147 0.779931
DB00486,-1.505644 2.292720 3.083094 -1.840474 2.648853 2.228682 -1.627945 -1.539781 1.704990 -2.356780 -0.781449 -1.973347 -2.477463 1.982638 -3.085485 -1.472875 -1.747773 3.330748 -2.082501 2.977483 1.917440 0.323857 -3.539435 -1.872955 -1.445946 -1.979217 -0.887957 -1.310368 -2.244252 2.133145 2.192990 -1.534846 -1.966069 -1.851555 0.396275 -1.109925 2.882088 0.423246 -1.343851 -1.923809 -1.400390 -2.420071 -1.763365 -2.166491 -2.273945 -1.788308 -2.451495 -1.769103 3.549787 -1.233188 -1.574101 -2.902770 -2.527277 -1.322640 -2.529317 3.273151 -1.262948 -2.510355 -1.603748 3.334201 -1.805503 2.694959 -2.163825 -2.637002
DB00487,0.664110 -0.588048 -0.031535 0.701987 -0.106984 -0.634498 0.561536 0.701799 -0.082482 0.658252 0.650287 0.661445 0.610187 -0.518581 0.599585 0.674795 0.626184 -0.537032 0.587100 -0.416641 -0.730154 0.519086 0.375375 0.661045 0.668799 0.649140 0.510510 0.627904 0.578929 -0.386623 -0.660048 0.721370 0.676204 0.624380 0.432149 0.643847 -0.621286 0.506297 0.645998 0.613699 0.580069 0.504675 0.694323 0.621954 0.632735 0.654840 0.676261 0.661348 -0.242267 0.690011 0.681595 0.567991 0.561520 0.684586 0.639270 -0.498048 0.606208 0.645878 0.687537 -0.411776 0.625379 -0.595027 0.634792 0.603889
DB00489,0.663178 -0.679588 -0.200146 0.584195 0.202128 -0.581886 0.500062 0.620478 -0.242979 0.608533 0.760624 0.674293 0.388565 -0.437861 0.779162 0.584866 0.588566 -0.555107 0.376521 -0.463580 -0.625428 0.166706 0.450892 0.605779 0.659479 0.639488 0.711651 0.494487 0.685193 -0.396015 -0.663608 0.650120 0.637580 0.522218 0.142561 0.439594 -0.456462 0.201240 0.533770 0.497582 0.681698 0.926828 0.554025 0.489843 0.523383 0.575406 0.649318 0.582251 0.124111 0.621096 0.550535 0.552397 0.566842 0.600405 0.607846 -0.409478 0.565647 0.727911 0.670582 -0.564926 0.604922 -0.416328 0.620585 0.510803
DB00490,-0.534558 0.142339 -0.109644 -0.592960 0.289773 0.438465 -0.041542 -0.559278 0.032404 -0.349261 -0.499247 -0.284581 -0.192876 0.424855 0.177326 -0.310429 -0.736159 0.454330 -0.416907 -0.134422 0.406694 -0.154858 0.174766 -0.426835 -0.498638 -0.508952 -0.016354 -0.665467 -0.098184 0.761212 0.160381 -0.442110 -0.513503 -0.707391 0.292365 -0.176910 0.268075 -0.540725 -0.623913 -0.531903 -0.283151 0.007772 -0.541538 -0.330480 -0.462101 -0.734845 -0.313373 -0.515254 -0.163164 -0.638833 -0.918661 -0.188286 -0.263780 -0.670861 -0.710740 0.047114 -0.331763 -0.453492 -0.520620 -0.086950 -0.663508 0.140767 -0.431065 -0.710223
DB00491,0.391680 -0.122380 0.937115 0.662612 0.780101 -0.009576 -0.191176 0.748623 0.716293 0.432369 1.100949 0.293758 0.099625 -0.365463 0.472564 0.364601 0.639796 0.308283 -0.067767 0.523061 -0.605410 -0.472340 -0.778869 0.596306 0.517234 0.566314 0.392066 0.732788 0.181253 -0.363558 -0.349824 0.643896 0.670146 0.666264 -0.657218 0.205587 -0.095836 -0.022502 0.608936 0.303895 -0.198511 0.421755 0.518363 0.068604 0.433438 0.654930 0.424823 0.584815 1.195222 0.034517 0.781793 0.328124 0.065418 0.779945 0.810876 -1.460505 -0.112210 0.673733 0.519555 0.089118 0.644379 -0.514079 0.546695 0.151423
DB00494,-0.522206 0.050784 0.809833 -0.685628 2.216201 0.787191 0.145363 -0.344602 0.098725 -0.596219 -0.345870 -0.340476 -0.357598 0.446843 -0.062408 -0.116581 -0.638467 0.947406 -0.566325 0.614836 0.078626 -0.494182 0.010559 -0.404224 -0.213400 -0.454283 -0.349415 -0.553302 -0.125745 1.357295 -0.039511 -0.443750 -0.084333 -0.530471 0.891347 -0.223358 0.449654 0.091494 -0.403076 -0.540894 0.080732 0.491892 -0.762273 -0.488881 -0.644062 -0.775055 -0.589337 -0.393813 0.985556 -0.224499 -1.093889 -0.152874 -0.782030 -0.425387 -1.324695 1.403899 -0.324330 -0.528993 -0.490339 0.860531 -0.816316 0.402500 -0.372285 -1.442423
DB00495,-1.324052 1.385444 0.736200 -0.742574 -0.291914 0.838422 -1.752783 -0.692428 -0.780308 -1.029305 -1.428272 -1.063208 -1.195948 -0.617131 -2.195355 -1.308117 -0.126437 0.466479 -0.473613 1.842813 0.901741 -1.494199 -1.042974 -1.167608 -1.011831 -0.872609 -2.439207 -0.224063 -1.734281 0.220831 1.467999 -1.453321 -0.813108 -0.501690 -2.788802 -1.808443 0.899651 -0.182995 -0.506701 -0.643560 -1.319975 -0.820354 -0.754375 -0.856962 -0.785990 -0.152569 -1.099371 -1.011288 0.860107 -0.683391 0.340763 -0.791948 -1.357925 -0.890504 0.171659 1.932236 -1.076570 -0.558046 -0.868237 1.611127 -0.481232 1.504483 -0.861421 -0.172036
DB00496,0.585871 -0.303711 -0.281653 0.630668 -0.346184 -0.448956 0.490211 0.505317 -0.303762 0.436205 0.595638 0.470672 0.395556 -0.319223 0.029750 0.532350 0.492107 -0.384037 0.594094 -0.236989 -0.429218 0.974502 0.025591 0.536871 0.523479 0.488147 0.330080 0.575189 0.321940 -0.433121 -0.358263 0.495303 0.380505 0.527927 0.544599 0.536258 -0.345162 0.846828 0.575674 0.522188 0.422363 0.094496 0.629578 0.531018 0.491476 0.493712 0.355184 0.509597 0.056650 0.564393 0.575270 0.254579 0.521969 0.505526 0.488351 -0.401124 0.519051 0.314504 0.542153 -0.277623 0.575957 -0.263809 0.401458 0.459905
DB00497,0.040525 -0.076377 -0.106595 -0.018847 0.321898 0.084009 0.295311 0.018626 -0.202554 -0.001355 0.117688 0.071604 -0.002652 0.006606 -0.163404 0.114806 -0.004405 0.138399 0.137259 0.088390 -0.112337 0.751888 -0.186970 0.123461 0.079815 -0.013379 -0.029779 0.147936 0.013224 0.290216 -0.055749 -0.009074 -0.076289 -0.064920 0.717503 0.179918 0.102990 0.679744 0.103459 0.026153 0.229555 0.007724 0.094406 0.163752 0.027157 -0.143446 -0.113055 -0.007657 0.378659 0.083234 -0.048113 0.007773 0.092789 -0.074775 -0.207411 -0.033928 0.151871 -0.127525 0.031265 0.123297 0.003557 0.124513 -0.009999 -0.340106
DB00499,-1.804162 3.167113 2.002841 -2.203874 0.643142 2.587759 -1.777151 -2.859094 1.621941 -2.434255 -2.137205 -2.580601 -2.140413 3.295043 -2.984225 -2.031211 -2.999517 2.125249 -2.275008 0.992609 2.797216 1.071993 -3.019700 -2.645301 -2.752500 -2.698324 0.111653 -2.744465 -2.766315 2.542973 2.903508 -1.944624 -2.945476 -2.992548 0.190183 -0.997664 2.473194 -1.349657 -2.618178 -2.604582 -3.005584 -4.296873 -2.247709 -2.375076 -2.604938 -2.896706 -1.962285 -2.467606 -0.643153 -2.964273 -2.468692 -3.297922 -1.877863 -2.467290 -2.413016 1.576481 -1.220804 -3.207608 -2.250361 1.609863 -2.553211 2.556568 -2.981297 -1.867575
DB00500,0.402635 -0.120980 0.101362 -0.145660 -0.311959 -0.164809 0.153796 -0.021172 0.726928 0.139866 0.169544 0.145521 0.127784 0.132996 0.437414 0.202987 -0.068384 -0.462779 -0.105541 -0.294125 0.092884 0.227838 0.662622 0.016945 0.039748 0.023824 0.580801 -0.086153 0.293800 0.210352 -0.086225 0.439562 0.171163 0.100836 0.060625 0.403140 -0.073311 -0.426053 -0.267407 -0.048151 0.035589 0.342111 0.044206 -0.042155 0.113659 -0.008268 0.442313 0.062332 -0.619061 -0.115722 -0.164144 0.165661 0.244395 -0.024621 0.036132 0.325190 0.307376 0.171256 0.199701 -0.161488 -0.099791 -0.132694 0.032942 0.311649
DB00502,-0.730438 0.983717 0.430312 -0.997179 0.744819 0.890853 -0.658794 -1.013248 0.339918 -0.886412 -0.516548 -0.721712 -0.861120 1.119098 -1.123005 -0.737737 -0.970430 1.010832 -0.782473 0.746725 0.802576 0.850154 -0.998935 -0.844346 -1.089287 -1.077675 -0.540437 -0.733779 -0.913561 0.700633 0.988678 -0.811191 -1.314883 -1.354814 0.032901 -0.424376 0.877360 -0.045745 -0.881736 -0.970039 -0.923579 -1.007970 -0.738717 -0.647691 -0.858769 -1.002329 -0.925574 -1.230731 0.566298 -0.934237 -0.896774 -0.846408 -0.654023 -1.271364 -0.966489 0.041735 -0.723839 -0.974249 -0.894809 0.876684 -1.053444 0.839051 -1.022064 -1.443595
DB00503,-3.724448 2.266138 -0.675847 -2.183946 0.283132 1.841213 -3.083435 -2.400284 -0.623504 -2.280052 -2.958827 -2.568723 -2.599349 1.099330 -2.288213 -3.641392 -1.432914 2.433261 -1.533440 2.955095 1.496076 -0.042969 -3.026506 -1.765948 -2.637910 -2.451558 -3.982333 -1.082059 -3.030997 1.044821 2.485224 -3.894999 -3.207163 -2.675711 -2.732116 -4.238397 1.764065 -0.276122 -1.789213 -2.042064 -1.972773 -1.450971 -2.060973 -1.248579 -1.870080 -1.626510 -3.591948 -3.210103 2.712001 -1.847122 -0.688752 -1.902840 -2.407805 -3.230657 -1.136880 -0.175981 -3.977532 -1.561221 -3.284142 2.326406 -1.936696 2.720074 -1.954573 -3.225568
DB00504,0.825126 -0.895272 -0.692599 0.859855 -0.733843 -0.940825 0.919469 0.827407 -0.707643 0.922859 0.717493 0.916658 0.946865 -0.799033 0.885360 0.873791 0.748089 -0.864817 0.906243 -0.917443 -0.840691 0.714323 0.858804 0.889447 0.844707 0.859403 0.622338 0.767328 0.911986 -0.710532 -0.896626 0.829739 0.808964 0.810728 0.796006 0.846738 -0.919633 0.653077 0.784281 0.877137 0.854553 0.816092 0.886957 0.903706 0.897719 0.817456 0.876650 0.855112 -0.616189 0.799803 0.690911 0.886509 0.930876 0.776747 0.770932 -0.817560 0.839957 0.826861 0.843218 -0.927995 0.794399 -0.916525 0.870612 0.794200
DB00508,0.424556 -0.485082 0.023319 0.427480 -0.083997 -0.401714 0.561033 0.473401 -0.461251 0.395880 0.463516 0.464006 0.466296 -0.526404 0.277017 0.576375 0.402600 -0.199584 0.425336 -0.257727 -0.431521 0.266143 0.481707 0.481888 0.503784 0.434415 0.231156 0.373238 0.471434 -0.088636 -0.489923 0.439768 0.536280 0.442690 0.630102 0.574108 -0.359359 0.501952 0.456687 0.432746 0.495966 0.520557 0.417410 0.384884 0.408914 0.375914 0.362704 0.493782 0.052042 0.517409 0.279178 0.348972 0.288140 0.543136 0.193731 -0.024506 0.448152 0.362455 0.447767 -0.162158 0.414187 -0.469280 0.424461 0.274598
DB00513,0.780889 -0.874088 -0.600972 0.837829 -0.636887 -0.904208 0.853240 0.817935 -0.634306 0.897003 0.694609 0.876780 0.896369 -0.742687 0.854207 0.830398 0.742046 -0.871869 0.879294 -0.872450 -0.826629 0.447330 0.846528 0.823602 0.818637 0.844458 0.595237 0.746351 0.883950 -0.758765 -0.875343 0.793663 0.810905 0.818441 0.668365 0.771206 -0.887641 0.608751 0.764297 0.857520 0.840775 0.759901 0.835979 0.847233 0.874074 0.813080 0.854502 0.847140 -0.733147 0.798548 0.681509 0.874698 0.880800 0.786929 0.763179 -0.793903 0.797930 0.800924 0.822572 -0.880833 0.774395 -0.897692 0.854186 0.801825
DB00514,-0.215125 -0.330912 -0.290742 -0.080460 0.370875 -0.282969 0.094951 -0.020557 -0.440613 0.078546 -0.179836 0.157997 0.143155 -0.323673 0.302919 0.043343 -0.045760 0.202925 0.078130 -0.072866 -0.233827 0.280450 0.326939 0.132846 0.076886 -0.010448 -0.004904 0.109971 0.067728 0.159161 -0.160919 -0.083010 -0.064000 -0.127370 0.455001 0.011048 -0.197635 0.191887 0.031219 0.065672 0.356120 0.446295 0.023233 0.144302 0.048381 0.011301 -0.142192 -0.131945 -0.129262 0.057038 -0.062771 0.154614 -0.042303 -0.136594 -0.108340 0.055743 0.075310 0.119905 -0.081708 0.050805 -0.212922 -0.207651 0.160568 -0.544606
DB00515,-1.369767 1.694811 0.368569 -1.699425 -0.525813 1.425477 -1.929345 -1.893284 0.091669 -1.551401 -1.771093 -1.637483 -1.352246 1.354574 -0.983528 -1.436357 -1.729506 0.714742 -1.678616 0.381653 1.943258 -3.672028 -0.074580 -2.326247 -1.890340 -1.554945 -0.512364 -2.388204 -1.377906 0.708253 1.741275 -1.226458 -1.291019 -1.296750 -2.813238 -1.457865 1.563609 -3.073072 -1.799095 -1.611340 -1.973201 -1.740694 -1.906397 -2.003227 -1.799015 -1.915323 -0.861732 -1.375615 -0.844582 -2.048663 -1.907824 -1.392070 -1.369416 -1.365971 -1.389386 1.151730 -0.901234 -1.669889 -1.475489 0.934643 -1.711940 1.206717 -1.737449 -0.621455
DB00518,-0.171162 1.110234 -0.103210 -0.048734 -0.317783 0.665701 -0.364919 -0.363824 0.445116 -0.499736 0.040614 -0.743220 -0.671666 0.265714 -1.242780 -0.663867 0.000664 0.374410 0.050785 1.001058 0.279801 1.678879 -2.357916 -0.155357 -0.369857 -0.334713 -0.517944 0.297830 -0.970546 -0.108701 0.881418 -0.760084 -0.849890 -0.399371 0.355165 -0.568056 0.618794 1.222385 0.027723 -0.143053 -0.319736 -2.072416 -0.072435 -0.093879 -0.284298 -0.039060 -0.885657 -0.469467 0.367712 0.028888 0.489027 -1.066245 -0.409683 -0.340529 -0.000763 -0.030214 -0.421508 -0.700618 -0.417906 0.818883 -0.088681 1.002361 -0.449585 -0.445108
DB00519,0.776891 -0.719616 -0.348788 0.632028 -0.575860 -0.692791 0.678535 0.625425 -0.399803 0.743901 0.799906 0.768376 0.599513 -0.553198 0.772168 0.683079 0.637894 -0.604014 0.490462 -0.660329 -0.622540 0.343930 0.518218 0.677497 0.762223 0.726431 0.807462 0.537642 0.822267 -0.700329 -0.705709 0.792143 0.656443 0.581773 0.523761 0.670099 -0.515700 0.262862 0.645309 0.657370 0.756497 0.788857 0.666955 0.582820 0.655279 0.695841 0.738104 0.697500 -0.239260 0.707963 0.597128 0.600550 0.768412 0.699627 0.678987 -0.421808 0.702035 0.737296 0.763149 -0.727225 0.701611 -0.637898 0.719259 0.646240
DB00521,0.821610 -0.813409 -0.530993 0.820948 -0.673277 -0.849462 0.848031 0.793962 -0.605718 0.849037 0.713972 0.869648 0.842096 -0.708583 0.679810 0.830333 0.721058 -0.807630 0.807077 -0.796222 -0.765466 0.667175 0.713776 0.816810 0.808308 0.808386 0.570883 0.703375 0.840621 -0.727086 -0.799374 0.806883 0.752496 0.773820 0.768619 0.810283 -0.801459 0.622708 0.761893 0.813582 0.754208 0.760081 0.842952 0.818666 0.823748 0.793689 0.814020 0.805163 -0.505793 0.774589 0.685453 0.800690 0.847722 0.758220 0.751152 -0.692434 0.789363 0.774769 0.827780 -0.821768 0.793144 -0.793316 0.791341 0.791892
DB00523,0.830420 -0.770786 -0.491187 0.832836 -0.670233 -0.875953 0.861523 0.789289 -0.549729 0.837393 0.776270 0.807197 0.850780 -0.687672 0.864062 0.805270 0.721272 -0.797102 0.876688 -0.789561 -0.761524 0.822290 0.620812 0.853589 0.808080 0.811583 0.738386 0.787470 0.818725 -0.701280 -0.811884 0.805390 0.737949 0.760412 0.753324 0.805617 -0.795921 0.708909 0.760101 0.836981 0.822571 0.516943 0.847409 0.834604 0.827769 0.780846 0.808240 0.833216 -0.497297 0.755378 0.676149 0.726750 0.918540 0.746136 0.717351 -0.770267 0.839857 0.697473 0.792073 -0.787644 0.772709 -0.807114 0.813613 0.752741
DB00524,-0.927758 1.884350 0.857953 -1.513963 0.327698 1.522540 -1.571201 -1.869142 1.946013 -1.526228 -0.407770 -1.413804 -1.731387 2.266528 -1.341552 -1.061582 -2.016694 1.801202 -2.459658 0.287121 2.142178 -0.877852 -1.246674 -1.829961 -1.532439 -1.564383 1.273049 -2.113207 -1.311710 1.637142 1.660880 -0.571243 -1.726172 -1.772348 -1.074591 -0.513272 1.858110 -2.388398 -1.723783 -1.928554 -1.931134 -1.344245 -1.519515 -2.145981 -1.897497 -1.977021 -0.975072 -1.534502 1.236075 -1.870510 -1.859168 -2.314372 -1.290237 -1.227002 -1.483268 1.417884 -0.653460 -1.700010 -1.195878 0.630327 -1.586640 1.407332 -1.841042 -1.124886
DB00527,0.435632 -0.507860 0.317165 0.250885 0.487698 -0.102775 0.613960 0.398764 0.152642 0.178822 0.223029 0.361133 0.309729 -0.336191 -0.373461 0.393515 0.354000 -0.269603 0.339555 0.120613 -0.360703 0.652686 0.101837 0.332822 0.361390 0.259593 -0.250414 0.436595 0.255092 -0.057883 -0.420846 0.248380 0.495416 0.347853 0.325986 0.482508 -0.205859 0.574109 0.314341 0.261660 0.292223 0.225384 0.332982 0.465849 0.270844 0.272889 0.226695 0.329241 0.133371 0.436723 0.252590 0.290918 0.369438 0.384851 0.163249 0.071848 0.294216 0.302718 0.293373 -0.067783 0.411223 0.008233 0.266412 0.419890
DB00529,0.498362 -0.089100 0.232183 0.485683 -0.223782 -0.214429 0.249378 0.330834 0.193328 0.168991 0.231795 0.281020 0.194099 0.048970 -0.593823 0.473821 0.223407 -0.309363 0.342239 -0.298862 -0.148559 0.741058 0.010167 0.180064 0.197364 0.183347 -0.066129 0.164158 0.053062 -0.215816 -0.052328 0.403251 0.245827 0.337955 0.170240 0.621483 -0.237430 0.330557 0.316184 0.240008 -0.109871 -0.252812 0.433453 0.236085 0.211999 0.321830 0.311404 0.299817 -0.182136 0.289830 0.315592 0.077148 0.165475 0.381534 0.284037 -0.224546 0.437727 0.040556 0.421418 -0.172604 0.350306 -0.043305 0.034939 0.597589
DB00530,-0.167569 -0.368675 -0.657432 0.321215 -0.144309 -0.442836 0.007603 0.190445 -0.367209 0.255003 -0.005426 0.234001 0.242433 -0.519377 0.247780 -0.021642 0.343157 -0.301957 0.388421 0.021864 -0.568645 0.233698 0.174805 0.347994 0.159555 0.241751 -0.495233 0.345476 0.128788 -0.359048 -0.297904 -0.124278 0.090812 0.136474 -0.192934 -0.304105 -0.522769 0.280843 0.319471 0.282642 0.307512 0.593908 0.251593 0.470768 0.324010 0.340169 -0.035043 -0.004884 0.123662 0.433913 0.469132 0.365879 0.042466 -0.025627 0.458683 -0.382710 -0.233619 0.506803 0.033754 -0.086028 0.209665 -0.168622 0.365662 -0.028031
DB00533,-2.107813 3.532852 2.711908 -4.157867 2.272326 2.729826 -3.456637 -3.603388 5.377835 -3.299980 -1.879508 -3.353222 -3.585361 3.728871 -1.371072 -3.067532 -3.292898 2.419976 -3.937874 2.982468 3.564515 -0.486605 -2.055145 -3.439692 -3.465776 -3.640795 0.342675 -2.973804 -2.959166 3.800677 3.560725 -1.884547 -3.127152 -3.261502 -2.370109 -2.061770 3.456673 -3.567111 -4.331869 -3.674815 -3.031001 -3.135432 -3.404773 -3.794229 -3.283664 -3.383577 -2.270403 -3.593881 0.388405 -3.538692 -2.936563 -3.195378 -3.081160 -3.725583 -2.918152 4.301386 -1.863006 -2.882967 -2.895465 3.165093 -3.906611 3.318384 -3.339718 -2.445129
DB00536,0.819360 -0.890855 -0.712229 0.857653 -0.743230 -0.933052 0.917766 0.824246 -0.720767 0.920540 0.717017 0.911697 0.946845 -0.796502 0.875314 0.870692 0.749961 -0.878902 0.905949 -0.920828 -0.840906 0.708485 0.838902 0.891152 0.843365 0.859932 0.610556 0.761245 0.910340 -0.718581 -0.891893 0.818874 0.805435 0.801908 0.800889 0.843847 -0.924028 0.646508 0.783911 0.879790 0.851743 0.809230 0.886341 0.901880 0.896135 0.819666 0.872015 0.854352 -0.637415 0.792646 0.694335 0.873669 0.933340 0.774182 0.771713 -0.816389 0.835721 0.824793 0.841169 -0.926973 0.791869 -0.911695 0.871724 0.790231
DB00537,-0.507668 -0.020718 -0.659961 -0.200227 -0.408569 -0.058817 -0.296189 -0.270792 -0.392783 0.003344 -0.332250 -0.116138 0.063159 0.111922 0.585544 -0.339710 -0.163587 0.018262 -0.038329 -0.298317 0.099610 -0.288024 0.215908 -0.034456 -0.301253 -0.151617 -0.188424 -0.328556 0.047693 0.059670 -0.017678 -0.391998 -0.284131 -0.357985 -0.250595 -0.432450 -0.159247 -0.425527 -0.317545 -0.124095 -0.110262 0.292200 -0.209892 0.032402 -0.035082 -0.179770 -0.161393 -0.251077 -0.332465 -0.254992 -0.201271 0.121221 0.110664 -0.400540 -0.070293 -0.710978 -0.452591 0.026918 -0.404533 -0.311221 -0.145421 -0.126829 -0.051739 -0.183933
DB00539,0.533103 -0.730746 -0.594872 0.675117 -0.502919 -0.772177 0.576041 0.682455 -0.475056 0.726230 0.538234 0.690599 0.701116 -0.599334 0.675704 0.600691 0.661165 -0.647783 0.724873 -0.636023 -0.723932 0.378289 0.662337 0.717607 0.649682 0.699156 0.301677 0.625401 0.689496 -0.604693 -0.747560 0.583198 0.663635 0.622465 0.367531 0.455341 -0.790361 0.527852 0.670124 0.705124 0.677037 0.759720 0.692205 0.750144 0.719132 0.708190 0.652623 0.645371 -0.359749 0.694729 0.630225 0.728793 0.685527 0.596213 0.647061 -0.667423 0.495109 0.733916 0.599217 -0.703054 0.652479 -0.652884 0.708147 0.609004
DB00540,-0.202919 0.091104 0.247505 -0.034433 0.456761 0.318049 -0.242688 0.005736 0.411218 -0.358055 -0.047193 -0.182173 -0.441589 0.107784 -0.824380 -0.143202 0.059652 0.612119 -0.155909 0.790490 0.110629 -0.049382 -0.408792 -0.047051 -0.068126 -0.142207 -0.858846 -0.030983 -0.324926 0.225400 0.196183 -0.403831 -0.103939 -0.050964 -0.426480 -0.304122 0.279399 0.350350 0.044482 -0.190917 -0.167133 -0.063191 -0.097425 -0.154530 -0.196513 -0.008761 -0.490094 -0.179192 1.034798 0.161740 0.090013 -0.293428 -0.568592 0.013812 -0.168398 0.287195 -0.422769 -0.043580 -0.147389 0.468311 0.043762 0.447218 -0.214594 -0.135181
DB00541,0.227010 -0.246468 -0.650704 0.399296 -1.000701 -0.412379 0.263470 0.305879 -0.644922 0.394119 0.303648 0.242179 0.350331 -0.841300 0.130299 0.133138 0.549984 -0.576786 0.597556 -0.127400 -0.377676 0.199312 0.240222 0.349787 0.271508 0.427069 -0.327114 0.531711 0.225891 -0.627716 -0.280288 0.092211 0.194225 0.475216 -0.151551 -0.181951 -0.413367 0.500201 0.493238 0.479184 0.400321 0.187950 0.408373 0.483060 0.490871 0.530747 0.214473 0.259653 -0.000568 0.443916 0.572221 0.359399 0.362366 0.142908 0.533995 -0.364188 0.056391 0.423704 0.224637 -0.317839 0.475473 -0.309650 0.414267 0.345931
DB00542,0.770676 -0.626126 -0.168663 0.598116 -0.553016 -0.613602 0.631404 0.616245 -0.310080 0.695868 0.796271 0.716556 0.529644 -0.499185 0.760065 0.656072 0.597894 -0.543982 0.418132 -0.568699 -0.586658 0.363183 0.380297 0.643238 0.735928 0.690593 0.869471 0.560075 0.760545 -0.763308 -0.645432 0.803621 0.606015 0.554957 0.531025 0.634636 -0.434426 0.311126 0.604975 0.603370 0.705177 0.696287 0.642399 0.510787 0.610968 0.657310 0.709695 0.659745 -0.112047 0.658774 0.570480 0.560207 0.708456 0.678178 0.663624 -0.386790 0.672898 0.684031 0.738565 -0.606245 0.679786 -0.581333 0.684011 0.578438
DB00543,-1.263322 1.497352 3.365855 -1.387867 3.342819 2.524387 -1.921842 -1.066964 2.660735 -2.443279 -0.103539 -1.841599 -2.925087 2.786439 -2.674667 -1.150062 -1.429799 3.065074 -2.371448 3.770060 1.548021 -2.205346 -2.458390 -1.738242 -1.280834 -1.659996 -0.670771 -1.831093 -1.943810 2.329263 1.692640 -1.368734 -1.210311 -1.331838 -1.502358 -1.549366 3.065654 -0.549995 -1.110918 -2.129808 -1.311279 -1.297382 -1.920298 -2.531689 -2.346687 -1.630124 -1.988678 -1.511891 3.908276 -0.701221 -1.314941 -2.620030 -3.204973 -0.757982 -2.144455 3.482039 -1.598516 -1.641221 -1.247283 3.028862 -1.242181 2.566090 -1.915716 -1.968013
DB00544,0.074586 -0.289892 0.036156 0.352924 -0.141451 -0.393988 -0.099335 0.368187 -0.467281 0.265681 -0.125374 0.286599 0.206030 -0.699335 0.195261 0.157656 0.507328 -0.448149 0.329746 0.027672 -0.553729 -0.690984 0.385525 0.139681 0.333895 0.368576 -0.546390 0.321827 0.088601 -0.410023 -0.238001 0.116602 0.466740 0.432582 -0.786985 -0.128703 -0.472380 0.030770 0.447680 0.374204 0.320450 0.482183 0.254174 0.292152 0.294262 0.479666 0.283789 0.364742 0.041706 0.455288 0.602666 0.395187 0.087530 0.464740 0.619256 0.108391 0.147664 0.580609 0.314448 0.158660 0.331380 -0.310763 0.354038 0.544249
DB00545,0.809237 -0.853452 -0.581080 0.848840 -0.657739 -0.895732 0.876802 0.815662 -0.682494 0.880786 0.707314 0.877254 0.887750 -0.777134 0.777279 0.847976 0.742602 -0.837638 0.859364 -0.818511 -0.805912 0.662741 0.804000 0.862869 0.819264 0.832586 0.596739 0.753503 0.849865 -0.685779 -0.845564 0.810253 0.795083 0.804579 0.724593 0.818330 -0.858899 0.640988 0.780819 0.841643 0.778282 0.788188 0.868464 0.857710 0.863153 0.802577 0.834446 0.833887 -0.511490 0.788409 0.704383 0.821133 0.866392 0.783037 0.761251 -0.739630 0.811534 0.801472 0.824337 -0.826430 0.799389 -0.866886 0.831615 0.783610
DB00546,0.344986 -0.556002 -0.264937 0.313411 0.031822 -0.340465 0.595594 0.444935 -0.411106 0.399615 0.256264 0.445647 0.513992 -0.460062 0.509966 0.437530 0.332019 -0.337188 0.454646 -0.337447 -0.447176 0.267902 0.433342 0.482888 0.459000 0.414348 0.042007 0.356739 0.526887 -0.197819 -0.552531 0.292093 0.450492 0.355216 0.705226 0.490516 -0.415020 0.505066 0.369988 0.419426 0.617202 0.542429 0.346224 0.470189 0.414052 0.309091 0.322551 0.425457 -0.154208 0.437033 0.170675 0.522703 0.416249 0.340605 0.147700 -0.290680 0.355920 0.364577 0.335623 -0.302564 0.334479 -0.436801 0.454797 0.135910
DB00547,0.121470 0.203560 1.012770 -0.025292 -0.116106 0.150561 -0.229933 0.356104 -0.168342 -0.040270 0.460614 -0.239263 -0.393839 -0.911784 0.045895 -0.150471 0.595585 -0.383852 -0.350190 1.335104 -0.229190 -1.903732 0.203776 -0.024894 0.175228 0.246754 -0.405356 0.555718 -0.426062 -0.513013 0.183223 0.255534 0.559079 0.725084 -2.039562 -0.628932 0.199212 -0.609163 0.447432 -0.010778 -0.590392 0.409455 0.062433 -0.266235 0.070260 0.350360 0.178193 0.372685 1.628751 0.138907 0.818834 0.339034 -0.244617 0.551113 0.674215 0.661245 -0.288168 0.458410 0.211246 1.265864 0.548733 -0.172037 0.189323 0.377173
DB00549,-0.193184 -0.164187 -0.294470 0.357203 0.176539 -0.465861 -0.260011 0.276192 -0.303174 0.102021 -0.522631 0.158730 0.161091 -0.510379 -0.174357 -0.061381 0.302715 -0.096732 0.326574 0.008187 -0.356533 0.370699 0.052547 0.260158 0.186347 0.152877 -0.787200 0.371116 -0.206164 -0.346474 0.044239 -0.232170 0.075781 0.202855 -0.161465 -0.088364 -0.330209 0.251396 0.290298 0.310491 0.085436 0.140237 0.285887 0.310986 0.143847 0.510554 -0.227074 0.084373 -0.045573 0.347518 0.616253 -0.005531 -0.096215 0.150823 0.527342 0.003874 -0.043071 0.273278 0.078799 0.034083 0.158294 -0.046564 0.219217 0.269598
DB00550,0.365821 -0.082186 -0.048143 0.269563 -0.614773 -0.100360 -0.046830 0.345160 -1.006203 0.288939 0.368919 0.172538 0.143346 -0.859203 0.206518 0.134749 0.738262 -0.710777 0.339850 0.264878 -0.285742 -1.691087 0.381252 -0.060345 0.370615 0.479040 -0.180458 0.473239 0.163051 -0.760183 -0.103513 0.241141 0.617233 0.750892 -1.449271 -0.389646 -0.142277 0.012507 0.479566 0.465196 0.338906 0.037567 0.165302 0.125538 0.369941 0.470565 0.457549 0.547958 -0.416087 0.335674 0.635831 0.553161 0.366761 0.622954 0.728796 0.166612 0.247130 0.469645 0.450533 0.293348 0.529237 -0.386403 0.369926 0.846599
DB00552,-1.719639 1.857482 0.471438 -2.212617 -0.446298 1.751324 -1.946338 -2.477799 0.327357 -1.748177 -2.086189 -1.981996 -1.200553 1.627072 -0.535533 -1.797822 -2.446425 0.947244 -2.109575 -0.144368 2.541494 -4.283467 0.512949 -2.804656 -2.284277 -1.954887 -0.647793 -2.828358 -1.422310 1.635206 1.878265 -1.563131 -1.591816 -1.755694 -2.558447 -1.790288 1.671297 -3.798136 -2.472834 -2.078611 -2.057492 -1.715779 -2.523084 -2.330084 -2.081119 -2.547046 -0.882794 -1.692002 -1.490328 -2.790111 -2.742932 -1.280936 -1.370906 -1.829215 -1.941533 1.476032 -1.317659 -2.047788 -1.874940 0.631724 -2.334233 0.978725 -2.063095 -0.777962
DB00553,-1.111754 0.978282 0.618626 -1.116842 0.083572 0.850577 -0.776935 -1.614477 0.953409 -0.976740 -1.650469 -1.045653 -0.426879 1.760588 -0.217214 -0.797155 -2.056071 0.746022 -1.282601 -1.110072 1.557893 -0.851249 0.184136 -1.474482 -1.519897 -1.350466 0.408801 -2.223310 -0.815729 1.482210 1.030824 -0.825171 -1.255036 -1.522306 0.388795 -0.161086 0.709039 -2.462328 -1.710400 -1.344765 -1.623317 -1.263699 -1.397888 -1.344560 -1.354004 -1.836161 -0.456070 -1.171366 -1.931831 -1.851028 -2.082970 -1.076134 -0.812042 -1.315048 -1.488296 0.415005 -0.560115 -1.528342 -1.187881 -0.440534 -1.682045 0.463127 -1.411814 -0.702552
DB00554,-1.687231 3.168327 3.879908 -3.328601 1.668461 2.399102 -3.008722 -3.019962 4.995571 -2.956888 -1.817957 -2.933788 -3.332787 3.484678 -1.955988 -2.367364 -2.892952 2.265564 -3.426536 2.657163 3.432307 -0.234104 -1.585016 -3.148258 -2.894405 -3.160373 0.726712 -2.608215 -2.736667 3.461027 3.311248 -1.351948 -2.388016 -2.565420 -2.024202 -1.461107 3.303954 -3.537064 -3.690129 -3.262027 -3.018158 -2.873530 -2.870150 -3.752245 -3.061358 -2.706212 -1.727211 -2.791688 0.754750 -3.102670 -2.430954 -3.319635 -2.855586 -2.925056 -2.510131 4.253741 -1.279266 -2.899683 -2.213591 2.715861 -3.221120 3.195392 -3.108066 -1.629873
DB00555,-2.229539 1.886784 3.905959 -2.776193 4.173540 2.957337 -2.244029 -2.533559 3.639928 -2.825679 -2.369338 -2.433905 -2.193552 3.414708 -1.924916 -1.825311 -3.311056 3.466403 -2.994244 1.932547 2.621915 -2.576200 -0.906018 -2.826733 -2.625225 -2.759534 -1.312925 -3.381035 -2.026537 3.384216 2.020137 -1.932515 -1.993799 -2.795572 -1.095677 -1.322667 2.395991 -2.674625 -2.795252 -2.997778 -2.421237 -1.286856 -3.102539 -2.997412 -3.069813 -3.185233 -2.161406 -2.459380 2.167222 -2.654480 -3.762478 -2.361923 -3.083626 -2.302718 -3.846144 3.557159 -2.065288 -2.843140 -2.565089 2.668874 -3.152240 2.278415 -2.858864 -3.085463
DB00557,0.123434 -0.262994 0.037947 0.090827 0.320604 -0.017310 0.337216 0.181819 -0.324353 0.104640 0.110460 0.235193 0.137127 -0.070762 -0.182944 0.221034 0.129499 0.019731 0.190600 0.064491 -0.270763 0.325753 0.099595 0.197382 0.145549 0.084964 -0.341843 0.136353 0.152396 0.100705 -0.243625 0.066610 0.107069 0.005331 0.408201 0.244248 -0.085628 0.490965 0.174401 0.115122 0.235364 0.387904 0.160138 0.250034 0.147262 0.128940 0.013943 0.078027 0.291386 0.260025 0.048205 0.201475 0.088378 0.098426 -0.036654 0.058669 0.032165 0.127242 0.121371 0.126618 0.108950 -0.028127 0.093250 -0.154152
DB00558,-1.194347 0.824030 -0.287292 -1.251033 -0.282763 0.763555 -0.600642 -1.767737 0.462451 -0.863257 -2.130245 -1.004779 -0.429492 1.772614 -0.075033 -0.790555 -2.163780 0.618808 -1.273964 -1.518731 1.695195 -0.988967 0.776598 -1.461130 -1.570496 -1.380447 0.302038 -2.364283 -0.560554 1.737434 0.973627 -0.862206 -1.328950 -1.673538 0.745058 -0.152737 0.555458 -2.733417 -1.910796 -1.450628 -1.481421 -0.935605 -1.397412 -1.275582 -1.311140 -1.887557 -0.405785 -1.226669 -2.646206 -2.171519 -2.337486 -0.950268 -0.675313 -1.569913 -1.642411 0.456100 -0.609247 -1.586075 -1.244086 -1.038613 -1.862655 0.055858 -1.433050 -0.840221
DB00559,0.196504 0.171460 -0.262686 0.188573 -0.336045 -0.125783 0.026611 0.146679 0.151444 0.069931 0.434916 0.047406 -0.088231 -0.243699 -0.116571 -0.006462 0.193453 0.085847 0.148152 0.119246 0.015991 1.014564 -0.585120 0.206357 0.140885 0.099789 0.218747 0.487205 -0.032234 -0.470087 0.054628 0.129290 -0.151797 0.034340 0.118111 -0.001581 0.071398 0.652392 0.143949 0.133510 0.172599 -0.242077 0.282951 0.181858 0.153835 0.203820 -0.075107 -0.010569 0.547041 0.288456 0.381370 -0.142964 0.188347 -0.021395 0.240648 -0.278342 -0.012172 -0.005609 0.122465 -0.010218 0.225975 0.081163 0.085122 -0.009598
DB00563,-0.290970 -0.069904 -0.447536 -0.072384 -1.008728 -0.110497 -0.247407 -0.090820 -0.692928 0.034797 -0.268990 -0.002037 0.174691 -0.377483 0.062470 -0.100781 0.072792 -0.450273 0.105505 -0.205699 0.081798 -1.079566 0.563554 -0.156051 -0.149399 0.042173 -0.538507 -0.248757 0.044161 -0.300335 0.007584 -0.203352 0.064939 0.131971 -0.815041 -0.314081 -0.197782 -0.508454 -0.017048 0.059739 -0.218712 0.282438 -0.109531 -0.011154 0.053502 0.045674 0.161254 0.015220 -0.220889 -0.157564 -0.021602 0.327691 0.068836 -0.032509 0.194430 -0.071290 -0.067713 0.204179 -0.085606 -0.258508 0.038296 -0.048019 0.045957 0.428491
DB00564,-5.478393 6.255936 2.537013 -5.092284 2.245941 6.339219 -5.082336 -5.215184 2.505657 -5.909958 -4.887679 -6.344626 -5.834510 4.856710 -6.685558 -5.988973 -4.352191 5.395264 -4.287688 5.259498 5.658854 -1.647607 -7.185696 -5.237636 -5.582618 -5.486286 -5.322340 -4.470223 -6.223065 3.669934 6.105260 -6.044290 -5.951570 -4.898470 -3.526669 -5.661137 6.391904 -1.805228 -4.587853 -4.990669 -5.139732 -7.639650 -5.177926 -4.892574 -5.307201 -4.848575 -6.249761 -5.151272 3.869057 -4.890602 -4.032359 -5.851338 -5.159208 -5.141644 -5.217525 3.195123 -5.521627 -6.309134 -5.837976 5.999877 -4.403316 6.475231 -5.758202 -4.988785
DB00567,-0.005615 0.154449 -0.086208 0.192122 -0.549226 0.004311 -0.009348 0.006033 -0.134787 -0.038996 -0.099908 -0.076056 0.006059 0.015076 -0.273335 -0.005714 0.003927 -0.127781 0.222149 -0.360815 0.156234 0.436540 -0.289404 0.006580 -0.103513 -0.037471 -0.087789 -0.150808 -0.136870 -0.122733 0.144397 -0.114598 -0.166596 0.015487 0.181026 0.113363 0.126911 0.055780 0.032703 0.079290 -0.265399 -0.616444 0.106450 0.020004 0.003898 0.059156 -0.048440 0.028319 -0.444992 -0.022509 0.085377 -0.206227 0.158408 0.037436 0.059641 -0.293416 0.033221 -0.249057 -0.022160 -0.204318 0.064274 0.125119 -0.096603 0.221232
DB00570,0.174418 -0.205657 -1.035573 0.144957 -0.981387 -0.308164 0.080543 0.147514 -0.775907 0.322010 0.187677 0.174609 0.258216 -0.782399 0.143438 -0.028593 0.490252 -0.544666 0.449551 -0.117991 -0.307643 -0.259639 0.314077 0.154802 0.124780 0.298487 -0.394289 0.494743 0.194450 -0.669755 -0.160930 -0.017149 0.053364 0.355616 -0.419246 -0.422112 -0.357261 0.319120 0.366644 0.380985 0.412852 0.294035 0.245733 0.395595 0.412679 0.411317 0.176249 0.060920 -0.060836 0.292623 0.442726 0.425561 0.238648 -0.011803 0.485845 -0.375487 0.002905 0.431015 0.112295 -0.217596 0.263191 -0.305189 0.365548 0.121228
DB00571,-0.068174 0.321785 -0.138426 -0.083101 -0.014879 0.271715 -0.196870 -0.258948 0.293438 -0.249978 -0.076672 -0.141352 -0.326826 0.378007 -0.581808 -0.091542 -0.265347 0.062407 -0.290735 0.229649 0.294714 0.079128 -0.249622 -0.300814 -0.259203 -0.269911 0.067187 -0.402299 -0.237491 0.186293 0.399532 -0.099031 -0.251752 -0.224804 -0.162755 -0.033992 0.316211 -0.401626 -0.231855 -0.320314 -0.534201 -0.150725 -0.178800 -0.301735 -0.319925 -0.272304 -0.123617 -0.210582 0.324295 -0.308948 -0.160595 -0.354843 -0.336102 -0.166249 -0.035696 0.150867 -0.057806 -0.232561 -0.081863 0.162896 -0.142192 0.348397 -0.348057 0.075294
DB00572,0.801237 -0.761558 -0.530863 0.661117 -0.315468 -0.774367 0.667423 0.699426 -0.257795 0.759917 0.815499 0.784162 0.668804 -0.453918 0.900513 0.744515 0.625581 -0.526003 0.600380 -0.707414 -0.746024 0.510258 0.699238 0.747309 0.729949 0.736625 0.714020 0.640451 0.795065 -0.497718 -0.793016 0.813252 0.677580 0.578624 0.316482 0.708588 -0.812896 0.501545 0.624281 0.664154 0.883564 0.800688 0.731810 0.702021 0.708383 0.638271 0.776225 0.664054 -0.294749 0.686303 0.578794 0.669239 0.774372 0.660494 0.616400 -0.460000 0.736303 0.774073 0.725173 -0.638386 0.608466 -0.747022 0.731906 0.585457
DB00573,0.480813 0.469570 0.771854 -0.337271 -0.093063 0.073779 0.055153 -0.209078 1.070751 -0.137815 0.412518 -0.210981 -0.277105 0.605834 0.257612 0.058197 -0.281697 -0.215377 -0.307641 0.026746 0.420398 1.022128 -0.117989 -0.202408 -0.139353 -0.239385 1.199533 0.019391 -0.065251 0.274029 0.238808 0.447873 -0.107442 -0.122505 0.254804 0.359844 0.391765 -0.142921 -0.514807 -0.280112 -0.106249 -0.786369 -0.112065 -0.363067 -0.132453 -0.252422 0.268232 -0.098412 -0.246307 -0.318032 -0.309320 -0.405909 0.125160 -0.208918 -0.275572 0.476243 0.455104 -0.363263 0.077691 0.141365 -0.285745 0.185673 -0.272031 0.079288
DB00574,0.852294 0.101446 0.147768 0.364351 0.316483 -0.114206 0.816632 0.210541 0.026005 0.387018 0.887143 0.226612 0.193270 0.178138 0.513977 0.490792 0.091915 -0.268310 0.418887 -0.206880 -0.203680 2.013720 -0.710402 0.393895 0.428425 0.295180 1.478314 0.739740 0.254936 -0.187880 -0.088331 0.731780 0.049661 0.051439 1.474905 0.777953 0.203095 1.275853 0.303472 0.343658 0.701198 -0.999561 0.504752 0.421841 0.261619 0.096750 0.463416 0.354006 -0.007821 0.245094 0.249280 -0.314945 0.837247 0.182992 0.071972 -0.245675 1.089905 -0.249844 0.478195 -0.129296 0.266247 -0.134336 0.197596 -0.010855
DB00576,0.345141 -0.469592 -0.164326 0.603887 -0.068447 -0.660402 0.333210 0.582548 -0.289675 0.496610 0.173648 0.550391 0.494685 -0.506479 0.223632 0.494241 0.481808 -0.296364 0.439811 -0.406265 -0.548789 0.534884 0.206753 0.532681 0.533829 0.482238 0.094559 0.611933 0.325840 -0.460121 -0.398735 0.463910 0.501947 0.495415 0.314970 0.516254 -0.549400 0.367945 0.523462 0.514682 0.390940 0.391043 0.606276 0.460777 0.462575 0.681137 0.398670 0.487509 -0.281738 0.451683 0.668724 0.394860 0.395839 0.505105 0.640219 -0.410910 0.461456 0.488461 0.551742 -0.374631 0.432324 -0.562625 0.516306 0.485348
DB00579,0.434170 -0.736874 -0.230821 0.422168 -0.060874 -0.513188 0.729125 0.548455 -0.412479 0.569899 0.388408 0.621397 0.706731 -0.659684 0.750107 0.628369 0.392914 -0.389946 0.539096 -0.613244 -0.601137 0.253713 0.771533 0.583597 0.585124 0.538846 0.308194 0.432226 0.723943 -0.155095 -0.746862 0.503274 0.628371 0.478974 0.796930 0.642338 -0.649692 0.438437 0.470854 0.531010 0.722820 0.796538 0.447967 0.558393 0.530195 0.414311 0.527643 0.561680 -0.390990 0.539825 0.190186 0.710007 0.503047 0.484480 0.217119 -0.306830 0.521427 0.517524 0.488218 -0.547575 0.373706 -0.683813 0.588935 0.241138
DB00580,-1.964736 3.052206 2.528955 -3.777020 1.390114 2.443232 -3.095038 -3.161284 4.619405 -2.847070 -1.996760 -2.905388 -3.255550 3.427084 -0.992785 -2.640582 -2.988649 2.035783 -3.769681 2.755896 3.289668 -0.702651 -1.137573 -3.023510 -2.944902 -3.192534 0.587007 -2.576438 -2.415511 3.662041 3.173174 -1.392725 -2.501635 -2.814066 -2.051181 -1.809335 3.187543 -3.881371 -4.109747 -3.396740 -2.860647 -2.104345 -3.013816 -3.534858 -2.895832 -2.988784 -1.741787 -3.006312 0.315448 -3.303070 -2.726074 -2.758646 -2.576124 -3.274747 -2.650555 3.758977 -1.629431 -2.581761 -2.463127 2.524803 -3.351506 2.886012 -2.953138 -1.883025
DB00582,-3.615542 1.760832 -0.542169 -1.397055 1.058154 1.396128 -3.234777 -1.311106 -0.119726 -2.130045 -3.448335 -2.267078 -2.289414 0.623846 -2.011928 -3.246693 -0.739845 2.038356 -1.220878 2.707809 1.242790 -1.314478 -2.285929 -1.257070 -1.783276 -1.778891 -4.886594 -1.032637 -2.717175 0.654434 1.991308 -3.515081 -2.046347 -1.625062 -3.797123 -3.764650 1.475199 -0.801932 -1.410136 -1.485654 -1.752401 -1.030703 -1.703606 -1.015977 -1.599721 -0.895923 -3.364473 -1.917820 2.654144 -0.880243 -0.081038 -1.560473 -2.142797 -1.795740 -0.658435 0.421940 -3.953084 -1.195569 -2.662074 2.631821 -0.929315 2.391134 -1.636883 -1.102786
DB00584,0.793147 -0.652295 -0.221318 0.635774 -0.715659 -0.666029 0.687832 0.631822 -0.389422 0.720173 0.795394 0.746069 0.634225 -0.527890 0.569669 0.698557 0.633661 -0.687491 0.572087 -0.564135 -0.584483 0.585002 0.438526 0.675336 0.719972 0.690931 0.696766 0.599082 0.753885 -0.742863 -0.635931 0.754468 0.621490 0.583282 0.691388 0.696864 -0.520243 0.510586 0.624396 0.663655 0.623469 0.694411 0.697782 0.612769 0.677209 0.703307 0.719385 0.654339 -0.209117 0.662756 0.598055 0.599321 0.769527 0.664459 0.665579 -0.462476 0.730965 0.693730 0.744004 -0.619594 0.687534 -0.573010 0.677747 0.652231
DB00586,-0.084838 0.475754 0.569691 -0.417831 0.092467 0.174764 -0.350588 -0.362459 0.880999 -0.358684 -0.327221 -0.273313 -0.453745 0.491099 -0.560750 -0.195312 -0.357426 0.185795 -0.428126 0.407367 0.407789 0.371321 -0.064161 -0.420951 -0.406947 -0.481725 0.102506 -0.258437 -0.404435 0.509109 0.512950 -0.069793 -0.304322 -0.335077 -0.185400 0.046582 0.358387 -0.394249 -0.528742 -0.437906 -0.567475 -0.373028 -0.258470 -0.434554 -0.336942 -0.235884 -0.138882 -0.431010 -0.363953 -0.352873 -0.196395 -0.391858 -0.421062 -0.393281 -0.169084 0.645222 0.002149 -0.229209 -0.163825 0.474144 -0.444292 0.442984 -0.430898 0.024203
DB00588,-2.189405 2.036185 0.871340 -2.218632 1.544433 2.608928 -1.841882 -1.524463 0.486535 -2.344340 -1.926782 -2.380489 -2.370371 0.641470 -2.888624 -2.323934 -1.068287 2.020956 -1.992891 3.295538 1.588103 -1.887904 -2.109492 -1.776494 -1.775258 -1.948755 -3.669781 -1.224873 -2.547363 1.439859 2.074459 -2.439060 -1.797668 -1.414597 -2.115884 -2.549635 2.209085 -0.548017 -1.152638 -1.903646 -2.023737 -1.017063 -1.850715 -1.672659 -1.883665 -1.564855 -2.600978 -1.837823 3.073609 -1.383281 -0.978361 -1.709994 -2.408714 -1.592027 -1.786863 2.402933 -2.758874 -1.663283 -2.132349 3.178474 -1.419135 2.239370 -1.868539 -2.293645
DB00589,0.193601 -0.309286 0.073873 0.067150 0.227663 0.018510 0.441325 0.133683 0.077735 0.137215 0.289463 0.183052 0.067875 -0.180120 0.258193 0.236076 0.121296 0.125992 0.146213 0.029118 -0.186352 0.204039 0.142121 0.215832 0.256484 0.154190 0.343206 0.169790 0.311364 0.151380 -0.308909 0.160327 0.223437 0.050351 0.455732 0.226848 0.013319 0.359167 0.190311 0.123113 0.493696 0.297497 0.107994 0.143571 0.116208 0.087976 0.134767 0.207240 0.408001 0.252709 0.017797 0.072417 0.098332 0.175987 -0.065035 0.058028 0.236500 0.138174 0.175945 -0.128818 0.133557 -0.143056 0.184428 -0.092281
DB00590,-0.097812 0.101758 -0.282678 0.261903 -0.292146 -0.184793 -0.118694 0.081527 -0.068102 -0.002817 0.041784 -0.003788 -0.173633 -0.184968 -0.206263 -0.141189 0.179831 0.037975 0.191173 0.166060 -0.050567 0.660324 -0.536504 0.137533 0.100854 0.036789 -0.026666 0.311370 -0.173777 -0.390246 0.111286 -0.124475 -0.160592 0.031276 -0.007056 -0.210628 0.111825 0.356799 0.229558 0.150511 0.086024 -0.145458 0.177333 0.090611 0.048185 0.234422 -0.234840 -0.009753 0.655226 0.247873 0.421058 -0.268394 0.028691 -0.022318 0.318409 -0.006624 -0.123908 -0.010008 0.039755 0.153736 0.180153 0.192546 0.065130 -0.022954
DB00593,-1.133426 0.809667 3.401952 -1.452729 3.592257 2.092122 -1.206957 -0.607394 2.701109 -1.690320 -1.213659 -1.173540 -1.525226 1.037265 -0.931107 -1.012936 -1.044103 2.694458 -1.650331 2.838190 0.755154 -2.368827 -1.396757 -1.126644 -0.882903 -1.147115 -1.814578 -1.076349 -1.074991 1.266338 0.829279 -1.160856 -0.630409 -1.093587 -0.881540 -1.081687 1.556117 -0.408418 -0.916191 -1.412547 -0.474003 0.004589 -1.599776 -1.474250 -1.513515 -1.286129 -1.550929 -1.117368 2.923275 -0.711733 -1.351268 -0.639111 -2.332279 -0.822148 -1.938450 2.218872 -1.679871 -0.944874 -1.245902 2.712895 -1.192189 1.490530 -1.130957 -2.091944
DB00598,0.217330 0.245387 0.051127 0.016748 0.012658 0.238705 0.195976 -0.187990 0.398510 -0.115868 0.328059 -0.036089 -0.224751 0.489796 -0.286037 0.113755 -0.294450 -0.007883 -0.203590 -0.081342 0.339967 0.629296 -0.300044 -0.179926 -0.077112 -0.149104 0.724836 -0.152353 -0.074276 0.138243 0.203585 0.179201 -0.184050 -0.220846 0.183560 0.261520 0.353219 -0.152318 -0.181551 -0.247405 -0.251089 -0.334831 -0.023181 -0.229523 -0.215413 -0.241996 0.082975 -0.049287 0.224049 -0.262877 -0.237514 -0.423151 -0.055948 -0.050236 -0.102993 0.110102 0.266161 -0.288978 0.095949 -0.040342 -0.059754 0.190937 -0.265909 0.109427
DB00599,0.413474 -0.590322 0.188803 0.279139 0.173968 -0.420444 0.475345 0.433004 -0.383430 0.412100 0.388086 0.476844 0.465663 -0.440350 0.642324 0.479660 0.294107 -0.261922 0.333353 -0.206357 -0.456492 0.078898 0.494652 0.471171 0.499333 0.420194 0.188178 0.266257 0.584998 -0.334870 -0.533741 0.386894 0.478654 0.394409 0.792333 0.505256 -0.404291 0.439604 0.375257 0.402774 0.621073 0.652435 0.302690 0.394078 0.373431 0.260872 0.345884 0.416086 -0.024850 0.423257 0.124449 0.518685 0.345826 0.346929 0.096112 -0.165036 0.449618 0.421597 0.356144 -0.267870 0.261340 -0.371406 0.475897 0.059294
DB00603,-2.463521 2.979715 2.490855 -2.386376 0.866145 2.334548 -2.816110 -2.725423 1.950087 -2.819255 -3.271533 -3.028933 -2.599030 3.164053 -2.970644 -2.929141 -2.896391 2.231265 -2.438838 1.841562 3.122941 -1.206634 -2.339102 -2.779667 -2.910737 -2.966172 -2.104781 -2.592314 -3.099865 1.790737 3.256155 -2.758805 -3.075474 -2.644770 -1.780484 -2.373748 2.649190 -2.150531 -2.631231 -2.722799 -3.416190 -3.220175 -2.487960 -2.566036 -2.766885 -2.662738 -2.721205 -2.614719 0.699005 -2.954322 -2.402855 -3.039321 -2.405688 -2.632364 -2.339511 1.262221 -2.585285 -3.168776 -2.926195 2.050327 -2.513323 2.859205 -2.996877 -1.721700
DB00605,0.439064 -0.121720 0.301574 -0.178931 -0.389852 -0.248122 0.110404 -0.010708 0.783227 0.164374 0.103926 0.128280 0.079278 0.198008 0.564156 0.180165 -0.030368 -0.460424 -0.121819 -0.353474 0.060132 0.187334 0.686928 0.033105 0.030881 0.033543 0.766360 -0.040192 0.294748 0.168192 -0.119243 0.456470 0.211765 0.135548 0.082425 0.373786 -0.111563 -0.486679 -0.313176 -0.037243 0.103561 0.285682 0.026018 -0.092981 0.139362 -0.000977 0.478424 0.067469 -0.726459 -0.103583 -0.139628 0.188234 0.289918 -0.035156 0.046372 0.192521 0.390368 0.216987 0.195417 -0.264639 -0.100754 -0.199726 0.075094 0.310180
DB00606,-0.824571 1.600098 0.519956 -1.250741 0.179934 1.389538 -1.561780 -1.454731 1.340617 -1.247526 -0.179169 -1.166835 -1.560511 1.512819 -1.010617 -1.016991 -1.406676 1.236551 -2.089889 0.465560 1.597762 -2.131259 -0.756474 -1.641015 -1.182136 -1.201858 0.782275 -1.701806 -0.957189 0.853105 1.248532 -0.422695 -1.147412 -1.363758 -1.882308 -0.830899 1.551785 -2.559430 -1.328700 -1.548896 -1.687460 -0.939391 -1.375390 -1.883914 -1.573396 -1.465177 -0.705053 -1.105723 0.851525 -1.270912 -1.393605 -1.628543 -1.365335 -0.842644 -0.897777 1.038357 -0.754250 -1.178248 -0.874538 0.435618 -1.192444 1.235538 -1.404065 -0.761275
DB00608,-0.100874 1.502311 1.346262 -0.008360 0.628616 1.061509 -0.605156 -0.381174 1.120820 -1.068606 -0.159596 -0.876363 -1.201778 1.138574 -2.513075 -0.341974 -0.487835 0.926398 -0.350940 0.995330 1.054942 1.519600 -2.062154 -0.702157 -0.606791 -0.754484 -0.455161 -0.322488 -1.374005 0.447324 1.145891 -0.323915 -0.775562 -0.433252 -0.449031 0.013042 1.365204 0.530667 -0.192663 -0.621444 -1.272416 -2.617020 -0.217379 -0.757210 -0.862344 -0.522305 -0.834081 -0.371188 1.395954 -0.367876 -0.084690 -1.581808 -0.849472 -0.194213 -0.504032 0.624215 -0.226214 -1.451046 -0.258995 1.124523 -0.140802 1.419701 -1.173700 -0.034736
DB00611,0.430646 -0.599707 -0.075844 0.359699 0.087905 -0.455613 0.580617 0.497027 -0.316856 0.436222 0.409865 0.487725 0.518785 -0.555365 0.464521 0.586406 0.361665 -0.180105 0.433295 -0.432585 -0.448309 0.311471 0.478762 0.502234 0.516438 0.466558 0.381323 0.352251 0.522590 0.007948 -0.584115 0.456019 0.515976 0.435435 0.756478 0.594486 -0.467199 0.524523 0.449301 0.454806 0.578342 0.527033 0.406124 0.409417 0.418843 0.327503 0.404978 0.489766 -0.125840 0.453536 0.200886 0.504921 0.372394 0.473917 0.137411 -0.119628 0.504933 0.388807 0.443173 -0.390461 0.349150 -0.467688 0.463937 0.196485
DB00612,0.123999 -0.367209 -0.562426 0.123682 -0.555661 -0.398832 0.253902 0.070831 -0.201625 0.310008 0.216407 0.302114 0.294431 -0.153998 0.734375 0.214767 0.040644 -0.286723 0.039736 -0.716654 -0.083378 -0.362812 0.557046 0.198923 0.130033 0.216568 0.659352 -0.142514 0.483972 -0.242918 -0.345083 0.228104 0.166823 0.014102 0.179211 0.184477 -0.282945 -0.545728 0.020263 0.148818 0.188663 0.573646 0.086229 0.106290 0.174835 0.082138 0.367648 0.171492 -0.391252 0.022499 -0.076991 0.318091 0.288039 0.066901 0.153887 -0.363038 0.200919 0.312333 0.169707 -0.664352 0.129994 -0.387671 0.257801 0.239042
DB00613,0.522000 -0.795159 -0.490213 0.689327 -0.202744 -0.890330 0.562517 0.683643 -0.437581 0.710099 0.371642 0.756631 0.755782 -0.700234 0.763463 0.656713 0.592583 -0.586782 0.684888 -0.707673 -0.794856 0.563169 0.753440 0.695089 0.669719 0.659608 0.379571 0.637724 0.665720 -0.480352 -0.725196 0.635787 0.630676 0.534329 0.496898 0.605799 -0.835192 0.421158 0.627837 0.682232 0.737865 0.807629 0.705990 0.728882 0.686892 0.686275 0.647410 0.589219 -0.423805 0.659520 0.631823 0.587411 0.606340 0.594565 0.645888 -0.506820 0.627831 0.756127 0.649646 -0.627451 0.514865 -0.749239 0.721005 0.492677
DB00619,-0.278782 0.444221 0.113494 0.073017 -0.112584 0.252274 -0.566462 -0.080135 -0.067036 -0.370318 -0.340128 -0.363668 -0.510208 -0.175955 -1.043026 -0.439415 0.196842 0.206237 0.068643 0.887544 -0.057067 -0.078556 -0.850358 -0.291485 -0.179493 -0.191209 -1.346621 0.152510 -0.774319 -0.183640 0.485297 -0.541903 -0.243749 0.042137 -1.093794 -0.696947 0.201752 0.273422 0.193766 -0.062184 -0.347745 -0.709236 -0.055017 -0.094091 -0.199938 0.150641 -0.517486 -0.190741 0.678576 0.169436 0.515978 -0.336877 -0.495699 -0.017831 0.325010 0.381248 -0.446593 -0.115587 -0.189351 0.856182 0.051069 0.572108 -0.260317 0.065906
DB00620,0.105870 -0.146298 -0.876442 0.218707 -0.414596 -0.226412 0.040933 0.347960 -0.572245 0.263166 0.274563 0.091207 0.108871 -0.615925 0.229904 -0.049320 0.586289 -0.510839 0.210659 0.206395 -0.325155 -0.782691 0.305676 0.274487 0.249290 0.340280 -0.383965 0.488625 0.100511 -0.611282 -0.141575 0.041768 0.366021 0.497864 -0.822255 -0.382254 -0.274977 -0.046893 0.347983 0.299803 0.126198 0.542863 0.247246 0.268829 0.367618 0.489294 0.130972 0.330992 0.245948 0.300852 0.589780 0.491915 0.264764 0.350853 0.564596 -0.242938 -0.268591 0.508101 0.138498 0.162044 0.456856 -0.431961 0.376813 0.437328
DB00622,-0.457291 0.091471 -0.673755 -0.161743 -0.523639 -0.026772 -0.290687 -0.191992 -0.571377 -0.062846 -0.265262 -0.101371 -0.278113 -0.062684 -0.198026 -0.467057 0.117560 0.348044 -0.110794 0.316350 0.080559 0.001368 -0.415487 0.053913 -0.179164 -0.119864 -0.473555 0.021245 -0.160454 -0.320361 0.148087 -0.405647 -0.370998 -0.296383 -0.337068 -0.602084 0.084064 0.138049 -0.062965 -0.078559 0.042918 0.286689 -0.061602 0.062562 0.000724 0.027678 -0.438893 -0.346735 0.448576 -0.056058 0.236542 -0.031751 -0.085260 -0.415611 0.125028 -0.378230 -0.643772 0.140862 -0.302940 0.008958 0.099298 0.222454 -0.030503 -0.317564
DB00623,0.449338 -0.626386 -0.258205 0.486467 0.006604 -0.496267 0.669755 0.550616 -0.476435 0.514414 0.493095 0.586006 0.625720 -0.538978 0.580567 0.623096 0.450157 -0.433300 0.553961 -0.496457 -0.601240 0.322153 0.561026 0.566938 0.580588 0.534050 0.322063 0.439440 0.640521 -0.222199 -0.676271 0.465929 0.595275 0.485539 0.756221 0.576289 -0.560468 0.505972 0.519385 0.535402 0.629697 0.670365 0.463832 0.512789 0.520871 0.446090 0.474382 0.557991 -0.156514 0.596621 0.283044 0.621953 0.443025 0.523560 0.288685 -0.279691 0.486965 0.476911 0.506696 -0.401869 0.425424 -0.582949 0.558952 0.227998
DB00624,-0.598603 2.076190 -0.278764 -2.450675 0.879141 1.344521 0.156846 -2.551073 -0.506940 -1.059711 -0.545064 -1.503429 -1.306664 1.534447 -0.724039 -1.398467 -2.647912 1.021164 -1.576042 0.313952 1.816838 4.218073 -2.499373 -1.621638 -1.817137 -2.219216 2.966054 -0.437453 -1.388022 1.524844 1.877500 -0.601455 -2.990405 -3.124108 2.354841 -0.292867 1.223734 0.375413 -2.495348 -1.898442 -0.734539 -2.853833 -1.281617 -1.038124 -1.366826 -2.178760 -0.959207 -2.338874 -0.381611 -2.955804 -2.248180 -2.923983 0.039276 -3.050175 -1.968313 0.728085 0.167705 -2.735816 -1.573759 0.493682 -2.641831 0.726844 -1.860742 -3.297590
DB00625,-4.400392 2.550121 0.651488 -3.274837 2.569173 2.903271 -3.289500 -2.719922 0.642771 -3.240751 -3.854914 -3.246279 -3.051179 1.403195 -2.772609 -4.091483 -2.253852 3.848473 -2.535582 3.591966 1.894823 -1.087403 -3.887027 -2.463922 -2.909893 -3.133574 -5.137041 -2.078253 -3.400865 2.340577 2.853435 -4.549775 -3.480270 -3.293666 -2.011547 -4.166364 2.669250 -0.585675 -2.598377 -2.798190 -2.058475 -1.604438 -3.082885 -1.998199 -2.779430 -2.447084 -4.580603 -3.466168 3.550388 -2.148017 -1.962638 -2.434704 -3.285529 -3.182757 -2.770906 1.620897 -4.657243 -2.472291 -3.959607 4.129783 -2.955561 3.323584 -2.710455 -4.111166
DB00627,0.384187 0.121540 0.271029 0.725640 0.296262 0.085478 0.217440 0.333205 0.511417 0.126358 0.544847 0.142126 -0.068234 0.209679 -0.689922 0.257327 0.394321 -0.332189 0.433962 0.439735 -0.328333 1.132247 -0.702918 0.276080 0.324632 0.274972 -0.087532 0.582571 -0.193402 -0.265975 0.102197 0.226728 0.157096 0.463911 0.265650 0.193075 0.071004 0.929021 0.551922 0.301934 0.011329 -0.595933 0.516307 0.249758 0.231375 0.354909 0.011000 0.289879 0.489814 0.477684 0.727316 -0.170652 0.142734 0.403846 0.494120 -0.293125 0.195154 0.008633 0.398135 0.172273 0.491076 0.349755 0.103167 0.290819
DB00629,0.755726 -0.675092 -0.528721 0.606542 -0.565788 -0.683816 0.734096 0.608919 -0.292103 0.732088 0.737233 0.747572 0.627280 -0.607544 0.735949 0.673882 0.589279 -0.631300 0.517136 -0.720768 -0.694829 0.515792 0.467249 0.695636 0.728648 0.707109 0.831131 0.557914 0.762209 -0.523516 -0.716091 0.716099 0.633580 0.554553 0.580304 0.708300 -0.665809 0.434193 0.630839 0.646530 0.749655 0.697100 0.660637 0.639052 0.651045 0.619318 0.734647 0.657827 -0.447972 0.720856 0.598990 0.578661 0.698670 0.664436 0.668378 -0.464934 0.747517 0.769091 0.735120 -0.724223 0.634999 -0.670519 0.692519 0.668158
DB00630,0.822099 -0.855843 -0.614372 0.801803 -0.690521 -0.914174 0.886892 0.802517 -0.632930 0.890917 0.715604 0.882941 0.902217 -0.735136 0.870970 0.847365 0.741523 -0.880124 0.857511 -0.830496 -0.816903 0.737359 0.833129 0.860086 0.818409 0.828204 0.646259 0.753886 0.896095 -0.682848 -0.849074 0.821000 0.790367 0.792240 0.787332 0.825072 -0.877869 0.623274 0.732990 0.841704 0.819149 0.790170 0.855532 0.860794 0.875824 0.791125 0.864005 0.819109 -0.676133 0.766309 0.680864 0.868309 0.902196 0.731390 0.758907 -0.730901 0.833430 0.813579 0.823757 -0.861044 0.766831 -0.869676 0.844171 0.784704
DB00636,0.342210 -0.093900 -0.316771 0.480571 -0.528551 -0.181838 0.305714 0.346582 -0.240294 0.266896 0.315065 0.199885 0.225186 -0.420369 -0.334214 0.107725 0.488026 -0.339763 0.539149 0.022994 -0.269482 0.803001 -0.240902 0.418962 0.276799 0.298066 -0.448003 0.554297 0.064188 -0.528743 -0.092101 0.049905 0.058922 0.334260 0.308949 0.057019 -0.185514 0.786145 0.430448 0.421256 0.209866 -0.073028 0.498299 0.501621 0.421335 0.487851 -0.016716 0.247215 0.078486 0.447206 0.632473 0.152388 0.292413 0.260616 0.486151 -0.514138 -0.013587 0.218247 0.229593 -0.094636 0.500809 0.052495 0.254103 0.385880
DB00637,-1.368142 0.908696 -0.546789 -0.615630 0.653209 0.813544 -1.406474 -0.902360 0.341086 -1.010392 -1.116900 -1.030202 -1.268238 0.780773 -1.258594 -1.480195 -0.372277 0.916386 -0.527900 1.558372 0.397785 0.045493 -1.545730 -0.683637 -1.080564 -0.913156 -2.005058 -0.342157 -1.313726 0.459178 0.934891 -1.578526 -1.302198 -1.059838 -1.772070 -2.073257 0.619410 0.099129 -0.557788 -0.804020 -0.716436 -0.598828 -0.718178 -0.383705 -0.754145 -0.581624 -1.589080 -1.402131 1.590500 -0.400673 0.021021 -0.781573 -1.138287 -1.359865 -0.368216 -0.285122 -1.898186 -0.582887 -1.272844 0.991458 -0.599841 1.417789 -0.811968 -1.465745
DB00640,0.853269 -0.465596 -0.201289 0.578541 0.124199 -0.520065 0.463087 0.656182 0.501690 0.540922 0.929971 0.600859 0.433557 -0.303056 0.736670 0.651033 0.350838 -0.473838 0.440098 -0.238098 -0.725484 0.970044 -0.096735 0.635376 0.622533 0.599250 1.069325 0.737472 0.554091 -0.813186 -0.486882 0.896718 0.392281 0.348388 0.491811 0.651147 -0.340910 0.888791 0.414003 0.437396 0.764908 -0.148863 0.645291 0.551357 0.536525 0.400633 0.660506 0.514553 -0.286754 0.472828 0.410535 0.320528 0.791882 0.505824 0.407041 -0.875336 0.687762 0.398563 0.646903 -0.570593 0.489972 -0.765481 0.510391 0.323717
DB00641,-1.804021 0.895345 0.255766 -0.559338 0.125909 0.383939 -1.270550 -1.180850 -1.247202 -0.937665 -1.350692 -0.948661 -1.022525 -0.125511 -1.433349 -1.459033 -0.580178 0.604626 -0.292527 1.516894 0.515937 0.630609 -0.833808 -0.712898 -1.149092 -1.023611 -1.849379 -0.230479 -1.484150 0.315025 1.136931 -1.855676 -1.475442 -0.980592 -1.251661 -1.961089 0.542260 0.198439 -0.432731 -0.740672 -1.205569 -0.487380 -0.694059 -0.413438 -0.716277 -0.543757 -1.683084 -1.652690 0.739688 -0.757971 -0.077330 -0.804855 -1.172957 -1.706345 -0.026477 0.555999 -1.440782 -0.507734 -1.322764 0.692367 -0.881724 1.283432 -0.678249 -1.615295
DB00643,0.824297 -0.896207 -0.695873 0.861123 -0.733799 -0.939998 0.920109 0.828530 -0.706998 0.923046 0.716892 0.917615 0.948572 -0.799153 0.881536 0.874136 0.748281 -0.868704 0.907466 -0.916486 -0.842002 0.712325 0.859735 0.889623 0.844650 0.859409 0.617595 0.767029 0.913307 -0.713220 -0.897171 0.829009 0.809912 0.810010 0.790824 0.847118 -0.920274 0.652909 0.784384 0.877744 0.854017 0.819507 0.887471 0.905275 0.898362 0.819832 0.877324 0.856239 -0.618417 0.800479 0.691909 0.886748 0.929204 0.778311 0.771697 -0.817426 0.838715 0.827833 0.843838 -0.927119 0.795319 -0.916648 0.870959 0.795584
DB00647,0.225858 -0.316162 -0.205125 0.203081 0.170703 -0.244754 0.414032 0.224271 -0.324670 0.236594 0.394130 0.285507 0.266898 -0.133642 0.150771 0.325761 0.182686 -0.077029 0.278632 -0.167872 -0.285172 0.493723 0.137462 0.319722 0.284237 0.242047 0.117783 0.291007 0.267503 0.081159 -0.319430 0.234517 0.178628 0.191328 0.715603 0.317432 -0.223535 0.638526 0.289359 0.247259 0.389998 0.313529 0.274889 0.307160 0.239615 0.150905 0.116597 0.194268 0.150115 0.274171 0.093111 0.241959 0.254063 0.153397 -0.013991 -0.039018 0.274785 0.149607 0.217058 -0.122640 0.132004 -0.141871 0.231376 -0.119415
DB00649,0.881081 -0.430430 -0.135208 0.843613 -0.446321 -0.580576 0.814162 0.723956 -0.355842 0.643905 0.815369 0.670645 0.647323 -0.524442 0.076399 0.781836 0.700562 -0.703699 0.804157 -0.385306 -0.578800 1.193355 0.197484 0.697295 0.711858 0.665026 0.430631 0.764698 0.522000 -0.626083 -0.517286 0.708202 0.629922 0.684948 0.813988 0.841668 -0.536751 0.957669 0.734958 0.729152 0.511960 0.072389 0.850607 0.699908 0.702290 0.741759 0.646158 0.735525 -0.334262 0.687722 0.769748 0.426737 0.682827 0.752279 0.696520 -0.494900 0.804718 0.457432 0.794301 -0.416561 0.782528 -0.445183 0.562998 0.813579
DB00651,-1.135227 0.868901 1.391582 -0.917368 0.346252 0.867964 -1.060941 -1.405847 0.666013 -1.058605 -1.713728 -1.007932 -0.505693 1.430877 -0.459245 -0.701210 -1.808996 0.573020 -1.084876 -0.732458 1.546327 -1.657660 0.625113 -1.429906 -1.484822 -1.275245 -0.152636 -2.205807 -0.796148 1.356860 1.003637 -0.999653 -1.064299 -1.249480 -0.485788 -0.283092 0.866496 -2.449452 -1.484859 -1.228069 -1.744727 -1.169020 -1.397563 -1.416967 -1.327648 -1.548862 -0.600494 -1.055893 -1.265689 -1.641172 -1.905840 -0.979621 -1.104954 -1.076663 -1.435059 0.451620 -0.728264 -1.403767 -1.166728 -0.054619 -1.448348 0.609358 -1.353517 -0.560876
DB00652,0.440500 -0.671736 -0.207600 0.341504 0.039914 -0.508390 0.623643 0.485101 -0.400188 0.487367 0.408440 0.544235 0.598521 -0.577104 0.615075 0.606823 0.357452 -0.220832 0.423590 -0.497418 -0.497396 0.174485 0.638062 0.525347 0.529120 0.487824 0.344435 0.369415 0.610141 0.017003 -0.639081 0.486909 0.551111 0.415917 0.803687 0.638197 -0.551616 0.437044 0.416595 0.464099 0.661071 0.739389 0.406133 0.443897 0.452268 0.325086 0.444966 0.482761 -0.240597 0.445407 0.163269 0.569350 0.421686 0.453610 0.128954 -0.100454 0.506691 0.467865 0.447655 -0.438418 0.332456 -0.554960 0.506559 0.191608
DB00654,0.821389 -0.694272 -0.388438 0.662068 -0.786926 -0.796023 0.800858 0.707173 -0.315608 0.775439 0.723918 0.766468 0.729328 -0.642491 0.805300 0.765302 0.701443 -0.897194 0.724432 -0.590559 -0.707959 0.804400 0.718221 0.772712 0.737793 0.721495 0.685574 0.690138 0.804440 -0.559694 -0.732863 0.818760 0.735417 0.746430 0.720374 0.785040 -0.714429 0.573683 0.602780 0.723732 0.736013 0.646777 0.771619 0.725836 0.785398 0.710768 0.814145 0.731951 -0.573247 0.668070 0.647696 0.728195 0.821234 0.626120 0.682612 -0.524443 0.793331 0.736946 0.776008 -0.705904 0.686448 -0.689692 0.739149 0.739808
DB00655,0.573435 -0.694027 -0.207607 0.724508 -0.103299 -0.666440 0.500085 0.748055 -0.541480 0.650810 0.369641 0.625829 0.505607 -0.538432 0.333365 0.606741 0.768183 -0.722319 0.643809 -0.336065 -0.644941 -0.037886 0.668248 0.537037 0.652435 0.700231 0.203279 0.672666 0.529547 -0.437970 -0.614538 0.612271 0.818138 0.865241 0.113850 0.459503 -0.682237 0.339285 0.742267 0.673491 0.327847 0.677223 0.648657 0.605042 0.683983 0.780983 0.677679 0.722545 -0.199764 0.731965 0.740688 0.787329 0.530155 0.784331 0.786782 -0.350070 0.450554 0.737873 0.680754 -0.431457 0.796884 -0.714169 0.674669 0.877911
DB00656,0.044455 -0.418963 -0.193838 0.068286 0.298479 -0.052873 0.199600 0.211084 -0.038324 0.118088 0.214487 0.210543 0.061257 -0.218113 0.323177 0.125890 0.220292 0.070362 0.091853 -0.046716 -0.298390 -0.384423 0.332909 0.198961 0.209548 0.168406 -0.081005 0.070555 0.303299 0.074540 -0.387658 0.016995 0.218887 0.093526 -0.270395 -0.024745 -0.148792 0.045753 0.200638 0.143909 0.463111 0.567643 0.057417 0.133089 0.128673 0.174352 0.060426 0.154649 0.264104 0.376755 0.100603 0.240673 -0.081942 0.170276 0.098449 0.128867 -0.067854 0.348163 0.123650 -0.114767 0.163503 -0.169435 0.227722 -0.023999
DB00657,0.306872 -0.297460 -0.409798 0.094075 -0.498215 -0.355763 0.403446 -0.013666 -0.096557 0.367206 0.249828 0.323773 0.431935 0.119419 0.714483 0.329677 -0.182733 -0.251238 0.064922 -0.894128 -0.055578 0.239941 0.680602 0.138775 0.162388 0.166188 0.926959 -0.115049 0.475042 0.008482 -0.282901 0.454677 0.105384 -0.033568 0.670333 0.527467 -0.370816 -0.317184 -0.098343 0.103686 0.232185 0.433569 0.150138 0.144319 0.181405 -0.074804 0.489586 0.165493 -0.700363 -0.078553 -0.258541 0.158125 0.465666 0.049627 0.015906 -0.242355 0.458004 0.143289 0.213453 -0.807712 -0.024344 -0.432794 0.166057 0.219403
DB00661,-0.179937 1.258140 0.448584 -0.356238 0.073365 0.903408 -0.438928 -0.642789 0.615439 -0.874386 -0.244718 -0.703435 -0.880822 0.795511 -2.442564 -0.520300 -0.647201 0.724060 -0.400254 0.881541 0.966796 1.508402 -1.553512 -0.762404 -0.868940 -0.894083 -0.817920 -0.381479 -1.179029 0.288365 1.196185 -0.564510 -1.096798 -0.741800 -0.030570 -0.168649 0.853221 0.348293 -0.448714 -0.710189 -1.350774 -1.670610 -0.257573 -0.526091 -0.715398 -0.614700 -0.867110 -0.877282 0.690305 -0.642471 -0.241575 -1.191753 -0.744679 -0.802333 -0.444652 0.450615 -0.503751 -1.073605 -0.480702 0.759934 -0.522164 1.196316 -1.067511 -0.468784
DB00665,-1.897121 1.194174 0.590485 -1.479509 0.710554 0.769407 -1.513889 -1.911552 0.890559 -1.383252 -2.963110 -1.304752 -0.764158 1.714186 -0.806427 -1.331120 -2.331681 1.318537 -1.561370 -0.839970 1.765419 -0.889152 0.157241 -1.837691 -1.864120 -1.873506 -0.670178 -2.172742 -1.508035 1.575540 1.551960 -1.465617 -1.710737 -1.967794 -0.273114 -0.723744 0.881852 -2.743273 -2.065182 -1.699183 -2.032069 -1.124696 -1.717104 -1.676616 -1.757229 -1.827758 -1.128825 -1.833041 -1.324257 -2.150355 -2.137166 -1.611902 -1.542541 -1.795272 -1.605442 1.190747 -0.973898 -1.736422 -1.652547 0.024631 -2.270585 0.663695 -1.722046 -1.360837
DB00668,0.604039 -0.507381 -0.334947 0.657988 -0.619199 -0.485534 0.520118 0.609312 -0.137832 0.518705 0.592024 0.562812 0.455365 -0.685013 0.182475 0.537098 0.574680 -0.474091 0.552029 -0.359202 -0.459446 0.627201 0.347296 0.587834 0.560624 0.541035 0.168551 0.606986 0.465196 -0.525054 -0.453538 0.458026 0.509325 0.572398 0.275682 0.460412 -0.440990 0.513675 0.598043 0.551648 0.388691 0.520941 0.644563 0.561789 0.549176 0.623075 0.444209 0.533928 0.126519 0.643614 0.670134 0.404604 0.453260 0.593912 0.649984 -0.552124 0.412039 0.594539 0.596043 -0.428643 0.630311 -0.460589 0.513471 0.674788
DB00669,-0.143301 -0.210467 0.067684 -0.111636 -0.073569 0.030329 0.156287 -0.125632 0.175201 0.059634 -0.034069 0.085327 0.234258 0.050352 0.551664 0.147423 -0.271402 0.165368 -0.116524 -0.443546 0.066966 -0.258212 0.410175 -0.077596 -0.031662 -0.010657 0.361541 -0.337576 0.241149 0.380053 -0.198411 0.109946 0.083108 -0.165598 0.312724 0.312421 -0.119545 -0.506287 -0.148460 -0.087256 0.002345 0.308784 -0.111177 -0.122694 -0.088530 -0.222661 0.179701 0.023681 -0.367229 -0.232890 -0.477648 0.071436 0.030313 -0.037569 -0.280772 -0.029988 0.098659 -0.029701 -0.054750 -0.460400 -0.215672 -0.290054 0.015047 -0.102356
DB00670,0.829786 -0.793194 -0.590520 0.831993 -0.724526 -0.892849 0.799546 0.770573 -0.689518 0.835029 0.762292 0.838307 0.831321 -0.689651 0.665132 0.847986 0.729229 -0.735957 0.819711 -0.783821 -0.723584 0.712295 0.702654 0.831949 0.797153 0.809190 0.638852 0.705928 0.797740 -0.664117 -0.769244 0.811190 0.740703 0.803880 0.754549 0.834801 -0.810509 0.706531 0.762045 0.819365 0.772437 0.679761 0.858243 0.805052 0.821355 0.756017 0.777898 0.795376 -0.468350 0.752532 0.700566 0.712861 0.842265 0.766366 0.710074 -0.687626 0.850743 0.746649 0.806676 -0.789669 0.783659 -0.777677 0.785502 0.781664
DB00671,0.807113 -0.882047 -0.684765 0.834548 -0.665732 -0.914812 0.875944 0.816100 -0.688651 0.908565 0.724002 0.894666 0.927883 -0.759187 0.888676 0.843016 0.748780 -0.872022 0.881720 -0.888499 -0.828015 0.578903 0.860004 0.863001 0.833479 0.849343 0.619132 0.763155 0.903078 -0.760929 -0.883130 0.814734 0.806952 0.809335 0.714883 0.799819 -0.892766 0.640063 0.770051 0.868017 0.845798 0.800593 0.858747 0.880411 0.886240 0.811022 0.867051 0.847001 -0.680400 0.795414 0.677559 0.888265 0.918570 0.777887 0.767861 -0.800780 0.822914 0.820230 0.829842 -0.899885 0.783598 -0.893821 0.863203 0.800172
DB00672,-2.036906 1.986671 3.376943 -1.447942 2.444412 2.059856 -2.725422 -1.592670 3.099685 -1.874623 -1.576137 -1.949948 -1.899246 2.058555 -1.417558 -1.522980 -2.274941 2.330975 -2.580348 1.403057 1.993726 -1.770945 -1.678205 -1.959104 -2.015076 -1.929511 -0.737834 -2.087960 -2.220970 2.005002 2.100087 -1.201099 -1.530908 -1.928567 -2.222300 -1.251791 1.903936 -3.095908 -2.046117 -2.237151 -3.285391 -1.343315 -1.808326 -2.506822 -2.142504 -1.933545 -1.342468 -1.689569 0.948691 -2.567381 -1.669742 -1.767630 -2.320575 -1.373479 -1.295996 0.351111 -1.813711 -1.924887 -1.654462 1.507875 -1.771077 1.534447 -1.979865 -1.463436
DB00673,-3.018440 1.366410 -3.187600 -1.438255 -1.554961 1.231209 -1.784143 -1.440839 -1.782346 -1.392254 -2.718484 -1.835928 -1.455994 0.264699 -1.437016 -3.018270 -0.425191 1.109643 -0.582691 1.647675 1.149712 -0.584609 -2.048166 -0.776184 -1.695314 -1.434116 -4.226947 -0.752943 -1.787357 -0.237056 1.597554 -3.498432 -2.255203 -1.438401 -1.723365 -3.501380 1.061803 -0.060578 -1.329386 -1.012582 -1.011088 -0.690868 -1.380765 -0.305009 -0.812025 -0.784718 -2.966124 -1.854402 1.323256 -1.053162 -0.227680 -0.764890 -1.056837 -2.062321 -0.589564 -1.513464 -3.736474 -0.894353 -2.561573 1.199448 -0.663984 1.611239 -1.157900 -1.326183
DB00674,0.560572 -0.685354 -0.432409 0.693862 -0.275356 -0.686288 0.615823 0.629286 -0.418989 0.679417 0.577640 0.690105 0.618899 -0.390636 0.727777 0.621432 0.599685 -0.665265 0.677082 -0.547403 -0.706373 0.618067 0.590024 0.698029 0.640622 0.654104 0.452716 0.610580 0.631877 -0.588201 -0.674953 0.634023 0.579743 0.584686 0.490046 0.504103 -0.678323 0.577284 0.641781 0.643330 0.679215 0.692914 0.678624 0.705215 0.663035 0.613614 0.615594 0.616770 -0.275037 0.649077 0.604252 0.660132 0.685569 0.565092 0.631380 -0.646888 0.566702 0.661534 0.616940 -0.610726 0.632097 -0.608648 0.658602 0.489040
DB00675,-0.662510 -0.163131 -0.952517 -0.082448 0.010584 -0.425815 -0.484074 -0.131403 -0.409916 0.030892 -0.596839 -0.015242 0.039999 -0.396394 0.353070 -0.453171 0.131851 0.003101 0.148547 0.167840 -0.406831 -0.029454 0.234084 0.123382 -0.154860 -0.053510 -0.716500 0.168138 -0.134053 -0.359168 -0.036516 -0.558799 -0.274357 -0.216742 -0.547199 -0.831085 -0.361012 0.047039 0.021202 0.044706 0.170318 0.579506 -0.067346 0.293123 0.095952 0.141764 -0.389808 -0.380813 0.182061 0.115585 0.262498 0.240078 -0.246851 -0.414526 0.267057 -0.432497 -0.565545 0.398286 -0.387883 0.058081 -0.119931 -0.059273 0.193016 -0.430015
DB00677,0.793493 -0.793953 -0.592655 0.808726 -0.682715 -0.893424 0.689621 0.738095 -0.828789 0.785834 0.741554 0.768990 0.737806 -0.595716 0.615874 0.791490 0.752598 -0.684063 0.705787 -0.596388 -0.669936 0.401612 0.690099 0.806502 0.766530 0.785204 0.714414 0.623073 0.728362 -0.701446 -0.689124 0.781846 0.759300 0.809495 0.588938 0.760332 -0.744669 0.574026 0.732843 0.773966 0.702664 0.740555 0.801075 0.685666 0.763028 0.727690 0.710080 0.758676 -0.366709 0.706239 0.733958 0.606619 0.706824 0.783939 0.687958 -0.549446 0.794975 0.745251 0.764642 -0.618705 0.778771 -0.725274 0.765532 0.745607
DB00679,0.124603 -0.199218 0.327492 0.092278 0.559609 0.011378 0.144957 0.144956 0.246467 -0.018097 0.242623 0.132770 -0.078332 -0.018006 -0.093715 0.203619 0.084247 0.189103 0.000257 0.253144 -0.235096 0.061455 -0.000827 0.091175 0.198326 0.065143 0.088081 0.043039 0.118182 0.200986 -0.130930 0.148563 0.182148 0.068415 0.202151 0.147439 0.104762 0.287563 0.173874 0.023334 0.340018 0.240776 0.043260 -0.023874 -0.016982 0.027729 0.005659 0.119114 0.620518 0.296830 0.059277 -0.063453 -0.189552 0.191615 -0.093957 0.453880 0.106009 0.078293 0.161640 0.247387 0.084842 0.014359 0.079036 -0.154468
DB00682,-0.234647 1.011309 0.991154 0.073140 0.401322 0.575025 -0.532847 -0.338288 0.955927 -0.667880 -0.345952 -0.689829 -0.851272 0.906420 -1.753069 -0.327405 -0.336158 0.301033 -0.214787 0.874694 0.561454 0.740638 -1.484674 -0.671576 -0.476712 -0.569379 -0.434526 -0.296363 -1.093699 0.452494 0.991855 -0.392242 -0.518556 -0.275847 -0.394300 -0.067778 0.769400 0.154285 -0.200505 -0.425754 -1.020244 -2.002678 -0.193819 -0.667890 -0.616091 -0.186638 -0.554808 -0.252200 0.116759 -0.237326 0.056703 -1.166497 -0.548495 -0.079057 -0.222308 0.693328 -0.092569 -1.106415 -0.244279 0.957297 -0.221180 0.933520 -0.817957 0.184761
DB00683,-0.579392 0.192618 -0.138101 -0.407872 0.117096 0.379401 -0.261296 -0.382638 -0.031123 -0.367452 -0.445876 -0.323852 -0.118103 0.275785 -0.223922 -0.345343 -0.458780 0.244228 -0.205842 0.034848 0.345748 -0.300174 -0.084525 -0.325995 -0.485535 -0.389954 -0.598958 -0.581312 -0.197256 0.475392 0.204967 -0.546263 -0.466067 -0.458648 0.020667 -0.234073 0.173149 -0.386315 -0.413967 -0.346741 -0.367490 -0.097117 -0.435118 -0.248807 -0.328245 -0.424600 -0.461312 -0.431471 -0.102812 -0.408554 -0.623634 -0.135988 -0.359650 -0.535744 -0.583304 -0.033276 -0.549764 -0.384207 -0.534887 0.048031 -0.484192 0.313858 -0.370399 -0.541970
DB00691,0.736561 -0.594073 -0.098758 0.514077 -0.171582 -0.596595 0.504093 0.601933 -0.062954 0.594440 0.745180 0.678309 0.415852 -0.276679 0.658715 0.607195 0.515516 -0.419589 0.294145 -0.485250 -0.583493 0.362736 0.264341 0.562219 0.672144 0.617964 0.744089 0.478872 0.689005 -0.613584 -0.619117 0.782960 0.531308 0.449497 0.333976 0.580560 -0.422468 0.261486 0.549844 0.496106 0.672387 0.724697 0.573005 0.471842 0.521864 0.563953 0.667535 0.560641 -0.031090 0.662551 0.495388 0.486307 0.642817 0.619760 0.544024 -0.294213 0.610853 0.667995 0.686594 -0.536876 0.568007 -0.484992 0.585285 0.460128
DB00692,0.800435 -0.703419 -0.421436 0.681072 -0.660597 -0.698426 0.756798 0.653353 -0.349087 0.752339 0.812329 0.765099 0.598552 -0.645341 0.765025 0.706238 0.635143 -0.629265 0.565431 -0.707218 -0.634152 0.377923 0.555652 0.700716 0.756666 0.733146 0.825333 0.574538 0.826907 -0.627583 -0.732107 0.760837 0.654534 0.617211 0.555619 0.687967 -0.571637 0.333355 0.666863 0.685377 0.801328 0.728302 0.699892 0.602607 0.676434 0.707292 0.754376 0.713001 -0.287224 0.716927 0.609689 0.555727 0.758671 0.705517 0.677824 -0.474446 0.709363 0.728112 0.773158 -0.809088 0.698308 -0.668408 0.723371 0.676808
DB00694,0.454951 -0.373745 -0.810805 0.335478 -0.878919 -0.421042 0.334267 0.381338 -0.925121 0.501030 0.384856 0.409255 0.467980 -0.822904 0.552696 0.288738 0.613823 -0.703018 0.553529 -0.300811 -0.470652 -0.261161 0.433845 0.360621 0.423848 0.518784 0.071275 0.556845 0.442205 -0.823869 -0.389710 0.331496 0.418670 0.588442 -0.318044 0.009564 -0.448076 0.384077 0.532483 0.578473 0.619079 0.289456 0.411521 0.513095 0.547340 0.496315 0.487143 0.445261 -0.265650 0.410935 0.547850 0.581680 0.593680 0.369202 0.618027 -0.365269 0.437109 0.529977 0.445461 -0.303173 0.511299 -0.500452 0.528493 0.473403
DB00695,0.208093 0.392293 0.269481 0.139541 -0.084665 0.180874 -0.086371 -0.033029 0.440904 -0.215135 0.026322 -0.086569 -0.223099 0.458124 -0.975007 0.152336 -0.190838 0.036661 -0.123076 -0.079850 0.354524 0.383041 -0.244746 -0.236591 -0.177041 -0.184122 0.022743 -0.287080 -0.270975 0.032953 0.303559 0.145868 -0.098569 -0.014147 -0.148828 0.387976 0.252594 -0.236797 -0.068663 -0.179496 -0.680393 -0.646306 0.035771 -0.266068 -0.216389 -0.125901 0.006443 -0.002708 -0.015220 -0.128817 -0.092577 -0.410897 -0.195424 0.091234 -0.059601 0.140406 0.174157 -0.339500 0.089289 0.033439 0.026432 0.244813 -0.367052 0.394206
DB00696,-0.466365 -0.002508 -1.253168 -0.297833 -0.435200 0.265027 0.080668 -0.226284 -0.271937 -0.098732 -0.221760 -0.250294 -0.139831 -0.190897 0.151315 -0.517968 0.014249 0.356687 0.048381 0.112076 0.090271 0.121347 -0.384602 0.072376 -0.178824 -0.144366 -0.696204 0.081116 -0.044169 -0.023458 0.013896 -0.648392 -0.393295 -0.318806 -0.017078 -0.655424 0.087200 0.244007 -0.133748 -0.058429 0.344541 -0.006958 -0.184830 0.109640 -0.009613 -0.052176 -0.543148 -0.291414 0.358735 -0.092534 -0.054682 -0.036603 -0.051721 -0.421259 -0.231453 -0.486608 -0.721185 -0.085260 -0.455988 0.009360 -0.101693 0.036431 -0.017697 -0.504368
DB00697,0.360137 -0.482300 0.381797 0.227081 0.522192 -0.239280 0.389950 0.415919 -0.053371 0.307993 0.284611 0.412334 0.345821 -0.233829 0.291075 0.451479 0.247623 -0.169168 0.213060 -0.011473 -0.469372 -0.004590 0.229208 0.391581 0.437095 0.360423 0.030617 0.195169 0.445970 -0.192425 -0.468907 0.377310 0.462895 0.280832 0.628612 0.534543 -0.312064 0.488292 0.364910 0.294987 0.489385 0.584283 0.249529 0.350590 0.264696 0.241465 0.324266 0.369743 0.154990 0.463102 0.157442 0.411605 0.187898 0.373599 0.089512 0.050367 0.434897 0.417863 0.363743 -0.082950 0.241365 -0.239508 0.355187 0.127066
DB00700,-1.763324 1.505032 -1.415821 -1.647038 -0.901017 1.504387 -1.468596 -1.925899 0.069638 -1.433692 -1.077324 -1.308814 -1.743737 1.799584 -0.850866 -1.585975 -1.567225 1.495180 -2.045548 0.045040 1.977741 -1.585623 -1.456713 -1.643213 -1.694195 -1.568053 0.251669 -2.440479 -1.120897 1.094196 1.377531 -1.297863 -1.831329 -2.178254 -1.288943 -1.174055 1.672632 -2.637470 -1.830338 -1.695104 -1.425472 -1.117676 -1.729971 -1.821270 -1.733949 -1.734156 -1.361590 -1.699512 0.508861 -1.666289 -1.638510 -1.652771 -1.370791 -1.652490 -1.276466 0.124496 -1.416634 -1.392509 -1.483848 0.198490 -1.510325 1.296926 -1.607010 -1.290954
DB00704,0.746194 -0.833570 -0.606911 0.786268 -0.540276 -0.854464 0.805687 0.788648 -0.630730 0.826252 0.670551 0.839901 0.837706 -0.846977 0.669243 0.825621 0.732539 -0.764033 0.821279 -0.827085 -0.766843 0.592367 0.784628 0.825017 0.790374 0.802321 0.474085 0.679734 0.803507 -0.592885 -0.816561 0.733139 0.764657 0.779626 0.721734 0.776316 -0.863165 0.624743 0.770986 0.816684 0.716356 0.770204 0.818278 0.800931 0.821256 0.741678 0.757441 0.797162 -0.466709 0.757785 0.658004 0.816261 0.762754 0.738042 0.716500 -0.697420 0.734026 0.786571 0.782619 -0.786248 0.755734 -0.806658 0.792110 0.735343
DB00705,-0.430784 -0.441648 -1.198133 0.182540 -0.660568 -0.545601 0.034176 0.080267 -1.121486 0.294745 -0.344504 0.218079 0.349635 -0.695831 0.660313 -0.234872 0.319069 -0.379379 0.460183 -0.217001 -0.427469 0.101179 0.405484 0.391411 0.128392 0.185261 -0.591114 0.302274 0.239628 -0.456666 -0.285866 -0.448197 -0.048941 0.096682 -0.030596 -0.534412 -0.494016 0.188433 0.165760 0.318164 0.368198 0.772593 0.176935 0.543924 0.393424 0.290906 -0.208085 -0.004731 -0.189604 0.221205 0.365117 0.538469 0.267550 -0.136617 0.440371 -0.978933 -0.471139 0.496558 -0.172022 -0.378720 0.208665 -0.359982 0.424299 -0.028269
DB00706,0.033486 -0.250512 -0.645358 0.031586 -0.384312 -0.244774 0.264150 -0.114180 -0.260110 0.246139 -0.002549 0.215420 0.276831 0.075542 0.760944 0.142399 -0.186268 -0.230536 -0.026085 -0.815087 -0.027520 -0.268841 0.549907 0.056199 0.042191 0.078674 0.697180 -0.267448 0.409795 0.135889 -0.246579 0.145890 0.005799 -0.104515 0.371886 0.151550 -0.194691 -0.599320 -0.143941 -0.008738 0.163506 0.486912 -0.014193 0.028872 0.060966 -0.174599 0.306065 0.065244 -0.712663 -0.185201 -0.278967 0.114732 0.256976 -0.072980 -0.023970 -0.479445 0.218282 0.104067 0.076144 -0.846327 -0.076558 -0.343627 0.136993 0.035196
DB00708,0.323166 -0.580262 -0.203235 0.110570 -0.021205 -0.309802 0.524401 0.302322 -0.235936 0.408228 0.428166 0.435802 0.396783 -0.426057 0.776104 0.387237 0.248879 -0.085385 0.202020 -0.416157 -0.400598 0.011796 0.525659 0.406141 0.426367 0.375720 0.460666 0.249336 0.592148 -0.024133 -0.569009 0.378825 0.386518 0.203597 0.587368 0.396154 -0.385250 0.202268 0.249518 0.311811 0.711239 0.805433 0.231115 0.331567 0.323086 0.206636 0.353663 0.321609 -0.027623 0.354521 0.034702 0.491082 0.357855 0.260955 0.062311 -0.127290 0.366123 0.431880 0.301490 -0.409961 0.217003 -0.473741 0.439087 0.003677
DB00709,-1.001713 1.147271 1.133025 -0.598132 -0.422392 0.950228 -1.058858 -1.072023 0.994614 -1.072019 -1.543933 -0.974155 -0.620141 1.414689 -1.264713 -0.597505 -1.380176 0.614130 -0.803747 -0.501318 1.550615 -1.079152 -0.208968 -1.289600 -1.382135 -1.105090 -0.464383 -2.041024 -1.026342 1.047743 1.138814 -0.900286 -0.994984 -0.995896 -0.547267 -0.175787 0.990933 -1.905829 -1.065916 -1.021392 -2.115817 -1.528032 -1.003831 -1.330969 -1.229274 -1.198548 -0.575575 -0.864631 -1.124393 -1.444271 -1.304939 -1.072483 -1.000513 -0.800888 -1.027849 0.586530 -0.555687 -1.401527 -0.935967 -0.062746 -1.030948 0.945803 -1.336017 -0.102111
DB00710,0.745701 -0.796345 -0.403983 0.757812 -0.364148 -0.837055 0.704275 0.767830 -0.323549 0.797636 0.660026 0.814157 0.774937 -0.527620 0.795591 0.779203 0.698367 -0.740930 0.745140 -0.688222 -0.821526 0.643940 0.721327 0.771571 0.748662 0.754318 0.521066 0.655911 0.784181 -0.523143 -0.801216 0.791026 0.751294 0.688227 0.545171 0.724886 -0.843309 0.552448 0.698743 0.738263 0.776296 0.763836 0.785714 0.773319 0.772176 0.732141 0.797594 0.735498 -0.473329 0.732250 0.658909 0.768497 0.800210 0.702227 0.677842 -0.570967 0.714024 0.771307 0.758270 -0.670674 0.687405 -0.751432 0.751835 0.673079
DB00712,-0.109618 1.427984 1.711626 -0.441327 0.741346 0.885210 -0.624503 -0.643080 1.342757 -0.970132 -0.289048 -0.900882 -1.124993 1.162328 -1.596642 -0.466747 -0.760334 0.946104 -0.625651 0.940901 1.044856 1.396561 -1.514728 -0.857364 -0.741540 -0.926683 0.139731 -0.348902 -1.242440 0.543610 1.161028 -0.307553 -0.832624 -0.684753 -0.310845 -0.042903 1.205337 0.016628 -0.638804 -0.799308 -1.091857 -2.248195 -0.445777 -0.897691 -0.913713 -0.627271 -0.638491 -0.628309 0.918394 -0.635088 -0.361571 -1.480837 -0.761225 -0.514887 -0.630224 0.799056 -0.002637 -1.345589 -0.404697 0.975841 -0.578719 1.202204 -1.141897 -0.292895
DB00713,0.198994 -0.507039 -0.672661 0.354535 -0.591482 -0.543727 0.404270 0.181714 -0.352215 0.427799 -0.056514 0.390723 0.623355 -0.131942 0.723485 0.399418 0.057732 -0.527828 0.317653 -1.064687 -0.215244 -0.215614 1.032890 0.284745 0.203978 0.311102 0.368542 -0.129329 0.506686 -0.277564 -0.437390 0.328947 0.301282 0.242052 0.466712 0.497145 -0.557061 -0.472186 0.149186 0.320525 0.222399 0.489251 0.256918 0.289862 0.324533 0.182155 0.503708 0.345996 -1.113126 0.106375 -0.042885 0.484361 0.465510 0.232670 0.207901 -0.536096 0.346509 0.283551 0.261730 -0.911885 0.128951 -0.662537 0.327385 0.485777
DB00714,0.301288 0.440169 0.692894 0.114946 0.536512 0.327149 0.147389 0.074052 0.267108 -0.248207 0.384893 -0.102566 -0.338776 0.272124 -1.067083 0.148212 0.013381 0.394189 0.073701 0.566648 0.120947 1.370922 -0.978806 -0.027516 0.034836 -0.133752 0.025539 0.198048 -0.377124 0.130347 0.273841 0.044362 -0.209986 -0.069270 0.592757 0.358851 0.525414 1.018496 0.203574 -0.043202 -0.161891 -0.935781 0.157192 -0.058450 -0.154183 -0.045761 -0.237371 -0.012976 0.986851 0.166426 0.137703 -0.590736 -0.144999 0.091689 -0.186074 0.291136 0.263789 -0.476691 0.147162 0.594475 0.064972 0.575347 -0.289508 -0.256308
DB00715,-0.062808 -0.119115 0.297708 -0.001266 0.762704 0.003010 0.056595 0.042794 -0.101602 0.020096 0.023732 0.050360 -0.008443 -0.120965 0.084752 0.089255 0.031584 0.262360 -0.004189 0.251527 -0.251500 0.092602 -0.018208 0.083675 0.125859 0.011783 0.108011 0.149785 0.045632 0.286440 -0.062521 0.031803 0.125375 -0.031546 0.307543 0.089344 0.025257 0.349535 0.054417 0.019519 0.231632 0.183492 -0.011402 0.023491 -0.001038 0.015580 -0.071526 0.032025 0.171015 0.119320 -0.004085 0.003080 -0.080434 0.107073 -0.147500 0.228651 0.127017 0.036445 0.015608 0.302915 -0.052031 0.032335 0.084591 -0.245810
DB00717,0.149438 -0.277629 -0.539815 0.358917 -0.566606 -0.245852 0.305376 0.340828 -0.694309 0.292078 0.185112 0.227896 0.250272 -0.445846 0.047051 0.064243 0.440514 -0.367396 0.485568 -0.083874 -0.322170 0.474119 -0.064165 0.418251 0.269462 0.285415 -0.363359 0.473110 0.187010 -0.625388 -0.237273 -0.002163 0.110304 0.358845 0.226723 0.028703 -0.266418 0.618755 0.381181 0.383814 0.255535 0.143037 0.397495 0.482973 0.422172 0.434203 0.042459 0.249379 -0.036634 0.436447 0.498785 0.302497 0.398316 0.242198 0.397525 -0.766230 -0.035982 0.282722 0.159823 -0.145619 0.450143 -0.166196 0.323738 0.298386
DB00719,0.722353 -0.830878 -0.397392 0.773775 -0.455365 -0.866866 0.654143 0.772045 -0.401743 0.784618 0.663760 0.818341 0.781845 -0.637201 0.850837 0.785620 0.703634 -0.648536 0.740420 -0.727251 -0.806305 0.465742 0.734596 0.788989 0.761259 0.778904 0.509158 0.604817 0.796263 -0.569937 -0.838958 0.768594 0.763386 0.719899 0.497573 0.711904 -0.890600 0.518097 0.730754 0.758063 0.814393 0.818491 0.764904 0.745675 0.760201 0.724974 0.759323 0.736712 -0.430575 0.760012 0.656467 0.740186 0.721295 0.728406 0.659627 -0.652338 0.676699 0.781577 0.742142 -0.690916 0.679399 -0.754235 0.782599 0.617440
DB00720,0.809265 -0.828399 -0.565203 0.807282 -0.680860 -0.892325 0.874906 0.790158 -0.620945 0.860077 0.689696 0.859935 0.871939 -0.735432 0.775391 0.837458 0.742889 -0.853737 0.855740 -0.800944 -0.792798 0.759348 0.753066 0.843101 0.804878 0.809690 0.611309 0.735621 0.854379 -0.664767 -0.821744 0.806536 0.780947 0.798618 0.752813 0.820700 -0.842873 0.623685 0.741093 0.831057 0.782369 0.709978 0.851894 0.837170 0.854334 0.793259 0.840530 0.811952 -0.641337 0.763373 0.690504 0.825924 0.864119 0.741888 0.746270 -0.714719 0.817092 0.778055 0.821571 -0.828085 0.764709 -0.838238 0.819319 0.786497
DB00722,0.413880 -0.244916 -0.305660 0.113549 -0.413285 -0.324155 0.389298 0.046162 0.008421 0.321745 0.348877 0.338054 0.277909 0.080982 0.527781 0.323637 -0.068202 -0.207308 -0.044896 -0.786950 -0.052696 0.262544 0.394446 0.134631 0.238773 0.187316 0.908008 -0.052927 0.482541 -0.095191 -0.268588 0.480786 0.106542 -0.002621 0.534570 0.489503 -0.182545 -0.333684 -0.022772 0.103479 0.257353 0.381125 0.164302 0.100558 0.159197 0.036674 0.461815 0.194294 -0.496383 0.082556 -0.149387 0.117806 0.424060 0.135710 0.088184 -0.127459 0.463828 0.152249 0.307917 -0.672813 0.069695 -0.347493 0.170785 0.242931
DB00723,0.827289 -0.812677 -0.600226 0.734754 -0.713979 -0.713097 0.872283 0.705790 -0.392031 0.798975 0.816599 0.807465 0.724952 -0.705192 0.759273 0.774977 0.678752 -0.708236 0.703261 -0.783081 -0.682040 0.554237 0.730068 0.770560 0.769866 0.765733 0.709542 0.687090 0.837343 -0.545857 -0.795643 0.748769 0.706760 0.677492 0.465553 0.756880 -0.686506 0.517188 0.699976 0.729936 0.827152 0.718214 0.773205 0.737427 0.756997 0.751132 0.788650 0.748449 -0.314778 0.748717 0.638244 0.653546 0.760926 0.739015 0.710290 -0.575186 0.769655 0.805152 0.791890 -0.802414 0.727396 -0.812397 0.758967 0.777130
DB00724,0.792557 -0.860751 -0.728648 0.822240 -0.741683 -0.912628 0.894593 0.789800 -0.719132 0.895329 0.700358 0.880610 0.923393 -0.790770 0.854909 0.827315 0.729296 -0.845604 0.888744 -0.892178 -0.814163 0.724797 0.804657 0.866541 0.806843 0.825844 0.582714 0.751306 0.885009 -0.714301 -0.863397 0.780954 0.756662 0.768124 0.784593 0.797539 -0.895050 0.657950 0.754770 0.853562 0.839119 0.775322 0.859797 0.889396 0.877925 0.793691 0.832767 0.810939 -0.613643 0.768223 0.674571 0.850987 0.910867 0.727162 0.741809 -0.836559 0.792959 0.795325 0.801146 -0.910818 0.765613 -0.888920 0.846009 0.744155
DB00726,-0.023614 -0.313069 0.485485 0.037984 0.629756 0.030665 0.039865 0.103736 0.331070 -0.008619 0.108471 0.139991 -0.047745 -0.095331 -0.174369 0.145097 0.082845 0.336565 -0.035893 0.293932 -0.265261 -0.060163 0.232754 0.056121 0.090553 0.001275 -0.348997 0.074160 0.033661 0.242559 -0.119285 0.046556 0.116993 0.004408 -0.159711 0.070407 -0.067008 0.134576 0.161958 -0.020382 0.193455 0.417075 0.049510 0.018906 -0.000088 0.104040 -0.051594 -0.037574 0.547473 0.209700 0.079587 0.021735 -0.327642 0.128995 -0.019957 0.437003 -0.059510 0.239044 0.068904 0.140503 -0.017134 -0.026616 0.060100 -0.192012
DB00730,-1.241432 1.398285 0.537645 -1.452320 -0.061778 1.078506 -0.822500 -1.892082 1.105222 -1.158970 -1.659313 -1.329756 -0.515136 2.087755 -0.258940 -1.010761 -2.413061 0.917703 -1.568367 -0.935067 1.756444 -0.894414 -0.345918 -1.682080 -1.730031 -1.558849 0.681160 -2.439716 -1.059568 1.801784 1.252327 -0.976629 -1.507369 -1.937179 0.731307 -0.182886 0.828214 -2.392068 -1.942560 -1.634965 -1.790057 -1.843147 -1.670203 -1.568504 -1.618966 -2.194794 -0.612790 -1.445328 -2.138550 -2.125397 -2.294988 -1.375081 -1.010488 -1.550723 -1.688166 0.569812 -0.513957 -1.746208 -1.403621 -0.205506 -1.988952 0.495501 -1.616472 -0.903310
DB00732,-0.574499 -0.053645 1.047680 -0.766339 1.142625 0.534193 -0.283907 -0.450716 -0.010011 -0.620603 -0.812534 -0.440635 -0.414753 -0.049471 -0.410438 -0.101263 -0.375973 1.586185 -0.860026 0.790533 0.420670 -1.629433 -0.143512 -0.436482 -0.226999 -0.390742 -0.433906 -0.794124 -0.288332 1.542097 0.153046 -0.307007 -0.005288 -0.266985 0.342046 0.064098 0.436885 -0.272272 -0.366123 -0.506415 0.048361 0.447078 -0.745835 -0.789362 -0.661262 -0.823521 -0.714196 -0.418311 0.790315 -0.355219 -0.862659 -0.436865 -1.064430 -0.122281 -1.259919 1.768015 -0.255931 -0.459775 -0.499046 0.993573 -0.584419 0.331183 -0.368924 -1.131724
DB00733,0.181423 -0.428704 -0.702629 0.238401 -0.620837 -0.449957 0.482882 0.090043 -0.364467 0.406276 -0.127612 0.368814 0.655067 -0.003297 0.754784 0.386794 -0.094461 -0.397357 0.267318 -1.141997 -0.122402 0.145256 0.899098 0.214503 0.151507 0.227537 0.569478 -0.182443 0.504264 0.006180 -0.387634 0.335977 0.201322 0.109930 0.825418 0.547849 -0.480761 -0.409076 -0.008947 0.221567 0.180417 0.365966 0.206681 0.252488 0.271792 0.016720 0.515399 0.246559 -1.339583 -0.108598 -0.187988 0.358258 0.495655 0.105886 0.072677 -0.457333 0.397529 0.158371 0.238571 -1.030180 0.009484 -0.642238 0.233101 0.311669
DB00734,-0.100513 -0.204679 0.162227 -0.081103 0.439780 0.066949 0.066074 -0.005065 0.120843 -0.000223 0.163565 0.067510 -0.098823 -0.009824 0.288303 0.027545 0.022813 0.301949 -0.079621 0.182156 -0.157004 -0.073025 0.034824 0.087588 0.097614 0.004967 0.118119 0.020481 0.140792 0.234938 -0.184987 -0.003326 0.041555 -0.136798 0.139317 -0.060221 0.102512 0.148585 0.061132 -0.040793 0.356402 0.376010 -0.073314 -0.016865 -0.032030 -0.056497 -0.067858 -0.004736 0.637408 0.166859 -0.069500 0.027776 -0.101100 -0.006789 -0.128158 0.019590 -0.107013 0.106310 -0.019865 0.119975 -0.014239 -0.031042 0.078445 -0.424470
DB00737,0.372180 -0.701296 -0.294423 0.405990 -0.083266 -0.507999 0.598678 0.426523 -0.662048 0.497952 0.385974 0.552633 0.567696 -0.429128 0.672583 0.576824 0.367782 -0.288226 0.425082 -0.476709 -0.555778 0.004181 0.814940 0.520324 0.520867 0.492001 0.341322 0.275097 0.635321 -0.036853 -0.641910 0.440960 0.567498 0.474110 0.685711 0.482870 -0.594540 0.351326 0.421629 0.452007 0.680119 0.908582 0.372610 0.448766 0.439643 0.321229 0.418330 0.454933 -0.317977 0.488830 0.185201 0.591523 0.355002 0.432219 0.159949 -0.115308 0.484145 0.508914 0.421984 -0.437911 0.306865 -0.529290 0.539749 0.159632
DB00738,-0.197869 0.025402 0.227032 0.030258 0.257996 -0.016740 -0.366255 -0.086084 0.188562 -0.021405 -0.139186 0.004742 -0.073461 0.228723 0.163776 -0.048369 -0.174191 0.180286 -0.144451 -0.146834 0.001332 -0.039278 -0.061933 -0.032955 -0.127863 -0.090898 0.025801 -0.161507 -0.057615 0.039982 0.037957 -0.005182 -0.126651 -0.214145 -0.358372 -0.027070 -0.057188 -0.370608 -0.140647 -0.163382 -0.263799 0.155714 -0.044236 -0.087046 -0.071380 -0.149062 0.000674 -0.093132 0.155794 -0.281254 -0.140504 0.005420 -0.025969 -0.148461 0.074049 -0.686910 -0.232716 0.048822 -0.072955 -0.179448 -0.124800 -0.038054 -0.079725 -0.122187
DB00740,0.356659 -0.591362 0.079446 0.396264 0.232472 -0.348710 0.559338 0.512211 -0.441244 0.448634 0.252536 0.513577 0.565892 -0.485128 0.465679 0.537813 0.413048 -0.335893 0.474046 -0.245547 -0.622466 0.060838 0.445167 0.515401 0.519590 0.486386 -0.021125 0.320052 0.530512 -0.266275 -0.631148 0.344683 0.586965 0.469406 0.665501 0.573149 -0.588505 0.510475 0.513217 0.477888 0.542291 0.640405 0.375870 0.483002 0.450446 0.404446 0.398387 0.496771 -0.183817 0.529587 0.272844 0.635698 0.285217 0.474463 0.206079 -0.172844 0.428008 0.532959 0.430490 -0.220149 0.339834 -0.479982 0.502438 0.229695
DB00741,-0.652443 1.024306 0.013267 -0.478754 0.411832 0.850747 -0.911393 -0.375458 -0.245933 -0.782176 -0.434226 -0.907061 -1.071467 0.072563 -1.609769 -1.079504 -0.085316 0.555155 -0.505097 1.648294 0.576788 0.270982 -1.407523 -0.395566 -0.728427 -0.760061 -1.366234 0.157209 -1.354293 -0.129800 1.075437 -1.039195 -1.011703 -0.577334 -1.051853 -1.118185 0.810306 0.285040 -0.164978 -0.547120 -1.202724 -0.692852 -0.259727 -0.337824 -0.451417 -0.241832 -1.217600 -0.838532 1.582047 -0.339715 0.400144 -0.816358 -0.804707 -0.623248 0.015281 0.101981 -1.288972 -0.504096 -0.782965 1.145761 -0.203238 1.108334 -0.657542 -0.868801
DB00743,0.163856 -0.189632 -0.073941 0.186334 -0.288319 -0.321698 0.112124 0.024816 0.246110 0.196033 0.070013 0.165903 0.304039 0.262470 0.589870 0.276409 -0.173148 -0.167651 0.121603 -0.784764 -0.035809 0.104095 0.483406 0.052969 0.016982 0.091302 0.539887 -0.256243 0.293711 0.165317 -0.217677 0.306224 0.093144 -0.031978 0.318453 0.407329 -0.242769 -0.410440 -0.041020 0.064211 0.016547 0.065631 0.086373 0.018021 0.068595 -0.080685 0.377507 0.154538 -0.643843 -0.092988 -0.210058 0.118966 0.248978 0.087424 -0.057319 -0.319740 0.311907 -0.006747 0.123535 -0.562982 -0.066047 -0.304057 0.048307 0.162498
DB00744,-0.440325 0.258003 -0.026250 -0.119991 0.406858 -0.115543 -0.310709 -0.127642 -0.043167 -0.144621 -0.765319 -0.106455 -0.135877 -0.170817 -0.507425 -0.318536 -0.082611 0.412920 -0.107786 0.291377 -0.198147 0.684063 -0.915993 -0.005225 -0.079657 -0.187794 -0.384697 0.046967 -0.585824 0.186552 0.361603 -0.408581 -0.256754 -0.311674 0.188833 -0.039610 -0.149488 0.437814 0.022877 -0.027388 -0.126252 -0.376891 -0.050812 0.066953 -0.177360 0.193723 -0.413909 -0.255234 -0.497614 0.094388 0.472594 -0.365311 -0.431631 -0.118859 0.307540 0.422080 0.035486 0.088204 -0.134649 0.554997 -0.250933 0.189614 -0.072251 -0.040952
DB00745,-0.593140 0.749365 -0.977251 -0.662619 -0.608004 0.372251 -0.505190 -0.679875 -0.622612 -0.511002 -0.733496 -0.557882 -0.666599 0.061455 -0.751400 -0.974869 -0.244873 0.304027 -0.169268 0.519065 0.433636 1.224821 -1.558484 -0.390728 -0.829038 -0.796054 -0.962401 0.016500 -0.816528 0.052418 0.893429 -1.088294 -1.478684 -1.002986 0.119708 -0.869940 0.540986 0.550943 -0.502523 -0.364436 -0.289873 -0.880285 -0.293583 -0.035797 -0.331456 -0.219670 -1.109933 -1.140603 0.514892 -0.575322 0.064446 -0.744967 -0.415493 -1.130085 -0.170254 -0.521704 -0.848592 -0.563033 -0.823230 0.595684 -0.678600 0.741047 -0.496078 -1.312356
DB00746,0.824096 -0.895490 -0.697465 0.861564 -0.732009 -0.939432 0.920967 0.828710 -0.707453 0.922721 0.714242 0.917351 0.947625 -0.797840 0.882995 0.874358 0.748865 -0.866850 0.907157 -0.916303 -0.841391 0.713238 0.860999 0.889744 0.844773 0.859383 0.616782 0.766943 0.911804 -0.711254 -0.897205 0.829577 0.810155 0.811072 0.790605 0.847308 -0.919487 0.651536 0.784928 0.877347 0.854415 0.818151 0.887638 0.904623 0.898452 0.820294 0.877240 0.856139 -0.617895 0.801201 0.692082 0.888238 0.930227 0.778756 0.771942 -0.813922 0.839213 0.827498 0.844153 -0.927108 0.795316 -0.915638 0.870411 0.796134
DB00748,0.327649 -0.593120 0.023725 0.368513 0.226248 -0.435991 0.464684 0.514964 -0.096247 0.402058 0.383165 0.455582 0.461440 -0.349635 0.728187 0.523769 0.323874 -0.128281 0.398162 -0.393458 -0.556102 0.167106 0.475091 0.477371 0.493367 0.443940 0.271090 0.305217 0.543674 0.027027 -0.647085 0.460649 0.520694 0.360677 0.505024 0.488283 -0.517158 0.364330 0.421582 0.403116 0.692704 0.586314 0.333059 0.391859 0.369704 0.340914 0.401117 0.469107 -0.106361 0.510744 0.163495 0.474843 0.324633 0.456641 0.075156 -0.119918 0.368445 0.381549 0.396734 -0.292813 0.271921 -0.503870 0.450791 0.041308
DB00749,-1.496897 3.702037 4.229474 -3.257413 1.956635 2.804015 -2.987690 -3.075692 5.567989 -3.263620 -1.436262 -3.239737 -3.652206 4.410533 -2.223799 -2.416354 -3.056589 2.628923 -3.486336 2.875103 3.709244 0.167252 -2.534091 -3.302051 -2.996986 -3.260051 0.862556 -2.746828 -2.983982 3.424363 3.600545 -1.390237 -2.524177 -2.588037 -2.035085 -1.441125 3.846579 -3.214955 -3.742576 -3.347625 -3.246078 -4.029613 -2.927003 -4.012460 -3.304580 -2.885585 -1.917927 -2.710440 1.028562 -3.189626 -2.586703 -3.699983 -2.835173 -2.833204 -2.749072 4.559545 -1.212178 -3.495465 -2.255138 3.350614 -3.111656 3.554501 -3.435544 -1.600861
DB00751,0.156997 -0.738590 -0.274115 0.516441 0.038089 -0.527252 0.302368 0.571357 -0.402906 0.427269 0.190611 0.523809 0.517586 -0.645766 0.571810 0.470946 0.539037 -0.362115 0.532500 -0.362444 -0.681750 -0.337632 0.820745 0.536298 0.516798 0.521455 -0.210493 0.233861 0.519459 -0.235299 -0.700451 0.244587 0.640011 0.596436 0.082332 0.205673 -0.657297 0.214065 0.578046 0.513298 0.525964 0.946468 0.356052 0.426958 0.466558 0.490930 0.312265 0.502941 0.080013 0.692577 0.398980 0.692712 0.108909 0.539354 0.378190 -0.315848 0.134229 0.648509 0.384832 -0.289940 0.444051 -0.472435 0.568211 0.239154
DB00752,0.406711 -0.071683 0.555757 0.219979 0.595941 0.065671 0.312739 0.305115 0.208257 0.106624 0.420220 0.216468 0.052260 -0.210701 -0.284362 0.346798 0.185213 0.045172 0.131664 0.145028 -0.174840 0.499800 -0.164712 0.160823 0.281067 0.161021 0.226637 0.334971 0.163620 0.041697 -0.174225 0.309009 0.236442 0.144134 0.400728 0.437805 0.080635 0.524979 0.269604 0.170021 0.181666 -0.007492 0.246010 0.130963 0.120091 0.201995 0.176928 0.240128 0.282961 0.334683 0.145547 0.006795 0.126211 0.338893 0.037543 0.082273 0.351393 0.008045 0.330045 0.061262 0.196559 0.048864 0.103138 0.040995
DB00753,-0.894337 1.535170 2.961093 -1.605273 2.804078 2.071775 -1.602970 -1.133884 2.291694 -2.134203 -0.011070 -1.498938 -2.309389 2.007473 -2.278773 -0.986050 -1.279345 3.131797 -2.256762 2.688791 1.442762 -1.718973 -2.277358 -1.616607 -1.065460 -1.493162 -0.743700 -1.669580 -1.546231 2.163107 1.268974 -1.009201 -1.183697 -1.600229 -1.256714 -0.884336 2.469223 -0.596384 -1.026478 -1.809504 -0.829636 -0.828284 -1.711389 -2.186786 -2.051029 -1.512406 -1.785726 -1.392611 4.173641 -0.635535 -1.465461 -2.411152 -2.625011 -0.646364 -2.216736 3.554713 -1.317217 -1.500261 -1.138733 3.325647 -1.445211 2.240384 -1.738465 -2.237884
DB00758,0.144475 -0.331710 -0.573121 0.209743 -0.020822 -0.538546 0.212631 0.180313 -0.594092 0.405051 0.072803 0.412832 0.379981 -0.514542 0.558989 0.211562 0.273831 -0.347375 0.331621 -0.306217 -0.507008 0.390951 0.331167 0.282854 0.252737 0.238839 0.455956 0.435838 0.266326 -0.413105 -0.271909 0.203705 0.121306 0.056953 0.330568 0.195355 -0.426074 0.334633 0.214275 0.364384 0.461633 0.430511 0.326055 0.437810 0.386426 0.417037 0.257608 0.095337 -0.678945 0.241520 0.387602 0.350120 0.354995 0.064300 0.453511 -0.331919 0.428299 0.440812 0.257199 -0.174474 0.060813 -0.457064 0.407228 -0.039498
DB00762,0.115597 -0.352126 -1.056995 0.158960 -1.105365 -0.461299 0.249322 0.209931 -1.008895 0.443931 0.136596 0.311922 0.412161 -0.903446 0.582669 0.049903 0.536631 -0.684355 0.493537 -0.265489 -0.404925 -0.273625 0.501395 0.298116 0.223651 0.369172 -0.322246 0.435607 0.377458 -0.695412 -0.332555 0.010947 0.183533 0.356869 -0.292358 -0.274145 -0.515640 0.254725 0.335652 0.459233 0.535205 0.552995 0.281042 0.522510 0.507028 0.441470 0.261859 0.169938 -0.211997 0.280867 0.447848 0.594371 0.454039 0.073239 0.519546 -0.576455 0.034165 0.553093 0.152289 -0.376231 0.331268 -0.481468 0.469190 0.211674
DB00763,-4.523736 3.648644 -0.369772 -3.567258 -0.377168 3.314590 -3.387481 -3.897475 -0.413696 -3.364267 -4.434068 -3.804125 -3.136627 2.855937 -2.754603 -4.414589 -3.228760 2.452833 -2.819088 2.219439 3.662929 -2.430373 -2.544830 -3.475360 -3.949987 -3.668800 -3.551049 -3.376897 -3.598001 2.129708 3.760762 -4.476550 -4.029861 -3.642765 -3.058607 -4.328905 3.385491 -2.733676 -3.694961 -3.327774 -3.509236 -3.211026 -3.618184 -2.813011 -3.203445 -3.493599 -3.858589 -3.679320 0.685659 -3.844508 -2.856192 -2.838230 -2.592433 -3.942234 -2.752540 0.444511 -4.173099 -3.448255 -4.243776 2.765164 -3.051417 3.141519 -3.553729 -2.708176
DB00766,0.823302 -0.887347 -0.686128 0.857178 -0.717450 -0.930879 0.911602 0.825417 -0.701190 0.916511 0.718796 0.910410 0.940345 -0.790749 0.874853 0.867971 0.748080 -0.863592 0.903112 -0.902666 -0.836477 0.706281 0.853749 0.884641 0.841064 0.854828 0.615545 0.767586 0.905005 -0.716583 -0.889473 0.825903 0.807644 0.809101 0.778272 0.840141 -0.909898 0.654818 0.781220 0.873626 0.846797 0.807437 0.883306 0.900036 0.893934 0.817608 0.872607 0.853428 -0.613841 0.799197 0.690020 0.881655 0.923715 0.777439 0.769698 -0.808657 0.838258 0.822978 0.840169 -0.913680 0.794837 -0.905410 0.865370 0.797589
DB00772,0.829096 -0.858268 -0.687351 0.861310 -0.737541 -0.913908 0.918080 0.819366 -0.683190 0.901297 0.716195 0.895365 0.923349 -0.779064 0.805707 0.865384 0.743002 -0.848813 0.898640 -0.894573 -0.820347 0.760332 0.791340 0.873801 0.834913 0.844072 0.611274 0.763176 0.879458 -0.706447 -0.868178 0.819052 0.784694 0.801829 0.810699 0.847215 -0.883440 0.681424 0.782616 0.867042 0.831640 0.728165 0.885323 0.888767 0.879637 0.813679 0.857459 0.847007 -0.604278 0.791145 0.698308 0.835473 0.913335 0.779043 0.755319 -0.807361 0.839856 0.785208 0.842288 -0.903334 0.787043 -0.884796 0.845574 0.787544
DB00773,0.067605 -0.151158 -0.924291 0.087083 -0.933204 -0.209567 -0.015871 0.136353 -0.831475 0.268727 0.161760 0.122489 0.258573 -0.867644 0.323821 -0.090929 0.499032 -0.522131 0.390670 0.005728 -0.315736 -0.493112 0.164859 0.170696 0.135509 0.300868 -0.450879 0.427737 0.165132 -0.644556 -0.156170 -0.123697 0.106587 0.325903 -0.544783 -0.492579 -0.306016 0.301652 0.306369 0.360791 0.410087 0.160660 0.164550 0.384205 0.364171 0.360476 0.103145 0.106425 -0.132643 0.277364 0.452356 0.432758 0.273052 0.042252 0.478762 -0.415821 -0.040629 0.444093 0.076420 -0.138756 0.314072 -0.251680 0.353703 0.191233
DB00774,-0.965925 1.543799 0.325842 -1.323097 -0.244275 1.192469 -2.092453 -1.496132 1.212086 -1.307219 -0.030082 -1.166771 -1.740431 1.586896 -1.073202 -1.068458 -1.200221 1.386663 -2.376373 0.619426 1.661753 -2.936204 -0.691981 -1.699678 -1.184787 -1.110917 0.779190 -1.922418 -0.937533 0.954440 1.354927 -0.516595 -1.126022 -1.167439 -2.288117 -1.041015 1.653352 -2.762611 -1.276212 -1.573174 -1.761255 -0.521499 -1.454042 -2.098603 -1.619276 -1.451086 -0.806854 -1.184052 0.813877 -1.231711 -1.295854 -1.575905 -1.335793 -0.719565 -0.760922 1.117111 -0.821245 -0.878606 -0.921268 0.577232 -1.192084 1.187067 -1.344491 -0.704103
DB00775,0.277032 -0.341964 -0.489941 0.137552 -0.351201 -0.371338 0.236324 0.106596 -0.271196 0.373290 0.112646 0.293818 0.457675 -0.045300 0.778711 0.273109 0.011386 -0.475644 0.189806 -0.873354 -0.091651 -0.509028 0.878350 0.111516 0.137202 0.239915 0.672377 -0.074506 0.440334 -0.219671 -0.319983 0.349984 0.300349 0.236805 0.183124 0.294386 -0.348697 -0.422563 -0.004036 0.241919 0.215780 0.266992 0.088529 0.169614 0.270892 0.054204 0.519302 0.275797 -1.367938 -0.038314 -0.131595 0.453127 0.452143 0.213233 0.153275 -0.335233 0.394619 0.204791 0.241165 -0.722672 0.047080 -0.525249 0.258461 0.380380
DB00776,-1.306653 0.548723 1.228739 -1.412107 2.175241 1.527238 -0.729244 -0.892384 0.738836 -1.270050 -1.322267 -1.213880 -0.945506 -0.231171 -0.719684 -1.240161 -0.928886 1.401882 -0.950915 1.388933 0.764386 -0.862521 -0.957470 -0.853225 -0.891049 -1.045887 -2.346984 -0.725062 -0.839750 1.561752 0.617758 -1.661119 -0.901382 -1.056239 -0.063796 -1.211304 0.835329 -0.172803 -0.926791 -1.031093 -0.299995 -0.189539 -1.306653 -0.753912 -1.063630 -1.267566 -1.676498 -1.180422 1.164304 -0.717385 -1.386876 -0.584811 -1.287412 -1.316156 -1.744645 1.020450 -1.685282 -0.998850 -1.468640 1.416406 -1.286855 1.141467 -0.869270 -2.073065
DB00779,0.220688 1.068927 3.677497 0.240286 1.954672 0.957159 -0.688664 0.115360 2.166679 -0.686058 0.089422 -0.530188 -0.996623 0.957990 -1.991490 -0.019491 0.138876 0.874946 -0.495225 1.959960 0.163331 0.702593 -2.123329 -0.369448 -0.158638 -0.343676 -0.408958 0.118854 -1.229517 0.596700 0.829715 0.055151 -0.118542 -0.015915 -0.715644 0.217544 1.036957 0.855623 0.264403 -0.404613 -1.041194 -1.764765 0.022053 -0.566476 -0.545819 -0.049107 -0.382139 -0.099356 1.385864 0.185328 0.742256 -1.124298 -0.759330 0.457899 -0.059776 1.066076 -0.051481 -0.560872 0.132149 1.902202 0.197591 1.448218 -0.704396 0.145421
DB00780,-0.200408 -0.069978 0.271953 -0.377273 0.527837 0.172628 0.099426 -0.282926 0.394655 -0.050708 -0.124596 -0.025501 0.094677 0.266458 0.525494 0.025277 -0.549566 0.285397 -0.372479 -0.357700 0.158060 -0.385828 0.489761 -0.239046 -0.140930 -0.209553 0.543853 -0.439770 0.221330 0.570659 -0.096325 0.064798 -0.065899 -0.385270 0.426065 0.179187 0.044338 -0.621680 -0.440026 -0.305373 -0.021056 0.400218 -0.342904 -0.250395 -0.243766 -0.504493 0.110541 -0.128897 -0.512169 -0.379435 -0.802818 -0.011147 -0.008863 -0.254394 -0.549990 0.202931 -0.019193 -0.211139 -0.177921 -0.315912 -0.450281 -0.180940 -0.150786 -0.373007
DB00783,-0.274443 1.009120 0.707873 -0.291609 0.305073 0.551709 -0.547045 -0.533780 0.423968 -0.698340 -0.469664 -0.705626 -0.795311 0.691193 -1.333770 -0.500028 -0.509058 0.486953 -0.377167 0.738714 0.664617 0.964923 -1.163406 -0.690137 -0.654329 -0.712997 -0.325338 -0.260237 -1.034431 0.211780 0.974205 -0.488283 -0.795373 -0.548594 -0.135648 -0.268823 0.679032 0.059191 -0.389080 -0.567271 -1.034601 -1.695948 -0.351567 -0.549075 -0.613771 -0.456099 -0.627676 -0.622206 0.278768 -0.462949 -0.203908 -1.008081 -0.583129 -0.490026 -0.322965 0.239094 -0.269114 -0.951928 -0.465037 0.811890 -0.469715 0.699015 -0.791436 -0.347860
DB00784,-1.563697 2.430430 1.386223 -3.118192 1.467458 1.916335 -2.600477 -2.654131 3.989906 -2.363530 -1.193091 -2.302480 -2.865998 2.634330 -0.826255 -2.002816 -2.320648 1.735790 -3.170349 2.088093 2.503430 -0.467348 -1.249478 -2.565771 -2.378986 -2.523361 1.227393 -2.268366 -1.987023 2.720747 2.415516 -1.064042 -1.967411 -2.360285 -1.937224 -1.233458 2.483186 -3.256354 -3.205447 -2.736849 -2.340966 -2.045339 -2.491927 -3.053702 -2.472566 -2.421945 -1.254655 -2.481595 0.392246 -2.480185 -2.039096 -2.543817 -2.313737 -2.457926 -2.009793 3.326770 -0.838682 -1.857101 -1.822185 2.140844 -2.905815 2.327998 -2.332631 -1.442419
DB00788,0.271717 0.877602 0.961278 -0.045831 0.406039 0.444570 -0.218375 -0.185736 1.129988 -0.497705 0.130194 -0.409271 -0.628692 0.755548 -1.192300 -0.044741 -0.226082 0.287027 -0.240092 0.558391 0.567490 1.329795 -0.939086 -0.392838 -0.254787 -0.431808 0.252623 0.007849 -0.694356 0.109236 0.681931 0.125346 -0.321647 -0.180692 -0.109261 0.274153 0.685505 0.186599 -0.220537 -0.339734 -0.712418 -1.498522 -0.042204 -0.487831 -0.409457 -0.147419 -0.199223 -0.170850 0.498720 -0.196568 0.048128 -0.940900 -0.447302 -0.041624 -0.157596 0.652447 0.228751 -0.707238 0.044338 0.699915 -0.150181 0.732170 -0.614986 0.233244
DB00795,-1.928193 2.838066 2.538738 -2.938551 0.846388 2.816821 -3.362489 -2.827579 3.755228 -2.698825 -1.878342 -2.795533 -2.872061 2.543457 -1.606206 -2.399671 -2.190432 1.886827 -3.145896 2.465530 3.344884 -3.985781 -1.031229 -3.180311 -2.710410 -2.513601 -0.535975 -2.898733 -2.250710 2.720567 2.729235 -1.686242 -1.668048 -1.819255 -4.629438 -2.381500 3.074915 -4.438782 -3.009112 -2.843297 -3.178934 -1.976583 -2.974037 -3.700376 -2.761702 -2.573156 -1.456065 -2.243987 1.278358 -2.847887 -2.217770 -2.399143 -2.600523 -2.152492 -1.963349 3.917194 -1.779626 -2.211483 -2.084355 2.299795 -2.454294 2.744249 -2.687715 -0.985891
DB00797,0.821171 -0.658784 -0.377052 0.653718 -0.699172 -0.629623 0.743325 0.609604 -0.219342 0.708388 0.859273 0.739686 0.570036 -0.556295 0.663450 0.706551 0.628568 -0.565642 0.546015 -0.654474 -0.589162 0.532018 0.517914 0.675911 0.737543 0.700719 0.792402 0.601656 0.785470 -0.597720 -0.684549 0.771221 0.625670 0.578719 0.490207 0.711795 -0.513785 0.427377 0.653103 0.650659 0.745724 0.701014 0.704419 0.599257 0.654284 0.698394 0.726151 0.688885 -0.088956 0.713045 0.588249 0.493255 0.723196 0.703399 0.650794 -0.446207 0.724811 0.708517 0.761872 -0.673628 0.679035 -0.623574 0.682827 0.661281
DB00799,0.609360 -0.606215 -0.426169 0.686299 -0.528391 -0.847962 0.615417 0.620699 -0.633336 0.665389 0.406471 0.668128 0.685586 -0.738240 0.455354 0.579297 0.659116 -0.663154 0.756430 -0.585744 -0.717764 0.844311 0.536322 0.658951 0.626642 0.591367 0.309969 0.690460 0.560642 -0.757029 -0.543409 0.462720 0.442870 0.555132 0.733193 0.586524 -0.691050 0.651558 0.670024 0.705537 0.577532 0.523616 0.722639 0.715776 0.676529 0.660215 0.518003 0.549838 -0.346541 0.578600 0.626951 0.454759 0.546532 0.567624 0.707484 -0.617414 0.625736 0.634610 0.604214 -0.561527 0.517550 -0.596403 0.651387 0.487725
DB00800,0.237489 -0.186984 -0.292710 0.157909 -0.539139 -0.255788 0.271397 0.034165 0.057916 0.187693 0.117859 0.255612 0.291038 0.163905 0.184050 0.294664 -0.133441 -0.209733 0.049136 -0.765277 0.053658 0.070518 0.575673 0.047510 0.066962 0.089230 0.461368 -0.239861 0.304949 0.059311 -0.185033 0.266100 0.057278 -0.007830 0.293580 0.462410 -0.157181 -0.406767 -0.022261 0.043144 -0.040691 0.217070 0.125945 0.045082 0.076920 -0.067419 0.352436 0.136952 -0.720931 -0.048799 -0.189860 0.081022 0.229533 0.118416 0.033062 -0.250235 0.320866 0.094008 0.194999 -0.630837 0.043130 -0.297942 0.058104 0.369028
DB00801,-0.704916 -0.074837 1.276321 -0.936713 2.228805 0.907215 0.051748 -0.293429 0.177295 -0.675617 -0.642508 -0.393856 -0.256154 -0.100934 0.062954 -0.145026 -0.688235 1.198508 -0.621163 0.549893 0.211670 -1.110529 0.180841 -0.402278 -0.250669 -0.497025 -0.901560 -0.683541 -0.062387 1.498569 -0.154975 -0.596656 -0.001972 -0.554295 0.743905 0.003544 0.351285 -0.086054 -0.493102 -0.580038 0.189745 0.466807 -0.940582 -0.584072 -0.684641 -0.892158 -0.662971 -0.388610 0.879845 -0.294223 -1.358072 0.042308 -0.909043 -0.412976 -1.628102 1.380919 -0.472694 -0.544237 -0.607932 0.959603 -0.941822 0.269497 -0.376489 -1.627280
DB00802,0.085534 -0.524147 -0.538134 0.009460 0.043389 -0.133344 0.404135 0.188515 -0.249719 0.278592 0.223599 0.321166 0.285256 -0.394252 0.589806 0.183121 0.208753 -0.037602 0.194707 -0.297026 -0.315484 -0.050083 0.308166 0.332591 0.252364 0.245173 0.012997 0.178812 0.448715 0.028233 -0.483538 0.122021 0.187251 0.041939 0.295799 0.169649 -0.356338 0.181452 0.182226 0.235290 0.593738 0.697183 0.134856 0.293888 0.261340 0.170975 0.128205 0.156011 0.104554 0.214720 0.007900 0.449512 0.186562 0.070352 0.030386 -0.224305 0.047342 0.343908 0.130201 -0.297849 0.104370 -0.330867 0.330832 -0.179439
DB00804,0.266902 -0.405263 -0.560291 0.210708 -0.629661 -0.516208 0.389379 0.060529 -0.298354 0.381195 0.016110 0.350201 0.600330 -0.012110 0.628252 0.381327 -0.100462 -0.333552 0.235425 -1.161747 -0.063503 0.057166 0.811120 0.201350 0.141514 0.216866 0.642825 -0.183497 0.462659 0.021563 -0.329488 0.373671 0.174124 0.139620 0.725652 0.541460 -0.453161 -0.352861 -0.010554 0.210655 0.110673 0.388449 0.202258 0.163082 0.257847 -0.007198 0.480800 0.225414 -1.090427 -0.081539 -0.173351 0.315607 0.395150 0.126337 0.056365 -0.430177 0.413986 0.151182 0.221887 -0.903626 0.034464 -0.535470 0.200242 0.342245
DB00805,0.336699 -0.488034 0.147027 0.136425 0.511272 -0.148964 0.507676 0.297613 -0.001855 0.341266 0.580369 0.390731 0.277077 -0.326044 0.617694 0.389660 0.145393 -0.113536 0.079597 -0.195783 -0.369062 0.114215 0.318863 0.305845 0.413546 0.309296 0.662879 0.348711 0.462591 0.050259 -0.477702 0.434089 0.386127 0.205483 0.502248 0.354716 -0.183047 0.209388 0.221782 0.205540 0.516226 0.611704 0.217003 0.247104 0.235331 0.136396 0.373967 0.306274 -0.083438 0.327234 0.014738 0.341214 0.348254 0.303453 0.101614 0.059905 0.360981 0.342212 0.342599 -0.359741 0.204008 -0.351411 0.331422 0.014899
DB00806,-1.498068 1.622217 2.423585 -1.462464 1.281447 1.667310 -2.021914 -1.806491 1.665998 -1.560165 -1.547513 -1.577542 -1.292077 2.013555 -1.086202 -1.333431 -1.811930 1.086718 -1.832348 0.698994 1.893878 -3.584710 -0.539138 -2.017353 -1.725850 -1.562471 -0.031900 -2.497156 -1.326561 0.962010 1.606536 -1.290082 -1.105072 -1.390654 -1.465102 -1.058397 1.518071 -2.378712 -1.716046 -1.621254 -2.154130 -1.631572 -2.024740 -2.075308 -1.831823 -1.818602 -0.985424 -1.325807 -1.845212 -1.667464 -1.773077 -1.466376 -1.782130 -0.966784 -1.338757 1.448232 -0.949162 -1.435730 -1.332072 1.059108 -1.730354 1.378579 -1.664867 -0.402403
DB00808,-1.591967 2.267118 1.733631 -2.190799 1.635002 2.128099 -2.638622 -2.239104 3.165983 -2.218068 -1.292765 -2.029326 -2.724924 3.316211 -1.297252 -1.817958 -2.556967 2.912534 -3.295776 0.855229 2.534456 -2.649456 -1.647550 -2.372858 -2.234880 -2.130334 0.445732 -2.899282 -1.914501 2.054181 2.042743 -1.151211 -2.172835 -2.500974 -2.825686 -1.449755 2.502706 -3.411028 -2.361553 -2.713818 -2.381321 -1.460968 -2.284494 -2.899803 -2.615919 -2.567610 -1.549026 -2.224167 1.851357 -2.225365 -2.412710 -2.595604 -2.207644 -1.749020 -2.101552 1.658439 -1.697594 -1.955523 -1.922796 1.364234 -2.249754 2.002614 -2.356461 -1.929461
DB00809,0.813434 -0.842608 -0.648299 0.804044 -0.842344 -0.987767 0.721779 0.722849 -0.818575 0.851407 0.739142 0.834815 0.815823 -0.608631 0.709853 0.840360 0.750050 -0.682284 0.752105 -0.799347 -0.716273 0.474169 0.757362 0.829494 0.789586 0.823717 0.675775 0.604837 0.809475 -0.655867 -0.758798 0.823180 0.742203 0.816431 0.684240 0.819483 -0.883061 0.635061 0.749038 0.823123 0.809194 0.776166 0.839865 0.756907 0.807443 0.709977 0.756962 0.758630 -0.580457 0.724248 0.715330 0.710552 0.777932 0.755482 0.713549 -0.631975 0.857921 0.794999 0.782319 -0.822288 0.771920 -0.766444 0.810845 0.774852
DB00810,0.808714 -0.668089 -0.545038 0.813900 -0.573151 -0.798178 0.770423 0.710914 -0.611700 0.756583 0.761788 0.749977 0.720480 -0.538454 0.589721 0.789028 0.673675 -0.706876 0.784190 -0.673801 -0.652571 0.814539 0.518357 0.772586 0.750301 0.749548 0.721183 0.691023 0.698280 -0.578002 -0.668066 0.771542 0.656551 0.749709 0.788792 0.762510 -0.672627 0.772109 0.737625 0.760212 0.706384 0.482379 0.813717 0.726774 0.744746 0.693851 0.715044 0.751437 -0.421425 0.691914 0.685755 0.588512 0.804043 0.709148 0.671930 -0.614840 0.836698 0.622189 0.767564 -0.707200 0.743107 -0.664714 0.704429 0.710297
DB00811,-0.912193 1.135530 1.146015 -1.154063 0.217607 1.052225 -0.715119 -1.721661 1.011040 -1.045927 -1.765816 -1.145178 -0.581761 1.890466 -0.750210 -0.801889 -2.180267 0.756004 -1.280906 -1.089155 1.836041 -0.546495 0.163899 -1.565213 -1.592140 -1.468100 0.275653 -2.089250 -0.890041 1.805433 1.209023 -0.814016 -1.406745 -1.607083 0.427698 -0.098097 0.882241 -2.288765 -1.792337 -1.453810 -1.637687 -1.482103 -1.356911 -1.389466 -1.401910 -1.815437 -0.541742 -1.223858 -1.936732 -2.191999 -2.181812 -1.324278 -0.750969 -1.384980 -1.651826 0.661937 -0.487516 -1.829316 -1.215242 -0.411002 -1.716150 0.528771 -1.588112 -0.719135
DB00813,-0.417940 0.320507 0.186519 -0.201217 0.102997 0.407351 -0.458264 -0.326455 0.620457 -0.554518 -0.327465 -0.323726 -0.390580 0.399935 -0.906025 -0.152651 -0.357238 0.559096 -0.297385 0.233696 0.548300 -0.341496 -0.061912 -0.446807 -0.485096 -0.446728 -0.719078 -0.791556 -0.435855 0.401226 0.405072 -0.430302 -0.306990 -0.297494 -0.323010 -0.048391 0.502729 -0.466069 -0.237855 -0.382219 -0.876004 -0.415156 -0.351023 -0.497464 -0.494846 -0.406972 -0.448411 -0.325174 0.421279 -0.295808 -0.399169 -0.362422 -0.656161 -0.174930 -0.456712 0.249419 -0.405257 -0.409662 -0.333662 0.352871 -0.336971 0.610513 -0.530928 -0.120030
DB00814,-2.542148 4.538184 2.287531 -3.448742 2.432255 3.973957 -4.495730 -3.392889 4.616859 -4.198704 -2.693469 -4.167050 -4.455643 4.283833 -4.861802 -3.643414 -2.845817 3.124552 -3.601904 4.132788 4.108662 -0.642535 -3.892072 -3.893989 -3.729933 -3.916345 -2.492902 -3.075252 -4.476142 3.470426 4.470631 -2.901273 -3.193009 -2.990478 -4.458128 -2.936427 4.596219 -2.606011 -3.887782 -3.856490 -4.459660 -4.814207 -3.296945 -4.174059 -3.903354 -3.045111 -3.254247 -3.481702 3.279920 -3.277071 -2.328939 -4.255473 -3.745727 -3.226075 -2.665625 4.468706 -2.428664 -3.738423 -3.221767 4.404665 -3.073458 4.962489 -4.106143 -1.512130
DB00816,0.817099 -0.677753 -0.364506 0.748153 -0.553849 -0.601348 0.784170 0.693315 -0.244052 0.694036 0.769816 0.714306 0.598939 -0.650940 0.367440 0.740468 0.670681 -0.659677 0.670149 -0.560775 -0.600035 0.641221 0.518547 0.695528 0.711339 0.697750 0.580246 0.653766 0.684856 -0.472984 -0.662244 0.692568 0.675719 0.691420 0.434803 0.740327 -0.545748 0.576116 0.708460 0.680868 0.652652 0.509145 0.754360 0.660933 0.678638 0.723636 0.691079 0.720330 -0.108522 0.740095 0.684506 0.475114 0.673254 0.759117 0.675220 -0.502755 0.738703 0.675950 0.773910 -0.627188 0.748396 -0.628676 0.630780 0.804220
DB00818,-2.018486 1.644940 2.501821 -2.020748 3.983563 2.115992 -2.183652 -1.577006 2.462756 -2.308489 -1.561824 -1.815268 -2.460586 1.437530 -2.201740 -1.829750 -1.649350 3.105611 -2.181179 2.587575 1.354957 -1.099305 -1.923686 -1.948066 -1.687084 -2.001745 -2.005838 -1.431087 -2.110770 2.220648 1.487594 -1.904908 -1.805972 -2.281742 -2.403196 -1.755667 1.988424 -1.012503 -1.383246 -2.014168 -1.246847 -0.866746 -2.013910 -2.075083 -2.313301 -1.714238 -2.348358 -2.191455 3.908024 -1.049409 -1.621405 -2.309708 -3.128136 -1.788543 -1.998367 3.423719 -1.868021 -1.628053 -1.797004 2.968360 -2.137725 2.474496 -1.908436 -3.094882
DB00819,0.150266 -0.454139 0.064487 0.072681 0.312267 -0.183171 0.258603 0.191018 -0.032753 0.232623 0.011462 0.233687 0.423519 -0.145272 0.649004 0.260013 -0.035134 -0.213763 0.158826 -0.489450 -0.277557 -0.353064 0.613662 0.228815 0.186600 0.191652 -0.073718 -0.057948 0.423551 -0.144233 -0.417877 0.152880 0.283341 0.159690 0.429994 0.305076 -0.468755 -0.052352 0.081572 0.169185 0.357042 0.543880 0.042151 0.201573 0.176415 0.040694 0.204771 0.193476 -0.203876 0.081707 -0.247724 0.416998 0.143286 0.060104 -0.147965 -0.368621 0.140899 0.198742 0.064901 -0.373850 -0.067996 -0.359632 0.247798 -0.102468
DB00820,-1.882992 1.668190 0.186301 -1.801803 -0.765960 1.863821 -1.672730 -2.489880 1.270138 -1.746559 -1.760839 -1.817304 -1.778783 2.294741 -0.924732 -1.860834 -2.254188 1.622742 -2.233793 -0.297748 2.409464 -1.983867 -0.953492 -2.117329 -2.126967 -1.929282 -0.006395 -2.922462 -1.379239 1.548124 1.710891 -1.696159 -2.066309 -2.503242 -1.417627 -1.380363 1.854899 -3.316085 -2.245182 -2.034762 -1.860103 -1.455052 -2.111501 -2.246576 -2.095195 -2.141818 -1.522997 -1.937992 -0.189474 -2.113020 -2.266152 -2.220683 -1.410592 -1.950423 -1.759687 0.512890 -1.764936 -1.961128 -1.910286 0.161220 -2.022788 1.418560 -2.040052 -1.443599
DB00821,-0.971929 2.142714 1.804562 -2.922618 0.813316 1.908065 -2.108320 -2.414001 4.125637 -2.109743 -1.033964 -2.128955 -2.527074 3.013580 -0.572421 -1.686294 -2.051423 1.142347 -2.999928 1.693303 2.574568 -0.878042 -0.077199 -2.360385 -2.180721 -2.272412 1.394535 -2.260324 -1.334527 2.707523 2.148800 -0.686157 -1.552840 -1.763514 -1.993025 -1.046903 2.422447 -3.736679 -3.307820 -2.589225 -2.194042 -1.485268 -2.365472 -2.963512 -2.121620 -2.304631 -0.804220 -2.037959 -0.594428 -2.480867 -2.233130 -1.935643 -1.799481 -2.284676 -1.948142 3.214330 -0.906129 -1.778737 -1.566864 1.642687 -2.418073 2.011459 -2.206187 -0.864272
DB00822,-0.320217 0.360036 0.581023 0.106918 0.615719 0.286231 -0.329678 0.080830 0.257942 -0.324266 -0.291053 -0.281410 -0.517330 0.515847 -0.702270 -0.369959 0.160218 0.495005 -0.025580 0.812297 -0.076908 0.502427 -1.058645 -0.070198 -0.125088 -0.198014 -1.010463 0.058794 -0.598430 -0.121345 0.302664 -0.372883 -0.306800 -0.237944 -0.436330 -0.385115 0.287962 0.561006 0.077897 -0.131453 -0.136357 -0.588477 0.020444 -0.004469 -0.175560 0.053416 -0.495845 -0.203599 0.893114 0.165066 0.421928 -0.463420 -0.322326 -0.008573 0.048308 -0.417064 -0.527454 -0.185228 -0.227407 0.839367 0.104554 0.679761 -0.304688 -0.229241
DB00825,0.263798 -0.143035 0.153418 0.191445 0.538678 -0.004763 -0.207814 0.342490 1.132125 0.057446 0.375741 0.145455 -0.181213 0.431277 0.233781 0.075008 0.290879 0.377275 -0.006861 0.500456 -0.324856 -0.033639 -0.323421 0.197944 0.201503 0.200539 -0.020043 0.248519 0.050605 -0.446922 -0.133292 0.359721 0.179193 -0.005193 -0.412700 -0.146563 0.024836 0.297666 0.221895 0.067538 0.352395 0.263703 0.180880 0.126884 0.082900 0.257962 0.093348 0.102349 1.058384 0.368223 0.429782 0.230122 -0.034656 0.229688 0.209406 0.085965 -0.220623 0.299208 0.179492 0.528488 0.263475 0.110227 0.106143 0.002334
DB00827,0.326090 0.457392 2.176138 0.343720 1.697499 0.398849 -0.390012 0.308389 1.808839 -0.144477 0.409310 -0.118206 -0.463284 0.619126 -0.689913 0.147898 0.275488 0.477156 -0.246271 1.140573 -0.308328 0.499471 -1.161512 0.007046 0.132262 0.010907 0.111696 0.308062 -0.571825 0.444672 0.228361 0.350561 0.227115 0.082680 -0.579443 0.232374 0.321977 0.541032 0.341679 -0.093547 -0.376969 -0.784976 0.198334 -0.172377 -0.160616 0.155970 0.065810 0.140819 0.851315 0.405376 0.717131 -0.458378 -0.215605 0.509969 0.217050 0.523277 0.121841 -0.026437 0.281869 1.135590 0.290836 0.701687 -0.208393 0.186263
DB00829,-0.516660 -0.232457 -0.443983 -0.219480 0.177648 -0.137412 -0.217648 -0.137703 -0.509009 -0.043595 -0.669192 -0.017923 0.168618 -0.080022 0.595427 -0.157381 -0.237560 -0.019571 -0.028297 -0.257707 -0.027816 -0.667651 0.697173 -0.054316 -0.175597 -0.133561 -0.447673 -0.500740 0.114527 0.032950 -0.113756 -0.348074 -0.099962 -0.136287 -0.009041 -0.202328 -0.199546 -0.480547 -0.209166 -0.075689 -0.045615 0.564955 -0.276709 -0.048032 -0.092111 -0.191148 -0.158973 -0.174486 -0.013840 -0.205540 -0.362532 0.269025 -0.220920 -0.279389 -0.251271 -0.175709 -0.268397 0.047043 -0.330637 -0.201798 -0.314000 -0.158684 0.017602 -0.312547
DB00831,0.342467 -0.530083 0.006494 0.191551 0.030158 -0.254598 0.581779 0.319880 -0.035083 0.386257 0.399406 0.450825 0.449209 -0.443327 0.565201 0.465821 0.263653 -0.115690 0.227784 -0.303535 -0.459849 0.134879 0.420727 0.404162 0.472257 0.391777 0.455826 0.274103 0.557416 0.007610 -0.553141 0.390058 0.497163 0.204937 0.664703 0.526720 -0.398909 0.310611 0.336970 0.314986 0.602561 0.725950 0.264830 0.342971 0.320949 0.246926 0.395363 0.400464 -0.088352 0.444540 0.127454 0.364077 0.228476 0.395187 0.133631 0.079692 0.435537 0.477657 0.391423 -0.225876 0.234157 -0.498393 0.424675 0.167334
DB00833,0.221313 -0.394472 -0.560852 0.276776 -0.555857 -0.424133 0.408243 0.163531 -0.421682 0.422548 0.089740 0.389174 0.575899 -0.143298 0.596064 0.400305 0.023991 -0.507608 0.332109 -0.795694 -0.192576 0.179659 0.731457 0.244551 0.213583 0.265438 0.546993 -0.024542 0.467900 -0.188389 -0.356156 0.351564 0.276914 0.188942 0.594512 0.498692 -0.460806 -0.182851 0.082198 0.263769 0.162805 0.391485 0.259124 0.297534 0.310947 0.154495 0.532572 0.296351 -0.883316 0.068760 -0.051434 0.359378 0.472693 0.197908 0.177561 -0.373383 0.449446 0.223773 0.278061 -0.798591 0.129402 -0.521253 0.274797 0.437570
DB00834,-3.170080 1.913279 1.720944 -0.995471 2.629898 1.805369 -4.040070 -1.067608 1.606189 -2.139648 -2.384704 -2.252861 -2.662681 1.191621 -2.670135 -2.888248 -0.731745 2.583623 -1.749712 3.590786 1.040419 -2.420787 -2.965323 -1.437719 -1.782695 -1.691680 -4.668404 -0.778870 -2.910462 0.478643 2.101299 -2.777727 -1.741889 -1.271908 -4.984230 -3.535979 1.500284 -1.173065 -0.899254 -1.742716 -2.220913 -0.769120 -1.539708 -1.568105 -1.736893 -0.885947 -2.960838 -1.964817 3.598707 -1.032777 0.113823 -1.572102 -2.878799 -1.521309 -0.403947 -0.265023 -4.082444 -0.910004 -2.285105 2.598183 -1.005338 2.674341 -1.530269 -1.594327
DB00835,0.335807 -0.568457 0.087536 0.318068 0.223993 -0.477929 0.426345 0.422113 -0.072965 0.398179 0.411931 0.450143 0.418494 -0.268440 0.701901 0.516474 0.275276 0.005985 0.307126 -0.357352 -0.514338 0.256437 0.448765 0.432717 0.451267 0.394213 0.394045 0.272358 0.502343 0.028013 -0.580362 0.473557 0.461091 0.273215 0.579791 0.481917 -0.507532 0.386314 0.364944 0.355684 0.654425 0.586865 0.326241 0.345878 0.333161 0.265854 0.381887 0.364148 -0.036963 0.449740 0.135535 0.400181 0.295754 0.396535 0.024428 -0.036840 0.420098 0.368409 0.364015 -0.213032 0.178955 -0.447781 0.418662 -0.081112
DB00836,0.373553 -0.152166 -0.180840 0.496993 -0.257835 -0.291167 0.256820 0.343758 -0.013842 0.266551 0.368000 0.276029 0.190229 -0.237538 -0.267132 0.257675 0.412749 -0.354180 0.496830 0.031131 -0.343440 0.911017 -0.063521 0.380709 0.295063 0.290581 -0.115047 0.509815 0.093423 -0.348962 -0.172406 0.253291 0.198572 0.376083 0.172228 0.189791 -0.260969 0.763314 0.491432 0.349069 0.220676 0.025786 0.493461 0.442694 0.356797 0.385445 0.159472 0.248465 0.239230 0.428319 0.562457 0.202360 0.230829 0.224996 0.446619 -0.253518 0.175448 0.260342 0.329761 -0.133890 0.441917 -0.036818 0.252923 0.328624
DB00841,0.279682 -0.165020 -0.409551 0.091778 -0.337178 -0.125417 0.369812 -0.041575 0.108673 0.184782 0.240870 0.181429 0.207017 0.122283 0.247776 0.269388 -0.218629 -0.177841 0.020828 -0.633345 0.103110 0.370621 0.464370 0.037258 0.059829 0.034506 0.682000 -0.083282 0.243909 0.284462 -0.152698 0.299014 0.037039 -0.062315 0.297010 0.443362 -0.159078 -0.303436 -0.116726 -0.018462 0.019358 0.096241 0.105083 0.054833 0.064633 -0.079183 0.348296 0.108928 -0.456358 -0.103687 -0.224480 -0.031108 0.242209 0.045759 -0.009385 -0.122417 0.361468 0.015938 0.184169 -0.524777 -0.018456 -0.306185 -0.021027 0.283747
DB00842,-2.427176 1.626139 2.295405 -2.833570 2.705229 2.436071 -1.488667 -2.595448 1.605236 -2.391633 -2.875191 -2.194377 -1.481967 2.316110 -1.007092 -1.652522 -3.350130 2.784755 -2.616087 0.139503 2.567024 -2.610781 -0.007273 -2.630010 -2.483603 -2.568808 -0.994134 -3.505139 -1.519409 3.915554 1.619158 -2.107351 -1.997688 -2.732850 0.295184 -0.926349 1.826553 -3.088032 -2.911995 -2.675200 -2.154646 -1.247363 -3.029537 -2.661934 -2.733760 -3.323060 -1.893075 -2.290730 -0.331686 -2.968200 -4.116030 -1.823683 -2.417148 -2.404914 -3.776498 2.508423 -1.786364 -2.790973 -2.512105 1.170989 -3.321640 1.455980 -2.506464 -2.990622
DB00843,-0.026930 0.676589 0.846850 -0.017575 1.046326 0.601566 -0.242055 -0.152922 0.654413 -0.592545 0.056430 -0.439473 -0.691371 0.458306 -1.509975 -0.186754 -0.213145 0.670675 -0.170800 1.083576 0.275042 1.327590 -1.338281 -0.288177 -0.174202 -0.393315 -0.544954 0.118293 -0.778923 0.252067 0.631678 -0.299103 -0.387048 -0.216727 0.181780 -0.075835 0.643825 0.854876 -0.009059 -0.324353 -0.481391 -1.192114 -0.082167 -0.257589 -0.437077 -0.271064 -0.650671 -0.245470 1.456047 0.043764 0.031824 -0.829667 -0.471482 -0.105954 -0.313643 0.615348 -0.186545 -0.708136 -0.150890 1.023018 -0.084430 0.847779 -0.578065 -0.311067
DB00844,0.418418 -0.749896 -0.364716 0.395291 -0.111466 -0.572297 0.626795 0.521337 -0.499407 0.554122 0.373566 0.596944 0.650224 -0.642591 0.716789 0.629239 0.419503 -0.260840 0.478981 -0.614255 -0.553526 0.078532 0.774528 0.573714 0.569555 0.543035 0.359848 0.347950 0.659182 -0.031937 -0.704838 0.503915 0.619289 0.495881 0.758675 0.620434 -0.655353 0.378480 0.457930 0.526503 0.690129 0.820304 0.435087 0.467717 0.502504 0.379645 0.488047 0.530451 -0.361888 0.499182 0.224636 0.665169 0.453359 0.499092 0.199274 -0.212853 0.519645 0.544329 0.478810 -0.546168 0.370533 -0.641055 0.569786 0.243091
DB00847,0.823318 -0.895703 -0.695654 0.860838 -0.732284 -0.938865 0.920267 0.828497 -0.707174 0.922700 0.713229 0.917073 0.946467 -0.797390 0.880866 0.873957 0.749259 -0.867877 0.907385 -0.916151 -0.841943 0.712300 0.857371 0.889617 0.844601 0.859297 0.613509 0.765892 0.911465 -0.713315 -0.896802 0.828591 0.809896 0.810244 0.791858 0.846874 -0.920794 0.650203 0.785272 0.877669 0.853615 0.818493 0.887812 0.905572 0.898746 0.819791 0.876782 0.856155 -0.620641 0.799736 0.692398 0.887196 0.929452 0.777682 0.772009 -0.814031 0.838203 0.827571 0.844076 -0.926949 0.795201 -0.914470 0.870615 0.796060
DB00848,0.824935 -0.893716 -0.693409 0.861101 -0.732862 -0.938539 0.921457 0.828284 -0.705468 0.922004 0.715764 0.916202 0.946190 -0.796936 0.881781 0.874313 0.748869 -0.866123 0.907578 -0.916422 -0.840011 0.716899 0.857349 0.890007 0.844146 0.859152 0.619543 0.767829 0.910604 -0.710826 -0.896190 0.829715 0.809132 0.811132 0.792816 0.847624 -0.917814 0.652908 0.785140 0.876872 0.852857 0.810869 0.887407 0.904366 0.898123 0.820001 0.876267 0.855995 -0.617432 0.800453 0.692114 0.886748 0.930103 0.778718 0.771160 -0.814511 0.840039 0.825496 0.843855 -0.927420 0.794716 -0.914919 0.869730 0.794904
DB00850,-0.639360 0.778062 2.340433 -0.706470 2.841346 1.388630 -0.372948 -0.519154 0.726417 -1.117917 -0.331933 -0.790481 -0.886635 1.138073 -1.614800 -0.390726 -0.648713 1.151207 -0.826905 1.893068 0.235609 -0.458524 -1.157377 -0.743387 -0.501536 -0.777300 -0.712851 -0.858146 -0.897940 1.707311 0.664583 -0.917841 -0.309881 -0.603304 0.457838 -0.358500 0.977442 0.633370 -0.382238 -0.872332 -0.561030 -0.691895 -0.986765 -0.941451 -1.044740 -0.866652 -1.076422 -0.582804 1.448589 -0.201760 -0.754653 -0.871041 -1.460615 -0.289814 -1.265745 2.111107 -0.507611 -0.871957 -0.620178 1.972383 -0.742825 1.361759 -0.835152 -1.226261
DB00854,0.410477 -0.383719 -0.016021 0.291592 0.085975 -0.398327 0.520160 0.379826 -0.226460 0.346033 0.544820 0.357915 0.371632 -0.347793 0.546731 0.501655 0.243800 -0.041285 0.350658 -0.330916 -0.336307 0.593167 0.191894 0.441308 0.466015 0.385918 0.565182 0.381169 0.439354 0.022270 -0.456918 0.452413 0.379548 0.330316 0.859438 0.550888 -0.288549 0.668155 0.363447 0.373391 0.622629 0.226615 0.340169 0.334144 0.316037 0.201601 0.314654 0.419996 0.163252 0.386879 0.102686 0.256629 0.394282 0.367777 -0.006431 -0.060484 0.546463 0.174361 0.360000 -0.198519 0.246095 -0.357411 0.369750 0.006067
DB00855,0.827340 -0.887050 -0.694759 0.859171 -0.726884 -0.933139 0.917093 0.826113 -0.701644 0.917865 0.723865 0.911392 0.942987 -0.795748 0.875418 0.871113 0.747647 -0.862468 0.905357 -0.905060 -0.837317 0.728134 0.843883 0.887125 0.842378 0.856048 0.622282 0.768352 0.906483 -0.710600 -0.889609 0.828210 0.806270 0.808374 0.791119 0.846066 -0.911609 0.658865 0.782954 0.875076 0.846671 0.799926 0.885985 0.901547 0.894253 0.818050 0.873403 0.854275 -0.606955 0.799686 0.691359 0.877939 0.926108 0.777038 0.768354 -0.812479 0.842696 0.820937 0.841642 -0.916042 0.795056 -0.906727 0.865544 0.793844
DB00857,0.250744 -0.364988 -0.316499 0.430771 -0.136461 -0.566110 0.286773 0.317794 -0.294298 0.380359 0.058202 0.416257 0.363283 -0.430010 0.128103 0.280633 0.366725 -0.377349 0.473826 -0.238250 -0.563080 0.742994 0.195323 0.414164 0.351835 0.308775 0.035605 0.505881 0.193092 -0.449947 -0.243880 0.221822 0.206752 0.278410 0.365937 0.281588 -0.499148 0.486605 0.447367 0.406697 0.374059 0.340443 0.450276 0.493671 0.382877 0.471193 0.201172 0.247301 -0.224639 0.423582 0.538372 0.310947 0.218334 0.290725 0.548783 -0.282024 0.378086 0.456092 0.328118 -0.114634 0.280139 -0.325546 0.403894 0.268647
DB00860,-0.466492 0.385072 -0.186861 -0.318212 0.129001 0.492715 -0.864303 0.057817 -0.235583 -0.447016 -0.130409 -0.702603 -0.789529 -0.649937 -0.504479 -0.825302 0.468894 -0.132093 -0.596164 1.724176 0.025058 -2.326002 -0.193827 -0.243690 -0.244218 -0.115003 -1.452746 0.294061 -0.857798 -0.782576 0.567772 -0.518702 0.061655 0.426566 -2.680111 -1.442207 0.377593 -0.774382 0.211385 -0.298139 -0.871658 0.317827 -0.252544 -0.385306 -0.166763 0.189893 -0.546789 -0.096650 1.918315 -0.034930 0.750061 0.064508 -0.530950 0.069999 0.419096 0.671739 -1.247998 0.283850 -0.375050 1.470314 0.350705 0.123011 -0.073810 0.065876
DB00861,-1.064940 2.431982 3.194812 -2.686840 1.219115 2.477747 -2.124064 -2.610105 4.446083 -2.259180 -0.577193 -2.308155 -2.575812 3.162348 -1.199546 -1.761610 -2.529038 1.763088 -3.085936 1.916573 2.957316 -0.830812 -0.798700 -2.561851 -2.302332 -2.456418 1.419450 -2.319838 -1.696954 2.710220 2.458666 -0.864854 -1.808760 -2.097809 -2.012694 -1.111222 2.819795 -3.457507 -3.110398 -2.801963 -2.595782 -1.705925 -2.435608 -3.143686 -2.406027 -2.519071 -1.071260 -2.112754 0.827305 -2.636634 -2.453094 -2.482575 -2.068460 -2.142774 -2.154039 2.911018 -1.129080 -2.266112 -1.720865 2.007902 -2.421270 2.319297 -2.515067 -1.148987
DB00862,-0.048725 0.197272 -0.070812 0.392367 -0.164302 -0.090877 -0.217780 0.243427 0.119910 -0.052603 0.036461 -0.067427 -0.187724 -0.077718 -0.385515 -0.106135 0.211600 0.066946 0.267524 0.232273 -0.108149 0.887062 -0.811125 0.171308 0.128507 0.090149 -0.335153 0.338979 -0.316282 -0.171851 0.127393 -0.105798 -0.092602 0.141504 -0.100667 -0.153384 0.107656 0.617005 0.289792 0.168974 0.038357 -0.568320 0.244348 0.152389 0.046459 0.239025 -0.264868 0.095402 0.583515 0.378455 0.532583 -0.342350 0.069596 0.113527 0.291598 -0.093978 -0.158241 -0.123484 0.056083 0.148877 0.265168 0.305446 0.001395 0.084897
DB00863,0.211387 -0.266336 -0.357499 0.182378 -0.355295 -0.334151 0.381046 0.021005 -0.227947 0.355643 0.105593 0.311099 0.512550 0.040925 0.618561 0.328369 -0.129024 -0.400276 0.187012 -0.795770 -0.202625 0.292512 0.660281 0.160527 0.122651 0.172595 0.648445 -0.088260 0.379613 -0.009079 -0.281593 0.313488 0.147606 0.010235 0.673643 0.478879 -0.449353 -0.164501 -0.031934 0.132511 0.140109 0.308899 0.160141 0.232769 0.210914 -0.052145 0.443925 0.152799 -0.913736 -0.025169 -0.167793 0.272532 0.401554 0.052066 0.086624 -0.351525 0.453901 0.165641 0.186647 -0.672056 -0.006035 -0.442187 0.191585 0.244449
DB00864,-0.343402 1.983584 1.491090 -0.111546 0.381323 1.501222 -0.983745 -0.548621 1.268919 -1.450002 -0.405656 -1.328569 -1.666499 1.083583 -3.627924 -0.775833 -0.501145 1.150321 -0.508116 1.717191 1.334094 1.393226 -2.803276 -1.099719 -0.922369 -1.049370 -1.486044 -0.456466 -2.011070 0.556283 1.713017 -0.791501 -1.061226 -0.439310 -1.081445 -0.427217 1.699184 0.538129 -0.306936 -0.856557 -1.863504 -3.404018 -0.380585 -1.032786 -1.111821 -0.536194 -1.319322 -0.613036 1.682093 -0.453639 0.113273 -1.949348 -1.226880 -0.322899 -0.458119 0.953339 -0.746876 -1.717533 -0.524717 1.759068 -0.198527 1.923006 -1.542357 0.114546
DB00866,0.353719 -0.517299 0.253913 0.145923 0.435470 -0.135186 0.496831 0.336327 -0.074785 0.313098 0.544810 0.418994 0.204418 -0.460332 0.707630 0.378020 0.223534 -0.143611 0.037107 -0.186517 -0.350792 -0.201476 0.334796 0.338619 0.449040 0.348660 0.628482 0.221895 0.567705 0.052062 -0.521844 0.351473 0.447884 0.248100 0.420702 0.297636 -0.149349 0.037517 0.229114 0.194420 0.623211 0.911181 0.157166 0.169571 0.205754 0.224622 0.347757 0.338893 0.261446 0.366518 0.032195 0.331178 0.200504 0.325671 0.100465 0.092116 0.321964 0.422483 0.364828 -0.320449 0.230198 -0.276635 0.387615 -0.001936
DB00867,0.824643 -0.723892 -0.396931 0.687986 -0.682700 -0.634811 0.817752 0.677529 -0.282728 0.719589 0.815273 0.738125 0.630189 -0.669182 0.637805 0.741393 0.635786 -0.690066 0.635252 -0.638305 -0.608307 0.636403 0.587250 0.718838 0.730001 0.715795 0.730065 0.676699 0.741697 -0.476989 -0.717632 0.718771 0.659958 0.641487 0.419423 0.735690 -0.560134 0.555363 0.672505 0.672034 0.723608 0.603373 0.743493 0.676650 0.695044 0.721284 0.735399 0.707419 -0.156837 0.712477 0.628633 0.536017 0.722541 0.721210 0.683977 -0.510576 0.749799 0.740383 0.766736 -0.690672 0.708392 -0.708008 0.681521 0.740886
DB00869,0.821596 -0.835200 -0.576558 0.840058 -0.737246 -0.897158 0.880182 0.802222 -0.644247 0.885373 0.722168 0.887527 0.893046 -0.739316 0.797185 0.848266 0.733534 -0.847935 0.848120 -0.861752 -0.801413 0.722293 0.767547 0.851802 0.827561 0.832301 0.635967 0.738243 0.874949 -0.730956 -0.840751 0.828144 0.768755 0.783948 0.814750 0.824911 -0.846832 0.647906 0.771869 0.843196 0.789388 0.770694 0.866676 0.853905 0.858170 0.800764 0.843657 0.826588 -0.567917 0.790228 0.683106 0.824502 0.899714 0.768362 0.758897 -0.753015 0.814027 0.789789 0.832279 -0.873803 0.785952 -0.844524 0.832143 0.772259
DB00870,0.844939 -0.672765 -0.340870 0.644131 -0.702592 -0.795061 0.837674 0.724930 -0.353117 0.769180 0.758670 0.766051 0.743728 -0.593493 0.784043 0.765768 0.689333 -0.877950 0.720116 -0.616295 -0.708494 0.908882 0.712364 0.762647 0.732759 0.711373 0.711980 0.717992 0.797629 -0.575583 -0.715021 0.811984 0.707648 0.741315 0.799903 0.792528 -0.700210 0.635245 0.579177 0.718263 0.738104 0.595096 0.771888 0.725684 0.789851 0.695151 0.813772 0.711691 -0.611210 0.658704 0.633553 0.743569 0.831855 0.617270 0.670295 -0.550430 0.815826 0.721016 0.771998 -0.696975 0.676139 -0.697729 0.728702 0.754251
DB00871,0.272330 0.854838 0.753420 -0.104861 0.240091 0.583369 -0.024316 -0.371759 0.898828 -0.441480 0.238455 -0.408859 -0.567544 0.891898 -1.040470 -0.011016 -0.572167 0.590063 -0.301283 0.255741 0.702939 1.498765 -1.066092 -0.431215 -0.373854 -0.483535 0.749376 -0.164213 -0.550744 0.351912 0.678574 0.135997 -0.571983 -0.476728 0.433196 0.360024 0.795253 0.328298 -0.306071 -0.451286 -0.593840 -1.648800 -0.098661 -0.429820 -0.493868 -0.486682 -0.183672 -0.276719 0.449431 -0.429613 -0.364815 -1.059237 -0.086900 -0.266643 -0.496529 0.177831 0.348603 -0.958014 -0.070962 0.201471 -0.231172 0.513093 -0.713455 -0.162044
DB00872,-0.488103 0.183383 -1.047155 -0.188912 -0.947708 0.101377 -0.288881 -0.274218 -0.707666 -0.149459 -0.499554 -0.151237 -0.093598 0.075999 -0.365279 -0.466819 -0.042632 -0.060110 0.041005 -0.135579 0.257024 -0.049611 -0.189941 -0.063737 -0.430341 -0.239753 -0.986316 -0.323562 -0.201953 -0.257224 0.226324 -0.655985 -0.516051 -0.362600 -0.263832 -0.511081 0.033632 -0.097588 -0.236581 -0.104760 -0.391351 -0.027021 -0.142989 0.081829 -0.041598 -0.083760 -0.507454 -0.409867 -0.207153 -0.202931 -0.008005 0.068685 0.000095 -0.522095 0.007509 -0.793234 -0.769298 -0.049722 -0.457224 -0.189384 -0.050764 0.232415 -0.180020 -0.174240
DB00876,0.774903 -0.377196 0.045322 0.617030 -0.528322 -0.452898 0.535605 0.571367 -0.109304 0.515182 0.748777 0.605780 0.355767 -0.308420 -0.090093 0.626677 0.592330 -0.459701 0.426632 -0.350331 -0.389268 0.756239 0.060103 0.513033 0.635532 0.557299 0.579053 0.500779 0.504504 -0.676971 -0.428843 0.729037 0.515706 0.555395 0.514984 0.678677 -0.273563 0.541367 0.618478 0.529826 0.351596 0.341492 0.659128 0.454960 0.498572 0.653028 0.562122 0.607354 0.076883 0.664131 0.629068 0.318179 0.543623 0.675177 0.615201 -0.253574 0.657407 0.467815 0.730063 -0.412837 0.694455 -0.261467 0.451691 0.696160
DB00879,0.825338 -0.886125 -0.738912 0.857975 -0.744496 -0.931204 0.922222 0.825080 -0.720790 0.916047 0.711278 0.909273 0.943536 -0.803675 0.835205 0.869120 0.753309 -0.873376 0.899320 -0.920589 -0.839276 0.712950 0.816102 0.888347 0.840561 0.856920 0.601945 0.761794 0.906116 -0.726509 -0.887762 0.813900 0.804185 0.799943 0.806313 0.843144 -0.922717 0.656488 0.786138 0.876652 0.839489 0.788372 0.887336 0.899747 0.893743 0.818065 0.867947 0.852049 -0.643363 0.786833 0.698883 0.867689 0.915424 0.775667 0.771261 -0.825130 0.831132 0.818166 0.843208 -0.934788 0.789411 -0.915196 0.867578 0.796348
DB00881,0.771938 -0.683983 -0.122791 0.685346 -0.694763 -0.686224 0.658325 0.659223 -0.427392 0.733658 0.714122 0.753621 0.586798 -0.602570 0.564484 0.695823 0.660888 -0.699477 0.548700 -0.564200 -0.606280 0.385594 0.481136 0.675860 0.739000 0.713140 0.696745 0.524897 0.770166 -0.751287 -0.656320 0.755631 0.676870 0.656565 0.663260 0.648206 -0.514456 0.348681 0.679382 0.683047 0.613164 0.743882 0.684277 0.589126 0.664767 0.746070 0.723883 0.712308 -0.261554 0.713169 0.648763 0.602754 0.740090 0.723619 0.712754 -0.405472 0.675412 0.716341 0.762893 -0.679190 0.748344 -0.556064 0.691836 0.715625
DB00884,0.819416 -0.635757 -0.426150 0.808988 -0.633764 -0.749836 0.809195 0.741486 -0.417278 0.754846 0.766237 0.741063 0.731933 -0.615636 0.596950 0.796183 0.688641 -0.730590 0.819060 -0.656068 -0.665115 0.990505 0.453323 0.769459 0.744733 0.733629 0.714337 0.738187 0.712676 -0.601679 -0.674818 0.788142 0.680759 0.752129 0.759996 0.816482 -0.653631 0.732959 0.718516 0.774542 0.675850 0.347904 0.820463 0.735673 0.758697 0.735739 0.757011 0.778116 -0.464124 0.717282 0.683723 0.618055 0.816634 0.716857 0.669863 -0.635316 0.849392 0.571176 0.786384 -0.659279 0.754887 -0.682744 0.697885 0.740438
DB00887,-1.074684 2.174417 1.744542 -1.168428 0.471296 1.688872 -1.558769 -1.657088 1.797493 -1.642459 -0.803235 -1.504983 -1.534627 2.123447 -2.967301 -0.975749 -2.040460 1.212232 -1.831387 1.030048 2.282841 0.196006 -1.655176 -1.903958 -1.710060 -1.761443 0.076491 -2.018169 -1.752306 1.630335 1.989666 -0.820821 -1.621860 -1.564512 -0.221725 -0.342210 1.775146 -1.624195 -1.616159 -1.846747 -2.822540 -2.099891 -1.367506 -1.899623 -1.826628 -1.782355 -1.085835 -1.413427 0.474704 -2.004480 -1.659394 -2.221042 -1.502494 -1.370730 -1.443306 1.395069 -0.755549 -2.132746 -1.171472 0.898279 -1.408283 1.948417 -2.178945 -0.667682
DB00889,0.232251 -0.502870 -0.167057 0.287455 0.193051 -0.318046 0.391360 0.421595 -0.102337 0.308427 0.291544 0.362304 0.380849 -0.350074 0.554992 0.378928 0.273830 -0.075659 0.339666 -0.304554 -0.448033 0.244466 0.340635 0.417811 0.402972 0.352422 0.094614 0.262253 0.411798 0.035025 -0.526500 0.263391 0.409114 0.292944 0.433287 0.315228 -0.404398 0.416442 0.347911 0.320001 0.552229 0.496107 0.259899 0.356250 0.313406 0.265625 0.254119 0.372507 -0.032245 0.454391 0.138672 0.416240 0.338424 0.345286 0.040411 -0.156695 0.198916 0.302955 0.264149 -0.186299 0.245255 -0.395173 0.359336 0.007725
DB00891,0.410121 -0.390123 -0.032733 0.682089 -0.064985 -0.558663 0.344104 0.624374 -0.119218 0.470229 0.291468 0.530349 0.456311 -0.441984 0.091239 0.519508 0.530850 -0.338858 0.508332 -0.256851 -0.529098 0.626633 0.112880 0.536167 0.546446 0.492818 0.097625 0.613003 0.269509 -0.423175 -0.372377 0.490143 0.521205 0.539618 0.274498 0.546166 -0.490143 0.494224 0.577656 0.536763 0.304221 0.277208 0.640807 0.452953 0.471664 0.685327 0.411314 0.555028 -0.084239 0.504562 0.711249 0.321296 0.341781 0.578233 0.664835 -0.296166 0.487312 0.442867 0.585554 -0.240612 0.536325 -0.427728 0.464390 0.604269
DB00897,-3.223179 2.645918 1.740700 -3.432793 2.479716 3.313744 -2.127515 -3.306376 1.593881 -3.044667 -3.382129 -3.048688 -2.298052 2.942410 -1.924753 -2.751472 -3.701660 3.154504 -2.883562 1.355649 3.190408 -1.588897 -1.791967 -3.097353 -3.244663 -3.268333 -1.744903 -3.506872 -2.487120 3.815734 2.579655 -3.119666 -3.126192 -3.556743 -0.262676 -2.072664 2.661606 -2.604172 -3.452568 -3.214653 -2.592235 -2.436502 -3.441863 -2.882497 -3.172138 -3.663782 -2.958371 -3.090348 0.579065 -3.464512 -4.166497 -2.684192 -2.714832 -3.384675 -4.032671 2.043548 -2.851879 -3.634016 -3.414124 1.986923 -3.599429 2.421615 -3.226829 -3.732775
DB00902,0.784488 -0.861451 -0.534447 0.837656 -0.648376 -0.883277 0.861966 0.813894 -0.630648 0.853558 0.672996 0.870123 0.899890 -0.829195 0.815171 0.841195 0.749589 -0.834350 0.881239 -0.811835 -0.803747 0.636199 0.788358 0.856715 0.815522 0.826804 0.554024 0.723647 0.854022 -0.660960 -0.868293 0.752258 0.803799 0.810636 0.732024 0.819334 -0.880866 0.631389 0.786726 0.852366 0.795903 0.743880 0.833819 0.839355 0.854771 0.800097 0.807764 0.837044 -0.569502 0.789647 0.680492 0.845185 0.843228 0.778387 0.729859 -0.789094 0.767117 0.788149 0.804555 -0.819288 0.774947 -0.848308 0.839121 0.738664
DB00903,0.211471 0.576704 0.695323 -0.027339 0.112868 0.301117 -0.096981 -0.171508 0.647609 -0.277007 0.053556 -0.206669 -0.298616 0.629559 -0.709295 0.023405 -0.415411 0.332335 -0.233929 0.060903 0.492016 0.863751 -0.402093 -0.274178 -0.211166 -0.292088 0.296780 -0.160150 -0.338543 0.191387 0.430893 0.162147 -0.259850 -0.199622 0.169350 0.333856 0.366493 -0.039598 -0.281486 -0.313990 -0.481642 -0.783081 -0.038126 -0.280217 -0.305796 -0.321917 -0.052643 -0.107705 0.112193 -0.262981 -0.258596 -0.563726 -0.143375 -0.113152 -0.242935 0.145666 0.181983 -0.569540 -0.006000 0.059895 -0.101198 0.317831 -0.467293 0.171588
DB00904,-0.245014 -0.129379 -0.026562 -0.099947 0.778213 -0.009491 -0.003244 -0.020413 -0.115788 -0.054749 -0.310587 0.068530 0.010995 -0.107165 0.055135 -0.040855 -0.067014 0.321364 -0.027791 0.104533 -0.370761 0.399759 -0.107565 0.049815 0.007949 -0.095472 -0.225395 0.050313 -0.093643 0.301534 -0.056261 -0.172161 -0.089378 -0.233644 0.289288 -0.003550 -0.093665 0.324100 0.021795 -0.034259 0.232107 0.166402 -0.053420 0.124443 -0.067923 -0.004467 -0.201258 -0.135198 0.198198 0.127374 0.010176 0.025287 -0.133975 -0.127034 -0.135024 0.227308 -0.025089 0.050743 -0.082177 0.358820 -0.236526 0.017229 0.024711 -0.488482
DB00905,0.788273 -0.471469 0.033097 0.563475 -0.737160 -0.535649 0.590535 0.561857 -0.050050 0.575965 0.755506 0.639764 0.422512 -0.375226 0.250627 0.626837 0.633911 -0.644776 0.434698 -0.374078 -0.466957 0.648848 0.446889 0.564485 0.639766 0.584554 0.664994 0.516316 0.626481 -0.637412 -0.516233 0.743432 0.599046 0.587282 0.572338 0.649498 -0.395468 0.417675 0.545660 0.544344 0.478797 0.597331 0.643857 0.471218 0.561603 0.654265 0.640403 0.604331 -0.057890 0.632826 0.618138 0.410113 0.601568 0.605220 0.626978 -0.247064 0.644593 0.616880 0.727876 -0.490953 0.645273 -0.339961 0.533628 0.709657
DB00906,0.253833 -0.631432 -0.272670 0.242242 0.178060 -0.331289 0.556375 0.428719 -0.518064 0.417679 0.157701 0.437397 0.539710 -0.379338 0.714066 0.408436 0.297719 -0.284884 0.412596 -0.336677 -0.520196 -0.102973 0.642836 0.477891 0.446012 0.407351 -0.143935 0.283481 0.583046 -0.293307 -0.615905 0.284484 0.468846 0.344129 0.668221 0.427811 -0.506169 0.379033 0.329308 0.393655 0.704422 0.761784 0.280155 0.472468 0.402622 0.281348 0.313931 0.393634 -0.103407 0.395018 0.059401 0.645668 0.348612 0.264149 0.039559 -0.219368 0.316743 0.431865 0.274834 -0.331502 0.237536 -0.500096 0.474837 0.033078
DB00907,0.687326 -0.491416 -0.041187 0.601718 -0.230454 -0.501489 0.566758 0.562971 0.068888 0.431396 0.555293 0.550656 0.399700 -0.036778 -0.213942 0.578257 0.596086 -0.447855 0.575989 -0.247404 -0.525437 0.881392 0.218692 0.561285 0.530228 0.493644 0.201372 0.577445 0.334935 -0.435210 -0.568323 0.568100 0.563101 0.512884 0.067567 0.569450 -0.358169 0.857851 0.544843 0.482055 0.507781 0.167785 0.631811 0.603500 0.496295 0.500199 0.454350 0.507715 0.260933 0.626421 0.634463 0.308644 0.613921 0.584878 0.499890 -0.294385 0.676215 0.482696 0.551220 -0.330792 0.642297 -0.101614 0.436006 0.615204
DB00908,-0.811881 0.168937 -1.138657 -0.667704 -0.283796 -0.051282 -0.468921 -0.610055 -0.433917 -0.221402 -0.616501 -0.374616 -0.234356 -0.131652 0.392224 -0.795177 -0.471268 0.286102 -0.324368 0.107046 0.159906 0.020324 -0.098606 -0.207461 -0.542351 -0.445171 -0.397519 -0.125771 -0.234621 0.023758 0.232316 -0.766233 -0.784322 -0.746662 -0.565451 -1.062500 -0.234197 -0.281881 -0.659585 -0.426173 -0.007932 0.396672 -0.481506 0.007644 -0.215098 -0.445643 -0.600568 -0.790104 0.243419 -0.438874 -0.442452 -0.176403 -0.208520 -1.059925 -0.262807 -0.378637 -0.985872 -0.105182 -0.789537 -0.053898 -0.515494 0.043993 -0.209625 -0.794035
DB00909,-3.871831 3.183931 4.141158 -3.833509 3.676045 3.875229 -3.489856 -3.607623 3.419362 -3.850652 -3.834361 -3.641006 -3.413369 3.671336 -2.481739 -3.450811 -3.985303 4.340050 -3.799053 3.373179 3.358096 -3.105088 -2.623394 -3.669017 -3.822797 -3.785160 -2.737992 -3.847435 -3.361916 3.510307 3.187335 -3.595984 -3.626671 -4.067404 -1.951407 -3.324100 3.504763 -2.845896 -3.516985 -3.886608 -3.111713 -2.181712 -4.050638 -3.653762 -3.912003 -3.985297 -3.732450 -3.926522 3.216647 -3.581788 -4.047912 -3.113879 -4.230748 -3.914769 -4.315199 3.257888 -3.955107 -3.660998 -4.019150 3.514310 -3.989490 3.435360 -3.680256 -4.744515
DB00910,0.268803 -0.541640 -1.065239 0.563849 -0.467716 -0.497716 0.400961 0.571280 -0.705908 0.525189 0.350711 0.476344 0.511624 -0.577834 0.367031 0.305758 0.619533 -0.573829 0.567240 -0.357573 -0.536221 0.217855 0.446293 0.655193 0.490472 0.533317 -0.121378 0.550509 0.432111 -0.651862 -0.479759 0.281773 0.482228 0.587556 0.082658 0.177383 -0.584122 0.393400 0.554232 0.544892 0.396045 0.718553 0.573934 0.633916 0.610012 0.639132 0.306416 0.523969 -0.085922 0.577557 0.661046 0.616993 0.533291 0.488205 0.631200 -0.647209 0.058138 0.627190 0.389365 -0.407071 0.672567 -0.592424 0.575218 0.533837
DB00912,-0.442502 0.487549 0.924827 0.184291 0.709100 0.271173 -0.924945 0.163043 0.344229 -0.164084 0.181649 -0.279690 -0.379291 -0.346222 -0.498621 -0.385157 0.243982 0.829625 -0.237989 1.007147 -0.042768 0.122534 -1.242927 0.070590 -0.088744 -0.074130 -0.637384 0.410548 -0.604892 -0.214458 0.347776 -0.352427 -0.173548 -0.004193 -0.924616 -0.488641 0.252060 0.154374 0.177118 -0.117504 -0.686463 -0.128909 0.073125 -0.209881 -0.061535 0.176490 -0.435608 -0.193546 1.414497 -0.309771 0.512320 -0.323221 -0.581523 0.018395 0.499880 -0.940861 -0.715760 0.148618 -0.167458 0.424143 0.092294 0.264301 -0.024804 -0.415602
DB00915,0.226315 -0.392749 -0.249879 0.262645 -0.355773 -0.495365 0.191679 0.149777 -0.014516 0.325549 0.109631 0.357415 0.444769 0.108312 0.628347 0.384588 -0.003417 -0.257943 0.186369 -0.896415 -0.186636 -0.087371 0.792036 0.215296 0.137420 0.237102 0.476183 -0.187833 0.445549 -0.010029 -0.363307 0.390335 0.215275 0.127311 0.308967 0.473212 -0.504629 -0.346685 0.082083 0.191338 0.183928 0.472950 0.210507 0.183827 0.216459 0.011165 0.460632 0.216373 -0.786768 0.058116 -0.074942 0.350598 0.357196 0.170418 0.089902 -0.371650 0.354630 0.249858 0.227424 -0.665101 0.057220 -0.443875 0.220106 0.288165
DB00916,0.197916 -0.409349 -0.346308 0.452315 -0.174499 -0.532432 0.172769 0.441214 -0.508675 0.367214 0.159760 0.377798 0.330254 -0.444808 0.258932 0.238387 0.443239 -0.388163 0.498780 -0.248504 -0.493113 0.528449 0.148301 0.439563 0.336476 0.336171 -0.222679 0.406719 0.213771 -0.468999 -0.346720 0.116453 0.222238 0.267897 0.111706 0.133435 -0.453217 0.450844 0.442195 0.442153 0.360939 0.379408 0.453232 0.498027 0.407106 0.490276 0.182581 0.284675 -0.030387 0.449572 0.539123 0.304868 0.315048 0.296058 0.527562 -0.427884 0.130386 0.433835 0.274366 -0.258422 0.355837 -0.228786 0.393177 0.216835
DB00917,0.713432 -0.530662 -0.295508 0.788795 -0.688613 -0.537104 0.722799 0.707263 -0.574734 0.680464 0.680052 0.674630 0.707084 -0.578692 0.121689 0.722232 0.678086 -0.781242 0.809179 -0.557489 -0.552673 0.940070 0.237614 0.711627 0.667599 0.675187 0.319087 0.742738 0.564206 -0.553368 -0.578582 0.600200 0.632988 0.676634 0.673701 0.745997 -0.651588 0.903165 0.724647 0.727693 0.499906 0.310396 0.804665 0.707535 0.712008 0.731809 0.668217 0.693517 -0.270155 0.625291 0.737183 0.536776 0.715083 0.688186 0.680356 -0.505622 0.802957 0.542529 0.728807 -0.656469 0.767741 -0.443729 0.615011 0.782460
DB00920,0.823178 -0.884869 -0.655488 0.857301 -0.718508 -0.924252 0.908241 0.827082 -0.681800 0.918250 0.734413 0.909079 0.938728 -0.800068 0.882298 0.867169 0.747159 -0.848312 0.895147 -0.897895 -0.837356 0.708138 0.824535 0.884822 0.840505 0.855822 0.616838 0.769551 0.904877 -0.706405 -0.889574 0.828227 0.806664 0.808241 0.785265 0.839395 -0.910240 0.648939 0.781802 0.870647 0.839788 0.810551 0.883480 0.893002 0.892968 0.815700 0.870966 0.851028 -0.588374 0.789385 0.691504 0.878612 0.919661 0.776266 0.773088 -0.836202 0.828750 0.823634 0.839191 -0.915202 0.791458 -0.915351 0.867141 0.783757
DB00921,-0.486697 -0.303817 -0.525824 -0.242580 0.288565 -0.289746 -0.059750 -0.155366 -0.627994 0.014019 -0.305681 0.040861 0.106072 -0.483081 0.378595 -0.173322 -0.091305 0.278546 0.040548 -0.026844 -0.188258 0.112407 0.338344 0.073154 -0.065738 -0.108502 -0.247808 0.061238 0.045938 0.234391 -0.132244 -0.340366 -0.205444 -0.242969 0.290559 -0.273378 -0.184181 0.134923 -0.098363 -0.011152 0.298475 0.567112 -0.099814 0.134061 0.020186 -0.057628 -0.317715 -0.305565 -0.031609 -0.047165 -0.136120 0.132898 -0.058871 -0.326524 -0.215021 0.013552 -0.168380 0.140084 -0.299183 -0.020261 -0.326258 -0.144078 0.137603 -0.725734
DB00924,0.233924 -0.550951 -0.197274 0.259077 0.009681 -0.369289 0.518858 0.358547 -0.406205 0.404203 0.186649 0.452583 0.540596 -0.521412 0.558813 0.428043 0.325957 -0.200155 0.387821 -0.344169 -0.560745 0.229739 0.486151 0.453052 0.424883 0.377844 0.182749 0.254937 0.507248 -0.074496 -0.569267 0.237120 0.447008 0.292369 0.695077 0.430829 -0.547936 0.414913 0.379592 0.397658 0.545183 0.648821 0.279384 0.442795 0.397443 0.322648 0.302236 0.376629 -0.266219 0.434546 0.161463 0.539655 0.292675 0.343619 0.141115 -0.224031 0.324260 0.441508 0.309686 -0.235179 0.247185 -0.478068 0.450721 0.061494
DB00925,0.795757 -0.793331 -0.376403 0.693646 -0.767769 -0.755626 0.741386 0.664021 -0.449340 0.800342 0.741916 0.815802 0.670868 -0.629968 0.849556 0.726411 0.667525 -0.696079 0.588835 -0.746123 -0.690703 0.311821 0.713491 0.737625 0.784450 0.766672 0.771508 0.576706 0.885971 -0.740015 -0.765134 0.783029 0.698406 0.646506 0.636607 0.677614 -0.621236 0.313507 0.687332 0.715175 0.779473 0.888893 0.712204 0.655899 0.715685 0.750442 0.784512 0.733346 -0.365527 0.767873 0.616129 0.653145 0.815188 0.729621 0.723367 -0.560760 0.704603 0.812622 0.781010 -0.868331 0.720661 -0.719022 0.776807 0.691791
DB00927,0.376068 0.007834 0.564579 0.464714 0.696604 -0.106115 -0.106486 0.417037 0.675683 0.215993 0.457094 0.217723 0.007320 0.158017 -0.180584 0.341660 0.365473 0.011751 0.213469 0.164424 -0.534204 0.599391 -0.612314 0.276415 0.285288 0.249634 0.076238 0.375277 -0.107225 0.022934 -0.258410 0.330858 0.327432 0.089294 -0.160089 0.324043 -0.273061 0.686350 0.442235 0.215830 0.124411 -0.215523 0.382360 0.252629 0.136864 0.326094 0.312508 0.264969 0.288583 0.488157 0.615561 -0.065504 0.186938 0.434125 0.301933 0.134008 0.374244 0.258792 0.356671 0.270449 0.305834 0.146991 0.150301 0.178248
DB00928,-1.638222 1.543336 -0.070645 -2.023406 -0.298233 1.545450 -1.866661 -2.180706 0.214041 -1.551463 -2.214317 -1.747737 -1.026636 1.345026 -0.327603 -1.587395 -2.081110 0.605420 -1.887736 -0.334540 2.212293 -4.224654 0.535730 -2.416811 -2.027806 -1.678905 -0.697299 -2.628975 -1.193916 1.219654 1.637973 -1.367726 -1.347500 -1.470141 -2.588845 -1.596327 1.374567 -3.671914 -2.118634 -1.746308 -1.854816 -1.672096 -2.260146 -2.041549 -1.853515 -2.257495 -0.730231 -1.480476 -1.848127 -2.525580 -2.334608 -1.047474 -1.075231 -1.547278 -1.615443 1.338959 -1.188111 -1.732546 -1.597076 0.387714 -1.967122 0.761980 -1.763005 -0.616932
DB00929,0.825466 -0.893734 -0.697565 0.861884 -0.735228 -0.938355 0.920841 0.827922 -0.706910 0.921106 0.714300 0.915869 0.945242 -0.800055 0.866981 0.873872 0.749239 -0.867502 0.905568 -0.915311 -0.840463 0.714514 0.853159 0.887965 0.843648 0.858577 0.611555 0.765396 0.910324 -0.713490 -0.894566 0.828051 0.807613 0.810526 0.789305 0.846988 -0.920301 0.653593 0.785089 0.876901 0.849628 0.812955 0.887834 0.904626 0.896938 0.820020 0.874903 0.855525 -0.622277 0.799793 0.693363 0.883575 0.926506 0.778606 0.771155 -0.818702 0.838421 0.825271 0.844584 -0.926352 0.794081 -0.913907 0.868516 0.796743
DB00933,0.281264 -0.563304 -0.034351 0.330855 0.478904 -0.351431 0.471658 0.424679 -0.226003 0.358743 0.387692 0.468222 0.423396 -0.303129 0.530236 0.497440 0.287329 -0.176105 0.356170 -0.295666 -0.560755 0.122381 0.577785 0.408218 0.446324 0.378531 0.158677 0.296682 0.493111 -0.002507 -0.576885 0.390696 0.495030 0.289266 0.515600 0.381497 -0.431991 0.363708 0.376988 0.339644 0.557057 0.763104 0.306019 0.381023 0.340992 0.262917 0.351181 0.382775 0.158502 0.512286 0.145548 0.498265 0.252251 0.373481 0.130833 -0.029762 0.303065 0.407141 0.362356 -0.202168 0.262731 -0.408211 0.414653 0.008622
DB00934,-0.268582 -0.216486 0.109021 -0.231545 0.375925 0.008056 -0.156077 -0.221287 0.191429 -0.111026 -0.320735 -0.003732 0.070377 0.299631 0.468807 0.047512 -0.417300 0.375572 -0.287480 -0.404695 -0.058013 -0.753471 0.625753 -0.135847 -0.184902 -0.125212 0.213963 -0.714620 0.164793 0.601334 -0.143360 -0.060011 0.019400 -0.241256 0.169522 0.111096 -0.250720 -0.597359 -0.289543 -0.231002 -0.029087 0.408860 -0.356543 -0.226374 -0.262600 -0.455856 0.015411 -0.126199 -0.508259 -0.181547 -0.535416 0.097602 -0.305287 -0.151121 -0.475834 0.250108 0.032492 -0.026292 -0.197588 -0.201807 -0.447823 -0.005005 -0.092846 -0.279870
DB00935,0.818421 -0.877884 -0.678641 0.748678 -0.767097 -0.767944 0.906117 0.713633 -0.451590 0.844710 0.814327 0.838870 0.786947 -0.793253 0.913913 0.793484 0.695705 -0.763691 0.736920 -0.870785 -0.720687 0.522565 0.833267 0.809483 0.794943 0.804705 0.736456 0.693627 0.893528 -0.564380 -0.862147 0.737853 0.747440 0.702090 0.505621 0.760440 -0.760368 0.468479 0.717919 0.769021 0.879825 0.821791 0.787192 0.772387 0.790631 0.760978 0.818452 0.778136 -0.408567 0.766830 0.643598 0.700793 0.808500 0.751460 0.744229 -0.659823 0.788917 0.854660 0.802411 -0.888913 0.729564 -0.874447 0.805701 0.770262
DB00936,0.243442 0.135874 0.254092 -0.327365 -0.103780 -0.204640 0.059527 -0.126554 0.555653 0.041916 0.121769 0.006220 0.002487 0.247377 0.470772 0.078960 -0.298402 -0.131203 -0.268789 -0.203756 0.158468 0.716391 0.318594 -0.090492 -0.061867 -0.164703 0.909289 0.066300 0.118863 0.318143 0.096618 0.371056 -0.074937 -0.152710 0.396454 0.300492 -0.034741 -0.264468 -0.493021 -0.215792 0.012959 0.050740 -0.050773 -0.156961 -0.007869 -0.166851 0.302574 -0.116544 -0.515038 -0.296171 -0.300262 -0.078964 0.116761 -0.281708 -0.141223 0.170298 0.374017 -0.060518 0.057066 -0.084061 -0.316308 -0.085325 -0.075114 -0.009390
DB00938,0.415850 -0.722179 -0.623639 0.514226 -0.563081 -0.685785 0.567839 0.531161 -0.507509 0.633453 0.455131 0.631051 0.560796 -0.542882 0.840951 0.472495 0.571103 -0.501161 0.546286 -0.589997 -0.616084 0.314767 0.656063 0.633378 0.537713 0.557548 0.420481 0.494753 0.649166 -0.430190 -0.687537 0.420023 0.503863 0.378945 0.208825 0.378728 -0.659048 0.313272 0.499933 0.556911 0.700755 0.859243 0.550531 0.618922 0.594710 0.575323 0.539807 0.490063 -0.131563 0.537422 0.539354 0.554989 0.547076 0.468462 0.630177 -0.701273 0.410885 0.758360 0.497750 -0.607675 0.512701 -0.617895 0.624348 0.431742
DB00939,0.212325 -0.034692 -0.106216 -0.141484 -0.179724 -0.126091 0.123437 -0.072389 0.399615 0.103795 0.157493 0.100254 0.088851 0.337937 0.412446 0.148694 -0.208776 -0.284961 -0.181640 -0.284908 0.125858 0.062525 0.678613 -0.056294 -0.035772 -0.042439 0.682529 -0.190064 0.247957 0.212191 -0.056799 0.347200 0.087410 -0.011511 0.085208 0.310935 -0.078241 -0.581772 -0.314237 -0.136362 -0.138180 0.315242 -0.027374 -0.122831 0.017045 -0.129880 0.365006 0.024533 -0.608581 -0.173943 -0.280785 0.071306 0.167640 -0.077106 -0.049097 0.200836 0.258338 0.071824 0.101944 -0.296193 -0.108166 -0.197475 -0.037004 0.276532
DB00943,0.820994 -0.811372 -0.661880 0.845531 -0.694315 -0.852757 0.896384 0.804462 -0.669777 0.879220 0.713743 0.872634 0.905839 -0.754203 0.707747 0.849291 0.752055 -0.878501 0.888638 -0.845483 -0.796405 0.744386 0.714486 0.855677 0.814194 0.827152 0.547747 0.765705 0.847578 -0.700645 -0.835095 0.778774 0.776649 0.774426 0.796581 0.832035 -0.871701 0.701132 0.772322 0.849677 0.771038 0.711625 0.874916 0.864176 0.864961 0.810370 0.835351 0.827075 -0.574638 0.768227 0.712070 0.813136 0.876708 0.764079 0.754430 -0.765319 0.830204 0.772885 0.828173 -0.860389 0.786816 -0.827253 0.820865 0.796402
DB00945,0.108730 -0.072329 0.217892 -0.336507 0.093723 -0.206831 -0.061813 -0.172188 0.462273 0.091284 0.069358 0.027976 0.031644 0.174154 0.605351 0.015049 -0.225495 -0.257740 -0.283792 -0.218795 0.082203 -0.160480 0.599354 -0.120910 -0.063578 -0.105777 0.824479 -0.081133 0.204270 0.167636 0.038609 0.314024 0.077891 -0.044895 -0.019695 0.115456 -0.108391 -0.574764 -0.415535 -0.153544 0.088337 0.405523 -0.157765 -0.194559 0.002159 -0.099121 0.342500 -0.062781 -0.621096 -0.236767 -0.236896 0.102509 0.127770 -0.191292 -0.020220 0.264574 0.237343 0.066177 0.043803 -0.070301 -0.284703 -0.189154 0.007804 0.036911
DB00946,-1.657609 1.053218 1.026171 -0.890215 2.382282 0.868579 -2.384754 -0.624035 0.458683 -1.179030 -1.115634 -1.408464 -1.644410 0.674933 -1.271134 -1.815175 -0.057373 0.226689 -1.048997 2.193628 0.661335 -4.164569 -0.500871 -1.162694 -0.807344 -0.878029 -1.602476 -0.145699 -1.516500 -1.348836 1.324161 -1.403588 -0.515594 -0.165061 -4.051425 -2.576529 1.123624 -0.760733 -0.538725 -0.718172 -1.140952 -0.980437 -1.116535 -1.149881 -0.875985 -0.180228 -1.327157 -0.701049 -0.953353 -0.164632 0.211629 -0.666486 -1.363389 -0.302415 0.031382 1.077800 -1.329891 -0.554870 -1.059990 1.979298 -0.358159 1.463704 -0.701936 0.260561
DB00950,0.706602 -0.635868 -0.432043 0.804246 -0.768505 -0.731226 0.768990 0.721233 -0.584901 0.740119 0.671098 0.724279 0.761955 -0.698411 0.351023 0.731315 0.686089 -0.733663 0.831127 -0.643321 -0.642705 0.853992 0.496887 0.752874 0.699831 0.720039 0.371771 0.710729 0.648036 -0.567930 -0.681645 0.669626 0.659549 0.729918 0.677937 0.718427 -0.743065 0.786986 0.740414 0.753743 0.582364 0.488111 0.821129 0.764248 0.757010 0.745586 0.684943 0.715989 -0.430633 0.711533 0.704980 0.646460 0.726555 0.645032 0.716357 -0.599684 0.711413 0.637826 0.732522 -0.729937 0.750999 -0.587815 0.675096 0.733932
DB00951,-3.612481 2.715543 -0.012978 -2.487483 -0.188782 2.296068 -3.242856 -2.799076 0.517236 -2.642045 -3.258224 -2.951851 -2.481457 1.960252 -2.056187 -3.319640 -2.324198 2.043912 -2.125002 1.467880 2.806344 -2.091241 -1.872226 -2.479593 -3.260579 -2.798186 -3.066103 -3.009308 -2.759558 1.252283 2.817824 -3.644967 -3.354100 -2.800833 -2.602342 -3.239665 2.526722 -2.457823 -2.576919 -2.458860 -3.171385 -2.512082 -2.628314 -2.222918 -2.447001 -2.530056 -3.153090 -2.979533 0.494458 -2.686001 -2.051385 -2.261659 -2.308604 -3.002685 -2.046757 -0.851138 -3.573959 -2.489811 -3.449188 1.507942 -2.298244 2.625524 -2.642446 -2.311638
DB00952,0.476904 -0.642045 -0.087845 0.284203 -0.014556 -0.299510 0.692309 0.437909 -0.087903 0.463081 0.491316 0.520928 0.505122 -0.469490 0.682245 0.541832 0.320278 -0.214992 0.368523 -0.404852 -0.483081 0.218155 0.599300 0.469675 0.515320 0.450093 0.427779 0.359602 0.656197 -0.057698 -0.642795 0.453992 0.538280 0.338225 0.607848 0.565930 -0.467326 0.344365 0.370968 0.402449 0.715789 0.703058 0.351247 0.419228 0.408303 0.345742 0.471380 0.468459 -0.161417 0.428347 0.130069 0.520921 0.386640 0.426086 0.144147 -0.122258 0.448757 0.479029 0.439885 -0.457878 0.279834 -0.590131 0.493123 0.195318
DB00953,0.185718 0.255432 0.226340 0.035815 -0.365103 0.106615 0.172425 -0.208270 0.479027 -0.080171 0.172152 -0.078872 -0.023225 0.414139 -0.059496 0.154290 -0.342571 0.094418 -0.033671 -0.347474 0.342683 0.677057 -0.080995 -0.162602 -0.116398 -0.161236 0.690561 -0.268580 -0.038524 0.214697 0.127906 0.136740 -0.174196 -0.205691 0.470157 0.377328 0.229306 -0.182228 -0.142134 -0.146836 -0.237555 -0.654597 -0.033332 -0.217228 -0.182875 -0.222163 0.129703 0.023870 -0.101834 -0.224652 -0.325115 -0.462749 0.043670 0.001862 -0.262584 -0.077572 0.313723 -0.443246 0.038302 -0.215775 -0.160444 0.019865 -0.259773 0.034962
DB00956,0.154678 -0.645600 -0.465703 0.220537 0.020999 -0.421223 0.472245 0.347547 -0.511436 0.406991 0.232439 0.453850 0.525406 -0.594937 0.654922 0.391264 0.298032 -0.215336 0.387528 -0.452863 -0.527417 0.012178 0.695914 0.447762 0.396210 0.371608 0.102313 0.273955 0.553737 -0.011063 -0.593898 0.241443 0.389760 0.316779 0.627480 0.334926 -0.555188 0.317739 0.322065 0.371953 0.628313 0.873576 0.268163 0.426473 0.390530 0.231282 0.263862 0.311069 -0.144107 0.381250 0.088293 0.618273 0.272049 0.250567 0.088008 -0.340099 0.265977 0.448420 0.249543 -0.359721 0.199395 -0.486416 0.472825 -0.046959
DB00959,0.587377 -0.329847 -0.629007 0.341137 -0.416074 -0.442212 0.438022 0.488318 -0.492036 0.498276 0.716190 0.388199 0.396236 -0.724960 0.592810 0.369229 0.616204 -0.545276 0.356397 -0.012161 -0.525866 -0.046295 0.561179 0.520883 0.471587 0.517235 0.303425 0.714483 0.373180 -0.673021 -0.339168 0.554312 0.516764 0.612937 -0.295545 0.221476 -0.432712 0.240560 0.555202 0.465940 0.366043 0.561295 0.509410 0.467784 0.530028 0.565247 0.524721 0.504388 0.396745 0.402804 0.645953 0.590180 0.534150 0.478831 0.611409 -0.271147 0.391017 0.633451 0.483815 0.019299 0.588003 -0.578293 0.549183 0.440512
DB00960,-2.311082 4.414560 6.086167 -3.297639 4.460230 5.013188 -2.785555 -3.475943 4.508695 -4.365203 -1.735640 -3.750151 -4.427128 5.269182 -5.795069 -2.618773 -4.000213 4.380760 -4.320992 4.086094 4.387042 -1.290138 -4.759655 -4.189742 -3.460107 -3.955953 -0.611132 -4.042430 -3.893711 4.500439 4.069369 -2.485475 -3.407213 -3.565299 -0.987127 -1.728411 5.450238 -2.068136 -3.311303 -4.279187 -4.124475 -4.540232 -3.747677 -4.583199 -4.496783 -3.931640 -3.411666 -3.245904 4.404478 -3.522371 -3.831203 -4.907537 -4.300026 -2.668539 -4.412467 5.342573 -2.337906 -4.731137 -2.881847 4.500573 -3.360035 4.827575 -4.516884 -3.203072
DB00961,-0.246448 -0.114892 -0.004306 -0.229516 0.436408 0.156788 0.165648 -0.114295 0.413960 -0.186618 -0.367654 0.013729 0.133448 0.252385 -0.070730 0.061435 -0.266594 0.026861 -0.067967 -0.283899 0.107594 -0.268088 0.319595 -0.147009 -0.183408 -0.192223 0.036813 -0.471998 0.029324 0.601437 -0.240652 -0.081898 0.069442 -0.209229 0.095782 0.265607 0.020429 -0.546010 -0.252860 -0.222179 -0.147485 -0.045360 -0.231452 -0.113745 -0.247922 -0.400392 0.014730 -0.066062 -0.279966 -0.275695 -0.511714 0.098336 -0.007016 -0.095908 -0.377275 0.225848 -0.038360 -0.149715 -0.184899 -0.261176 -0.212567 0.119369 -0.121572 -0.061853
DB00962,-3.281014 2.453904 1.986711 -3.675451 2.932352 3.436573 -2.070563 -3.345895 1.356711 -3.229836 -4.168063 -2.964772 -2.381256 2.658720 -1.930540 -2.772723 -3.895638 3.390506 -3.149500 1.082145 3.178828 -2.196150 -1.575757 -3.309035 -3.417347 -3.445175 -2.327815 -4.032774 -2.556627 4.194410 2.596455 -3.309132 -3.218625 -3.668744 -0.135456 -1.906793 2.532865 -3.258371 -3.553863 -3.399324 -2.956426 -2.231781 -3.658624 -3.074197 -3.410195 -3.976473 -2.965663 -3.326277 -0.065559 -3.787922 -4.471055 -2.437198 -3.077162 -3.555603 -4.327634 2.037133 -3.067337 -3.527988 -3.467615 1.902311 -4.010269 2.403576 -3.261983 -4.149733
DB00964,0.825983 -0.890227 -0.694614 0.859787 -0.728922 -0.937462 0.919570 0.827465 -0.709331 0.919908 0.721469 0.914355 0.941417 -0.797595 0.868391 0.871960 0.747015 -0.865069 0.903584 -0.913600 -0.838792 0.712205 0.845833 0.886361 0.843060 0.857298 0.615002 0.763110 0.909483 -0.715171 -0.893585 0.827671 0.806040 0.809699 0.797819 0.846021 -0.917099 0.650143 0.783780 0.876295 0.849986 0.811256 0.886432 0.901218 0.895102 0.817835 0.873442 0.854392 -0.619926 0.800005 0.692622 0.879496 0.927654 0.775895 0.770612 -0.810532 0.834683 0.821037 0.844098 -0.923556 0.795013 -0.910641 0.867709 0.794396
DB00966,0.713264 -0.365872 -0.023749 0.767254 -0.590386 -0.495686 0.539258 0.618287 -0.263578 0.534091 0.750725 0.553888 0.385001 -0.455931 -0.014281 0.602548 0.631664 -0.510445 0.591274 -0.368663 -0.407841 0.594754 0.067787 0.557245 0.611919 0.582639 0.489983 0.505144 0.429994 -0.637329 -0.444969 0.657571 0.571064 0.629420 0.503217 0.596452 -0.352915 0.523231 0.703802 0.618611 0.381930 0.158547 0.675062 0.455845 0.512158 0.715589 0.541728 0.662628 -0.099288 0.671586 0.751248 0.253263 0.464173 0.694472 0.657653 -0.257269 0.577551 0.411207 0.723621 -0.501419 0.744154 -0.232758 0.479265 0.715995
DB00967,-0.755779 0.748595 2.319919 -1.000357 2.952064 1.333878 -1.186541 -0.595001 1.742372 -1.463907 -0.812986 -1.023645 -1.412860 1.767402 -2.042249 -0.460027 -0.955792 2.540038 -1.443737 2.024173 0.740038 -1.247345 -1.596966 -1.078537 -0.749801 -1.029607 -1.284937 -1.231282 -1.184941 2.225652 0.867840 -0.536935 -0.568804 -0.903379 -0.508790 -0.332792 1.396474 0.051221 -0.683347 -1.289321 -0.526498 -0.530161 -1.116270 -1.349571 -1.406093 -1.164417 -1.258424 -0.951712 2.236320 -0.544903 -1.079009 -1.483297 -1.808055 -0.326325 -2.020849 2.620009 -0.807105 -1.123647 -0.852071 2.251746 -1.045624 1.502475 -1.253002 -1.575704
DB00968,0.235094 0.099434 -0.131227 0.281564 -0.274005 -0.040426 0.157431 0.105345 0.145828 -0.000049 0.166289 0.136811 0.045979 0.344726 -0.684392 0.287666 -0.053175 -0.179538 0.085346 -0.298502 0.163337 0.326795 0.091079 -0.043066 -0.008791 0.009015 0.073945 -0.253025 -0.010371 -0.002184 0.061125 0.200935 0.035696 0.081800 0.191562 0.501454 0.035625 -0.165780 0.099188 0.014185 -0.379517 -0.268537 0.177654 -0.037888 -0.030107 -0.015807 0.167712 0.151509 -0.391926 0.012824 -0.001194 -0.152503 0.002224 0.177013 0.051907 0.027017 0.281849 -0.099028 0.224583 -0.227955 0.174775 0.083499 -0.154046 0.501302
DB00969,0.012232 0.284703 0.521356 0.088515 0.688763 0.151126 0.109154 0.055520 0.209338 -0.128367 0.110740 -0.151214 -0.195153 0.103547 0.041699 0.055631 -0.082373 0.413195 0.130536 0.314607 -0.083932 1.116807 -0.792298 0.076702 0.125929 -0.045003 0.457715 0.290584 -0.242430 0.319655 0.092925 -0.007751 -0.084924 -0.132698 0.673545 0.209918 0.361154 0.782958 0.130181 0.045383 0.212228 -0.882642 0.028767 -0.034199 -0.143149 -0.054723 -0.176436 0.117950 0.638974 0.167933 0.037614 -0.457288 0.014820 0.076591 -0.224774 0.279525 0.328234 -0.459619 0.032949 0.517723 -0.030462 0.263730 -0.094211 -0.355864
DB00970,-0.066767 0.955925 0.261345 -0.137398 -0.917805 0.750939 -0.642399 -0.112944 -0.295029 -0.455883 -0.005692 -0.609727 -0.608312 -0.460665 -1.743600 -0.484428 0.494597 -0.128059 0.026516 1.300320 0.449525 -1.373469 -1.061100 -0.633081 -0.233527 -0.056955 -1.330238 0.246326 -0.854593 -0.410237 0.739041 -0.357205 0.060022 0.499433 -2.239875 -1.062573 0.527718 0.405172 0.252250 -0.030016 -0.557680 -1.443446 -0.176196 -0.388975 -0.203536 0.173688 -0.216432 -0.024103 0.592981 -0.030129 0.631087 -0.281415 -0.363820 0.150257 0.371860 0.937598 -0.170949 -0.266779 -0.005495 0.900525 0.350401 0.999986 -0.356263 0.612940
DB00972,-0.250318 -0.346642 -0.460030 -0.069608 0.384603 -0.280658 0.135427 -0.022974 -0.482255 0.156905 -0.314306 0.234151 0.255586 -0.380399 0.508935 0.030544 0.000079 0.039776 0.135161 -0.128985 -0.464218 0.281820 0.323368 0.185417 0.094608 0.017501 0.019069 0.144727 0.183698 0.020350 -0.257781 -0.096201 -0.023199 -0.179927 0.467611 -0.000281 -0.327602 0.135998 0.049702 0.097022 0.378580 0.595296 0.020252 0.288036 0.124145 0.080830 -0.054407 -0.109509 -0.196213 0.140891 -0.000155 0.312113 -0.092545 -0.132622 0.006902 -0.310407 0.093305 0.284392 -0.061263 0.014977 -0.178733 -0.279065 0.244604 -0.489687
DB00973,0.656151 -0.629507 -0.399368 0.764100 -0.823824 -0.718276 0.755269 0.688548 -0.807256 0.737076 0.649302 0.704473 0.750301 -0.767318 0.345758 0.681949 0.658114 -0.689263 0.812558 -0.671216 -0.617717 0.833587 0.475288 0.725643 0.667778 0.687571 0.394735 0.685445 0.634623 -0.656177 -0.654751 0.604372 0.613846 0.687887 0.692797 0.667979 -0.754381 0.772325 0.733964 0.744280 0.541200 0.520588 0.794008 0.735042 0.740237 0.714497 0.668120 0.651144 -0.424403 0.641797 0.679858 0.606865 0.724580 0.595730 0.709813 -0.550340 0.678697 0.627990 0.683688 -0.825627 0.684703 -0.579685 0.673695 0.682986
DB00975,0.397396 0.472332 1.123605 0.134975 0.611714 0.177835 -0.609411 0.228403 0.259120 -0.030875 0.877399 -0.099153 -0.511015 0.350807 -0.560141 -0.111301 0.424764 -0.627772 -0.274385 0.616430 0.206524 -1.750104 -0.556220 -0.389248 0.250660 0.179549 0.939797 0.233369 0.015233 -1.312928 0.203872 0.336209 0.270900 0.515108 -0.950334 -0.445486 0.781320 0.201758 0.107005 0.101762 -0.203294 -0.720691 -0.089145 -0.459000 0.009492 0.236240 0.125010 0.304203 -1.679809 0.429579 0.329071 -0.232213 0.131016 0.565323 0.416473 0.472354 0.312766 -0.126459 0.383074 0.434950 0.339828 0.485300 0.016328 0.667127
DB00977,-2.162936 1.071745 1.690094 -0.989505 2.295835 0.673701 -2.414598 -0.811863 0.222754 -1.344115 -2.546660 -1.378330 -1.659782 0.476693 -1.643885 -1.887269 -0.492108 1.361642 -1.081213 2.289500 0.480242 -1.997773 -1.087569 -1.143411 -1.153237 -1.281871 -2.422225 -0.409567 -1.995580 0.161576 1.559400 -1.887350 -1.105321 -0.814810 -2.703433 -2.093363 0.933242 -0.715233 -0.592363 -1.047314 -1.544730 -0.485927 -1.121892 -1.028829 -1.141304 -0.323516 -1.830760 -1.291960 1.647989 -0.506486 0.143041 -0.978296 -1.976711 -0.881055 -0.178875 1.098269 -1.774548 -0.502552 -1.502289 2.405038 -0.915417 1.331430 -0.919236 -0.711443
DB00978,0.633200 -0.574684 -0.012058 0.632763 -0.036018 -0.580535 0.543762 0.649745 -0.025514 0.642754 0.634768 0.642252 0.602725 -0.457975 0.578764 0.633585 0.590576 -0.455754 0.515359 -0.362449 -0.752930 0.525315 0.318969 0.651936 0.644422 0.634037 0.510190 0.569023 0.545521 -0.357282 -0.625638 0.678959 0.683566 0.573968 0.492625 0.633766 -0.669228 0.527733 0.620047 0.574829 0.552632 0.554971 0.647585 0.611709 0.607499 0.605275 0.667675 0.617246 -0.323604 0.660519 0.673327 0.575341 0.530680 0.666150 0.649394 -0.459476 0.607970 0.706827 0.660838 -0.375476 0.581464 -0.587620 0.621822 0.595708
DB00979,0.822921 -0.868489 -0.648546 0.850162 -0.734978 -0.924749 0.871470 0.808689 -0.706618 0.891089 0.711709 0.894354 0.907236 -0.757328 0.782288 0.865123 0.746169 -0.822575 0.874590 -0.858087 -0.804342 0.688939 0.818975 0.867139 0.825677 0.841090 0.589616 0.735142 0.867751 -0.691272 -0.849931 0.816812 0.789920 0.810472 0.759230 0.842421 -0.888904 0.665109 0.778846 0.856842 0.815842 0.804240 0.878189 0.872078 0.872048 0.801029 0.841807 0.829996 -0.560830 0.786384 0.699390 0.833091 0.891672 0.775721 0.756171 -0.755436 0.834633 0.812294 0.831253 -0.867199 0.795908 -0.860872 0.838064 0.801720
DB00980,-2.965256 2.482871 2.884712 -3.481334 3.591360 2.999189 -1.969002 -3.270022 2.321052 -2.982353 -3.541147 -2.843292 -2.170090 2.911160 -1.755005 -2.496971 -4.016647 3.597720 -3.279541 1.184685 2.898903 -1.156795 -2.000414 -3.174238 -3.018774 -3.321076 -1.187791 -3.498362 -2.677137 4.332132 2.624786 -2.727391 -2.963805 -3.601821 0.479129 -1.492663 2.349492 -2.680805 -3.370814 -3.234199 -2.563918 -2.478182 -3.450836 -2.988735 -3.369006 -3.670355 -2.671624 -3.052216 0.076310 -3.510243 -4.093977 -2.851196 -3.040156 -3.073571 -3.980598 3.260691 -2.051199 -3.432563 -3.107475 2.271405 -3.981380 2.263996 -3.159997 -3.712186
DB00981,0.825634 -0.846173 -0.577385 0.846061 -0.657100 -0.889282 0.886493 0.819383 -0.670210 0.881522 0.725480 0.880351 0.896021 -0.779752 0.775452 0.855457 0.735997 -0.841213 0.869051 -0.827073 -0.807899 0.714542 0.790246 0.863566 0.822308 0.835079 0.599794 0.767615 0.855627 -0.697307 -0.847484 0.818377 0.786602 0.806493 0.758191 0.830742 -0.856919 0.671726 0.781218 0.847577 0.788514 0.768288 0.874713 0.870657 0.863964 0.801721 0.837913 0.833101 -0.518487 0.794654 0.699934 0.819065 0.879042 0.780975 0.757563 -0.755070 0.823912 0.795155 0.829608 -0.842242 0.797261 -0.872232 0.831631 0.783953
DB00982,-0.068190 0.971679 -0.765165 -1.560199 0.624776 0.848848 0.668400 -1.719277 -0.162491 -0.251575 -0.684777 -0.755994 -0.213325 1.487984 0.293840 -0.690850 -2.288294 0.435320 -1.105045 -0.599067 1.137865 2.683699 -0.480651 -0.995008 -0.882082 -1.301170 2.267508 -0.300147 -0.366267 1.464229 0.918012 -0.068636 -1.465847 -2.001401 2.081515 0.122053 -0.026540 -0.302935 -2.092406 -1.327593 0.000077 -0.833555 -0.910149 -0.346213 -0.755125 -1.649490 -0.073746 -1.185030 -0.864354 -1.973544 -2.203278 -1.639267 0.615292 -1.953988 -1.548835 0.432237 0.175957 -1.731276 -0.922996 -0.408145 -1.776413 -0.271622 -1.188180 -1.413564
DB00983,0.122864 -0.318912 -0.208631 0.458292 0.058330 -0.496425 0.040594 0.358626 0.044217 0.269094 0.261591 0.329410 0.111930 -0.253988 0.631202 0.294676 0.347084 -0.184552 0.344971 -0.270154 -0.450262 0.289762 0.251397 0.372154 0.326290 0.337732 0.498795 0.325253 0.219789 -0.205487 -0.333714 0.271233 0.263255 0.216943 -0.267969 0.186317 -0.210139 0.124085 0.385744 0.333600 0.365963 0.254508 0.332965 0.232694 0.227292 0.375205 0.261267 0.311246 0.374251 0.453872 0.452043 0.114633 0.141140 0.323467 0.459961 -0.417112 0.366921 0.337829 0.340131 -0.093866 0.307960 -0.209075 0.353714 0.196250
DB00986,0.808429 -0.805191 -0.641007 0.846502 -0.733467 -0.889286 0.826549 0.775166 -0.701889 0.841438 0.732135 0.833607 0.839952 -0.674243 0.694619 0.845037 0.734513 -0.773096 0.839048 -0.785626 -0.736243 0.654493 0.682828 0.827861 0.801108 0.810745 0.631587 0.696134 0.801272 -0.659896 -0.774409 0.807284 0.745141 0.804731 0.788281 0.824579 -0.774761 0.696112 0.770011 0.833532 0.761344 0.658967 0.857285 0.790382 0.829438 0.774132 0.783705 0.809976 -0.459938 0.753984 0.708879 0.717310 0.826491 0.776282 0.717572 -0.695031 0.836197 0.742708 0.813239 -0.813708 0.789367 -0.787862 0.787786 0.793189
DB00987,0.570733 -0.506718 -0.382246 0.607417 -0.899273 -0.574912 0.512515 0.596248 -0.848947 0.620696 0.499578 0.566060 0.575608 -0.880454 0.494133 0.529310 0.721386 -0.796711 0.678044 -0.401749 -0.610646 -0.200143 0.566109 0.446783 0.614285 0.680363 0.125589 0.583292 0.533955 -0.707174 -0.538775 0.528194 0.680968 0.784482 -0.083341 0.317342 -0.606861 0.400402 0.654125 0.678120 0.611206 0.451620 0.568697 0.560683 0.650047 0.663755 0.665162 0.711677 -0.336027 0.595715 0.670873 0.688068 0.654638 0.686745 0.739631 -0.364360 0.554012 0.644548 0.640963 -0.376625 0.669297 -0.648905 0.616700 0.828540
DB00988,0.358377 -0.115649 -0.239117 0.223152 -0.542441 -0.184776 0.346371 0.097093 0.152625 0.205004 0.229584 0.267532 0.242847 0.033004 0.106990 0.361671 -0.052125 -0.301121 0.145061 -0.638486 0.047886 0.487597 0.417114 0.113214 0.116431 0.130137 0.488226 -0.052004 0.262195 -0.050850 -0.153052 0.336230 0.093255 0.065333 0.350379 0.534180 -0.130411 -0.105363 0.051795 0.113643 -0.040505 0.115709 0.227166 0.131271 0.127198 0.020569 0.367367 0.197023 -0.401348 0.041279 -0.056088 0.017387 0.282189 0.182636 0.089717 -0.225041 0.413688 0.076154 0.266517 -0.462287 0.125930 -0.236055 0.031680 0.397002
DB00989,0.803601 -0.821608 -0.549050 0.840989 -0.620652 -0.855352 0.859112 0.815400 -0.627708 0.857071 0.716741 0.863756 0.861838 -0.762671 0.725514 0.842675 0.736329 -0.820572 0.846293 -0.791996 -0.779101 0.708422 0.751494 0.851162 0.813458 0.823738 0.598387 0.753472 0.825893 -0.705684 -0.820975 0.812970 0.776939 0.799132 0.734489 0.814687 -0.819747 0.657574 0.781113 0.830217 0.760608 0.751605 0.864135 0.848026 0.845126 0.796314 0.819495 0.826525 -0.490514 0.780507 0.705402 0.790468 0.850409 0.778013 0.753333 -0.739073 0.798579 0.782114 0.825875 -0.803418 0.803842 -0.848516 0.809216 0.777825
DB00990,0.385926 -0.558593 -1.029739 0.550431 -0.769057 -0.611686 0.589375 0.524259 -0.735340 0.588004 0.343238 0.534486 0.626671 -0.606975 0.527511 0.379912 0.621927 -0.551409 0.710919 -0.539859 -0.545489 0.672790 0.349922 0.672322 0.511310 0.551052 0.073621 0.568178 0.553122 -0.609829 -0.557415 0.289655 0.409786 0.513281 0.479951 0.290926 -0.622652 0.626948 0.497710 0.629146 0.597422 0.465559 0.596593 0.743539 0.662679 0.604155 0.376776 0.503635 -0.358297 0.566042 0.589593 0.584743 0.712114 0.408666 0.544240 -0.925590 0.280449 0.553583 0.412843 -0.676208 0.614502 -0.543868 0.600198 0.526246
DB00991,0.249853 -0.148164 -0.171945 -0.181944 -0.241642 -0.110875 0.132042 -0.123335 0.529210 0.122177 0.109861 0.110143 0.113195 0.202844 0.486708 0.147818 -0.176137 -0.337756 -0.170603 -0.304560 0.124938 0.097255 0.753886 -0.045512 -0.030789 -0.035738 0.589889 -0.208238 0.280050 0.250599 -0.076442 0.362316 0.111765 0.014343 -0.021208 0.348637 -0.108587 -0.669474 -0.319702 -0.116954 -0.040514 0.392311 -0.027909 -0.097919 0.046161 -0.087613 0.411887 0.017437 -0.627897 -0.162968 -0.272092 0.120674 0.168645 -0.088501 -0.026765 0.296264 0.240981 0.124925 0.121576 -0.262832 -0.153790 -0.172814 -0.011862 0.250905
DB00993,0.171570 -0.120423 -0.066107 0.062441 -0.708376 -0.209000 0.224718 -0.009654 -0.200842 0.191050 0.002245 0.203313 0.365614 -0.239246 0.267085 0.240750 -0.047957 -0.413730 0.119444 -0.508033 -0.089326 -0.160432 0.527045 0.034277 0.047354 0.114059 0.185511 -0.161497 0.224433 -0.129749 -0.140818 0.204768 0.191442 0.101316 0.225947 0.321844 -0.313657 -0.303460 0.011782 0.105382 -0.082076 0.100555 0.070760 0.131838 0.115622 -0.051926 0.381506 0.169812 -0.664649 -0.041820 -0.038844 0.248497 0.294199 0.125078 0.116827 -0.179957 0.295266 0.171311 0.178328 -0.335116 0.050178 -0.340960 0.081437 0.450841
DB00996,-0.746118 0.222939 2.295071 -1.080596 2.874304 1.406333 -0.114599 -0.419571 0.573506 -1.045737 -0.957462 -0.678433 -0.619704 0.333843 -0.730129 -0.358384 -0.839566 1.412250 -0.863619 1.379848 0.423168 -1.165187 -0.316360 -0.675775 -0.469649 -0.780521 -1.647594 -0.809434 -0.464253 1.578979 0.270006 -0.886846 -0.203223 -0.682590 0.516219 -0.078767 0.812592 0.011821 -0.589661 -0.845901 -0.216639 -0.006393 -1.128572 -0.823538 -0.975177 -0.994267 -1.006536 -0.605464 1.323797 -0.478855 -1.414786 -0.318690 -1.251803 -0.544561 -1.903261 1.828476 -0.767456 -0.811124 -0.826583 1.589569 -1.035156 0.833000 -0.709384 -1.644544
DB00997,0.560903 -0.353720 -0.637755 0.223940 -0.753853 -0.452516 0.511671 0.240745 -0.994120 0.578987 0.588929 0.475422 0.500777 -0.652539 0.730415 0.351841 0.515593 -0.711595 0.544792 -0.361490 -0.474440 0.067873 0.580526 0.316353 0.326508 0.450545 0.518052 0.590120 0.510067 -0.658059 -0.388388 0.444306 0.236215 0.354852 0.038705 0.113732 -0.442802 0.443225 0.449758 0.523683 0.698991 0.333523 0.417450 0.513482 0.559057 0.408595 0.594613 0.261147 -0.361366 0.308110 0.407035 0.546416 0.676868 0.139913 0.505367 -0.464281 0.623836 0.509817 0.426813 -0.409923 0.352355 -0.541646 0.519663 0.088872
DB00998,0.352294 -0.500098 -0.058244 0.213991 0.216354 -0.178721 0.611719 0.363489 -0.007058 0.367272 0.403014 0.415482 0.419654 -0.426609 0.589566 0.468892 0.259719 -0.043016 0.261907 -0.305050 -0.479929 0.213872 0.366574 0.406051 0.459294 0.382816 0.473113 0.275851 0.533256 0.062135 -0.571830 0.359606 0.484386 0.252636 0.644247 0.551542 -0.428155 0.373855 0.345299 0.330099 0.629276 0.569619 0.249846 0.354288 0.314000 0.230950 0.384822 0.404672 -0.171596 0.423010 0.111413 0.394061 0.250723 0.382762 0.063906 0.003060 0.458598 0.420255 0.382889 -0.230662 0.193759 -0.495203 0.412181 0.108596
DB00999,-1.086776 3.328617 3.709169 -1.345812 1.807645 2.661850 -3.031632 -1.741817 4.043859 -2.673025 0.280722 -2.405647 -3.284367 3.415754 -4.281257 -1.486244 -1.683323 2.695122 -2.760816 2.828609 2.781602 -0.541773 -3.828057 -2.428851 -1.926331 -2.055656 0.127325 -2.093406 -2.931496 1.642384 2.867078 -0.741676 -1.853726 -1.602266 -2.605304 -1.154120 3.331548 -1.460420 -1.449637 -2.372649 -3.171007 -3.794613 -1.680127 -3.013854 -2.664847 -1.876375 -1.771568 -1.620823 2.884550 -1.660197 -1.020427 -3.593372 -2.680894 -0.795679 -1.603279 2.554396 -1.125140 -2.797886 -1.258833 3.186750 -1.344175 3.447340 -2.767102 -1.070417
DB01000,0.738876 -0.827864 -0.449803 0.811568 -0.567213 -0.802777 0.760284 0.768200 -0.524239 0.794359 0.596256 0.773004 0.801391 -0.700001 0.667342 0.725819 0.755806 -0.823992 0.811727 -0.585372 -0.772201 0.482284 0.775376 0.826787 0.771661 0.777650 0.436793 0.746373 0.764272 -0.764465 -0.748519 0.684448 0.775971 0.790543 0.497304 0.686221 -0.769518 0.577120 0.749291 0.789128 0.664575 0.705496 0.803168 0.812181 0.802036 0.794728 0.736293 0.802148 -0.541602 0.799113 0.728428 0.758444 0.821004 0.766241 0.720915 -0.745100 0.708340 0.778520 0.721216 -0.701302 0.827944 -0.721064 0.792289 0.879417
DB01001,0.353935 -0.209605 -0.364922 0.149689 -0.147326 -0.180356 0.301283 0.080658 0.128456 0.193383 0.273973 0.244426 0.218279 0.128270 0.229943 0.305286 -0.121350 -0.204720 0.038516 -0.689157 -0.038843 0.300999 0.386042 0.114922 0.106645 0.095813 0.610204 -0.000537 0.286021 0.090720 -0.204169 0.357216 0.099574 -0.030786 0.155746 0.450361 -0.219476 -0.230949 -0.033531 0.020878 0.148185 0.154454 0.163315 0.099962 0.103835 -0.035685 0.375899 0.144059 -0.389385 -0.028107 -0.134222 0.042745 0.316005 0.119635 0.002313 -0.217730 0.374371 0.124067 0.226586 -0.515343 0.033773 -0.364374 0.054280 0.277958
DB01002,-0.103631 -0.025331 -0.067842 -0.335564 0.515871 0.276221 0.269773 -0.181029 0.406389 -0.151288 -0.228131 0.018348 0.056035 0.286355 -0.309238 -0.014568 -0.339873 0.004964 -0.191402 0.068241 0.040345 0.161206 0.052400 -0.143639 -0.085992 -0.225057 -0.015956 -0.166592 -0.002830 0.630088 -0.176302 -0.052703 0.011377 -0.311996 0.268588 0.211701 -0.034044 -0.195784 -0.328794 -0.284363 0.044724 0.128904 -0.213069 0.002369 -0.201496 -0.439110 -0.027432 -0.139513 0.100238 -0.217628 -0.461302 -0.046562 0.239030 -0.205443 -0.358416 0.398583 -0.078380 -0.109187 -0.173740 -0.095322 -0.213164 0.163700 -0.155125 -0.155004
DB01004,0.184491 0.674533 0.590708 0.016792 -0.070399 0.322954 -0.008082 -0.233303 0.435177 -0.311600 0.020109 -0.272367 -0.294322 0.625825 -0.860149 0.086988 -0.395983 0.306830 -0.034012 -0.014189 0.516432 1.044041 -0.773003 -0.338533 -0.355286 -0.352709 0.534970 -0.267930 -0.443814 0.216604 0.447813 0.116032 -0.426873 -0.267360 0.321144 0.470880 0.501015 0.147668 -0.185119 -0.246397 -0.642063 -1.471795 -0.006641 -0.332698 -0.337378 -0.307793 -0.061462 -0.173169 -0.020509 -0.357615 -0.273698 -0.730508 -0.129482 -0.179249 -0.384640 0.204981 0.432099 -0.791635 -0.037402 0.033956 -0.191187 0.468910 -0.545886 -0.057849
DB01005,0.390216 0.318900 -0.321740 -0.066009 -0.779062 0.176772 -0.280709 0.164056 -0.956758 0.036676 0.396170 -0.084400 -0.072291 -0.868161 0.145477 -0.098112 0.671712 -0.623724 0.160024 0.511011 -0.023281 -2.097788 -0.032019 -0.291625 0.252869 0.339664 -0.263352 0.410248 -0.045933 -0.904148 0.112846 0.181357 0.516284 0.725250 -2.162471 -0.679138 0.128262 -0.019848 0.361547 0.343856 0.365147 -0.533228 -0.050706 -0.055187 0.165755 0.265099 0.365903 0.474891 -0.069848 0.151933 0.543098 0.358851 0.359022 0.550598 0.595549 0.460580 0.292015 0.240106 0.371853 0.607281 0.461667 -0.069132 0.191601 0.781562
DB01006,0.448254 -0.432198 -0.579355 0.554928 -0.604496 -0.543434 0.512742 0.467417 -0.637888 0.536776 0.416113 0.497987 0.543411 -0.580397 0.345365 0.369072 0.572306 -0.574244 0.704096 -0.420463 -0.551781 0.855877 0.263958 0.584336 0.453197 0.481879 0.069767 0.611655 0.439439 -0.641191 -0.431107 0.239866 0.287065 0.423869 0.509603 0.308889 -0.508782 0.703240 0.523485 0.599795 0.513523 0.316804 0.589066 0.660862 0.601927 0.553652 0.307010 0.379154 -0.207647 0.528968 0.582301 0.396736 0.581125 0.334903 0.581088 -0.718092 0.348743 0.495868 0.395490 -0.484041 0.489648 -0.379986 0.523378 0.325336
DB01007,0.829412 -0.898261 -0.704569 0.858978 -0.737676 -0.944403 0.927015 0.826204 -0.713874 0.926804 0.725013 0.918752 0.951136 -0.799622 0.892246 0.873834 0.749873 -0.872110 0.908079 -0.925902 -0.847039 0.711817 0.850544 0.892565 0.847170 0.861828 0.626284 0.771411 0.918547 -0.723793 -0.900480 0.829103 0.807525 0.808460 0.813696 0.847937 -0.929097 0.648123 0.784803 0.880819 0.862357 0.816767 0.888672 0.905301 0.899335 0.817797 0.878179 0.855135 -0.633196 0.797531 0.691600 0.880281 0.936333 0.771424 0.771635 -0.826975 0.836214 0.827083 0.844600 -0.933946 0.791247 -0.927818 0.876407 0.789688
DB01009,0.263350 -0.140944 -0.064468 -0.095174 -0.374392 -0.221321 0.250814 -0.087394 0.375268 0.177161 0.144068 0.153091 0.202002 0.123011 0.474026 0.218230 -0.134987 -0.325738 -0.036519 -0.349510 0.081544 0.373465 0.578079 -0.003416 0.013646 -0.003273 0.727277 -0.100730 0.309531 0.163599 -0.079652 0.362176 0.087255 0.028927 0.350839 0.389872 -0.126479 -0.441770 -0.212959 -0.037687 0.020716 0.289252 0.044004 -0.051781 0.094025 -0.047492 0.418354 0.049592 -0.614072 -0.147547 -0.190038 0.066825 0.199005 -0.050739 -0.016509 0.055350 0.321219 0.091277 0.155606 -0.307288 -0.136721 -0.232522 0.040921 0.192368
DB01010,0.254238 -0.179033 -0.084305 0.251575 -0.442153 -0.280646 0.331580 0.065540 -0.108715 0.246337 0.079024 0.228468 0.407991 -0.027733 0.327942 0.346218 -0.128472 -0.279484 0.190349 -0.891910 0.040444 0.384669 0.518882 0.126401 0.074749 0.132923 0.615015 -0.102671 0.275808 -0.002209 -0.186776 0.354392 0.127602 0.086905 0.524875 0.517999 -0.213859 -0.272345 0.014065 0.131059 -0.038544 0.003805 0.190104 0.134826 0.149015 0.002086 0.404492 0.226605 -0.775256 -0.082663 -0.144700 0.112374 0.340708 0.161626 0.020026 -0.377882 0.399256 -0.030875 0.201536 -0.647654 0.059300 -0.390206 0.082606 0.318749
DB01011,-1.032665 1.869391 1.022928 -1.212152 0.338363 1.559049 -1.106511 -1.793871 1.584023 -1.563898 -1.613532 -1.657839 -1.192567 2.182144 -1.757453 -1.139017 -2.133223 1.107402 -1.342217 -0.275378 2.101982 -0.028017 -1.112509 -1.820278 -1.920573 -1.769282 -0.120053 -2.223369 -1.562027 1.768607 1.803177 -1.142974 -1.978119 -1.789174 0.067370 -0.404337 1.641719 -1.876658 -1.720981 -1.617344 -2.186559 -2.829588 -1.452259 -1.698467 -1.714726 -1.953514 -1.121919 -1.550352 -1.023165 -2.142730 -1.970996 -2.183202 -1.171813 -1.508764 -1.806576 0.735620 -0.856563 -2.317533 -1.437805 0.312511 -1.804094 1.492271 -2.001209 -0.984926
DB01012,0.569493 -0.557408 -0.535334 0.627930 -0.400625 -0.579809 0.658115 0.499653 -0.515193 0.624340 0.509208 0.638117 0.601964 -0.453179 0.381802 0.571712 0.533686 -0.640142 0.650074 -0.450692 -0.734811 0.785296 0.299311 0.637022 0.578845 0.582199 0.382124 0.560112 0.526465 -0.522604 -0.556417 0.498553 0.514569 0.507648 0.685062 0.548986 -0.676365 0.692913 0.592036 0.597006 0.537538 0.490183 0.639963 0.698085 0.618230 0.580079 0.533772 0.538780 -0.503413 0.637411 0.616880 0.569278 0.639362 0.506646 0.621281 -0.600092 0.620788 0.614051 0.587066 -0.492743 0.574406 -0.500588 0.579657 0.535038
DB01013,-0.795481 1.505542 0.074406 -0.748776 -0.002390 1.387814 -1.124821 -0.450198 0.026680 -1.133255 -0.389999 -1.366341 -1.540540 0.095197 -1.943744 -1.345060 0.087174 0.500557 -0.950629 2.475938 0.730325 -1.108240 -1.641268 -0.721535 -0.781092 -0.740686 -1.988675 0.073549 -1.787898 -0.273685 1.430220 -1.010483 -0.717153 -0.111357 -2.455855 -1.747205 1.399757 -0.183666 -0.186547 -0.781411 -1.511584 -1.074450 -0.534360 -0.760347 -0.701963 -0.252650 -1.248910 -0.619105 2.546176 -0.551170 0.611786 -0.909880 -0.942772 -0.387772 0.024261 0.944064 -1.575036 -0.630036 -0.801185 2.274346 0.053360 1.244278 -0.881168 -0.420877
DB01015,-2.536959 2.951435 3.118360 -2.583154 2.641266 2.626940 -3.881394 -2.725218 3.453417 -2.710754 -2.351788 -2.770206 -2.718176 2.844059 -1.921585 -2.519325 -2.982783 2.920043 -3.248902 1.984789 2.748803 -2.338984 -2.250768 -3.110662 -3.026094 -2.866386 -1.636110 -2.728504 -3.010779 2.309303 2.792202 -1.848613 -2.638274 -2.982402 -3.867810 -2.379871 2.324800 -3.461451 -2.755086 -3.085207 -3.162857 -2.191722 -2.773929 -3.029180 -3.012502 -2.849132 -2.056892 -2.914377 2.582681 -3.389396 -2.442279 -2.673179 -2.834784 -2.675612 -2.286124 1.631093 -2.626581 -2.536981 -2.590786 2.360709 -2.928814 2.311064 -2.850596 -2.696809
DB01016,-1.369615 1.823158 2.011470 -0.792869 1.443134 1.347480 -1.806765 -0.717985 1.025752 -1.234062 -0.676183 -1.374292 -1.829603 0.695396 -1.804683 -1.487784 -0.454190 1.717376 -1.190716 2.519600 0.878867 0.684584 -2.853230 -0.858832 -1.163140 -1.302789 -1.271878 -0.051795 -2.078169 0.306207 1.695668 -1.408481 -1.510949 -1.190666 -1.379398 -1.601734 1.673007 -0.024220 -0.668842 -1.112555 -1.961149 -1.535819 -0.695480 -1.108169 -1.054648 -0.556569 -1.643004 -1.318768 2.731935 -1.232883 0.166257 -1.596008 -1.693420 -0.878042 -0.122130 -0.439728 -1.469744 -1.024943 -1.192313 1.917721 -0.694459 1.588676 -1.132902 -1.663929
DB01017,0.552020 -0.573030 -0.136403 0.564561 0.014654 -0.466247 0.666390 0.618832 -0.440671 0.546266 0.443907 0.579679 0.618030 -0.556335 0.423199 0.634096 0.532481 -0.477009 0.620580 -0.429032 -0.581720 0.504446 0.473685 0.598348 0.611913 0.565263 0.237790 0.522315 0.586441 -0.299653 -0.623431 0.496487 0.606982 0.578195 0.691822 0.661989 -0.509567 0.675495 0.576840 0.591734 0.549906 0.504709 0.553955 0.580875 0.546077 0.542595 0.500362 0.618196 -0.129934 0.588175 0.385733 0.516484 0.533348 0.586564 0.335598 -0.326645 0.592560 0.473803 0.551283 -0.353035 0.523778 -0.514970 0.567438 0.414646
DB01018,-0.231935 -0.159892 -0.331615 -0.372931 0.146894 0.119576 0.137941 -0.283354 0.216266 -0.061911 -0.236694 -0.010484 0.122153 0.181702 0.521823 -0.028734 -0.519873 0.207630 -0.318294 -0.497725 0.204719 -0.338569 0.561857 -0.199543 -0.174247 -0.193664 0.366845 -0.532530 0.231060 0.554321 -0.138223 -0.071253 -0.147381 -0.370878 0.294705 0.112550 -0.064966 -0.665079 -0.400788 -0.285272 0.014253 0.471962 -0.340728 -0.195390 -0.218416 -0.452967 0.046080 -0.180105 -0.402064 -0.327073 -0.731688 0.027563 -0.072702 -0.301226 -0.505955 0.193578 -0.085801 -0.126668 -0.208896 -0.420195 -0.413472 -0.160759 -0.134540 -0.329517
DB01019,0.824884 -0.895583 -0.689415 0.860080 -0.736711 -0.941346 0.917538 0.825562 -0.715297 0.919558 0.717113 0.914068 0.943915 -0.793206 0.876375 0.871924 0.752185 -0.873534 0.902918 -0.905758 -0.835628 0.704749 0.860830 0.887355 0.843162 0.857585 0.620759 0.760601 0.908575 -0.714784 -0.890790 0.825663 0.809540 0.809605 0.790513 0.843629 -0.910177 0.649801 0.782220 0.874771 0.847424 0.823093 0.884591 0.899450 0.895081 0.818987 0.872713 0.853366 -0.612902 0.797707 0.693686 0.879125 0.918133 0.779080 0.771746 -0.807368 0.838770 0.827277 0.842494 -0.913005 0.796933 -0.905397 0.868175 0.799742
DB01021,-0.864456 2.566515 1.385320 -1.379469 0.289152 1.900463 -2.251569 -1.647642 2.253216 -1.906944 0.490095 -1.726382 -2.435815 2.184786 -3.043310 -1.225427 -1.489112 1.956026 -2.599495 1.865858 2.302582 -1.109294 -2.554878 -2.043056 -1.434346 -1.586979 0.873023 -1.872574 -1.911226 1.409515 2.253368 -0.502265 -1.596755 -1.296173 -1.843657 -0.908838 2.739227 -1.742241 -1.334412 -1.956836 -2.547038 -2.316737 -1.464295 -2.500362 -2.046228 -1.600248 -1.297637 -1.378297 1.997291 -1.565124 -1.148036 -2.780582 -1.828741 -0.773067 -1.132559 1.842306 -0.873983 -1.881206 -0.979994 1.750444 -1.192746 2.223188 -2.032344 -0.797289
DB01023,-1.344728 2.689718 3.303229 -1.417483 1.875887 2.453228 -2.432295 -1.442300 2.543135 -2.304146 -0.097176 -1.949699 -3.296437 2.675895 -2.801471 -2.017333 -1.340118 3.168330 -2.358347 3.260432 1.993838 0.565784 -4.923990 -1.773381 -1.537424 -1.829336 -0.053169 -0.970597 -2.562035 0.658224 2.396664 -1.053515 -2.266952 -2.156567 -1.391952 -1.845132 3.435713 -0.102224 -1.256424 -2.031513 -1.490380 -2.674511 -1.465865 -2.140973 -2.230309 -1.398879 -2.248833 -1.911691 4.445808 -1.149945 -0.415829 -2.966149 -2.256608 -1.469923 -1.124880 1.759098 -1.863479 -2.130875 -1.341956 3.154913 -1.085314 3.225691 -2.104523 -2.211179
DB01024,0.158776 -0.141731 -0.534729 0.132252 -0.745877 -0.250775 0.216139 0.013725 -0.351441 0.238622 0.054867 0.177857 0.369689 -0.274102 0.506208 0.227723 -0.045799 -0.416224 0.181458 -0.645565 -0.028989 -0.155614 0.646685 0.012217 0.055999 0.137643 0.217207 -0.145813 0.283299 -0.076093 -0.142071 0.214311 0.125620 0.120171 0.049417 0.261913 -0.323956 -0.419836 0.005407 0.135688 0.060368 0.174463 0.085806 0.119688 0.137935 -0.010501 0.398758 0.201191 -0.484171 -0.106327 -0.110752 0.240909 0.321882 0.105223 0.101503 -0.269385 0.282024 0.102668 0.143094 -0.450123 0.059740 -0.426179 0.111332 0.420720
DB01026,-2.234427 3.554285 -0.502344 -1.747299 -0.820291 1.991645 -1.758679 -2.024456 0.266886 -2.218117 -0.356194 -2.987254 -2.645262 1.305095 -1.180259 -3.200434 -1.297916 2.305434 -1.037823 2.665752 2.227838 3.216295 -5.883177 -1.201999 -1.935358 -1.947552 -0.042167 -0.015361 -2.714901 0.457483 2.632241 -2.731816 -3.333703 -2.258951 0.089729 -3.215410 3.253627 1.888405 -1.740476 -1.657707 -0.821338 -5.106658 -1.591663 -1.285834 -1.650654 -1.742209 -3.272079 -2.176809 2.783735 -1.745106 -0.655427 -3.146617 -0.864156 -2.631681 -1.678274 -0.259972 -2.755962 -3.099753 -2.689140 2.563762 -1.364255 2.710822 -1.895807 -2.948242
DB01030,-0.113108 -0.115129 -0.277715 0.041990 -0.785448 -0.184218 -0.109385 -0.005793 -0.425410 0.100808 -0.190494 0.062252 0.281498 -0.368405 0.326835 0.025503 0.082281 -0.416022 0.158594 -0.324639 0.010416 -1.072218 0.672303 -0.099628 -0.063478 0.111583 -0.219265 -0.265298 0.169123 -0.293612 -0.091759 -0.016744 0.158703 0.242164 -0.568121 -0.115625 -0.219349 -0.606582 0.052921 0.132282 -0.127003 0.149997 -0.060677 -0.005592 0.082312 0.022020 0.250064 0.104219 -0.601719 -0.065032 -0.051789 0.334149 0.083696 0.066595 0.133226 -0.103714 0.005282 0.189227 0.008797 -0.363020 0.047900 -0.210250 0.107404 0.393607
DB01032,-1.596676 2.142547 1.748636 -1.541017 0.669358 1.690749 -1.923504 -2.033615 1.571526 -1.814406 -1.916310 -1.888320 -1.517518 1.955923 -2.141684 -1.515905 -2.261051 1.353447 -1.670706 0.634369 2.214451 -0.390618 -1.432098 -2.071418 -2.193689 -2.106269 -0.687960 -2.127808 -2.133109 1.970171 2.133563 -1.675012 -2.236496 -2.116880 -0.785975 -0.968413 1.732298 -1.888200 -1.927936 -1.903889 -2.662295 -2.347528 -1.673679 -1.959101 -1.987867 -2.011413 -1.457043 -1.948890 -0.039600 -2.315253 -1.882450 -2.333959 -1.725540 -1.907276 -1.730149 1.122868 -1.126282 -2.304347 -1.801502 0.816072 -1.994380 1.980924 -2.201976 -1.389279
DB01035,0.116179 -0.354366 -0.234247 0.321845 -0.231880 -0.429507 0.095604 0.162199 -0.039725 0.259267 0.103850 0.340382 0.355169 0.080188 0.465055 0.366572 0.035948 -0.288941 0.222775 -0.727198 -0.214891 -0.127651 0.750820 0.183393 0.103354 0.216723 0.326954 -0.171426 0.342892 -0.139599 -0.311760 0.335474 0.201008 0.142116 0.101519 0.381166 -0.386370 -0.340842 0.157471 0.190523 0.040547 0.447199 0.209689 0.163631 0.184924 0.057478 0.396476 0.184013 -0.623301 0.088170 0.012148 0.367089 0.215238 0.202766 0.164974 -0.397383 0.306716 0.275314 0.217136 -0.580414 0.101667 -0.325850 0.205951 0.272484
DB01036,-0.236773 -0.020793 0.067742 0.037046 -0.046793 -0.237875 -0.277798 -0.131751 0.236736 -0.069251 -0.288581 0.020179 -0.077055 0.256253 0.164307 0.015663 -0.216656 0.137688 -0.067659 -0.371480 0.089593 -0.080101 0.330870 -0.090686 -0.195328 -0.117262 0.136910 -0.339778 -0.041280 0.072604 0.084574 0.029602 -0.175069 -0.178921 -0.101202 0.051629 -0.029629 -0.391332 -0.108493 -0.094025 -0.225062 -0.015958 -0.043825 -0.112753 -0.150395 -0.109241 -0.024358 -0.130538 -0.335745 -0.139357 -0.107744 -0.041712 -0.132485 -0.147001 -0.044114 -0.046743 0.028120 -0.049885 -0.105479 -0.225987 -0.222211 0.000201 -0.079879 -0.084532
DB01037,-0.131150 1.259142 1.722439 -0.092662 1.304896 1.153704 -0.672602 -0.269129 1.340264 -1.061012 -0.331211 -0.737888 -1.183948 0.913898 -2.777667 -0.315124 -0.356065 0.978351 -0.438467 1.620448 0.733910 1.088828 -1.776753 -0.690009 -0.494296 -0.749613 -1.213502 -0.226333 -1.341482 0.382639 1.120569 -0.489512 -0.553936 -0.347223 -0.449454 -0.014520 1.189474 0.748171 -0.123892 -0.626462 -1.226948 -1.901744 -0.236953 -0.677311 -0.823002 -0.417985 -0.916849 -0.444055 1.786281 -0.112538 0.028655 -1.255108 -1.091572 -0.093580 -0.447656 0.960973 -0.392674 -1.131544 -0.220133 1.479142 -0.150613 1.566515 -1.068668 -0.031855
DB01039,-2.576788 3.095313 1.459212 -2.170671 0.541439 2.380273 -2.733004 -2.743117 1.879622 -2.785050 -3.000674 -2.748057 -2.432105 2.521936 -3.597476 -2.547546 -2.848455 2.362411 -2.149971 1.481771 3.046516 -0.274757 -2.252435 -2.831949 -3.122935 -2.980315 -2.261685 -2.772089 -3.246313 2.164045 3.213212 -2.724540 -3.184404 -2.726111 -1.444249 -2.049941 2.542695 -2.197007 -2.553164 -2.653723 -3.541602 -3.450550 -2.324643 -2.549256 -2.749966 -2.468135 -2.676389 -2.892812 0.441360 -2.939843 -2.222318 -3.025535 -2.915719 -2.746641 -2.216063 1.739468 -2.310731 -3.122303 -2.729728 1.580297 -2.667061 2.962298 -3.057548 -1.992589
DB01041,-2.333426 2.275984 1.642068 -2.470102 2.428125 2.439630 -2.463602 -1.834799 0.525884 -2.527833 -2.104246 -2.444455 -2.515406 1.012957 -2.618683 -2.593393 -1.489299 2.147152 -2.126373 3.201694 1.848000 -3.016759 -2.679730 -2.666303 -1.971526 -2.132221 -3.131529 -1.445464 -2.448125 1.333956 2.401193 -2.520803 -2.084587 -1.833305 -2.399620 -2.907212 2.531542 -0.895622 -1.660062 -1.968050 -1.508703 -1.860883 -2.455592 -2.192967 -2.246057 -1.741827 -2.626436 -2.145111 2.466990 -1.625294 -1.556383 -1.738814 -2.626135 -1.947145 -1.857991 3.114089 -2.601113 -2.054552 -2.248650 3.561994 -2.150538 2.489747 -2.067672 -2.464659
DB01043,0.224909 -0.253789 -0.323897 0.283484 -0.436703 -0.288959 0.348935 0.118240 -0.133947 0.282748 0.072129 0.316859 0.486193 0.045797 0.241297 0.356857 -0.063436 -0.359958 0.272215 -0.641028 -0.090461 0.201357 0.725485 0.132219 0.091376 0.155592 0.259197 -0.185967 0.320361 -0.048810 -0.204596 0.288017 0.162127 0.132550 0.547330 0.515853 -0.304571 -0.218879 0.063128 0.159669 -0.098655 0.291313 0.232843 0.187850 0.197894 0.023227 0.398960 0.192165 -0.771276 -0.003266 -0.089168 0.258058 0.291123 0.154318 0.095205 -0.281947 0.313793 0.125751 0.222979 -0.574808 0.090394 -0.299461 0.097447 0.408700
DB01044,0.648821 -0.596598 -0.061459 0.679056 -0.100906 -0.657096 0.547255 0.686029 -0.040632 0.665943 0.706656 0.659779 0.617122 -0.473730 0.676374 0.671611 0.611239 -0.523978 0.561086 -0.412370 -0.751925 0.520666 0.401382 0.666979 0.667355 0.660230 0.598357 0.614944 0.604213 -0.401610 -0.676649 0.741007 0.679376 0.605603 0.431472 0.623483 -0.670673 0.500928 0.645294 0.610005 0.624763 0.556298 0.679120 0.626719 0.637766 0.643510 0.690713 0.663709 -0.262190 0.675284 0.658890 0.585162 0.556733 0.669747 0.631720 -0.488827 0.614491 0.673810 0.675728 -0.419103 0.604115 -0.626902 0.644245 0.570673
DB01045,-0.249977 -0.355211 -1.107941 0.112620 -0.868407 -0.551641 0.073040 0.094496 -1.062822 0.345748 -0.088724 0.188555 0.397499 -0.782987 0.442872 -0.195070 0.346319 -0.435207 0.488566 -0.195063 -0.370511 0.264740 0.316122 0.389139 0.059865 0.187553 -0.587488 0.361632 0.234070 -0.548068 -0.270432 -0.395914 -0.125743 0.073051 0.029625 -0.465169 -0.488225 0.388926 0.231681 0.344019 0.337666 0.689240 0.235769 0.566648 0.438150 0.359428 -0.113532 -0.102590 -0.093444 0.220025 0.364483 0.494172 0.252477 -0.208483 0.421385 -0.880735 -0.385903 0.496832 -0.166907 -0.456640 0.199439 -0.294864 0.413242 -0.105028
DB01048,0.200350 -0.498707 -0.701315 0.363095 -0.667017 -0.557703 0.431645 0.218340 -0.395435 0.455493 -0.051593 0.449583 0.644631 -0.135069 0.721917 0.443633 0.059264 -0.500098 0.364860 -1.105951 -0.246187 -0.047035 0.923315 0.281898 0.224081 0.318712 0.454246 -0.140043 0.546601 -0.169187 -0.458174 0.380455 0.303561 0.220222 0.583405 0.552882 -0.559280 -0.378669 0.134061 0.313578 0.190298 0.472127 0.296903 0.298699 0.339494 0.151324 0.562785 0.329039 -1.192029 0.100048 -0.049844 0.503200 0.487541 0.234881 0.223664 -0.566981 0.400678 0.284389 0.300975 -0.962860 0.144559 -0.660110 0.334620 0.446446
DB01050,0.366517 1.066587 1.016361 -0.295008 0.421447 0.601110 -0.021212 -0.410149 0.978730 -0.551175 0.033105 -0.448052 -0.653364 0.806638 -1.441182 -0.096120 -0.569015 0.539796 -0.390294 0.459448 0.695335 2.157556 -1.077078 -0.548713 -0.414861 -0.660464 0.364831 0.089147 -0.816140 0.261936 0.855323 0.099165 -0.673935 -0.520863 0.449929 0.403411 0.689884 0.560828 -0.504315 -0.545566 -0.699485 -1.546629 -0.058840 -0.424873 -0.492721 -0.427223 -0.266658 -0.453679 0.626520 -0.453018 -0.210010 -1.135126 -0.370037 -0.364225 -0.388786 0.515819 0.355104 -0.961004 -0.062949 0.641856 -0.427559 0.795854 -0.840918 -0.147717
DB01051,0.769245 -0.841059 -0.636234 0.843769 -0.716392 -0.869907 0.872749 0.805610 -0.688351 0.885055 0.699002 0.875151 0.910907 -0.761967 0.746765 0.836273 0.741684 -0.859594 0.886226 -0.869271 -0.795700 0.702827 0.756355 0.861676 0.813901 0.830615 0.534612 0.747716 0.857068 -0.704847 -0.853897 0.780320 0.785632 0.786389 0.763723 0.812559 -0.901364 0.670150 0.773960 0.849470 0.788991 0.762126 0.868967 0.864203 0.869031 0.807742 0.839175 0.826231 -0.570311 0.755095 0.695073 0.833567 0.886063 0.750018 0.760481 -0.758278 0.812506 0.795536 0.816305 -0.902535 0.787423 -0.834391 0.831816 0.798725
DB01053,0.737423 -0.862909 -0.684959 0.830712 -0.679676 -0.885973 0.849262 0.799397 -0.668808 0.890386 0.671379 0.863871 0.919987 -0.729501 0.842424 0.803872 0.759231 -0.920869 0.878712 -0.822366 -0.814863 0.535685 0.852665 0.880391 0.811203 0.838346 0.490386 0.759604 0.882162 -0.744889 -0.857506 0.735174 0.796865 0.770867 0.663907 0.756556 -0.921463 0.598477 0.772463 0.854006 0.803961 0.847188 0.847757 0.869802 0.877604 0.822313 0.832656 0.827208 -0.614488 0.783300 0.707932 0.864957 0.899105 0.761734 0.756720 -0.778461 0.773470 0.847436 0.783506 -0.855436 0.797084 -0.871177 0.863074 0.835169
DB01058,-0.341220 0.165188 -0.768024 -0.049321 -0.673655 0.058313 0.007574 -0.128238 -0.849023 0.013860 -0.292498 -0.061940 -0.012597 -0.329693 -0.071591 -0.395197 0.174796 0.018408 0.165066 0.180953 -0.208434 0.668819 -0.948671 0.173905 -0.082197 -0.066149 -0.511010 0.107658 -0.207943 -0.220493 0.168546 -0.631637 -0.409311 -0.298620 0.364694 -0.295414 -0.141779 0.608367 0.033002 0.106063 0.072777 -0.247287 0.003286 0.338785 0.125849 0.105462 -0.438034 -0.237265 -0.339236 0.115061 0.399961 -0.036694 0.069418 -0.201746 0.328336 -0.755058 -0.393409 0.141429 -0.231272 0.232245 0.003082 0.111171 0.047535 -0.168352
DB01059,0.350866 0.020170 1.115538 0.416762 1.299647 0.081734 -0.236041 0.461573 1.202772 0.151445 0.392899 0.182954 -0.082229 0.150522 -0.094660 0.271736 0.413509 0.137998 -0.050327 0.713956 -0.563179 0.075234 -0.423322 0.252033 0.298366 0.232952 0.062727 0.362782 -0.114543 0.114149 -0.162547 0.452158 0.470056 0.228186 -0.649117 0.260597 -0.138419 0.292335 0.392494 0.115766 -0.102296 0.038209 0.290571 0.104847 0.110478 0.291888 0.276622 0.256217 0.405465 0.500824 0.708329 0.015345 -0.064534 0.509019 0.388219 0.243441 0.163274 0.388289 0.362351 0.581942 0.402291 0.141154 0.130473 0.338197
DB01060,0.231398 -0.480782 -0.718925 0.357380 -0.583642 -0.545203 0.395893 0.232845 -0.379240 0.436124 0.081926 0.412780 0.619026 -0.191809 0.679574 0.416619 0.116195 -0.595516 0.369679 -1.047873 -0.254449 -0.084078 0.887779 0.319366 0.233622 0.326711 0.380543 -0.056497 0.517587 -0.298389 -0.439560 0.359616 0.315067 0.236788 0.453454 0.533172 -0.585038 -0.380389 0.163391 0.347922 0.236169 0.409698 0.288547 0.312575 0.336319 0.213192 0.520448 0.364832 -1.033535 0.181329 0.009588 0.468414 0.480533 0.273011 0.227242 -0.587815 0.394018 0.299367 0.289484 -0.863318 0.170766 -0.622800 0.358090 0.507564
DB01062,0.503097 -0.213325 -0.424384 0.508412 -0.422065 -0.369423 0.469738 0.326783 -0.537450 0.393987 0.418317 0.395629 0.288687 -0.251670 -0.152378 0.391020 0.434923 -0.351793 0.534808 -0.219973 -0.322292 1.139697 -0.051581 0.437434 0.347405 0.332856 0.180523 0.541380 0.233784 -0.409061 -0.197947 0.344466 0.169597 0.349299 0.579470 0.412176 -0.321895 0.886479 0.459695 0.419293 0.282737 0.016829 0.565798 0.517054 0.439114 0.366202 0.238139 0.277383 -0.013767 0.400674 0.525593 0.212931 0.455029 0.246072 0.437809 -0.584469 0.451749 0.230885 0.406070 -0.297202 0.471183 -0.208064 0.284168 0.298411
DB01063,0.594372 -0.654340 -0.332248 0.477949 0.033569 -0.543713 0.838863 0.560541 -0.412706 0.615214 0.593009 0.647148 0.694815 -0.510030 0.659797 0.673192 0.399603 -0.456434 0.556614 -0.600017 -0.603920 0.749286 0.532925 0.600920 0.617083 0.552168 0.521443 0.587600 0.705549 -0.285030 -0.664004 0.619067 0.583339 0.412520 1.016752 0.710626 -0.621015 0.601920 0.475654 0.549209 0.696410 0.668222 0.568675 0.651336 0.576567 0.435676 0.600648 0.574416 -0.319511 0.517728 0.265735 0.606676 0.673560 0.468687 0.302523 -0.313267 0.590244 0.477037 0.566842 -0.550217 0.435385 -0.705984 0.568897 0.343226
DB01064,0.833900 -0.662975 -0.305828 0.710758 -0.529899 -0.621841 0.764999 0.673891 -0.284563 0.683528 0.829834 0.711043 0.591325 -0.665379 0.418791 0.730881 0.640993 -0.620676 0.634648 -0.572408 -0.565901 0.648837 0.529487 0.694730 0.713045 0.693648 0.708594 0.679779 0.689659 -0.490874 -0.664248 0.704811 0.639609 0.648592 0.448421 0.743996 -0.492353 0.589943 0.691635 0.653186 0.648416 0.541052 0.746844 0.650065 0.671026 0.696888 0.695159 0.700902 -0.040430 0.717596 0.650631 0.471628 0.687305 0.734057 0.661037 -0.531196 0.753901 0.674678 0.763299 -0.615536 0.725752 -0.634144 0.638420 0.756193
DB01065,-0.669462 0.530624 2.279871 -0.883894 2.214986 1.336978 -0.225135 -0.438331 1.268767 -0.991068 -0.606879 -0.685696 -0.549992 0.280999 -1.396685 -0.268883 -0.637173 1.519986 -0.818159 1.519595 0.374764 -0.633484 -1.055765 -0.666634 -0.411661 -0.706213 -1.028610 -0.844660 -0.684274 1.637293 0.368473 -0.827599 -0.203972 -0.581053 0.674708 0.085489 0.694904 0.452163 -0.425243 -0.743249 -0.383772 -0.377843 -0.959253 -0.865797 -0.923595 -0.829269 -0.931818 -0.504862 0.816956 -0.294859 -0.924187 -0.664318 -1.498697 -0.220971 -1.363221 1.967174 -0.400542 -0.815672 -0.581261 1.704685 -0.876610 0.986167 -0.739718 -1.168155
DB01067,-2.113860 1.844910 3.074175 -1.491264 2.305059 1.875239 -2.885422 -1.616351 2.887536 -1.931958 -2.007506 -1.914128 -1.879552 1.974725 -1.546010 -1.583685 -2.182690 2.172951 -2.451504 1.213876 2.019122 -2.078446 -1.303807 -1.988110 -2.084061 -1.955872 -1.130349 -2.239230 -2.264737 1.821839 2.077156 -1.333563 -1.552585 -1.832890 -2.549214 -1.298198 1.749069 -3.231672 -2.004568 -2.182457 -3.254271 -1.269358 -1.839417 -2.463762 -2.184270 -1.822278 -1.437835 -1.752628 0.789380 -2.396065 -1.635486 -1.704587 -2.393279 -1.431887 -1.243447 0.528080 -1.823852 -1.872699 -1.698780 1.422828 -1.833199 1.593142 -1.961332 -1.388670
DB01068,-3.021793 2.250274 2.239186 -3.502812 3.257379 3.286786 -2.090137 -3.254492 1.847906 -3.074999 -3.819320 -2.909431 -2.142874 2.607525 -1.587413 -2.596384 -3.831691 3.180783 -3.013017 1.429482 3.070919 -2.037099 -1.593529 -3.184829 -3.140987 -3.259092 -2.207047 -3.602378 -2.322073 3.634748 2.464395 -2.904007 -2.853070 -3.381910 -0.199786 -1.835912 2.447207 -3.014258 -3.458533 -3.293734 -2.584950 -2.045799 -3.466618 -2.876405 -3.227387 -3.922149 -2.722594 -3.064765 0.344879 -3.529109 -4.368774 -2.563599 -2.771750 -3.361610 -4.269593 2.463824 -2.598367 -3.443555 -3.309986 1.696732 -3.799640 2.339058 -3.092302 -3.710950
DB01069,-0.200626 -0.162746 0.304122 -0.104961 0.363663 -0.011256 0.006005 -0.123124 0.114100 -0.078452 -0.120465 0.049807 0.083494 0.250614 0.190476 0.138180 -0.263378 0.298616 -0.158922 -0.143201 -0.026172 -0.172531 0.559908 -0.114457 -0.097517 -0.130946 0.001577 -0.399415 0.060800 0.416907 -0.069029 0.010895 -0.017529 -0.213893 0.310014 0.192344 -0.122959 -0.362627 -0.152055 -0.178124 -0.065047 0.302829 -0.153208 -0.135116 -0.147301 -0.287674 0.012658 -0.147883 -0.323624 -0.102316 -0.408428 0.023352 -0.231159 -0.041440 -0.347245 0.228549 0.014365 -0.030423 -0.088364 -0.099951 -0.308005 -0.059603 -0.090840 -0.287009
DB01072,-0.885590 1.712546 1.066721 -0.526452 0.801878 1.304068 -1.308166 -0.840513 1.231376 -1.461664 -1.160239 -1.217185 -1.560071 1.393505 -3.056707 -1.025227 -0.817512 1.411550 -0.759998 1.617813 1.267847 1.088946 -2.039174 -1.124111 -1.151999 -1.260253 -1.910746 -0.663732 -1.916604 0.420189 1.709746 -1.121848 -1.272929 -0.930955 -1.158983 -0.754990 1.397593 0.103210 -0.694302 -1.086797 -1.841302 -2.151132 -0.641491 -0.941957 -1.236998 -0.793046 -1.469869 -1.066494 1.754610 -0.690383 -0.297411 -1.689257 -1.427765 -0.836861 -0.629698 0.942964 -1.050925 -1.460815 -0.883247 1.441200 -0.627207 1.812878 -1.544994 -0.349762
DB01074,0.558621 -0.626697 -0.246722 0.586190 -0.210329 -0.530247 0.555912 0.545664 -0.218292 0.585041 0.544892 0.647780 0.512474 -0.339385 0.618528 0.564687 0.537897 -0.439591 0.525102 -0.283289 -0.665152 0.388108 0.488862 0.609885 0.575328 0.574160 0.430569 0.582028 0.591624 -0.612767 -0.556841 0.605322 0.528110 0.464639 0.481975 0.434888 -0.543794 0.510889 0.544467 0.527351 0.628099 0.800835 0.604405 0.606446 0.595102 0.547176 0.564347 0.495756 -0.056467 0.529492 0.539669 0.623573 0.515711 0.457026 0.573377 -0.561095 0.478567 0.680158 0.580433 -0.455159 0.555692 -0.508406 0.591256 0.406357
DB01075,-0.006269 -0.506878 0.311866 -0.025994 0.556758 -0.315509 0.244628 0.060049 -0.112146 0.137544 0.002728 0.261053 0.214802 0.045494 0.365451 0.182414 0.032218 0.136649 0.082074 -0.179474 -0.370009 0.461303 0.389374 0.201183 0.191402 0.067736 0.281806 0.220625 0.180882 0.086855 -0.392086 0.200590 0.184035 -0.028874 0.234341 0.181588 -0.285000 0.299232 0.029094 0.035045 0.642284 0.391677 0.079310 0.257262 0.086744 -0.064071 0.067575 -0.052535 0.042578 0.169580 -0.063913 0.212085 0.256516 -0.007159 -0.144406 0.121344 0.361490 0.225845 0.007455 -0.029593 -0.149995 -0.144081 0.221223 -0.428797
DB01080,-0.632707 -0.165200 1.684668 -0.795186 2.425900 0.956173 -0.086051 -0.163979 0.331172 -0.714882 -0.891977 -0.375808 -0.283867 -0.048690 -0.071334 -0.180465 -0.469019 0.894080 -0.547211 0.919540 0.122670 -1.576077 0.151042 -0.354448 -0.224599 -0.433545 -1.601696 -0.757689 -0.102683 1.007349 -0.148243 -0.744054 0.136622 -0.347193 0.417137 0.000349 0.285250 -0.120576 -0.309101 -0.468729 0.081800 0.398876 -0.917079 -0.606093 -0.632880 -0.633280 -0.739529 -0.330107 0.903146 -0.251313 -1.104010 0.091891 -1.028276 -0.325773 -1.479371 1.190795 -0.627788 -0.403067 -0.606448 1.093545 -0.791528 0.522114 -0.297561 -1.433335
DB01081,0.408456 -0.768646 -0.301547 0.405709 -0.092709 -0.555835 0.613385 0.540513 -0.441770 0.548304 0.365199 0.600519 0.660714 -0.668876 0.717772 0.628949 0.431926 -0.288673 0.492433 -0.599141 -0.565194 0.031672 0.792516 0.579535 0.574610 0.547910 0.310406 0.330096 0.667383 -0.053777 -0.725249 0.485629 0.631909 0.518123 0.729353 0.617102 -0.675934 0.377208 0.478229 0.535375 0.685451 0.858920 0.431017 0.472239 0.507982 0.388760 0.484299 0.541271 -0.332748 0.529804 0.225330 0.682136 0.421527 0.508513 0.202940 -0.228999 0.520332 0.552972 0.480356 -0.536845 0.376879 -0.622268 0.580328 0.242125
DB01083,0.704886 -0.839032 -0.419551 0.815879 -0.499943 -0.766955 0.772957 0.801319 -0.697715 0.775991 0.551404 0.809109 0.835400 -0.731258 0.672702 0.766371 0.744212 -0.804266 0.836894 -0.656938 -0.792020 0.384703 0.788709 0.815680 0.775457 0.784206 0.251139 0.632547 0.794963 -0.730508 -0.796304 0.647416 0.783263 0.835667 0.595500 0.739108 -0.815758 0.593593 0.783520 0.808862 0.735616 0.759661 0.767195 0.774677 0.799598 0.791800 0.710399 0.801646 -0.479100 0.784974 0.670066 0.801365 0.706933 0.749687 0.663673 -0.735711 0.668001 0.779003 0.739940 -0.688844 0.746524 -0.738942 0.798912 0.722492
DB01085,0.818647 -0.874610 -0.669696 0.845861 -0.725776 -0.925929 0.898488 0.813640 -0.691265 0.901873 0.725350 0.899284 0.925443 -0.767608 0.877680 0.863193 0.732747 -0.843701 0.885420 -0.894454 -0.816064 0.716096 0.830143 0.874563 0.830345 0.845376 0.643050 0.749477 0.897339 -0.704350 -0.876176 0.821532 0.791499 0.796534 0.780392 0.839499 -0.893702 0.648726 0.768605 0.859230 0.838324 0.790523 0.870663 0.880616 0.878192 0.799970 0.862072 0.839687 -0.601113 0.782568 0.673938 0.858644 0.913337 0.766454 0.750300 -0.799206 0.839223 0.806839 0.830328 -0.905524 0.780111 -0.893172 0.852889 0.777752
DB01086,0.340189 -0.094420 0.208058 0.044913 0.824419 0.153135 0.503355 0.040474 0.402892 0.044236 0.319345 0.148790 0.089806 0.157533 -0.238352 0.226899 0.029722 -0.151425 0.157767 0.125375 -0.249716 1.134902 -0.286419 0.139248 0.155001 0.005450 0.279516 0.412387 0.051735 0.114361 -0.200389 0.180376 0.129126 -0.086166 0.630103 0.399486 0.028377 0.744299 0.099395 0.053778 0.384533 -0.329182 0.157350 0.297605 0.062330 -0.102466 0.087641 0.030827 0.169691 0.228704 0.048290 -0.070989 0.453831 -0.007876 -0.072116 0.077821 0.352996 -0.025301 0.106111 0.094693 0.049431 0.134871 0.057224 -0.203867
DB01087,-0.116346 -0.446906 -1.068939 0.161457 -0.517967 -0.399215 0.312936 0.205482 -0.961573 0.427828 0.006009 0.317271 0.412230 -0.375210 0.619537 -0.004339 0.406964 -0.281826 0.422169 -0.263806 -0.445544 0.293992 0.312116 0.488866 0.216455 0.323689 -0.121409 0.340802 0.380031 -0.555470 -0.404974 -0.056469 0.144244 0.088840 0.265651 -0.154308 -0.529250 0.434452 0.225985 0.356498 0.498467 0.676284 0.284389 0.598630 0.455315 0.340775 0.150161 0.167016 -0.239539 0.295479 0.398138 0.594647 0.483641 -0.000542 0.374593 -1.016603 -0.090068 0.520413 0.049374 -0.369621 0.396071 -0.437820 0.407114 0.177465
DB01092,0.759856 -0.342538 -0.340463 0.759023 -0.754706 -0.413986 0.674014 0.672257 -0.343619 0.583328 0.767416 0.606008 0.583694 -0.558541 -0.208545 0.680146 0.679728 -0.608790 0.697971 -0.395673 -0.377812 0.958878 0.086596 0.613863 0.655279 0.635351 0.413872 0.671039 0.464627 -0.785106 -0.446119 0.665070 0.616862 0.673571 0.725265 0.695765 -0.484844 0.898151 0.717195 0.656328 0.351176 0.230103 0.773350 0.599131 0.624795 0.702565 0.579218 0.679757 -0.141914 0.639533 0.759955 0.372842 0.523405 0.689588 0.680693 -0.337450 0.749961 0.463307 0.733144 -0.436503 0.776799 -0.426580 0.509394 0.835392
DB01093,-1.615722 1.500851 0.232974 -1.079890 0.223050 1.356291 -1.377213 -1.829494 1.364901 -1.552416 -2.280844 -1.533875 -1.107282 2.295183 -1.468246 -1.262673 -2.082869 0.684798 -1.379899 -0.345157 1.767357 -1.187458 -0.300619 -1.825915 -1.910027 -1.660412 -1.098995 -2.530918 -1.492189 1.436348 1.615898 -1.512999 -1.699980 -1.658481 -0.488636 -0.890735 1.155019 -2.583661 -1.708773 -1.590149 -2.240677 -1.872860 -1.578441 -1.641479 -1.712586 -1.945223 -1.280377 -1.568756 -1.635365 -1.922216 -1.918362 -1.599094 -1.376544 -1.574529 -1.481557 0.509874 -1.418075 -1.859459 -1.587309 0.024265 -1.786485 1.213530 -1.833737 -0.971186
DB01094,0.536368 -0.263168 -0.010582 0.546116 -0.303694 -0.399217 0.566041 0.436872 -0.230222 0.528608 0.465266 0.484989 0.540060 -0.548331 0.056592 0.530677 0.492300 -0.387163 0.525593 -0.273669 -0.641556 0.903644 -0.343745 0.563396 0.523613 0.518020 0.564437 0.508088 0.315693 -0.357240 -0.397285 0.448501 0.481871 0.385568 0.850748 0.715758 -0.674611 0.884212 0.617657 0.526816 0.382706 -0.065440 0.562945 0.552258 0.487506 0.521512 0.520011 0.497825 -0.794829 0.610390 0.711332 0.282693 0.403229 0.563414 0.613325 -0.310296 0.756920 0.540986 0.597946 -0.296968 0.490011 -0.423517 0.493029 0.638538
DB01095,0.071384 -0.399389 -0.331878 0.449412 -0.066807 -0.581541 0.207448 0.311370 -0.663933 0.364189 -0.076089 0.410415 0.354561 -0.550302 0.121991 0.251212 0.357023 -0.373286 0.526950 -0.305144 -0.444674 0.813807 0.317481 0.405277 0.347929 0.277260 0.065452 0.536181 0.148205 -0.443622 -0.268366 0.173431 0.171540 0.269538 0.375600 0.264981 -0.393252 0.483671 0.413191 0.416151 0.301691 0.369869 0.471273 0.459331 0.392450 0.479726 0.174097 0.245241 -0.108208 0.322447 0.496809 0.219154 0.304124 0.228614 0.539213 -0.203928 0.377143 0.376304 0.300345 -0.236613 0.276983 -0.326388 0.375404 0.207127
DB01097,-0.295208 0.570448 0.844740 -0.235254 -0.046448 0.158150 -0.530312 -0.236262 -0.201501 -0.299557 -0.547302 -0.266337 -0.342320 -0.794154 -0.889987 -0.325349 0.038208 0.163882 -0.129645 0.826005 -0.050932 0.050840 -0.941674 -0.370308 -0.157295 -0.234070 -0.744509 0.237158 -0.780082 -0.231046 0.594544 -0.398360 -0.220785 -0.156916 -0.704385 -0.305418 0.082545 0.367510 0.116871 -0.100703 -0.332850 -0.691373 -0.133111 -0.161513 -0.271326 0.130672 -0.295810 -0.270261 0.573153 -0.053672 0.552030 -0.486739 -0.513983 -0.074337 0.369859 0.960741 0.181281 -0.012500 -0.071072 1.147926 -0.213451 0.304013 -0.220079 0.058829
DB01098,-0.147362 -0.475420 -0.706318 0.289948 -0.752428 -0.712961 0.040979 0.312131 -0.933971 0.374908 -0.152120 0.318056 0.478551 -0.814744 0.384158 0.022395 0.418693 -0.396574 0.476981 -0.322674 -0.425652 0.186993 0.418930 0.460226 0.214797 0.308554 -0.551968 0.406036 0.235918 -0.521944 -0.339218 -0.151219 0.140774 0.264772 -0.087943 -0.196098 -0.643004 0.275024 0.345034 0.412801 0.281644 0.762724 0.340688 0.533524 0.446460 0.505083 0.036898 0.087919 -0.205161 0.292617 0.479780 0.491479 0.234105 0.024527 0.554981 -0.624754 -0.158569 0.600490 0.050396 -0.530383 0.295204 -0.411156 0.481692 0.187193
DB01100,-2.503798 1.417404 0.635809 -2.060541 2.586326 2.208290 -2.038071 -1.761785 0.842957 -2.164758 -1.933372 -1.932873 -2.111029 1.680262 -1.847673 -2.162700 -1.396050 2.497883 -1.775032 2.774304 0.919277 -2.045445 -1.817763 -1.575560 -1.878596 -1.887695 -3.075218 -1.879724 -1.917723 2.162781 1.456753 -2.639580 -1.796317 -2.047531 -1.588371 -2.636387 1.601350 -0.452851 -1.538807 -1.933732 -1.034143 -0.446803 -2.216428 -1.550763 -1.912725 -1.783859 -2.694734 -2.239919 2.618092 -0.960846 -1.410450 -1.385579 -2.718354 -2.014895 -2.093834 1.895557 -2.745877 -1.326273 -2.311336 2.688209 -1.821313 2.351976 -1.679253 -2.950521
DB01103,0.560594 -0.790096 -0.968184 0.659980 -0.871834 -0.782161 0.787735 0.630600 -1.004962 0.801834 0.477434 0.775618 0.838339 -0.669354 0.868634 0.627006 0.664130 -0.816524 0.797985 -0.821006 -0.716229 0.658818 0.700672 0.785588 0.641051 0.696098 0.412511 0.627735 0.789294 -0.640995 -0.758483 0.559662 0.562421 0.566521 0.706965 0.602260 -0.831361 0.578509 0.600288 0.745711 0.776901 0.757266 0.720450 0.834312 0.800145 0.660010 0.658695 0.611135 -0.681492 0.605426 0.581502 0.801888 0.862525 0.473793 0.683057 -0.932992 0.590416 0.730501 0.617992 -0.846665 0.660583 -0.820978 0.754620 0.541623
DB01104,-0.072553 -0.457397 0.171780 0.092758 0.520046 -0.228447 0.155824 0.213616 -0.100925 0.241375 0.064214 0.278574 0.283706 -0.361367 0.592954 0.197111 0.162448 -0.107379 0.167340 -0.051226 -0.396889 -0.217900 0.604588 0.263588 0.259540 0.194783 0.098567 0.244003 0.337386 -0.034593 -0.361644 0.132349 0.311229 0.182324 0.227381 0.070093 -0.280670 0.131887 0.157214 0.196165 0.427962 0.689964 0.095111 0.215496 0.206079 0.207391 0.130292 0.187248 -0.176331 0.279172 0.062677 0.434086 0.055158 0.158034 0.107674 -0.050762 0.121121 0.325794 0.115736 -0.148789 0.083121 -0.313796 0.331123 -0.096696
DB01105,-0.274185 -0.140956 0.020315 -0.334706 0.166799 0.146717 0.062630 -0.248916 0.093847 -0.072824 -0.223725 -0.044377 0.163776 0.230295 0.471204 -0.015643 -0.466055 0.229930 -0.198470 -0.410368 0.220099 -0.481434 0.667878 -0.200632 -0.227324 -0.205963 0.196391 -0.495908 0.190324 0.546613 -0.091239 -0.071650 -0.083755 -0.292204 0.374907 0.111765 -0.019882 -0.555705 -0.407094 -0.240526 -0.061205 0.285185 -0.327103 -0.176540 -0.195203 -0.455848 0.032464 -0.149141 -0.734129 -0.379193 -0.727631 0.168071 -0.057345 -0.263942 -0.541112 0.107930 -0.046156 -0.164590 -0.243485 -0.377168 -0.378142 -0.163712 -0.147424 -0.234624
DB01110,0.165168 -0.028420 -0.701317 0.289653 -0.608965 -0.229818 0.233487 0.169689 -0.671980 0.206944 0.097753 0.152166 0.157970 -0.470964 -0.147103 -0.017923 0.337824 -0.271443 0.473491 -0.050968 -0.216583 0.918036 -0.268099 0.312813 0.112622 0.136447 -0.387214 0.450006 0.007524 -0.401518 -0.041759 -0.135963 -0.162968 0.086071 0.293689 -0.046530 -0.137823 0.712745 0.271232 0.312033 0.174575 -0.090094 0.371908 0.463900 0.320860 0.303366 -0.117250 0.033111 0.035144 0.284663 0.476131 0.130471 0.262038 -0.012305 0.373590 -0.653157 -0.094562 0.119316 0.077549 -0.117776 0.291750 0.008231 0.182952 0.040386
DB01112,0.572944 -0.499229 -0.239101 0.341788 -0.397239 -0.541598 0.647608 0.244226 -0.340880 0.542307 0.220576 0.468680 0.689252 -0.234941 0.618965 0.507041 0.108128 -0.687729 0.419547 -1.030939 -0.292473 0.466725 0.668862 0.385305 0.354689 0.355840 0.688407 0.266817 0.575318 -0.309977 -0.465428 0.512455 0.351255 0.245480 0.789465 0.631740 -0.614479 0.055615 0.165506 0.376650 0.467156 0.278576 0.390401 0.451103 0.451504 0.264899 0.617007 0.381227 -1.034783 0.199502 0.044590 0.432365 0.654579 0.277603 0.239835 -0.492706 0.599427 0.246076 0.411657 -0.810881 0.171247 -0.724467 0.378983 0.414067
DB01113,0.757434 -0.797219 -0.368254 0.762854 -0.393228 -0.899168 0.680243 0.779357 -0.395529 0.814063 0.678875 0.841159 0.768141 -0.588042 0.847865 0.774881 0.639305 -0.707279 0.682443 -0.765117 -0.822563 0.532296 0.668740 0.777550 0.776316 0.766048 0.606041 0.637375 0.825439 -0.580038 -0.832627 0.825977 0.717476 0.674053 0.636874 0.729674 -0.804288 0.496935 0.712380 0.736632 0.783107 0.798744 0.765803 0.764300 0.757128 0.699368 0.802183 0.729503 -0.497474 0.766758 0.625629 0.765439 0.847711 0.705159 0.665678 -0.671268 0.714288 0.768587 0.765529 -0.813439 0.680692 -0.753620 0.774788 0.611539
DB01114,0.032327 -0.546426 -0.178791 0.117477 0.085328 -0.329665 0.387725 0.253379 -0.481773 0.313610 0.149764 0.368483 0.380533 -0.335993 0.741371 0.262530 0.189987 -0.048755 0.274421 -0.330961 -0.477029 0.072608 0.514433 0.351294 0.262763 0.252744 0.049549 0.200353 0.471438 0.061044 -0.557932 0.148220 0.248157 0.086900 0.441170 0.159618 -0.447376 0.275877 0.198650 0.244719 0.574474 0.721942 0.154277 0.349531 0.290474 0.192538 0.184045 0.142876 -0.147982 0.329548 0.003002 0.518848 0.231451 0.095349 -0.016468 -0.384108 0.107005 0.369993 0.124872 -0.297320 0.041931 -0.402042 0.369286 -0.337457
DB01115,-2.514367 2.789424 2.163035 -2.709032 1.495928 2.646200 -2.657326 -3.084992 2.804642 -2.654380 -2.518879 -2.555676 -2.613286 3.685300 -1.334581 -2.543338 -3.369321 2.927894 -3.089256 1.906346 2.628349 -2.037071 -2.315950 -2.809242 -2.863828 -2.782505 0.155992 -3.163184 -2.390696 2.098580 2.704202 -1.980662 -2.926288 -3.324971 -1.099272 -2.237897 2.693028 -2.856483 -2.982178 -3.059786 -2.541144 -2.298597 -2.912026 -2.838972 -2.987676 -3.189725 -2.224790 -2.863061 0.636294 -3.049960 -2.924261 -2.694218 -2.590753 -2.959364 -2.538799 1.642619 -2.113369 -2.728957 -2.695075 1.789943 -2.801729 2.266989 -2.786176 -2.691529
DB01118,-0.404874 -0.203444 -0.745709 -0.022636 -0.734106 -0.290738 -0.024402 0.031251 -0.781049 0.162125 -0.099187 0.049438 0.088482 -0.542834 0.475998 -0.324682 0.287657 0.031879 0.202226 0.212623 -0.147224 -0.095622 -0.025102 0.317288 -0.001353 0.130019 -0.411093 0.244716 0.139210 -0.500932 -0.168808 -0.429170 -0.085524 -0.083805 -0.129425 -0.667305 -0.196417 0.199323 0.021265 0.148465 0.244218 0.619525 0.034953 0.336382 0.250950 0.225416 -0.238307 -0.115397 0.188119 0.104200 0.324354 0.362971 0.118551 -0.240532 0.298066 -0.717016 -0.632302 0.398675 -0.227758 -0.154354 0.262887 -0.153764 0.265284 -0.075924
DB01122,0.822860 -0.870172 -0.595748 0.843392 -0.684299 -0.916829 0.894224 0.821732 -0.691842 0.890692 0.714175 0.888235 0.913416 -0.789554 0.813039 0.855225 0.740329 -0.859919 0.870991 -0.853021 -0.810850 0.715718 0.814284 0.871805 0.829879 0.841197 0.630476 0.759766 0.858981 -0.712463 -0.863066 0.816754 0.792261 0.812543 0.769283 0.830430 -0.867046 0.658617 0.781728 0.853530 0.800903 0.791862 0.876419 0.873967 0.870523 0.803324 0.846468 0.837539 -0.557521 0.795271 0.699605 0.830667 0.883573 0.779789 0.762669 -0.772550 0.829529 0.806282 0.831796 -0.862344 0.798223 -0.876615 0.841086 0.780763
DB01124,-0.308950 0.253577 0.679530 0.106209 0.188464 -0.003086 -0.392204 -0.013429 0.670269 -0.125402 -0.114256 -0.143799 -0.131487 0.279252 0.067905 -0.016192 -0.196535 0.292249 -0.228576 0.060559 0.148012 0.055650 -0.355075 -0.108788 -0.147428 -0.127409 0.150703 -0.164838 -0.284941 0.172209 0.250568 0.042361 -0.057645 -0.109509 -0.265859 0.041159 0.114131 -0.545424 -0.138097 -0.164236 -0.491568 -0.296153 -0.049960 -0.328809 -0.191825 -0.029355 -0.014756 -0.015754 0.200383 -0.302085 -0.054354 -0.203548 -0.342781 0.029809 0.061578 -0.333372 -0.036029 -0.198627 -0.057579 0.083679 -0.132625 -0.016786 -0.157972 -0.001060
DB01126,0.342070 0.039264 -1.004137 0.084584 -0.950096 0.391179 0.387233 -0.182830 0.101243 0.037600 0.793609 -0.014472 -0.397228 -0.104661 0.138743 -0.076574 0.279371 0.034550 -0.136612 -0.147833 0.144333 0.458395 -0.754349 0.081960 0.128812 0.121980 0.734653 0.142362 0.033268 -0.017237 -0.095264 0.012689 -0.174123 -0.357356 -0.466396 0.044743 0.296966 0.063653 0.144872 0.055208 0.570146 -0.379763 0.153810 -0.075467 0.004950 0.155528 -0.031952 -0.041306 0.742184 0.156069 0.324552 -0.639524 0.081331 0.090388 0.291635 -0.188969 0.124013 0.123200 0.199503 -0.214033 0.129728 -0.030194 0.057844 -0.040772
DB01127,0.823475 -0.866718 -0.672445 0.858327 -0.730917 -0.927861 0.918034 0.817225 -0.697400 0.907762 0.724710 0.899774 0.931175 -0.782211 0.858568 0.865154 0.743421 -0.855646 0.903736 -0.899305 -0.826286 0.751211 0.808945 0.879078 0.836899 0.847659 0.632944 0.768466 0.891709 -0.712725 -0.877080 0.823500 0.790832 0.798338 0.807963 0.843316 -0.895556 0.668673 0.782244 0.869776 0.843685 0.758690 0.883866 0.889720 0.885459 0.811107 0.862763 0.845415 -0.617004 0.792203 0.691475 0.851610 0.918834 0.768489 0.762789 -0.806491 0.839956 0.799296 0.837615 -0.907898 0.784922 -0.899116 0.856559 0.777772
DB01128,-0.296857 0.087522 -1.538487 0.032642 -0.864884 0.066026 -0.359333 -0.096609 -0.180236 -0.053194 -0.161953 -0.232505 0.020156 -0.428395 -0.332520 -0.605748 0.341431 -0.328403 0.361627 0.225246 -0.055366 0.321609 -0.431537 0.171667 -0.222072 0.000011 -1.465384 0.336832 -0.190112 -0.633671 0.170464 -0.813580 -0.485497 -0.023643 -0.352613 -0.983258 -0.183596 0.488785 0.037088 0.157782 0.161562 -0.044825 0.062117 0.403755 0.226976 0.246363 -0.686486 -0.398757 0.388558 0.228887 0.398885 0.017143 -0.004164 -0.484250 0.237847 -0.830141 -0.917179 0.160784 -0.466978 -0.179546 0.116780 0.278566 0.111235 -0.256013
DB01132,0.439051 -0.614962 -0.288684 0.637080 -0.283084 -0.684941 0.360359 0.654871 -0.412761 0.678062 0.541594 0.613601 0.610088 -0.698130 0.789120 0.501339 0.639445 -0.411835 0.510089 -0.416009 -0.715026 0.215390 0.365514 0.714808 0.609571 0.632347 0.349387 0.659105 0.574685 -0.570350 -0.638654 0.523191 0.576169 0.598152 0.188531 0.406037 -0.644947 0.275678 0.590278 0.585023 0.446882 0.782201 0.633539 0.586707 0.668711 0.675757 0.548003 0.586223 -0.104860 0.425909 0.616145 0.631695 0.527418 0.604911 0.725368 -1.060141 0.332661 0.790819 0.538295 -0.546837 0.586100 -0.750199 0.704639 0.415079
DB01133,0.290096 -0.200190 -0.139232 0.207234 -0.426163 -0.290677 0.401476 0.050722 -0.067996 0.270203 0.066051 0.271901 0.424301 0.147495 0.169946 0.357538 -0.134273 -0.340197 0.218483 -0.737228 -0.019236 0.527567 0.464810 0.102329 0.088689 0.104302 0.470886 -0.086366 0.288637 -0.006405 -0.164151 0.343505 0.110522 0.091342 0.625400 0.556078 -0.327102 -0.141494 -0.022734 0.120693 0.007923 0.041613 0.211759 0.180292 0.168618 0.000433 0.398966 0.190613 -0.796515 -0.085930 -0.167687 0.126771 0.345267 0.100636 0.015468 -0.262661 0.453706 -0.003626 0.217579 -0.610570 0.041829 -0.388303 0.062417 0.350053
DB01136,-0.049316 0.895578 1.046377 0.320342 0.537531 0.736678 -0.543589 0.029007 0.863956 -0.651430 -0.151071 -0.435930 -0.902101 0.559247 -2.378341 -0.229394 0.144046 0.695427 -0.102760 1.386657 0.426965 0.860735 -1.593232 -0.284943 -0.196746 -0.324305 -1.170179 0.053191 -1.048995 -0.140777 0.835864 -0.285259 -0.219021 0.010475 -0.688854 -0.154032 0.802071 0.683001 0.200671 -0.241635 -0.932014 -1.321953 0.095338 -0.332052 -0.438719 0.073153 -0.668239 -0.108098 1.523622 0.153981 0.598861 -0.841871 -0.726385 0.133845 0.202860 0.635582 -0.386330 -0.592684 0.038370 1.012809 0.410653 1.217392 -0.661683 0.503379
DB01137,0.385121 -0.422507 -0.411317 0.211657 -0.037767 -0.446091 0.423864 0.189869 -0.155599 0.486273 0.238873 0.413692 0.518554 -0.086556 0.783977 0.421327 -0.054747 -0.463525 0.179321 -0.730218 -0.347404 0.480197 0.603198 0.285081 0.294016 0.267980 0.807842 0.228193 0.492618 0.052174 -0.431816 0.537377 0.269544 0.069087 0.547455 0.499492 -0.652203 -0.021376 0.018491 0.185890 0.394203 0.628017 0.293792 0.366695 0.321805 0.118633 0.589528 0.261970 -0.481111 0.058717 -0.049375 0.292540 0.569473 0.128203 0.176008 -0.434400 0.479372 0.246386 0.307462 -0.620952 0.086876 -0.622146 0.279182 0.212823
DB01140,0.247952 -0.408245 -0.568788 0.219057 -0.476520 -0.436587 0.425231 0.112097 -0.305964 0.423702 0.026622 0.368684 0.599713 -0.034150 0.705046 0.386716 -0.063786 -0.558461 0.287878 -1.016936 -0.163202 0.083157 0.830062 0.218604 0.166607 0.229962 0.574082 -0.055311 0.503997 -0.121156 -0.379941 0.351820 0.241714 0.112648 0.640626 0.515779 -0.525536 -0.282654 -0.007247 0.230780 0.221784 0.361663 0.204938 0.268355 0.289763 0.077195 0.538240 0.259471 -1.009014 0.010162 -0.164455 0.396580 0.519907 0.150495 0.106861 -0.442959 0.446138 0.182286 0.240517 -0.874819 0.041860 -0.600057 0.255401 0.369925
DB01144,-0.487595 1.041656 -0.185572 -0.507510 -0.534232 0.351079 -0.646492 -0.637304 0.222491 -0.517832 -0.419046 -0.509727 -0.556432 1.048313 -0.580570 -0.272436 -1.112451 0.154568 -0.915506 -0.095772 0.876791 -0.026068 -0.799709 -0.844664 -0.742398 -0.700003 0.828717 -1.181368 -0.493269 0.653707 0.676369 -0.087578 -0.839099 -0.790714 0.309415 0.103109 0.559802 -1.251528 -0.818458 -0.786899 -1.217548 -1.182853 -0.605663 -0.860760 -0.816818 -0.997526 -0.243769 -0.610821 -0.808822 -0.991659 -1.058426 -0.956090 -0.490542 -0.722602 -0.645622 -0.181118 -0.079006 -0.948480 -0.480480 -0.450491 -0.756525 0.371850 -0.881510 -0.389500
DB01147,0.789337 -0.805862 -0.566506 0.844492 -0.666916 -0.885768 0.860175 0.797281 -0.602725 0.867975 0.701415 0.826767 0.871934 -0.743940 0.857168 0.804200 0.739781 -0.825256 0.878439 -0.789363 -0.786858 0.687026 0.752080 0.864460 0.819392 0.826822 0.630217 0.779961 0.838188 -0.732296 -0.826768 0.779741 0.766135 0.790017 0.707002 0.774334 -0.827589 0.652416 0.772795 0.845330 0.813973 0.675869 0.855234 0.853536 0.852472 0.805610 0.815373 0.845650 -0.561119 0.787273 0.697198 0.792088 0.899483 0.770479 0.733534 -0.768832 0.801061 0.758840 0.789765 -0.818693 0.799339 -0.843786 0.831403 0.804551
DB01149,-0.820637 0.601382 0.329120 -0.752505 0.252000 0.796701 -0.481785 -0.677836 0.125251 -0.727176 -0.773177 -0.630712 -0.637766 0.530777 -0.587326 -0.671384 -0.681999 0.799345 -0.558822 0.498611 0.710027 -0.301206 -0.382134 -0.618470 -0.781475 -0.785994 -0.828804 -0.826438 -0.555304 0.612536 0.653754 -0.833830 -0.775652 -0.829941 -0.238743 -0.561816 0.841211 -0.433500 -0.704393 -0.706974 -0.774484 -0.506426 -0.683609 -0.548570 -0.679512 -0.807059 -0.751729 -0.704622 0.373752 -0.763287 -0.723064 -0.400546 -0.586367 -0.737196 -0.745072 -0.059090 -0.797596 -0.729386 -0.786401 0.449271 -0.597576 0.665548 -0.698722 -0.623863
DB01151,-0.216154 0.035238 0.485118 -0.384098 0.338137 0.273457 -0.084843 -0.366227 0.479945 -0.224156 0.049358 -0.163985 -0.169673 0.533967 0.288069 -0.055282 -0.577355 0.533766 -0.447984 0.065410 0.300950 -0.262036 0.309605 -0.285424 -0.271261 -0.312122 0.432355 -0.482603 0.011128 0.586523 0.125407 -0.050341 -0.257987 -0.432051 0.196755 0.008692 0.187262 -0.445238 -0.455704 -0.435799 -0.088514 0.092428 -0.386315 -0.375573 -0.349207 -0.532051 -0.098089 -0.337663 -0.071306 -0.404496 -0.713696 -0.310792 -0.361433 -0.314299 -0.599911 0.324117 -0.074654 -0.226275 -0.278628 -0.120032 -0.506469 0.007721 -0.270810 -0.527661
DB01155,0.680184 -0.538727 -0.011687 0.715041 -0.080176 -0.619090 0.519762 0.701622 -0.076941 0.634818 0.700913 0.618833 0.561695 -0.445839 0.546801 0.670714 0.634651 -0.504907 0.602028 -0.368696 -0.704910 0.602422 0.256108 0.659181 0.661344 0.646900 0.548119 0.631131 0.542709 -0.368225 -0.619492 0.720426 0.658817 0.624767 0.413133 0.642761 -0.593459 0.525734 0.672646 0.620421 0.560912 0.365597 0.693043 0.592197 0.616117 0.655301 0.657525 0.673499 -0.239432 0.679966 0.698347 0.502312 0.524732 0.697699 0.629946 -0.521923 0.614949 0.591715 0.688368 -0.395150 0.634051 -0.535377 0.613169 0.569761
DB01156,-0.017774 0.481403 0.579758 -0.237648 0.707655 0.526066 0.048447 -0.324317 0.773839 -0.448791 -0.091389 -0.286700 -0.341075 0.730983 -0.963542 -0.038970 -0.517303 0.529155 -0.319027 0.282722 0.420411 0.924259 -0.589625 -0.460171 -0.342652 -0.473211 -0.076743 -0.285621 -0.464659 0.617249 0.504368 -0.114332 -0.418590 -0.460819 0.428402 0.325349 0.548041 0.107041 -0.303897 -0.418233 -0.512537 -0.888211 -0.189554 -0.355476 -0.465526 -0.453935 -0.284439 -0.310879 0.325371 -0.365359 -0.467632 -0.663747 -0.311997 -0.228413 -0.560776 0.645557 0.091681 -0.685665 -0.175954 0.502949 -0.396601 0.457987 -0.585962 -0.281167
DB01157,0.228348 -0.388026 -0.767797 0.213904 -0.656541 -0.465760 0.497319 0.072300 -0.397141 0.407276 -0.101519 0.353645 0.628331 -0.013804 0.700746 0.389847 -0.134169 -0.514396 0.256015 -1.115187 -0.138314 0.176596 0.833002 0.211629 0.136590 0.211396 0.646326 -0.164276 0.456251 0.004830 -0.381388 0.349047 0.173259 0.037157 0.787987 0.551493 -0.545351 -0.378633 -0.003559 0.208366 0.213391 0.218317 0.210323 0.270301 0.260297 0.017148 0.512164 0.232989 -1.261706 -0.076451 -0.207237 0.363855 0.508296 0.096107 0.087601 -0.497212 0.430395 0.120142 0.216343 -0.992157 -0.016921 -0.695958 0.222217 0.291385
DB01159,-1.059104 1.204758 2.217354 -1.744744 2.751577 1.737670 -0.910753 -1.234665 1.878289 -1.638608 -0.570023 -1.210201 -1.678073 1.098563 -1.354522 -1.025046 -1.427977 2.678008 -1.907185 1.769836 1.207846 -0.709416 -1.519878 -1.442457 -0.981902 -1.454624 -0.345482 -1.118967 -1.167506 1.947839 1.109292 -1.060288 -1.275018 -1.829700 -0.363393 -0.705104 1.907242 -0.641156 -1.148693 -1.534398 -0.539872 -0.552727 -1.531861 -1.702156 -1.756902 -1.322186 -1.556038 -1.396226 2.814188 -0.874485 -1.583460 -1.898865 -2.103017 -1.044521 -1.883844 3.073677 -0.879253 -1.410576 -1.120511 2.253387 -1.709116 1.521203 -1.375458 -2.317301
DB01162,0.821239 -0.725196 -0.594043 0.650354 -0.549503 -0.730131 0.779534 0.656773 -0.445454 0.784135 0.813800 0.803342 0.655169 -0.603899 0.874357 0.714390 0.637202 -0.631390 0.566034 -0.768882 -0.677164 0.392363 0.625406 0.715803 0.774154 0.744616 0.821027 0.616374 0.860101 -0.663193 -0.772411 0.808486 0.663353 0.602072 0.501102 0.716090 -0.631421 0.348932 0.640735 0.689140 0.853055 0.817010 0.713789 0.643822 0.702524 0.693345 0.779307 0.711648 -0.301421 0.717165 0.581771 0.629028 0.798687 0.681008 0.678429 -0.456357 0.747683 0.761119 0.771072 -0.789878 0.684232 -0.744956 0.750582 0.646013
DB01165,0.624592 -0.760485 -0.301298 0.738413 -0.351461 -0.807571 0.489785 0.765730 -0.251413 0.732622 0.588329 0.751142 0.697870 -0.601035 0.837764 0.720977 0.685801 -0.696326 0.663791 -0.639390 -0.766203 0.206556 0.774872 0.730556 0.681661 0.728066 0.445202 0.560318 0.719707 -0.529748 -0.782185 0.715212 0.760126 0.680453 0.214221 0.623743 -0.792779 0.310929 0.675577 0.699632 0.586229 0.840385 0.711468 0.657289 0.703337 0.720442 0.754780 0.715067 -0.328398 0.719153 0.669808 0.776896 0.643575 0.718315 0.713475 -0.700019 0.587740 0.787907 0.694427 -0.623701 0.670659 -0.689239 0.725652 0.687971
DB01167,-3.143366 1.568575 -2.293407 -1.654707 -1.088928 1.483241 -2.542713 -1.548254 -0.515632 -1.845248 -2.576087 -2.181278 -1.981278 0.387006 -2.096232 -3.206081 -0.622313 1.832441 -1.032165 2.455152 1.431825 -1.172737 -2.227336 -1.107351 -1.983035 -1.633970 -4.861442 -0.962143 -2.246633 -0.009094 1.728380 -3.446028 -2.153146 -1.646288 -3.042883 -4.097798 1.221918 -0.421068 -1.466453 -1.439453 -1.562669 -0.706344 -1.626728 -0.714032 -1.227486 -0.887948 -3.199173 -2.208951 2.224754 -1.046387 -0.237160 -0.944803 -1.788831 -2.318269 -0.737519 -0.152127 -4.350365 -0.894889 -2.798994 1.641600 -0.850965 2.039318 -1.465856 -1.521336
DB01171,-0.781906 1.156570 2.468149 -1.518122 3.720810 2.113920 -0.749021 -1.156848 2.031656 -1.565428 0.232392 -1.164644 -1.772342 1.671728 -1.191914 -0.878261 -1.282291 2.019991 -1.835805 2.181100 0.993125 -0.998616 -1.553840 -1.385552 -0.841409 -1.288048 -0.006814 -0.873535 -0.960485 1.788539 0.974065 -0.927880 -0.983177 -1.487301 -0.505602 -0.894665 2.061759 -0.345428 -1.089604 -1.566892 -0.536382 -0.492540 -1.511859 -1.604447 -1.628262 -1.494807 -1.339341 -1.196982 2.534658 -0.838535 -1.587384 -1.416904 -1.717730 -0.895046 -1.753582 2.548917 -0.880375 -1.316008 -0.962247 2.132933 -1.406918 1.737765 -1.267771 -2.104222
DB01173,0.150070 -0.583182 -0.461886 0.222614 0.046683 -0.446418 0.264355 0.329611 -0.286910 0.358913 0.231375 0.377132 0.408119 -0.321904 0.632778 0.332467 0.283144 -0.016760 0.243642 -0.285022 -0.524948 -0.171896 0.584662 0.419707 0.355593 0.365987 0.082904 0.170302 0.468242 -0.023724 -0.549164 0.254322 0.420664 0.275801 0.296406 0.211714 -0.595605 0.275889 0.300458 0.316317 0.669986 0.818481 0.211977 0.368944 0.307444 0.237443 0.241873 0.257876 -0.119735 0.423281 0.177728 0.462662 0.136840 0.281000 0.053012 -0.103427 0.207007 0.495517 0.204047 -0.228467 0.148276 -0.407911 0.433955 -0.025833
DB01174,-0.779623 -0.026870 -0.618987 -0.340409 0.201385 -0.101805 -0.378421 -0.279789 -0.906122 -0.136626 -0.595784 -0.227603 -0.094726 -0.420762 0.165860 -0.602633 -0.055387 0.307233 0.026970 0.321949 -0.040382 0.041037 0.091477 0.013027 -0.227824 -0.235665 -0.923061 -0.008079 -0.205219 -0.256825 0.150177 -0.806983 -0.463245 -0.292200 -0.100135 -0.782516 0.124791 0.214624 -0.149321 -0.077273 0.074869 0.415973 -0.213210 0.134763 -0.033387 -0.034023 -0.656017 -0.433029 0.391137 -0.083405 -0.037261 0.011073 -0.140118 -0.473307 -0.177456 -0.425383 -0.645795 0.055448 -0.612464 0.249019 -0.268401 0.144965 -0.003786 -0.656037
DB01175,0.002413 -0.201154 0.297526 0.034500 0.511774 -0.200857 0.109849 0.139896 -0.138599 0.163898 0.254499 0.144009 0.105995 -0.153883 0.776690 0.166095 0.104894 0.173219 0.101851 0.036797 -0.302116 0.148500 0.149018 0.223526 0.215177 0.130963 0.566253 0.266505 0.249346 0.109414 -0.272348 0.206096 0.180847 0.036520 0.319564 0.090853 -0.091840 0.376942 0.097445 0.127767 0.497911 0.177554 0.057408 0.095029 0.132896 0.047678 0.101933 0.130084 0.142896 0.179113 0.015656 0.146036 0.163904 0.120879 -0.137217 -0.007720 0.216847 0.075004 0.071394 0.075060 0.012435 -0.198732 0.228544 -0.352609
DB01177,0.379838 -0.390063 -0.562333 0.251793 -0.402461 -0.452654 0.256508 0.339643 -0.765422 0.420222 0.265916 0.421550 0.400048 -0.739873 0.592805 0.301014 0.487484 -0.605731 0.412563 -0.220255 -0.559799 -0.391462 0.533192 0.274798 0.435917 0.461486 0.178834 0.555563 0.352656 -0.727828 -0.323238 0.378445 0.472005 0.528133 -0.408559 0.006303 -0.399396 0.199270 0.439823 0.479766 0.621454 0.333067 0.349888 0.420503 0.433566 0.439307 0.466455 0.426344 -0.452862 0.373495 0.501884 0.552999 0.551493 0.421767 0.584872 -0.039670 0.557692 0.555296 0.463390 -0.148441 0.365896 -0.477361 0.499661 0.383646
DB01181,-3.878398 3.883384 0.054058 -3.515149 0.266165 3.151557 -3.959135 -3.798071 0.199702 -3.449085 -4.223595 -3.832459 -3.338234 2.574856 -2.756248 -4.104885 -3.119926 2.454103 -2.920301 1.972899 3.762947 -3.402188 -2.547086 -4.014044 -4.024391 -3.655348 -3.099681 -3.456851 -3.816921 1.846459 3.951340 -4.002996 -4.036830 -3.471698 -3.914749 -4.171275 3.544755 -3.307699 -3.491675 -3.242250 -3.434727 -3.770956 -3.623348 -3.310928 -3.372560 -3.228746 -3.484479 -3.688054 0.661908 -3.783293 -2.812414 -3.242181 -3.011966 -3.769788 -2.660080 1.952209 -3.532765 -3.533968 -3.898354 2.908988 -3.500658 3.079086 -3.567654 -2.937702
DB01182,0.414783 0.134661 0.239743 0.473028 0.232213 0.080960 0.116941 0.281982 0.510907 0.051924 0.561099 0.121186 -0.191330 0.136397 -0.712348 0.227518 0.402226 -0.001607 0.244296 0.453794 -0.191232 0.983155 -0.694813 0.217381 0.255490 0.182815 0.091499 0.404316 -0.130107 -0.307006 0.113633 0.298169 0.188691 0.273883 0.079777 0.205454 0.099677 0.742395 0.401387 0.179678 0.055727 -0.388120 0.381391 0.156259 0.114487 0.377882 0.054119 0.251733 0.827861 0.365999 0.624475 -0.208795 0.018078 0.349184 0.381784 0.006578 0.243332 0.028013 0.376218 0.372486 0.460870 0.252907 0.018824 0.347219
DB01183,0.222130 -0.462495 -0.661081 0.312506 -0.640945 -0.532538 0.396096 0.173000 -0.331681 0.425468 -0.007941 0.406655 0.640849 -0.102353 0.716646 0.422126 -0.011319 -0.500065 0.341369 -1.113810 -0.198191 0.000631 0.921568 0.251060 0.186392 0.279646 0.518473 -0.142921 0.514380 -0.125091 -0.422976 0.373243 0.256451 0.169905 0.570632 0.545488 -0.527486 -0.399247 0.083837 0.281341 0.175615 0.446484 0.255742 0.263184 0.301266 0.089907 0.537542 0.298513 -1.176773 0.046051 -0.107056 0.422516 0.464798 0.191310 0.177254 -0.567938 0.410932 0.233256 0.272023 -0.917247 0.099599 -0.638965 0.288768 0.399450
DB01184,0.262454 -0.458537 -0.632656 0.467415 -0.188778 -0.498191 0.325255 0.387618 -0.509847 0.437620 0.258007 0.481860 0.416673 -0.417691 0.343503 0.324669 0.432964 -0.355811 0.477892 -0.249636 -0.714734 0.632920 0.248911 0.486601 0.408413 0.401777 0.066986 0.429618 0.333283 -0.448668 -0.407066 0.222667 0.298093 0.290131 0.366265 0.234115 -0.536808 0.514525 0.449264 0.434297 0.428515 0.527193 0.458871 0.586738 0.456390 0.421179 0.271506 0.311101 -0.261698 0.512368 0.536496 0.430021 0.393818 0.306371 0.555430 -0.497873 0.265520 0.564594 0.360435 -0.265962 0.369485 -0.305372 0.452144 0.241959
DB01185,0.721743 -0.665075 -0.234267 0.804502 -0.308717 -0.697342 0.653359 0.795791 -0.328728 0.770905 0.782865 0.727065 0.704788 -0.663054 0.715473 0.725720 0.707425 -0.563169 0.645917 -0.493291 -0.752519 0.372845 0.457567 0.803156 0.749487 0.762952 0.570861 0.782098 0.664905 -0.616865 -0.726859 0.789216 0.770974 0.782330 0.383196 0.679685 -0.682173 0.470304 0.758954 0.715674 0.532722 0.670570 0.788514 0.670925 0.757134 0.767836 0.730501 0.783122 -0.086334 0.631646 0.736724 0.698459 0.683720 0.784664 0.762474 -0.852259 0.588217 0.747019 0.752738 -0.591872 0.750925 -0.799054 0.759508 0.599362
DB01186,0.334571 -0.020424 0.342239 0.154748 0.312981 0.151948 0.389487 0.179956 0.321132 0.001090 0.364047 0.079757 0.025447 0.023236 -0.302104 0.288765 0.026463 0.133502 0.165788 0.131829 -0.039521 0.777703 -0.229166 0.123744 0.189710 0.059184 0.168998 0.178184 0.068680 0.159554 -0.087908 0.213899 0.106789 0.074953 0.661766 0.409989 0.164513 0.598257 0.192805 0.088728 0.176157 -0.295386 0.163339 0.088831 0.034998 0.064497 0.051993 0.185569 0.560084 0.189546 -0.010453 -0.167737 0.083996 0.207843 -0.172165 0.209209 0.286811 -0.176751 0.206008 0.148799 0.110668 0.066392 -0.026599 0.001394
DB01191,0.644130 -0.204170 -0.088547 0.487130 0.172890 -0.313406 0.595317 0.209247 -0.122725 0.413901 0.727272 0.395262 0.283057 -0.114426 0.406063 0.459063 0.281846 -0.645928 0.412546 -0.072202 -0.761116 1.409042 -0.248693 0.460737 0.472286 0.435728 1.112500 0.481391 0.267051 -0.581658 -0.205982 0.476982 0.235891 0.093929 1.000681 0.448309 -0.488273 0.979332 0.438190 0.385642 0.506890 -0.467334 0.459174 0.449404 0.353443 0.132594 0.416218 0.348202 -0.853537 0.446662 0.530052 0.043981 0.518141 0.319979 0.508278 -0.461045 0.912159 0.276205 0.506413 -0.400198 0.343890 -0.409504 0.402902 0.170685
DB01192,0.090012 -0.471561 -0.222179 0.193317 0.242790 -0.290064 0.374357 0.270066 -0.357313 0.229051 0.101570 0.357970 0.274725 -0.396525 0.099789 0.320995 0.234093 -0.056326 0.243387 -0.184764 -0.350944 0.189520 0.399440 0.343441 0.312115 0.264276 -0.155455 0.219184 0.312657 0.108061 -0.388571 0.139001 0.302017 0.282991 0.538828 0.242904 -0.326398 0.488517 0.301516 0.230999 0.316541 0.624750 0.230964 0.321545 0.222131 0.127617 0.095116 0.248387 0.091887 0.354317 0.112671 0.442606 0.161394 0.211215 0.032949 -0.064475 0.158332 0.309199 0.215144 -0.164338 0.155894 -0.202909 0.284435 -0.002185
DB01193,0.733214 -0.522951 0.001043 0.571926 -0.055077 -0.411323 0.582271 0.594640 -0.138700 0.490902 0.752649 0.611958 0.308986 -0.394993 0.196078 0.586738 0.581870 -0.514567 0.362315 -0.190503 -0.407241 0.373128 0.160207 0.540949 0.618348 0.570155 0.635332 0.551421 0.539395 -0.481584 -0.464382 0.621544 0.571853 0.550765 0.301894 0.516032 -0.231452 0.458235 0.530324 0.440869 0.490965 0.687838 0.573639 0.438825 0.476490 0.587381 0.558077 0.552616 0.487429 0.522848 0.559663 0.464489 0.418614 0.585532 0.606967 -0.344069 0.606270 0.588790 0.690709 -0.211505 0.679755 -0.347940 0.490329 0.648067
DB01194,0.817183 -0.837792 -0.639536 0.838842 -0.702712 -0.885511 0.890353 0.802761 -0.671329 0.880199 0.713363 0.876335 0.906950 -0.782790 0.779996 0.842170 0.736453 -0.837371 0.872767 -0.854015 -0.805096 0.728812 0.755587 0.857641 0.810040 0.823416 0.577610 0.757362 0.858723 -0.700843 -0.843323 0.800391 0.768298 0.781288 0.767850 0.818648 -0.873605 0.663183 0.768279 0.845685 0.797448 0.748040 0.869959 0.869496 0.867697 0.794982 0.832196 0.814790 -0.572162 0.770136 0.694359 0.827473 0.866796 0.746867 0.757859 -0.799506 0.803605 0.786975 0.821552 -0.872192 0.771327 -0.868744 0.829477 0.754648
DB01195,0.576370 -0.332425 0.118293 0.582863 0.087285 -0.485309 0.487101 0.439872 -0.076527 0.458335 0.578240 0.447989 0.339285 -0.146358 0.307568 0.500766 0.445459 -0.365724 0.541925 -0.223212 -0.628708 1.130745 -0.071262 0.502775 0.507161 0.449196 0.624550 0.582165 0.294499 -0.298230 -0.350256 0.534348 0.358983 0.358091 0.651509 0.545915 -0.409733 0.757656 0.559050 0.486211 0.526935 -0.086911 0.574460 0.501041 0.435682 0.492110 0.418093 0.482154 -0.133002 0.505836 0.576687 0.177010 0.503551 0.485677 0.480308 -0.273106 0.707087 0.331085 0.523753 -0.191425 0.454185 -0.268266 0.420684 0.278037
DB01196,0.496907 -0.481105 -0.701671 0.601525 -0.988125 -0.566972 0.557128 0.544872 -0.804427 0.596210 0.463235 0.528809 0.561715 -0.821467 0.428066 0.467186 0.661931 -0.683798 0.715123 -0.436656 -0.563231 0.286732 0.443388 0.517185 0.541755 0.603079 0.018992 0.585293 0.478407 -0.636495 -0.503168 0.428506 0.503159 0.658301 0.157866 0.318932 -0.563135 0.543023 0.617403 0.641050 0.584509 0.371950 0.600547 0.620888 0.640569 0.647001 0.530237 0.593517 -0.105010 0.578150 0.653851 0.606788 0.643445 0.520143 0.659925 -0.526149 0.437891 0.566798 0.541273 -0.418895 0.651396 -0.567615 0.568120 0.656221
DB01197,0.761582 2.184456 3.210886 0.135537 0.511594 1.824300 -0.475342 -0.201519 2.112283 -1.166340 1.368366 -0.879336 -1.886762 1.555875 -4.255259 -0.221274 -0.082212 1.128334 -0.796481 2.115805 1.453621 2.302628 -4.088817 -0.852286 -0.216031 -0.642018 0.412411 -0.079324 -1.642294 -0.080866 1.592517 0.283885 -0.691185 -0.212489 0.105941 0.293733 2.298916 1.402022 0.114858 -0.693412 -1.437995 -3.163243 0.076032 -1.191525 -1.008929 -0.054480 -0.744725 -0.160716 2.849366 -0.013138 0.681693 -2.417121 -1.068467 0.397406 -0.150416 2.429235 0.316936 -1.650680 0.347463 1.989341 0.430070 2.681346 -1.363572 0.421552
DB01199,0.464699 -0.765766 -0.238053 0.414422 -0.382843 -0.663299 0.652947 0.503731 -0.671606 0.563894 0.451966 0.596993 0.650000 -0.583015 0.680569 0.623292 0.445570 -0.305829 0.446062 -0.498406 -0.537876 0.037572 0.781337 0.575445 0.577071 0.544276 0.384977 0.337081 0.636230 -0.138720 -0.671644 0.526497 0.618391 0.518270 0.732160 0.647782 -0.607938 0.352221 0.459410 0.524043 0.680804 0.916770 0.457895 0.474989 0.509921 0.409815 0.504212 0.533160 -0.317516 0.514942 0.258785 0.568895 0.422329 0.540929 0.229253 -0.093384 0.531996 0.554097 0.493204 -0.405155 0.411996 -0.611418 0.572085 0.305459
DB01200,0.500367 0.700990 1.015667 0.412165 0.342122 0.561234 0.078898 0.257618 0.909019 -0.353356 0.643220 -0.246724 -0.508011 0.045232 -1.575237 0.200856 0.186207 0.461188 0.146160 0.809872 0.331753 1.796216 -1.484193 0.003530 0.149039 -0.048294 -0.008837 0.449094 -0.572477 0.003997 0.445946 0.186934 -0.048462 0.168433 0.252860 0.395580 0.799743 1.153476 0.382200 0.020065 -0.419598 -1.547335 0.336684 -0.114528 -0.159927 0.161267 -0.254197 0.238889 1.457925 0.308566 0.487666 -0.894893 -0.192229 0.447330 0.017494 0.195621 0.259780 -0.654832 0.317024 0.794443 0.409179 0.739644 -0.368100 0.341947
DB01202,-0.824322 -0.106366 1.975266 -0.904363 2.541796 1.107758 -0.243545 -0.256526 0.384368 -0.883848 -1.073548 -0.500829 -0.419798 -0.112487 -0.370721 -0.292356 -0.533582 1.152499 -0.674579 1.186779 0.250332 -1.911659 0.122343 -0.487819 -0.320585 -0.556581 -1.864186 -0.901054 -0.247259 1.336777 -0.026101 -0.949039 0.084369 -0.362937 0.158769 -0.139685 0.414366 -0.250244 -0.375593 -0.619148 -0.059636 0.478731 -1.064212 -0.758541 -0.772073 -0.767769 -0.915019 -0.412723 1.119148 -0.254638 -1.203542 0.010134 -1.294604 -0.351102 -1.596453 1.498405 -0.851860 -0.460312 -0.735940 1.331019 -0.854690 0.618682 -0.429048 -1.466272
DB01203,-1.126222 1.856402 1.999735 -1.740420 1.647926 2.044572 -1.567062 -2.246903 2.271138 -1.827519 -0.804956 -1.706280 -2.106766 3.120846 -1.222468 -1.462328 -2.390736 0.992862 -2.530366 0.914044 2.600395 -1.718307 -1.529296 -2.241298 -1.882812 -1.904148 1.439553 -2.576855 -1.339986 1.569930 1.937745 -1.116764 -1.745234 -2.141715 -1.062893 -1.221949 2.462616 -2.923862 -2.235957 -2.396183 -2.028321 -1.430823 -2.143404 -2.570460 -2.362247 -2.215034 -1.172135 -1.762110 1.263741 -2.397419 -2.343993 -2.263055 -1.796959 -1.666872 -1.770734 1.562790 -0.937914 -2.040942 -1.481079 0.885195 -1.899534 1.794802 -2.035390 -1.223928
DB01204,0.572542 -0.588564 -0.710511 0.501341 -0.862242 -0.611688 0.433332 0.593268 -0.980188 0.659990 0.488871 0.593468 0.646166 -0.959679 0.773005 0.493589 0.741527 -0.809911 0.656173 -0.476822 -0.612280 -0.567255 0.779661 0.476201 0.622883 0.700595 0.164503 0.618675 0.631726 -0.815815 -0.592328 0.530280 0.714475 0.788897 -0.392688 0.195060 -0.639326 0.279618 0.656848 0.707551 0.740485 0.601896 0.530247 0.598512 0.680576 0.648036 0.717245 0.695571 -0.451009 0.579372 0.632814 0.819423 0.732130 0.644996 0.742127 -0.369264 0.560771 0.748810 0.632338 -0.439500 0.655142 -0.711276 0.690326 0.777154
DB01205,-1.200943 1.002846 0.230367 -1.141467 -0.146675 0.783238 -0.840891 -1.675883 0.845310 -1.022144 -1.756973 -1.098738 -0.458708 1.821436 -0.100459 -0.809285 -2.129322 0.815525 -1.218273 -1.285513 1.751708 -1.075327 0.431758 -1.520703 -1.597932 -1.388163 0.396736 -2.381248 -0.765054 1.632326 1.040076 -0.836979 -1.317072 -1.586919 0.301515 -0.188527 0.831815 -2.682074 -1.796692 -1.430958 -1.714202 -1.308937 -1.421037 -1.449311 -1.412021 -1.921412 -0.460622 -1.166796 -1.943410 -1.930333 -2.256202 -1.030648 -0.855928 -1.402838 -1.641024 0.418191 -0.626768 -1.657239 -1.255967 -0.671181 -1.758810 0.463909 -1.499754 -0.792532
DB01207,0.493743 -0.291098 -0.084781 0.269274 0.030114 -0.341634 0.066058 0.462206 -0.289135 0.446742 0.622536 0.347490 0.295381 -0.295018 0.682438 0.277194 0.702127 -0.906441 0.356829 -0.088834 -0.378389 -1.439627 0.619173 0.151617 0.485049 0.532481 0.600398 0.510079 0.508800 -0.916884 -0.371890 0.505079 0.699272 0.764661 -0.784637 -0.050339 -0.197421 0.173529 0.330686 0.524267 0.553022 0.192648 0.233441 0.198640 0.525544 0.518556 0.622439 0.589251 -1.588380 0.449091 0.470790 0.717434 0.555297 0.667906 0.641999 -0.054783 0.483427 0.514112 0.563332 -0.111793 0.462098 -0.396226 0.528577 0.805853
DB01208,0.406118 -0.226129 0.842646 0.425008 1.237733 -0.155939 -0.234123 0.562748 1.276671 0.236746 0.378015 0.306708 -0.011954 0.191019 0.226224 0.338424 0.427044 0.081371 -0.024124 0.541107 -0.663356 -0.168596 -0.016777 0.311867 0.354213 0.303811 0.091951 0.426727 0.070977 0.055644 -0.349417 0.615659 0.561877 0.296491 -0.902448 0.210957 -0.238648 0.048872 0.400924 0.142916 0.109381 0.449627 0.352096 0.167966 0.197899 0.332546 0.388970 0.311642 0.650765 0.515752 0.625522 0.238093 0.107586 0.518593 0.335869 0.029144 0.097009 0.491447 0.388785 0.420987 0.426732 -0.013075 0.240380 0.235881
DB01209,-0.648640 0.048248 1.114780 -1.039472 1.867802 0.750047 -0.234978 -0.584768 0.147454 -0.750099 -0.549159 -0.551988 -0.491088 0.366995 -0.291222 -0.181289 -0.782833 1.806769 -0.983350 0.851326 0.568374 -1.253270 -0.193640 -0.579869 -0.375609 -0.608380 -0.410802 -0.856483 -0.248595 1.926781 0.228965 -0.484431 -0.206236 -0.624011 0.849889 0.015974 0.579954 -0.063625 -0.657298 -0.744958 0.128880 0.404565 -0.970226 -0.850734 -0.863431 -1.093089 -0.818609 -0.609273 0.927442 -0.593055 -1.320035 -0.555874 -0.988066 -0.463759 -1.783220 1.861763 -0.303397 -0.665154 -0.706868 1.033752 -0.998173 0.500376 -0.556600 -1.531206
DB01211,-0.299976 -0.202573 -1.043385 0.209063 -0.621069 -0.272294 -0.029880 0.194288 -0.686612 0.160847 -0.167112 0.023291 0.143588 -0.473767 0.126426 -0.297657 0.363240 -0.154420 0.404941 -0.030949 -0.259880 0.238184 -0.154541 0.353161 0.093753 0.171106 -0.894538 0.281165 0.025309 -0.434357 -0.156129 -0.461756 -0.067714 0.134642 -0.187348 -0.544691 -0.267825 0.405374 0.226953 0.266562 0.225208 0.301450 0.201294 0.460252 0.298264 0.306911 -0.284544 0.066758 0.164789 0.324499 0.471171 0.294783 0.260848 -0.023888 0.369230 -0.824151 -0.657738 0.288019 -0.172205 -0.214685 0.341546 -0.072817 0.238199 0.152869
DB01212,0.282570 -0.387692 -0.552260 0.177329 -0.423963 -0.406455 0.438913 0.058842 -0.273408 0.405721 -0.003358 0.345581 0.584313 -0.020329 0.616152 0.370771 -0.109069 -0.591350 0.244138 -0.980313 -0.146576 0.140160 0.778158 0.180448 0.141127 0.187664 0.609506 -0.078654 0.448492 -0.103246 -0.340469 0.354331 0.213022 0.061113 0.628163 0.516902 -0.534232 -0.322958 -0.038951 0.196355 0.199469 0.312195 0.188220 0.265288 0.266805 0.051924 0.521768 0.223920 -1.052227 -0.010741 -0.191671 0.353251 0.487841 0.113763 0.072616 -0.402328 0.420769 0.135643 0.220273 -0.844540 0.008015 -0.605549 0.201665 0.340228
DB01216,-0.262860 0.042795 -1.845240 -0.282743 -1.216219 0.527907 0.206324 -0.391377 -0.452230 -0.115906 0.245679 -0.149968 -0.507492 -0.106336 0.223629 -0.516302 0.204178 0.442087 -0.289591 -0.021745 0.262876 0.038679 -0.579545 0.028628 -0.072020 -0.073050 -0.016384 -0.076180 0.007871 0.003039 0.014204 -0.521631 -0.379081 -0.567028 -0.726731 -0.476678 0.346492 -0.252122 -0.184263 -0.132400 0.396904 0.079362 -0.123834 -0.041130 -0.067117 -0.004375 -0.440478 -0.242440 0.831622 -0.046124 0.184007 -0.459488 0.011907 -0.191139 0.180527 -0.596086 -0.581465 0.210042 -0.205880 -0.033048 0.015568 0.067490 -0.056788 -0.135359
DB01217,0.567752 -0.598246 -0.560812 0.684092 -0.519253 -0.791344 0.571339 0.613458 -0.633277 0.619895 0.348622 0.664264 0.672046 -0.749982 0.353742 0.576697 0.678608 -0.628430 0.715676 -0.551441 -0.720538 0.741047 0.450866 0.628604 0.615003 0.593113 0.190141 0.656544 0.539676 -0.791515 -0.534903 0.429397 0.521301 0.570012 0.571878 0.544184 -0.681546 0.596750 0.637940 0.687952 0.526810 0.468625 0.682324 0.669787 0.656442 0.662440 0.478631 0.548155 -0.296760 0.598244 0.653040 0.458642 0.505256 0.597796 0.717380 -0.566422 0.586893 0.634150 0.607391 -0.542353 0.560626 -0.592510 0.634656 0.548569
DB01218,0.343191 -0.681403 -0.533261 0.532094 -0.397193 -0.727807 0.510611 0.485680 -0.710350 0.625292 0.350535 0.616410 0.632439 -0.545737 0.835414 0.429820 0.539542 -0.572856 0.626704 -0.526939 -0.716113 0.485350 0.664478 0.621039 0.504488 0.536781 0.229686 0.548841 0.617684 -0.502220 -0.653840 0.366079 0.418532 0.396302 0.405231 0.287800 -0.708129 0.451327 0.515276 0.567235 0.679911 0.787716 0.552294 0.693988 0.629282 0.531329 0.460859 0.402489 -0.301935 0.533120 0.488347 0.655055 0.592248 0.346298 0.548012 -0.827242 0.333691 0.673911 0.410465 -0.577946 0.433520 -0.589519 0.637340 0.235797
DB01220,0.728433 -0.707037 -0.629270 0.767873 -0.685958 -0.800675 0.778558 0.702862 -0.641197 0.765688 0.652659 0.744297 0.805840 -0.694948 0.559609 0.700668 0.709360 -0.771524 0.836138 -0.675185 -0.700252 0.750393 0.560578 0.780656 0.703748 0.737747 0.476332 0.705811 0.740002 -0.647028 -0.729214 0.633916 0.663611 0.702262 0.671189 0.644468 -0.783608 0.710251 0.706871 0.774482 0.688077 0.578266 0.786542 0.789291 0.778937 0.738962 0.675753 0.699500 -0.444916 0.711122 0.682922 0.661506 0.760354 0.611075 0.700180 -0.781406 0.653193 0.694326 0.693312 -0.826540 0.712166 -0.678120 0.735918 0.679020
DB01221,-0.251865 0.034023 -0.351714 -0.453790 0.453889 0.004346 0.176405 -0.362095 -0.117928 -0.014261 -0.175912 -0.101711 0.111232 0.051251 0.683087 -0.102870 -0.597231 0.162066 -0.187248 -0.285711 0.075676 0.767770 0.056004 -0.152708 -0.153194 -0.292368 0.822369 -0.005058 0.058592 0.562519 0.001043 0.018908 -0.364788 -0.523876 0.866999 0.121731 -0.119184 0.038628 -0.460954 -0.248335 0.302660 0.012684 -0.259044 -0.047131 -0.170362 -0.366556 -0.057546 -0.301664 -0.010864 -0.412397 -0.662320 -0.251378 0.127967 -0.532776 -0.537507 0.209914 0.192711 -0.408717 -0.292162 -0.163207 -0.604659 -0.245926 -0.131903 -0.780519
DB01222,-2.697143 2.042532 -0.397809 -2.133565 0.317610 2.055788 -2.456026 -2.093411 0.141149 -2.143371 -2.628225 -2.463134 -2.165707 1.442958 -1.599780 -2.562121 -1.806187 1.296544 -2.382147 1.673644 2.151780 -3.985571 -0.758236 -2.192605 -2.480302 -2.132873 -2.352293 -2.361349 -2.414419 0.980187 2.200958 -2.444005 -1.967206 -1.754388 -3.541810 -2.857570 1.709067 -3.446824 -1.970945 -2.247868 -3.106603 -0.979257 -2.257909 -2.174469 -2.048747 -2.018561 -2.102357 -1.984773 1.220250 -2.452857 -1.554365 -1.490239 -2.040346 -2.057001 -1.413613 1.319955 -3.042845 -1.730183 -2.440654 1.777094 -1.716165 1.346262 -2.055513 -1.538717
DB01224,-0.597705 0.465391 0.734386 -0.360609 0.517825 0.533300 -0.565090 -0.369355 0.659048 -0.688839 -0.364496 -0.436542 -0.687984 0.627440 -0.910403 -0.289282 -0.479268 0.755328 -0.548500 0.492036 0.534311 -0.376519 -0.436412 -0.495322 -0.491447 -0.524979 -0.647648 -0.734243 -0.540730 0.565094 0.471233 -0.519132 -0.436441 -0.505612 -0.383560 -0.248284 0.712846 -0.359018 -0.355566 -0.578029 -0.743269 -0.440024 -0.477930 -0.617687 -0.647632 -0.538545 -0.585807 -0.420354 0.672345 -0.331495 -0.514863 -0.562481 -0.730476 -0.305710 -0.543847 0.357366 -0.581634 -0.528804 -0.425952 0.497034 -0.396410 0.644527 -0.620993 -0.405505
DB01229,-1.721884 1.624272 -0.929134 -1.142366 -1.116539 1.038507 -2.119648 -1.173722 -0.995955 -1.222057 -1.106302 -1.608704 -1.500788 -0.735444 -1.626289 -2.168694 -0.083324 0.306958 -0.744624 1.957829 1.171605 -2.135460 -1.597360 -1.340787 -1.203762 -0.909942 -2.595044 -0.395698 -1.491857 -0.724046 1.521505 -1.985710 -1.395967 -0.562719 -3.083639 -3.052881 1.280252 -0.422037 -0.639951 -0.749259 -0.768077 -1.182393 -1.212787 -0.875927 -0.813595 -0.577981 -1.752834 -1.355532 1.347344 -0.580871 0.059108 -0.911598 -1.159771 -1.429157 -0.085152 0.599895 -2.236204 -0.702598 -1.534885 1.442748 -0.558071 1.375347 -0.869087 -0.837901
DB01233,-0.116234 0.612943 0.286664 -0.440606 0.744297 0.634595 -0.134063 -0.463160 0.556954 -0.523852 -0.238055 -0.289744 -0.436271 0.811586 -1.192187 -0.094801 -0.717884 0.533192 -0.491374 0.386273 0.550200 0.695788 -0.418097 -0.520094 -0.530640 -0.567886 -0.202657 -0.548435 -0.481039 0.622321 0.579042 -0.240681 -0.524877 -0.644139 0.360280 0.200734 0.546590 0.073090 -0.470954 -0.610157 -0.776420 -0.560667 -0.331163 -0.385113 -0.564390 -0.731114 -0.325190 -0.523100 0.145426 -0.488333 -0.680559 -0.614984 -0.290628 -0.531706 -0.666804 0.507682 -0.029724 -0.641583 -0.300223 0.365121 -0.488089 0.549557 -0.731902 -0.436489
DB01234,-0.191051 0.417048 -0.879318 0.021724 -0.793140 0.139500 -0.093529 -0.018998 -0.716878 -0.125835 0.063962 -0.343233 -0.314153 -0.475485 -0.272354 -0.472534 0.242872 0.225971 0.141181 0.535406 0.112592 0.542998 -0.829375 0.124934 -0.088352 -0.050752 -0.491502 0.412988 -0.395856 -0.297255 0.311491 -0.415425 -0.338047 0.002811 -0.535256 -0.593314 0.254602 0.433848 0.130155 0.030530 -0.105332 -0.587747 0.071933 0.106233 0.047276 0.149778 -0.455885 -0.055473 0.715499 -0.006723 0.445252 -0.238177 0.110685 -0.163804 0.242004 -0.455533 -0.537197 -0.143214 -0.242399 0.446335 0.256895 0.156350 -0.043071 -0.024528
DB01235,-0.377154 0.442628 2.056250 -1.019028 1.930381 0.867555 -0.281502 -0.469784 0.867860 -0.851265 -0.205905 -0.523783 -0.686546 0.541940 -0.979567 -0.220613 -0.827984 1.474822 -1.098720 1.121976 0.624446 -0.532659 -0.865173 -0.683060 -0.350410 -0.666176 -0.273012 -0.718538 -0.264001 1.617116 0.324599 -0.424283 -0.392555 -0.753740 0.901353 0.022144 0.858941 -0.000271 -0.597715 -0.826556 -0.158335 0.076112 -0.928960 -0.841672 -0.933384 -0.988197 -0.783089 -0.626054 1.098753 -0.376102 -1.314479 -0.654614 -0.873327 -0.483813 -1.589784 1.851103 -0.347468 -0.819561 -0.575219 1.222471 -0.866083 0.679137 -0.718028 -1.481201
DB01238,-2.627604 1.638175 1.451592 -2.141552 2.585265 2.623194 -2.870024 -1.908643 1.735560 -2.692761 -1.831424 -2.385807 -3.229710 1.838280 -2.294643 -2.581817 -1.505210 3.154837 -2.631222 3.455026 1.869762 -3.703026 -2.423520 -2.042352 -1.993576 -2.084209 -2.515679 -2.373164 -2.252482 2.394460 1.874258 -2.859147 -1.986383 -1.957030 -3.418309 -3.294001 2.710122 -1.585613 -1.705806 -2.413636 -1.333658 -0.548813 -2.564782 -2.532242 -2.536363 -1.932438 -3.103089 -2.342169 4.136453 -1.102676 -1.467296 -2.318605 -3.602054 -1.868663 -2.082252 2.336457 -3.358208 -1.535458 -2.437213 2.886047 -1.654209 2.850858 -1.992362 -2.750848
DB01241,-1.743806 1.815479 0.936308 -1.731331 0.192765 1.245997 -1.695875 -2.059018 0.516343 -1.594932 -2.017051 -1.575420 -1.161100 1.646724 -1.317409 -1.473689 -2.325894 1.230402 -1.588911 0.257001 1.872093 -0.455582 -0.654782 -1.958073 -2.144188 -2.028321 -0.325539 -2.086280 -1.679369 1.510944 1.845232 -1.617184 -2.079753 -2.177994 -0.525260 -0.854289 1.150714 -2.045783 -2.063115 -1.851761 -2.358759 -1.662385 -1.740135 -1.699532 -1.838938 -1.999748 -1.295790 -2.007544 -0.356116 -2.347938 -2.114709 -1.838011 -1.608377 -2.100636 -1.632858 0.842117 -0.944169 -1.910248 -1.832530 0.434414 -2.146762 1.346173 -1.931859 -1.462829
DB01242,-0.550565 1.971821 1.831604 -0.702669 1.302569 1.699093 -1.050999 -1.031356 1.787784 -1.641697 -0.547930 -1.441145 -1.793321 1.679126 -2.921930 -0.900402 -1.158285 1.714942 -1.031984 1.789557 1.449416 1.325850 -2.573757 -1.288375 -1.154197 -1.398036 -0.706478 -0.792387 -1.909755 1.268439 1.714895 -0.880960 -1.394929 -1.143593 -0.622722 -0.488607 1.839322 0.171797 -0.847828 -1.318169 -1.670319 -3.012161 -0.874700 -1.345962 -1.487584 -1.176980 -1.417435 -1.055006 1.979867 -0.912474 -0.735247 -2.193186 -1.435206 -0.896376 -1.171494 1.295742 -0.719020 -2.024821 -0.842381 1.814682 -0.814338 1.914694 -1.753017 -0.839888
DB01244,0.546336 0.019634 0.430429 0.350648 0.002370 0.020599 0.210251 0.269352 0.525073 0.078382 0.629897 0.232518 -0.166326 0.134364 -0.342295 0.309588 0.301485 0.116891 0.092975 0.349173 -0.126969 0.732381 -0.650090 0.224439 0.320683 0.227742 0.447377 0.420771 0.102384 -0.428786 -0.004713 0.471583 0.141529 0.166850 0.241681 0.291098 0.187221 0.632772 0.342771 0.124683 0.217965 -0.053032 0.383191 0.131691 0.168816 0.276607 0.182358 0.223382 0.743607 0.391198 0.452578 -0.147550 0.150278 0.296124 0.275961 0.042442 0.337081 0.133575 0.444375 0.111978 0.421369 0.132553 0.082815 0.224039
DB01245,0.413371 -0.740092 -0.205732 0.382935 -0.194824 -0.563629 0.689193 0.519012 -0.530067 0.533920 0.365475 0.581672 0.667633 -0.630025 0.737965 0.610697 0.393490 -0.314992 0.461422 -0.527123 -0.553164 0.089703 0.747109 0.562758 0.564144 0.521076 0.349123 0.353594 0.646022 -0.071381 -0.709464 0.487052 0.613470 0.480080 0.775885 0.625470 -0.590192 0.346494 0.439051 0.505820 0.683773 0.863491 0.420133 0.481700 0.489742 0.397981 0.492469 0.535534 -0.349947 0.509513 0.192332 0.601855 0.422904 0.507712 0.189526 -0.115669 0.483507 0.515037 0.470130 -0.453753 0.368913 -0.644213 0.555593 0.222405
DB01248,0.096063 -0.363736 -1.067414 0.155805 -1.025434 -0.423966 0.146817 0.248795 -1.129698 0.428615 0.144617 0.273881 0.430727 -0.911930 0.547260 0.006806 0.579147 -0.653831 0.500319 -0.225424 -0.385893 -0.488748 0.532592 0.300799 0.246242 0.405931 -0.409767 0.444289 0.369468 -0.757378 -0.340839 -0.032217 0.230822 0.435153 -0.482793 -0.378259 -0.505278 0.246198 0.369437 0.476075 0.504530 0.521959 0.257868 0.505183 0.506912 0.465859 0.255305 0.225827 -0.194282 0.305409 0.460298 0.633045 0.489378 0.111342 0.548082 -0.457178 -0.005116 0.582583 0.148024 -0.378758 0.398609 -0.441831 0.488734 0.328090
DB01253,0.329575 -0.254139 0.010069 0.138569 0.086357 -0.013320 0.504624 0.229244 0.028855 0.176741 0.529334 0.197686 0.130097 -0.179937 0.330484 0.295370 0.144634 0.039742 0.237794 -0.103901 -0.138911 0.571792 -0.054848 0.292457 0.302560 0.216988 0.495172 0.278591 0.322898 0.070111 -0.325856 0.236981 0.189702 0.107428 0.571942 0.360978 0.063259 0.569406 0.246664 0.205910 0.538683 -0.028070 0.194384 0.201839 0.173606 0.145207 0.181563 0.269554 0.490053 0.284849 0.042480 0.028800 0.263339 0.211133 -0.061366 -0.021224 0.369479 0.054270 0.241072 -0.069895 0.186298 -0.207699 0.193615 -0.056144
DB01254,-0.221717 0.335796 -0.109948 0.056066 -0.552121 0.135154 -0.346558 -0.005615 -0.399045 -0.148730 -0.079040 -0.238706 -0.251168 -0.306047 -0.501519 -0.330467 0.326746 0.084897 0.202498 0.532548 -0.077660 0.019377 -0.532525 -0.068512 -0.063199 0.026690 -0.776931 0.241352 -0.397842 -0.273256 0.218102 -0.330034 -0.109503 0.128593 -0.823035 -0.627718 0.080076 0.454650 0.190745 0.086234 -0.090900 -0.609859 0.009334 0.077494 0.012169 0.185296 -0.260899 -0.026472 0.536484 0.168930 0.450932 -0.126432 -0.046772 -0.007914 0.290928 -0.083926 -0.268996 0.014607 -0.107262 0.391213 0.230472 0.405378 -0.073716 0.138104
DB01259,0.156660 -0.361568 -0.662773 0.446205 -0.573055 -0.469506 0.197961 0.334221 -0.466089 0.375796 0.169256 0.305728 0.353725 -0.435004 0.310303 0.153991 0.454812 -0.384973 0.543298 -0.213882 -0.478856 0.614449 0.106579 0.453286 0.278092 0.354048 -0.270328 0.456375 0.226444 -0.371625 -0.334471 0.045694 0.169911 0.283225 0.127552 -0.027446 -0.484754 0.528798 0.435565 0.433253 0.400870 0.252674 0.426819 0.539880 0.447462 0.435777 0.121085 0.187149 -0.038655 0.438684 0.521958 0.329921 0.367061 0.142283 0.457904 -0.605557 0.019640 0.403382 0.183096 -0.396464 0.371998 -0.267671 0.393136 0.118495
DB01261,-0.187857 -0.011091 -0.267984 -0.000110 -0.188471 -0.075786 -0.211838 -0.115286 -0.170450 0.070826 0.028467 0.012395 0.102949 0.098534 0.150035 -0.027029 -0.222693 -0.011314 -0.072605 -0.231311 0.077652 0.046493 0.160278 -0.004754 -0.128378 -0.068177 0.128621 -0.121506 -0.003318 -0.014677 0.001080 0.015299 -0.093136 -0.153388 -0.094827 0.050140 -0.222985 -0.415073 -0.167596 -0.118770 -0.304108 0.202330 -0.017882 -0.046044 0.015382 -0.110611 0.075499 -0.096892 -0.287475 -0.321187 -0.193298 0.040105 0.082619 -0.159677 0.032690 -0.562338 -0.167350 0.065205 -0.094785 -0.411713 -0.129412 -0.144899 -0.027546 -0.040066
DB01262,0.353419 -0.028206 -0.616727 -0.131104 -0.779102 -0.019791 -0.286534 0.215215 -1.159216 0.190110 0.311344 0.083052 0.155175 -1.068150 0.576692 -0.058392 0.702145 -0.693932 0.191846 0.269943 -0.192346 -2.581884 0.492975 -0.187691 0.319980 0.440559 -0.282983 0.432690 0.194334 -1.055769 -0.097457 0.203261 0.636814 0.790118 -2.328400 -0.718743 -0.063777 -0.175729 0.391025 0.431965 0.580422 -0.048932 -0.062993 0.098412 0.301529 0.304756 0.487527 0.502295 -0.315081 0.199455 0.502513 0.707443 0.543062 0.561607 0.661361 0.288718 0.286803 0.526110 0.393937 0.385794 0.477182 -0.316215 0.381275 0.794955
DB01264,0.027774 -0.279115 -1.007447 0.294924 -0.832722 -0.430403 0.197785 0.228978 -0.600225 0.358511 0.190129 0.204618 0.346623 -0.731452 0.283957 -0.032724 0.415110 -0.396529 0.521391 -0.190921 -0.297883 0.434804 0.077860 0.464433 0.172864 0.307335 -0.406741 0.487420 0.244659 -0.562132 -0.273197 -0.128072 0.020603 0.237663 0.089797 -0.294498 -0.452486 0.499427 0.339042 0.405256 0.362752 0.363729 0.363140 0.551137 0.472500 0.414923 -0.012989 0.072249 -0.122171 0.317212 0.490903 0.448174 0.326913 -0.063784 0.434406 -0.850502 -0.322337 0.404517 0.027787 -0.507191 0.367086 -0.323214 0.415605 0.079745
DB01267,-0.712850 0.160217 -0.130425 -0.488490 0.221364 0.406224 -0.369138 -0.491464 0.446592 -0.427144 -0.465599 -0.371913 -0.312202 0.407082 0.064606 -0.386480 -0.608507 0.627778 -0.481544 0.042180 0.347071 -0.691050 0.154405 -0.416883 -0.483754 -0.462636 -0.354290 -0.698991 -0.205470 0.701747 0.150393 -0.510154 -0.396694 -0.589441 -0.294704 -0.450554 0.225235 -0.700816 -0.506825 -0.543803 -0.306419 0.051267 -0.594166 -0.474704 -0.488548 -0.609930 -0.432938 -0.473674 0.228659 -0.476286 -0.741126 -0.235226 -0.573438 -0.545795 -0.593992 0.115936 -0.697530 -0.322133 -0.558304 -0.036910 -0.579969 0.203166 -0.401327 -0.651116
DB01268,0.105729 -0.258398 -0.480448 0.299394 -0.478976 -0.322495 -0.091283 0.376350 -0.217733 0.334422 0.375924 0.211040 0.290693 -0.675654 0.632264 0.040180 0.562058 -0.263551 0.288190 0.031348 -0.518443 -0.286623 0.092754 0.418589 0.297445 0.434623 -0.519089 0.499044 0.233134 -0.521017 -0.372671 0.095128 0.313606 0.395938 -0.715877 -0.321754 -0.501487 0.121602 0.423119 0.371896 0.376452 0.461711 0.304678 0.413900 0.402560 0.462211 0.185547 0.258468 0.599545 0.254681 0.556149 0.458022 0.294650 0.234749 0.554172 -0.745873 -0.212126 0.638573 0.167239 -0.150444 0.417564 -0.377417 0.476112 0.185562
DB01273,0.268874 -0.365266 -0.338948 0.350106 -0.682657 -0.477589 0.360525 0.203285 -0.240448 0.363533 0.101840 0.368962 0.567176 -0.053809 0.565205 0.429667 0.038561 -0.402317 0.346935 -0.966702 -0.128097 0.045790 0.791486 0.241595 0.162698 0.270583 0.445627 -0.155222 0.469252 -0.168600 -0.363333 0.344006 0.252809 0.216561 0.555557 0.534827 -0.391448 -0.292772 0.144520 0.285432 0.056507 0.246812 0.266084 0.233778 0.269319 0.102852 0.481201 0.312139 -0.975332 0.066796 -0.044999 0.382659 0.359105 0.233910 0.151245 -0.497404 0.424418 0.210698 0.278414 -0.796822 0.143223 -0.494997 0.245905 0.443749
DB01274,-0.137739 -0.281874 -0.581802 0.006862 0.228270 -0.257957 0.076917 -0.113278 -0.028508 0.158794 -0.182569 0.170632 0.144752 0.069711 0.462754 0.071144 -0.275755 -0.149891 -0.065238 -0.381620 -0.205013 0.278385 0.616927 0.038128 0.057183 -0.024788 0.411904 -0.007493 0.137097 0.277615 -0.136916 0.125349 0.036473 -0.218027 0.052120 0.065188 -0.411555 -0.376020 -0.217520 -0.100401 0.172367 0.631414 -0.013882 0.112368 0.011736 -0.092481 0.184393 -0.022083 -0.078781 -0.087114 -0.182323 -0.042814 0.112336 -0.132957 0.060385 -0.057130 0.126116 0.150457 0.033330 -0.317048 -0.177592 -0.261681 0.043978 0.023535
DB01275,0.223829 -0.228133 -0.499981 0.077203 -0.481674 -0.248149 0.265896 -0.059997 -0.001942 0.255019 0.125932 0.247834 0.318502 0.074441 0.626189 0.240043 -0.163640 -0.171685 0.045835 -0.893475 0.026679 -0.039480 0.580053 0.070434 0.031960 0.097085 0.693975 -0.255843 0.423790 -0.021184 -0.233125 0.289641 0.032190 -0.079750 0.339411 0.392429 -0.234545 -0.548391 -0.092662 0.077159 0.087351 0.303378 0.065651 0.052622 0.086163 -0.066096 0.386526 0.083686 -0.689275 -0.070374 -0.244766 0.110241 0.295229 -0.011663 -0.022749 -0.293143 0.307455 0.069825 0.142190 -0.752794 -0.058868 -0.393365 0.106230 0.135965
DB01282,0.826796 -0.551276 0.079066 0.720109 -0.695117 -0.868490 0.574256 0.699778 -0.414521 0.735758 0.738661 0.763188 0.590239 -0.496474 0.390140 0.717999 0.612393 -0.814119 0.533686 -0.515093 -0.632685 0.683149 0.240871 0.662655 0.759149 0.712029 0.785211 0.521334 0.763239 -0.691033 -0.606772 0.818422 0.563153 0.687674 0.990336 0.745650 -0.479946 0.496075 0.687010 0.696435 0.502355 0.470113 0.716929 0.602126 0.649929 0.688828 0.698162 0.694000 -0.705984 0.736902 0.625156 0.533543 0.829744 0.683445 0.689526 -0.620570 0.763667 0.592445 0.777767 -0.834495 0.741045 -0.526934 0.659965 0.651705
DB01283,-1.456307 2.767347 2.903897 -3.538820 1.824034 2.273877 -2.583664 -2.981677 5.034070 -2.716566 -1.567150 -2.665856 -3.166866 3.628465 -1.259534 -2.233876 -2.885061 1.948046 -3.519800 2.315950 3.123154 -0.372572 -1.127411 -2.981470 -2.716151 -2.991483 1.054542 -2.471858 -2.204494 3.601332 2.957224 -1.113855 -2.258222 -2.549949 -2.004093 -1.302539 3.074518 -3.673416 -3.808769 -3.205315 -2.556831 -2.345737 -2.791420 -3.484707 -2.824991 -2.706143 -1.445056 -2.692297 0.099854 -3.113033 -2.636977 -2.888132 -2.275805 -2.929463 -2.554757 4.247627 -1.137536 -2.572787 -2.103016 2.602352 -3.189426 2.745418 -2.867789 -1.621435
DB01288,0.798565 -0.776702 -0.594013 0.704987 -0.612377 -0.722805 0.812403 0.696015 -0.367507 0.750411 0.843736 0.739076 0.656115 -0.669013 0.760795 0.742173 0.665848 -0.709236 0.644575 -0.702124 -0.616366 0.523011 0.627608 0.754319 0.742613 0.745453 0.834472 0.647723 0.753477 -0.468373 -0.753042 0.704430 0.687823 0.692533 0.421198 0.714911 -0.630541 0.473383 0.689311 0.698449 0.763633 0.648053 0.743683 0.654742 0.708158 0.714764 0.738648 0.735398 -0.294226 0.708456 0.655388 0.562803 0.699030 0.728510 0.694591 -0.526513 0.770288 0.758283 0.760401 -0.742685 0.720332 -0.745753 0.717131 0.734979
DB01297,0.767697 -0.123867 0.172625 0.523136 0.072995 -0.272005 0.513491 0.448638 0.130947 0.332553 1.020260 0.386845 0.051033 0.013998 0.231211 0.515390 0.444907 -0.408316 0.288618 -0.060674 -0.237849 1.024666 -0.511038 0.427974 0.561864 0.453339 1.174588 0.600055 0.362512 -0.511543 -0.243503 0.692356 0.341166 0.394797 0.562977 0.527789 0.111369 0.728685 0.457592 0.345543 0.517215 -0.121549 0.517095 0.251236 0.315839 0.427057 0.452496 0.507414 0.707116 0.449211 0.495440 -0.007298 0.447286 0.515246 0.406884 -0.157435 0.744497 0.168347 0.640755 -0.022618 0.556742 -0.120898 0.326818 0.394763
DB01325,-0.668265 0.961534 -0.131087 -0.463797 -0.300509 0.575438 -0.946300 -0.755290 0.681279 -0.751416 -0.495316 -0.671309 -0.695778 1.105577 -1.005476 -0.333001 -0.914831 0.733157 -1.001736 0.044110 1.044489 -0.515279 -0.339676 -0.866838 -0.886678 -0.749678 0.231488 -1.270794 -0.786696 0.911524 0.901626 -0.269151 -0.697865 -0.611882 -0.556637 -0.043186 0.673513 -1.359282 -0.735548 -0.844026 -1.510874 -0.810320 -0.609608 -1.021735 -0.874661 -0.926240 -0.427987 -0.644649 0.018159 -1.109864 -0.780112 -0.916759 -0.723532 -0.508189 -0.556004 0.190442 -0.323631 -0.877345 -0.571562 0.188077 -0.698111 0.663833 -0.976385 -0.182950
DB01326,-0.728612 0.688981 -0.072249 -0.943508 0.209149 0.690801 -0.507102 -1.308021 0.601824 -0.609915 -1.062310 -0.692934 -0.217485 1.331911 -0.121451 -0.528499 -1.618093 0.291774 -0.927650 -0.714681 1.211704 -0.543417 0.477106 -1.103131 -1.083698 -1.030387 0.649990 -1.408464 -0.403828 1.170156 0.735440 -0.469178 -0.904011 -1.208278 0.203558 -0.090578 0.439079 -1.692104 -1.485635 -1.053148 -1.057237 -0.665069 -1.031538 -0.913457 -0.904962 -1.366067 -0.189232 -0.863364 -1.241038 -1.504765 -1.687794 -0.738234 -0.389991 -1.031309 -1.187678 0.399586 -0.212173 -1.221498 -0.845850 -0.507318 -1.277628 0.295802 -1.041339 -0.420328
DB01327,0.518735 -0.069661 0.229384 0.371188 -0.196958 -0.216478 0.437521 0.224155 -0.014532 0.292107 0.286843 0.253422 0.339208 -0.057856 -0.002145 0.431099 0.064556 -0.299546 0.364204 -0.535810 -0.072855 0.895857 0.062695 0.205794 0.238494 0.201508 0.602320 0.264553 0.211212 -0.152364 -0.163407 0.445774 0.201628 0.236410 0.595737 0.613291 -0.182900 0.403459 0.167512 0.248838 0.093288 -0.329131 0.370808 0.251075 0.254051 0.197617 0.416437 0.322168 -0.381928 0.120569 0.110314 0.017944 0.447319 0.297695 0.143917 -0.191314 0.618267 -0.073999 0.368838 -0.448902 0.239029 -0.182940 0.112263 0.449964
DB01330,0.287206 -0.376689 -0.473989 0.199934 -0.409521 -0.426147 0.453945 0.072042 -0.287365 0.418418 -0.068636 0.330843 0.563820 -0.004771 0.637006 0.354889 -0.130358 -0.552889 0.245353 -1.065354 -0.120559 0.096305 0.816871 0.162900 0.125299 0.181571 0.626500 -0.080861 0.431532 -0.114809 -0.343359 0.361443 0.194802 0.092068 0.662506 0.519527 -0.528326 -0.358019 -0.038019 0.188307 0.200598 0.265685 0.185286 0.246999 0.260600 0.024229 0.520842 0.221964 -1.120926 -0.054953 -0.215255 0.328028 0.495457 0.102113 0.064603 -0.411085 0.415402 0.099143 0.217689 -0.870942 -0.005612 -0.642209 0.204480 0.313848
DB01332,0.457485 -0.247945 -0.130808 0.245417 -0.358903 -0.349623 0.509907 0.109642 -0.137873 0.372780 0.216568 0.308363 0.523964 -0.021632 0.428309 0.410361 -0.047384 -0.488146 0.304715 -0.843742 -0.090093 0.599200 0.416819 0.226932 0.212788 0.203199 0.710754 0.115969 0.399906 -0.193392 -0.266680 0.416322 0.198312 0.119220 0.764758 0.571791 -0.368340 0.054911 0.036331 0.227487 0.226607 -0.002707 0.275892 0.280917 0.281542 0.122332 0.492129 0.270784 -0.859563 0.050696 -0.084402 0.171190 0.541586 0.168275 0.084284 -0.332819 0.563808 0.027946 0.294781 -0.632174 0.059885 -0.494590 0.179367 0.336461
DB01333,0.179581 -0.435236 -0.917612 0.279845 -0.591992 -0.473174 0.354661 0.185695 -0.384885 0.420416 0.095983 0.365982 0.605812 -0.236032 0.723571 0.315240 0.074454 -0.551947 0.350380 -0.909165 -0.249292 -0.091076 0.843669 0.286681 0.202478 0.293427 0.326536 -0.014945 0.521467 -0.286288 -0.401219 0.268662 0.235276 0.218578 0.438280 0.361208 -0.538881 -0.285423 0.117123 0.310377 0.257518 0.499810 0.252877 0.330418 0.337933 0.172635 0.458854 0.275159 -0.918784 0.130567 -0.020719 0.440390 0.431657 0.177871 0.213925 -0.580479 0.277350 0.292747 0.214596 -0.813946 0.143431 -0.594464 0.336387 0.422298
DB01339,0.409816 -0.638023 -0.158609 0.362080 -0.232077 -0.569815 0.535076 0.460080 -0.585159 0.453025 0.396147 0.510739 0.568413 -0.544915 0.594946 0.590941 0.399685 -0.146560 0.390973 -0.425479 -0.444681 0.060557 0.625953 0.524411 0.520814 0.492091 0.408118 0.301791 0.542481 -0.040252 -0.598972 0.503540 0.554102 0.452653 0.701413 0.621790 -0.512438 0.392307 0.430654 0.467092 0.657230 0.734568 0.401385 0.381279 0.426446 0.358320 0.414587 0.485991 -0.170866 0.454505 0.216854 0.449450 0.361138 0.513904 0.134218 0.023928 0.519026 0.452826 0.439993 -0.337602 0.362300 -0.524501 0.512009 0.192287
DB01366,0.802711 -0.564189 -0.300844 0.689434 -0.524634 -0.539711 0.782118 0.626159 -0.133342 0.637124 0.913557 0.623303 0.492565 -0.626614 0.570604 0.701608 0.603160 -0.570742 0.597726 -0.573757 -0.502379 0.788971 0.288749 0.672641 0.699254 0.669353 0.934606 0.692608 0.644712 -0.433683 -0.638530 0.707088 0.583475 0.596294 0.428543 0.720521 -0.388668 0.592124 0.670470 0.631518 0.732153 0.276150 0.709278 0.573661 0.610668 0.663865 0.669914 0.697961 0.052287 0.688992 0.622308 0.299001 0.662726 0.716939 0.594432 -0.403716 0.789163 0.555870 0.745522 -0.552754 0.687971 -0.621064 0.593419 0.656972
DB01367,-0.181650 0.032305 0.285082 -0.436739 0.603671 0.296392 0.061400 -0.353967 0.511376 -0.105185 -0.125578 -0.097229 0.044497 0.317380 0.450887 -0.028029 -0.628539 0.361802 -0.475585 -0.267522 0.131472 -0.264275 0.216016 -0.264991 -0.166483 -0.249536 0.712006 -0.479488 0.122235 0.757366 -0.011115 0.025258 -0.126713 -0.471773 0.481395 0.215254 0.007125 -0.535380 -0.466935 -0.353190 0.020437 0.195362 -0.419426 -0.266929 -0.301626 -0.578508 0.043092 -0.180041 -0.488805 -0.423465 -0.765601 -0.161790 -0.111672 -0.284785 -0.576192 0.342266 0.048536 -0.262460 -0.200441 -0.197995 -0.508986 -0.091665 -0.211054 -0.414738
DB01380,-1.120462 0.895094 -0.746016 -0.914394 -0.271965 0.940272 -1.093455 -0.399778 -0.571920 -0.823343 -0.468619 -1.146681 -1.175348 -0.598216 -0.679438 -1.440137 0.221135 0.244955 -0.993748 2.062030 0.403779 -2.306635 -0.696777 -0.500176 -0.687639 -0.533745 -1.999199 0.020653 -1.291116 -0.409731 0.932549 -1.106913 -0.499077 -0.065305 -2.812429 -2.099410 0.748776 -0.923731 -0.216878 -0.672572 -1.225789 0.194847 -0.637242 -0.574609 -0.462712 -0.183574 -1.093705 -0.583793 2.370328 -0.542118 0.548049 -0.186963 -0.819425 -0.477952 0.179976 0.451741 -1.889820 -0.006125 -0.918119 1.824374 0.006487 0.515197 -0.414571 -0.530725
DB01388,0.426207 -0.051477 0.005403 0.331566 -0.347645 -0.105929 0.114947 0.297865 0.399140 0.172899 0.485860 0.247886 -0.007547 0.004715 -0.389548 0.218421 0.352634 0.003128 0.163758 0.226177 -0.143392 0.648126 -0.436195 0.288649 0.291805 0.262938 0.118803 0.411368 0.094802 -0.460050 -0.061627 0.308561 0.160961 0.204556 0.161907 0.174428 -0.016587 0.600335 0.379370 0.208172 0.120567 0.126073 0.381731 0.251340 0.227087 0.349030 0.143838 0.208037 0.584408 0.396869 0.488602 0.045511 0.207142 0.239587 0.366318 -0.152913 0.126061 0.279961 0.351773 -0.025339 0.436040 0.023226 0.146550 0.297975
DB01390,0.846877 -0.527936 -0.318140 0.821345 -0.520319 -0.632317 0.803803 0.736180 -0.414301 0.676378 0.774324 0.706434 0.666414 -0.520279 0.153740 0.780022 0.681087 -0.667886 0.788855 -0.484297 -0.609854 1.056453 0.283609 0.715993 0.711698 0.682875 0.493613 0.729702 0.577211 -0.660449 -0.561262 0.752973 0.641228 0.725684 0.780416 0.827118 -0.600871 0.866475 0.738248 0.723065 0.526277 0.245682 0.847833 0.723264 0.714318 0.736335 0.678001 0.738628 -0.297218 0.718267 0.739070 0.501496 0.711013 0.744624 0.664624 -0.539171 0.795590 0.520660 0.792777 -0.524825 0.769585 -0.544612 0.595872 0.768327
DB01392,0.255544 -0.373267 -0.108984 0.190019 0.222834 -0.078646 0.448792 0.214720 0.074188 0.208175 0.356135 0.268657 0.181301 -0.181671 0.305729 0.292641 0.186770 -0.001106 0.229593 -0.103700 -0.319229 0.300474 0.167520 0.297255 0.329368 0.243259 0.272561 0.247399 0.327510 0.069922 -0.351318 0.224178 0.282935 0.146686 0.467269 0.270973 -0.160615 0.404363 0.278439 0.203442 0.502624 0.368724 0.199050 0.249799 0.210852 0.155835 0.178712 0.274837 0.255018 0.312593 0.110150 0.179990 0.249193 0.234709 0.009669 -0.032806 0.248550 0.219175 0.248551 -0.133808 0.197904 -0.200355 0.248594 -0.006049
DB01393,0.499213 -0.296712 -0.215597 0.600753 -0.643034 -0.454599 0.545380 0.489217 -0.593089 0.492462 0.484563 0.463995 0.485316 -0.613674 0.074578 0.428587 0.557467 -0.431628 0.655770 -0.256624 -0.424792 0.979236 0.081249 0.540842 0.453446 0.449976 0.144146 0.622433 0.338050 -0.550595 -0.349676 0.341348 0.320899 0.448597 0.542842 0.434105 -0.448121 0.818709 0.543346 0.558961 0.326766 0.143631 0.631028 0.589865 0.554914 0.546940 0.347510 0.410991 -0.143124 0.465717 0.636538 0.335246 0.482478 0.410111 0.580912 -0.541010 0.443953 0.379126 0.469257 -0.415256 0.561977 -0.302347 0.431165 0.455488
DB01395,-1.942198 1.277603 -0.761892 -0.996515 -0.263644 1.220834 -2.129959 -1.109758 1.073832 -1.441965 -1.720562 -1.569108 -1.319154 0.597177 -1.075916 -1.875736 -0.784162 0.764877 -0.994442 1.269111 1.359394 -2.756219 -0.844671 -1.129862 -1.461462 -1.148262 -2.341024 -1.406212 -1.448894 -0.037002 1.400645 -1.938507 -1.389248 -0.884211 -2.539412 -2.222661 1.170760 -1.778409 -1.046233 -1.101873 -1.672850 -0.765763 -1.289395 -1.179770 -1.162049 -0.876762 -1.804760 -1.231763 0.634108 -1.014805 -0.620641 -0.841838 -1.667305 -1.182908 -0.655594 -0.154054 -2.467309 -0.930564 -1.717187 0.955560 -0.731787 1.484127 -1.063758 -0.400985
DB01396,-0.883202 0.530702 -1.253431 -0.144874 0.410983 0.595872 -1.145552 -0.158277 0.530670 -0.572172 -0.586394 -0.678981 -0.804646 0.295426 -1.287282 -0.985165 0.169533 0.753860 -0.270905 1.186246 0.257676 -0.529595 -0.714615 -0.208217 -0.530984 -0.340694 -2.053039 -0.056161 -0.958224 -0.239725 0.538054 -0.957553 -0.403551 -0.277248 -1.804148 -1.537190 0.193190 -0.050149 0.008680 -0.396883 -0.650831 -0.046346 -0.274084 -0.173140 -0.346380 0.056684 -0.986772 -0.554753 1.382534 0.100411 0.485218 -0.371971 -0.877068 -0.467936 0.088812 0.181516 -1.550923 -0.022390 -0.747259 0.788253 0.127374 0.736079 -0.419475 -0.324542
DB01399,-0.938272 2.412619 1.694532 -3.053544 0.893992 2.389028 -1.784441 -2.591024 4.434802 -2.238287 -0.901513 -2.242564 -2.769731 3.121960 -1.257120 -1.782141 -2.291083 1.286804 -3.160065 2.039415 2.762781 -0.265213 -0.612460 -2.512049 -2.254540 -2.471039 1.155655 -2.345138 -1.620697 3.289982 2.426440 -0.683513 -1.789059 -1.995464 -1.838059 -0.869408 2.639233 -3.338280 -3.389151 -2.833489 -2.297181 -1.950641 -2.351533 -3.022545 -2.239546 -2.515614 -0.940324 -2.217009 -0.302211 -2.689874 -2.372516 -2.322967 -1.894547 -2.334845 -2.177611 3.781485 -0.972321 -2.024743 -1.589404 1.959080 -2.519047 2.321153 -2.512684 -0.994755
DB01400,0.808953 -0.890404 -0.615942 0.845029 -0.686642 -0.930385 0.894620 0.823005 -0.710445 0.899908 0.708791 0.892606 0.910729 -0.780453 0.842471 0.853258 0.746342 -0.873306 0.865425 -0.852688 -0.820014 0.652193 0.842816 0.876274 0.830726 0.845136 0.625546 0.750295 0.870337 -0.715225 -0.873195 0.813496 0.805645 0.814345 0.744910 0.820372 -0.886929 0.622587 0.780580 0.853201 0.795369 0.830262 0.871371 0.870095 0.875241 0.807440 0.850155 0.842441 -0.567048 0.796076 0.700206 0.852454 0.880272 0.783351 0.767589 -0.762774 0.815971 0.823005 0.829232 -0.869028 0.801427 -0.890811 0.850563 0.783074
DB01401,-1.026298 1.965872 1.288955 -2.948957 0.480551 1.892496 -2.031579 -2.431297 4.202154 -1.965048 -1.031260 -2.051345 -2.564143 2.649489 -0.206927 -1.686170 -2.024036 0.955572 -2.956972 1.669629 2.471862 -1.327997 -0.043232 -2.282384 -2.102856 -2.182057 1.364079 -2.357348 -1.234780 2.950676 2.021175 -0.603230 -1.505016 -1.763663 -2.135437 -1.012281 2.351965 -3.881994 -3.258551 -2.543775 -1.953588 -1.425885 -2.345279 -2.901616 -2.018503 -2.315002 -0.700598 -1.993469 -0.769921 -2.444379 -2.232812 -1.938260 -1.796828 -2.201564 -1.950272 3.404911 -0.923147 -1.629054 -1.524662 1.400245 -2.400200 1.906011 -2.124997 -0.908761
DB01403,0.207897 -0.537187 0.265446 0.108671 0.389644 -0.139689 0.227662 0.235262 0.010767 0.211257 0.359597 0.314325 0.133579 -0.187223 0.618504 0.336132 0.140829 0.213010 -0.013093 -0.038433 -0.368817 -0.507136 0.567499 0.254378 0.320939 0.257389 0.307088 0.077084 0.437830 0.275592 -0.446280 0.334067 0.395257 0.151658 0.075873 0.220831 -0.168657 0.021308 0.169325 0.097983 0.565069 0.906267 0.077546 0.087310 0.116788 0.112543 0.241464 0.209282 0.372000 0.346622 -0.000679 0.224469 0.006669 0.285467 -0.032944 0.295166 0.215147 0.426353 0.233417 -0.141680 0.091642 -0.236592 0.308731 -0.122366
DB01406,-2.366139 1.080900 -3.168768 -1.214426 -1.426762 1.104143 -1.313543 -1.249763 -1.577451 -0.981052 -1.721394 -1.420793 -1.074239 0.266184 -0.817588 -2.455866 -0.323205 0.670986 -0.543878 1.246103 0.963133 -0.499314 -1.750252 -0.524362 -1.439868 -1.124545 -3.048162 -0.467898 -1.239913 -0.207414 1.151071 -2.699918 -1.886626 -1.291311 -1.395021 -2.834718 0.743548 -0.116199 -1.117724 -0.822956 -0.697852 -0.332956 -1.041671 -0.170534 -0.518390 -0.595470 -2.297701 -1.633319 0.834931 -0.884046 -0.161730 -0.571401 -0.619992 -1.936210 -0.501317 -1.752141 -3.100277 -0.602769 -2.080089 0.822451 -0.547936 0.883888 -0.754830 -1.488952
DB01407,0.797035 -0.832118 -0.570619 0.728846 -0.711483 -0.718004 0.851849 0.714905 -0.393021 0.791755 0.782556 0.795927 0.718655 -0.766806 0.745886 0.765802 0.686066 -0.768292 0.681856 -0.756645 -0.675769 0.466351 0.793885 0.773515 0.759840 0.765645 0.668677 0.665501 0.821931 -0.536374 -0.800151 0.715858 0.725503 0.717118 0.459962 0.719788 -0.686655 0.454793 0.712693 0.726390 0.768112 0.807313 0.766198 0.727785 0.745084 0.755529 0.771613 0.746428 -0.321834 0.757593 0.659188 0.649611 0.735185 0.750131 0.735509 -0.558808 0.723578 0.833844 0.786951 -0.807331 0.743376 -0.809602 0.757338 0.771170
DB01412,-0.699284 1.428169 2.127903 -0.592849 0.727172 1.242295 -0.795096 -0.886320 0.797446 -1.065411 -0.974738 -0.970856 -0.935160 1.174728 -2.099285 -0.505896 -1.125231 0.929757 -0.955159 0.952437 1.082075 -0.130476 -1.494600 -1.078302 -1.006720 -1.010644 -0.035956 -1.328795 -1.358584 1.386362 1.333153 -0.812441 -0.957800 -0.883789 0.129723 0.069108 1.007579 -0.357408 -0.731794 -1.004825 -1.816786 -2.087511 -0.856132 -1.084577 -1.170313 -1.204533 -0.741986 -0.808199 -0.734580 -1.002530 -0.712820 -1.515338 -1.160936 -0.454056 -0.829767 0.787161 -0.221374 -1.106120 -0.614669 1.042585 -0.828395 1.198040 -1.309112 -0.043159
DB01413,0.453866 -0.463463 -0.309263 0.323859 -0.510114 -0.532856 0.513463 0.229062 -0.276445 0.478163 0.094045 0.427358 0.628889 -0.146078 0.598749 0.464349 0.074870 -0.615381 0.366619 -1.055247 -0.242574 0.171545 0.807673 0.304201 0.257148 0.309520 0.530486 0.085329 0.485281 -0.308147 -0.432738 0.439870 0.335629 0.237523 0.649731 0.576944 -0.564209 -0.140913 0.125471 0.330460 0.310740 0.257162 0.314255 0.350117 0.384709 0.219277 0.560517 0.329246 -1.089312 0.154539 -0.012390 0.462852 0.546410 0.263821 0.215653 -0.507753 0.488783 0.254399 0.342533 -0.829899 0.158017 -0.681553 0.316147 0.430065
DB01415,0.277685 -0.382843 -0.509295 0.209656 -0.447564 -0.411674 0.426006 0.100557 -0.274272 0.427129 0.098225 0.375283 0.614036 -0.016880 0.732454 0.379758 -0.094292 -0.558855 0.276143 -0.953114 -0.165200 0.111908 0.829701 0.206803 0.169780 0.222223 0.656456 -0.039638 0.496146 -0.121150 -0.360903 0.364211 0.229146 0.089975 0.626409 0.517698 -0.488479 -0.265297 -0.018892 0.219592 0.201544 0.415641 0.205231 0.282415 0.283386 0.049414 0.540630 0.256467 -0.924436 -0.003085 -0.189116 0.392956 0.517104 0.132981 0.084926 -0.426811 0.446512 0.173222 0.227721 -0.805976 0.044995 -0.562667 0.245026 0.355646
DB01420,-1.283105 1.388333 0.632483 -1.410299 0.296775 1.268305 -1.127538 -1.791691 0.979479 -1.241808 -1.697801 -1.363102 -0.858735 1.988593 -0.704087 -1.166370 -2.227846 0.929208 -1.516043 -0.371493 1.844697 -1.040804 -0.129561 -1.649777 -1.753335 -1.641055 0.103109 -2.052148 -1.163781 1.477834 1.403482 -1.107427 -1.563794 -1.764585 -0.370306 -0.692403 1.008200 -2.388836 -1.931408 -1.632458 -1.898754 -1.353347 -1.557385 -1.534149 -1.535020 -1.908315 -0.841378 -1.414948 -1.153046 -2.227021 -2.159789 -1.451787 -1.038295 -1.615352 -1.618146 0.463209 -0.944098 -1.813919 -1.502882 -0.056628 -1.767503 0.788767 -1.684355 -1.034825
DB01422,0.819253 -0.887798 -0.670128 0.860553 -0.729122 -0.932117 0.911859 0.824923 -0.693994 0.915746 0.712838 0.908826 0.937107 -0.792069 0.863656 0.868327 0.747521 -0.871073 0.902733 -0.902900 -0.838892 0.697854 0.844475 0.881537 0.840521 0.854913 0.611511 0.763689 0.903872 -0.714983 -0.890917 0.824390 0.806627 0.809569 0.776758 0.840819 -0.912252 0.651826 0.781482 0.872988 0.845662 0.805565 0.883333 0.897208 0.892074 0.817381 0.871332 0.854072 -0.623660 0.797592 0.691586 0.875046 0.920523 0.777605 0.768695 -0.809623 0.835625 0.818097 0.840782 -0.916444 0.794222 -0.905149 0.864203 0.797802
DB01427,0.248620 -0.263056 -0.369762 0.077102 -0.474371 -0.327239 0.514536 -0.089182 -0.179415 0.342997 -0.066474 0.251058 0.556787 0.150498 0.708573 0.307534 -0.341599 -0.345361 0.150356 -1.024788 0.031232 0.463193 0.762199 0.087118 0.040643 0.074386 0.829181 -0.156319 0.393003 0.188283 -0.248566 0.350989 0.048878 -0.099006 0.961047 0.546507 -0.381320 -0.331745 -0.200647 0.062002 0.152404 0.123828 0.102009 0.175002 0.166886 -0.159451 0.482386 0.124690 -1.137002 -0.268523 -0.399524 0.199777 0.503629 -0.048394 -0.100457 -0.300580 0.439732 -0.056596 0.129179 -0.863629 -0.143357 -0.582360 0.091741 0.137565
DB01433,0.408579 -0.671169 -0.223604 0.389886 -0.015220 -0.533812 0.578245 0.531050 -0.341808 0.489414 0.358569 0.524516 0.581547 -0.589431 0.592424 0.579473 0.388104 -0.221180 0.461149 -0.513872 -0.500925 0.269877 0.529883 0.546389 0.543814 0.516718 0.285694 0.375708 0.569388 -0.065259 -0.642819 0.467612 0.545123 0.469586 0.720555 0.577014 -0.571821 0.489152 0.469600 0.490685 0.640496 0.674502 0.441980 0.479546 0.460167 0.371530 0.445128 0.514208 -0.258381 0.454595 0.232175 0.576565 0.441015 0.490869 0.184474 -0.211347 0.490108 0.450179 0.452508 -0.485097 0.357744 -0.542009 0.520727 0.217734
DB01438,0.264133 -0.354578 -0.622995 0.198868 -0.575265 -0.404883 0.559555 0.051816 -0.399142 0.405785 0.057611 0.355765 0.631907 0.010772 0.643209 0.393506 -0.160087 -0.394592 0.251872 -0.952202 -0.109594 0.525764 0.720836 0.189105 0.176334 0.182822 0.708355 -0.039348 0.470352 0.061710 -0.332681 0.397310 0.148329 0.046244 0.932626 0.587887 -0.481417 -0.196299 -0.039253 0.171866 0.219995 0.306793 0.233369 0.283163 0.271970 -0.025495 0.518272 0.226208 -1.111619 -0.120964 -0.226213 0.237467 0.549668 0.066171 0.028612 -0.392488 0.488683 0.085690 0.245248 -0.909422 -0.003218 -0.578036 0.197499 0.276915
DB01445,-0.601272 0.034412 1.286937 -0.970515 2.193523 0.966814 0.102123 -0.375380 0.404300 -0.719141 -0.554857 -0.452634 -0.328349 0.294826 -0.312326 -0.139145 -0.821881 1.314594 -0.747675 0.758153 0.327891 -0.835095 -0.126435 -0.504441 -0.319501 -0.598990 -0.745915 -0.634605 -0.106687 1.652748 0.037292 -0.514673 -0.161723 -0.678542 0.909703 0.070978 0.571781 0.045682 -0.570992 -0.685695 0.110455 0.307471 -0.922580 -0.597138 -0.747476 -0.870631 -0.682038 -0.473811 0.972186 -0.412649 -1.375130 -0.210095 -0.876201 -0.431409 -1.688120 1.728546 -0.449459 -0.661035 -0.611220 1.009666 -0.964655 0.331682 -0.536260 -1.464177
DB01454,0.426830 -0.443111 0.337487 0.306676 0.155431 -0.154865 0.582573 0.375263 0.121763 0.313759 0.518592 0.383772 0.288498 -0.263647 0.371143 0.487961 0.245119 -0.161602 0.295871 -0.185412 -0.344875 0.387408 0.226032 0.363310 0.430701 0.351101 0.534244 0.334551 0.468359 0.030986 -0.424771 0.436560 0.376004 0.306409 0.657200 0.474221 -0.178978 0.502882 0.373565 0.295173 0.548055 0.289699 0.299688 0.289676 0.283770 0.284134 0.355669 0.387437 0.075722 0.380699 0.149372 0.258786 0.258732 0.405879 0.078485 0.059953 0.459322 0.274275 0.406221 -0.313347 0.272912 -0.331814 0.331120 0.150957
DB01488,-0.698594 -0.014470 1.245801 -0.845389 1.999181 0.929735 -0.043938 -0.278068 0.167069 -0.746042 -0.675790 -0.437076 -0.335931 0.183122 -0.504707 -0.138740 -0.657443 1.235396 -0.673244 0.814566 0.311335 -1.323165 -0.011248 -0.482235 -0.297823 -0.543164 -1.084907 -0.785936 -0.184001 1.584512 0.019647 -0.633861 -0.059886 -0.491309 0.563404 -0.006612 0.536918 -0.015828 -0.426552 -0.611095 -0.003191 0.334851 -0.925705 -0.663442 -0.722148 -0.724815 -0.746734 -0.406583 1.073358 -0.274114 -1.199406 -0.147106 -1.085754 -0.271275 -1.547133 1.709684 -0.604292 -0.535493 -0.592541 1.077477 -0.827110 0.358816 -0.481598 -1.322722
DB01535,0.397518 -0.736786 -0.338383 0.341008 -0.005534 -0.521262 0.631840 0.501629 -0.440612 0.522326 0.353316 0.574725 0.640578 -0.611539 0.697373 0.608231 0.373687 -0.258077 0.442616 -0.619585 -0.548295 0.106288 0.742180 0.549950 0.549017 0.513132 0.309928 0.345130 0.645575 -0.012599 -0.699015 0.488680 0.583494 0.449904 0.802364 0.632516 -0.646727 0.367908 0.424688 0.486329 0.698469 0.842276 0.408567 0.460855 0.472220 0.324606 0.473313 0.494472 -0.382936 0.462725 0.167895 0.652363 0.453943 0.447266 0.143157 -0.205541 0.515918 0.512991 0.452869 -0.526281 0.327066 -0.618482 0.547470 0.177845
DB01536,0.371831 -0.571616 -0.945976 0.601206 -0.633161 -0.584703 0.568645 0.583632 -0.735233 0.587841 0.331451 0.533588 0.603867 -0.624725 0.448625 0.386800 0.636034 -0.582592 0.660106 -0.469369 -0.559622 0.428624 0.450261 0.696500 0.546020 0.579805 -0.033183 0.601483 0.525520 -0.682316 -0.536184 0.328651 0.485923 0.590903 0.348881 0.296666 -0.618397 0.512926 0.555154 0.619691 0.511293 0.621633 0.619991 0.722411 0.667460 0.651442 0.377002 0.568510 -0.274726 0.614584 0.653195 0.643389 0.658183 0.504047 0.594472 -0.768705 0.197783 0.603380 0.446538 -0.544870 0.681019 -0.582905 0.600436 0.609161
DB01541,0.731982 -0.806840 -0.541169 0.765771 -0.364904 -0.771257 0.724739 0.784064 -0.608716 0.812128 0.710588 0.790780 0.776938 -0.678217 0.715797 0.742241 0.732319 -0.830433 0.755729 -0.657822 -0.760724 0.197548 0.828258 0.773005 0.769518 0.784454 0.601530 0.747259 0.781364 -0.822052 -0.769102 0.770338 0.805415 0.800327 0.390010 0.657216 -0.772439 0.504403 0.732843 0.783114 0.677290 0.753846 0.770779 0.755766 0.808361 0.782853 0.787926 0.810930 -0.701403 0.777267 0.696989 0.839530 0.795511 0.802382 0.758231 -0.597220 0.709904 0.767449 0.779396 -0.681177 0.780499 -0.799568 0.799753 0.792395
DB01544,-1.564826 0.692736 1.540114 -1.646304 3.000241 1.199664 -0.831122 -1.031488 0.711875 -1.342961 -1.492611 -1.131407 -0.932385 0.429384 -0.581205 -1.180804 -1.383093 1.979143 -1.193254 1.417248 0.642171 -0.297724 -0.721854 -1.080126 -0.987783 -1.345914 -1.485110 -0.786928 -1.066980 1.733841 0.841274 -1.577754 -1.127287 -1.519182 0.431961 -0.946538 1.019803 -0.170518 -1.140196 -1.216387 -0.379787 -0.111158 -1.461702 -0.966760 -1.357325 -1.330701 -1.632875 -1.359920 1.583870 -0.990922 -1.663809 -0.955258 -1.608024 -1.350635 -1.840261 1.847848 -1.126074 -1.167065 -1.501326 1.825691 -1.814003 1.117837 -1.062836 -2.465177
DB01548,0.825899 -0.895686 -0.694979 0.859569 -0.736008 -0.942335 0.920765 0.827454 -0.709779 0.923182 0.720002 0.916527 0.947420 -0.799277 0.885556 0.873921 0.747834 -0.865932 0.907320 -0.920148 -0.841500 0.713363 0.856079 0.890136 0.845422 0.859695 0.622556 0.767362 0.913637 -0.713395 -0.897496 0.830054 0.808247 0.810714 0.799196 0.847297 -0.920719 0.652429 0.784508 0.877674 0.855757 0.815661 0.887235 0.903948 0.898475 0.817571 0.876495 0.855909 -0.617297 0.799629 0.690303 0.885257 0.931643 0.776482 0.770181 -0.820836 0.840337 0.826015 0.843704 -0.929436 0.793480 -0.916777 0.871515 0.793742
DB01565,-0.650286 -0.069889 0.898890 -0.912128 1.743057 0.652037 -0.222070 -0.458956 -0.042060 -0.641817 -0.610364 -0.466210 -0.406107 0.040691 -0.165336 -0.129802 -0.635874 1.578295 -0.830642 0.639942 0.470397 -1.411724 -0.030139 -0.459758 -0.285019 -0.489477 -0.421412 -0.828498 -0.178211 1.826666 0.104169 -0.470649 -0.072146 -0.486993 0.719123 0.027967 0.446436 -0.133799 -0.555482 -0.622053 0.157036 0.446384 -0.880916 -0.800764 -0.755868 -0.977502 -0.739960 -0.489890 0.690234 -0.472246 -1.156817 -0.393543 -0.941177 -0.374992 -1.599459 1.615758 -0.287070 -0.518948 -0.616068 0.832442 -0.869520 0.386828 -0.436717 -1.390878
DB01576,0.689812 -0.465684 -0.289058 0.683189 -0.624172 -0.593046 0.643162 0.584434 -0.174344 0.544554 0.888720 0.539507 0.408329 -0.469647 0.859696 0.639183 0.517238 -0.722573 0.592156 -0.653339 -0.431523 0.635748 0.280445 0.623697 0.608549 0.630015 1.159747 0.516687 0.612564 -0.315225 -0.624907 0.580732 0.482101 0.567879 0.445112 0.577675 -0.276494 0.512772 0.599921 0.583702 0.667738 0.094712 0.590079 0.452176 0.512465 0.557554 0.616921 0.649229 -0.162997 0.590493 0.528649 0.287763 0.615252 0.618750 0.545577 -0.543779 0.794456 0.460967 0.652386 -0.616114 0.580680 -0.507501 0.567565 0.546561
DB01577,0.309596 -0.404147 -0.793385 0.248948 -0.681436 -0.365473 0.533886 0.100639 -0.185860 0.391415 0.294353 0.367227 0.379208 -0.172613 0.723965 0.379217 -0.054256 -0.605910 0.198030 -0.909346 -0.131910 0.156090 0.765362 0.224490 0.214897 0.249328 0.888501 -0.040562 0.541226 0.141645 -0.409719 0.313903 0.162965 0.091800 0.426804 0.412127 -0.361852 -0.243049 0.061568 0.166323 0.321353 0.432663 0.196987 0.217720 0.227160 0.067730 0.487721 0.243747 -0.707710 0.039674 -0.098027 0.215122 0.375496 0.166670 0.190877 -0.444977 0.477725 0.284644 0.288446 -0.874847 0.083564 -0.503434 0.261464 0.351393
DB01580,0.381036 -0.368581 0.509301 0.065953 0.494517 -0.077592 0.495155 0.273897 0.073342 0.203756 0.664571 0.345599 0.071294 -0.299285 0.577331 0.368603 0.140546 -0.098120 -0.046714 -0.061231 -0.216070 0.111663 0.055408 0.279396 0.406994 0.289356 0.786425 0.253007 0.513210 0.023130 -0.414252 0.327934 0.315979 0.124270 0.573026 0.314027 0.033598 0.220599 0.173864 0.108186 0.552381 0.690022 0.133544 0.115338 0.133360 0.126470 0.291421 0.268032 0.594588 0.302996 -0.052986 0.179082 0.194840 0.261984 -0.012139 0.236525 0.395089 0.282600 0.341551 -0.098265 0.151975 -0.143159 0.277128 -0.087264
DB01586,0.671041 -0.688476 -0.485129 0.741179 -0.440307 -0.742963 0.652999 0.719661 -0.529151 0.750314 0.687244 0.704588 0.718735 -0.589604 0.673044 0.642089 0.721874 -0.822214 0.764462 -0.662825 -0.685367 0.116938 0.645022 0.688170 0.730491 0.742974 0.563242 0.713746 0.740118 -0.902075 -0.712871 0.664266 0.704292 0.745438 0.388567 0.542509 -0.689754 0.587658 0.678957 0.772214 0.712056 0.537110 0.716551 0.697339 0.767706 0.736942 0.704694 0.766817 -0.931251 0.716717 0.649200 0.730971 0.774105 0.741624 0.730143 -0.660818 0.651957 0.670404 0.720586 -0.674578 0.696232 -0.711763 0.751040 0.793161
DB01591,0.516874 -0.594972 -0.443806 0.590252 -0.379612 -0.536146 0.521785 0.483993 -0.247676 0.530322 0.646270 0.559418 0.398849 -0.309539 0.576726 0.513390 0.531861 -0.502619 0.502870 -0.382486 -0.536049 0.309016 0.517785 0.583813 0.558405 0.556659 0.467708 0.486258 0.539428 -0.484670 -0.570642 0.499522 0.492535 0.467145 0.292505 0.362091 -0.443932 0.413139 0.554447 0.492076 0.621153 0.636175 0.552645 0.498264 0.519146 0.518036 0.489818 0.500011 0.103513 0.590216 0.557004 0.406981 0.469543 0.497430 0.540838 -0.560355 0.465012 0.620290 0.548090 -0.475173 0.553163 -0.424403 0.538573 0.470113
DB01595,-1.120900 0.274291 1.772205 -1.411880 2.920762 1.483375 -0.287706 -0.662673 0.479854 -1.120725 -1.308895 -0.888423 -0.663527 0.131900 -0.238905 -0.816580 -0.975095 1.493172 -0.963063 1.340092 0.557154 -1.356745 -0.382177 -0.734120 -0.643010 -0.905474 -1.965154 -0.860646 -0.510068 1.473738 0.338136 -1.258136 -0.477967 -0.939763 0.414099 -0.591502 0.797177 -0.203122 -0.863816 -0.980595 -0.119147 0.186934 -1.341921 -0.784306 -1.041651 -1.246270 -1.267610 -0.836557 1.293277 -0.672706 -1.611029 -0.301134 -1.169150 -0.962865 -1.974090 1.503479 -1.203976 -0.847263 -1.209990 1.509977 -1.221247 0.889036 -0.725716 -1.925658
DB01597,0.819469 -0.889010 -0.697682 0.858968 -0.738759 -0.929075 0.915658 0.826260 -0.715510 0.919269 0.711360 0.911513 0.944351 -0.800204 0.860577 0.868596 0.750296 -0.871717 0.906923 -0.914023 -0.838267 0.708860 0.840080 0.885810 0.841979 0.856295 0.602952 0.762678 0.906503 -0.711882 -0.889650 0.818373 0.807157 0.805577 0.795426 0.841420 -0.915506 0.653638 0.784174 0.875263 0.838833 0.813040 0.885677 0.900105 0.895649 0.820945 0.872064 0.854817 -0.620687 0.794425 0.694511 0.879467 0.927430 0.778528 0.771999 -0.804253 0.835601 0.824135 0.839754 -0.925039 0.795058 -0.905692 0.868007 0.798688
DB01599,0.623466 0.000529 0.821682 0.546591 1.108147 -0.147299 -0.062193 0.547471 1.421121 0.104606 0.714100 0.246178 -0.118361 0.656819 -0.164932 0.445671 0.275047 0.301724 0.159056 0.349787 -0.490096 1.044286 -0.754432 0.262373 0.354843 0.268882 0.276637 0.434294 -0.083830 0.053397 -0.209835 0.728886 0.306770 0.189719 -0.224226 0.428859 -0.044038 0.816854 0.483840 0.159982 0.333800 -0.444496 0.481613 0.209447 0.116584 0.334581 0.335235 0.320204 1.153422 0.536922 0.540616 -0.166078 0.258626 0.570320 0.131301 0.103403 0.376459 0.045405 0.472807 0.466957 0.347502 0.263502 0.040604 0.081037
DB01600,-0.458314 3.534999 3.579897 -2.897903 1.308664 2.854925 -1.930485 -2.598258 5.277032 -2.703101 -0.167020 -2.784485 -3.236142 3.811789 -2.325466 -1.812393 -2.451716 1.667930 -3.079993 2.951186 3.318199 1.562749 -2.684250 -2.779322 -2.388531 -2.741049 1.743145 -1.969849 -2.421473 3.425110 3.092952 -0.617527 -2.260547 -2.041378 -1.349614 -0.692770 3.613423 -1.926153 -3.305491 -2.955799 -2.712092 -4.279930 -2.270083 -3.343373 -2.589408 -2.611027 -1.301129 -2.239799 0.885963 -2.859233 -2.214755 -3.397803 -2.002539 -2.317990 -2.443008 4.251202 -0.523238 -3.105116 -1.594218 2.947809 -2.465512 3.263113 -3.051003 -1.149240
DB01601,-4.223438 3.489497 -0.595306 -3.297919 -0.418738 2.837923 -3.862367 -3.526313 0.470454 -3.113839 -3.903817 -3.625393 -3.140872 2.167706 -2.120791 -4.163912 -2.761763 2.631386 -2.668975 2.294216 3.208692 -2.157385 -2.709115 -3.086400 -3.813597 -3.312541 -3.635691 -2.879919 -3.480468 1.953298 3.239037 -4.026341 -3.892652 -3.577733 -4.244540 -4.485591 2.491507 -2.611662 -3.167428 -3.098349 -3.050939 -2.894241 -3.300389 -2.582475 -2.958229 -3.070058 -3.608332 -3.760700 2.397818 -3.351322 -2.475674 -2.844484 -2.804504 -4.070908 -2.647074 0.528790 -4.241074 -3.014113 -4.062315 2.191055 -2.826295 2.932585 -3.178663 -3.252520
DB01606,0.799025 -0.816695 -0.608152 0.829585 -0.638632 -0.839755 0.848666 0.800650 -0.652439 0.870544 0.720971 0.860034 0.889256 -0.754568 0.748592 0.827437 0.743821 -0.866187 0.875914 -0.827836 -0.782171 0.618235 0.767956 0.832865 0.808889 0.818947 0.564350 0.752940 0.845501 -0.720551 -0.832061 0.770374 0.787280 0.790511 0.721191 0.792334 -0.830512 0.662102 0.751331 0.843219 0.767840 0.739640 0.847126 0.846253 0.858403 0.803597 0.835100 0.826321 -0.642111 0.776462 0.695031 0.827262 0.879361 0.776042 0.754587 -0.736835 0.812972 0.776814 0.815700 -0.835859 0.781306 -0.811090 0.822694 0.814785
DB01614,0.386681 -0.676605 -0.149445 0.377480 -0.149960 -0.385261 0.578656 0.494297 -0.221572 0.476677 0.451417 0.553043 0.531609 -0.650119 0.653191 0.555641 0.440382 -0.288196 0.413360 -0.433486 -0.526508 -0.124330 0.715204 0.511235 0.553973 0.507558 0.292604 0.311612 0.670466 -0.154477 -0.696266 0.403938 0.635180 0.450734 0.410350 0.508565 -0.512935 0.241582 0.473414 0.468978 0.676058 0.879437 0.360544 0.393094 0.453067 0.433703 0.450628 0.531690 0.003177 0.561434 0.241744 0.540826 0.282883 0.524866 0.270507 -0.177489 0.369154 0.577781 0.466953 -0.408331 0.389319 -0.606153 0.556191 0.269583
DB01616,0.354090 -0.742371 -0.353471 0.400934 -0.021582 -0.474196 0.685200 0.535766 -0.443275 0.518503 0.215356 0.591151 0.673684 -0.637594 0.667312 0.605530 0.398178 -0.367226 0.492603 -0.577898 -0.592606 0.086186 0.749570 0.549645 0.561862 0.516114 0.174008 0.343998 0.691224 -0.101261 -0.742451 0.428984 0.627446 0.475128 0.744726 0.610784 -0.648578 0.351242 0.466283 0.501721 0.690702 0.835604 0.403837 0.526599 0.499548 0.402218 0.468610 0.536594 -0.452389 0.498341 0.182762 0.711721 0.419558 0.470483 0.187799 -0.241110 0.439201 0.518252 0.461229 -0.537623 0.341577 -0.684113 0.569887 0.197822
DB01618,0.389700 -0.704384 -0.225854 0.355594 0.068859 -0.448725 0.723318 0.506141 -0.373027 0.514957 0.359449 0.585461 0.672346 -0.597658 0.678937 0.598162 0.338985 -0.335466 0.481550 -0.570290 -0.569115 0.271288 0.705808 0.529935 0.548951 0.490206 0.282638 0.398627 0.690541 -0.077200 -0.712715 0.463288 0.584885 0.415093 0.829442 0.625856 -0.609025 0.412342 0.419114 0.472524 0.701559 0.831795 0.401115 0.527498 0.477623 0.364641 0.487359 0.517371 -0.392059 0.491244 0.117637 0.662734 0.465033 0.441768 0.163677 -0.218126 0.464021 0.472404 0.445220 -0.495668 0.321573 -0.657313 0.539059 0.180871
DB01621,0.275168 -0.399469 0.013522 0.392346 0.479730 -0.224768 0.475301 0.400626 -0.171271 0.312150 0.305413 0.390425 0.342385 -0.245867 0.075565 0.427088 0.325128 -0.250403 0.402784 -0.110584 -0.434779 0.499964 0.232928 0.394364 0.421337 0.338912 -0.003167 0.379353 0.330582 -0.090482 -0.393655 0.267883 0.426260 0.332123 0.577392 0.404433 -0.329140 0.585342 0.424254 0.347036 0.376539 0.424098 0.372374 0.406007 0.344793 0.273256 0.254957 0.392549 0.147519 0.434945 0.251089 0.398321 0.301767 0.372369 0.217647 -0.149230 0.267746 0.289294 0.360236 -0.176000 0.372390 -0.253888 0.322887 0.185340
DB01622,-0.347282 0.573688 2.089918 -1.050711 1.762027 1.650457 -0.189511 -0.644114 1.887527 -1.190678 0.057950 -0.801052 -1.170298 0.809121 -1.432337 -0.430277 -0.812815 1.718222 -1.265955 1.722275 0.929835 -1.041634 -0.978611 -0.903713 -0.507142 -0.842539 -0.347260 -0.905351 -0.618970 1.746858 0.572822 -0.769371 -0.436243 -0.953616 -0.038904 -0.336163 1.567034 -0.200683 -0.557958 -1.054522 -0.332731 -0.114400 -1.039160 -1.216673 -1.183870 -0.838231 -0.943547 -0.646731 2.664932 -0.407691 -1.111379 -1.291508 -1.545677 -0.305586 -1.463460 2.406978 -0.713770 -0.809276 -0.569689 1.670802 -0.800456 1.085288 -0.970389 -1.099356
DB01623,0.314772 -0.621577 -0.087242 0.356535 0.135054 -0.440032 0.442531 0.486232 -0.187001 0.430238 0.271869 0.515697 0.577217 -0.575338 0.626634 0.524720 0.395696 -0.189727 0.372283 -0.387958 -0.666185 -0.051310 0.568331 0.509108 0.505732 0.470204 0.128834 0.239161 0.567900 -0.005001 -0.683961 0.373393 0.627720 0.400354 0.459083 0.520792 -0.653742 0.363065 0.440153 0.429780 0.608306 0.749929 0.311684 0.431679 0.412946 0.347471 0.400329 0.473790 -0.220141 0.601165 0.262507 0.602391 0.218806 0.495937 0.186702 -0.077129 0.360899 0.576634 0.415355 -0.204886 0.295168 -0.529095 0.515266 0.207395
DB01624,-0.102210 0.422158 0.319320 -0.128631 0.196254 0.478308 -0.221043 -0.201037 0.556042 -0.434681 0.193250 -0.419898 -0.588270 0.228376 -0.643403 -0.273821 -0.126230 0.612636 -0.129559 0.719938 0.269345 0.459166 -0.978047 -0.172376 -0.194019 -0.276270 -0.156402 -0.045395 -0.432513 0.393528 0.289455 -0.296644 -0.380010 -0.291163 -0.076017 -0.324940 0.581480 0.444623 -0.062550 -0.243182 -0.000838 -0.836758 -0.205868 -0.310881 -0.330695 -0.165526 -0.520225 -0.239901 1.306141 0.038965 -0.035062 -0.741282 -0.463131 -0.217385 -0.324528 0.380140 -0.316306 -0.495708 -0.221557 0.555154 -0.133529 0.620513 -0.349883 -0.546994
DB01625,0.824308 -0.894805 -0.703730 0.831973 -0.845114 -0.984894 0.846703 0.784890 -0.778522 0.903589 0.728715 0.892202 0.905597 -0.717830 0.845429 0.860318 0.750793 -0.806443 0.839077 -0.918166 -0.794428 0.571926 0.858760 0.874906 0.828145 0.854875 0.661336 0.678931 0.880879 -0.691524 -0.857208 0.822264 0.778248 0.817080 0.756725 0.835225 -0.940875 0.621228 0.768028 0.857410 0.862039 0.835537 0.867467 0.838882 0.867406 0.773138 0.833263 0.817681 -0.678123 0.771084 0.703201 0.826014 0.884090 0.764270 0.758621 -0.738007 0.852224 0.828876 0.819421 -0.914963 0.779638 -0.871463 0.860917 0.789365
DB01626,0.339949 -0.490256 0.191578 0.175883 0.358974 -0.203836 0.438268 0.350932 0.097352 0.379834 0.517955 0.433165 0.373519 -0.324653 0.603307 0.390688 0.236811 -0.138557 0.125223 -0.230879 -0.433461 -0.185363 0.438953 0.320613 0.453433 0.362394 0.480268 0.310347 0.587446 -0.051872 -0.542877 0.448551 0.476034 0.268178 0.453140 0.438265 -0.281840 0.081969 0.260486 0.278569 0.612215 0.776987 0.214930 0.242426 0.288112 0.264797 0.399368 0.380168 -0.221731 0.348706 0.018449 0.439715 0.340207 0.369586 0.102654 -0.097379 0.294013 0.401798 0.353422 -0.363303 0.193764 -0.454789 0.422313 0.054994
DB01628,-0.148628 0.636930 0.398581 -0.461007 0.168531 0.419097 -0.423671 -0.510313 0.996765 -0.532087 -0.223498 -0.422816 -0.546409 0.601754 -0.656604 -0.343205 -0.489663 0.333233 -0.462253 0.488217 0.510110 0.608563 -0.451300 -0.495517 -0.522568 -0.593307 -0.109896 -0.339927 -0.577488 0.367141 0.653931 -0.208354 -0.493918 -0.483062 -0.368395 -0.080499 0.526055 -0.282032 -0.597961 -0.541278 -0.635620 -0.728219 -0.344904 -0.468216 -0.452698 -0.388567 -0.347289 -0.545776 0.060921 -0.414341 -0.292535 -0.578282 -0.442891 -0.537960 -0.321769 0.549872 -0.182917 -0.468147 -0.313969 0.649814 -0.521495 0.603916 -0.594841 -0.166028
DB01645,-0.315749 0.272692 0.463463 0.101048 0.304952 -0.030160 -0.299342 -0.013986 0.142812 -0.154234 -0.368168 -0.191866 -0.166279 -0.296171 -0.927186 -0.308389 0.134214 0.184552 0.084759 0.576457 -0.192679 0.723204 -0.826266 0.046463 -0.030748 -0.079388 -0.723101 0.320209 -0.538005 -0.127470 0.334337 -0.436707 -0.147213 -0.033958 -0.134127 -0.169476 -0.169532 0.753472 0.235744 0.043645 -0.227896 -0.478181 0.073525 0.109949 -0.072665 0.199722 -0.405845 -0.181165 0.163171 0.255522 0.560642 -0.392244 -0.422865 -0.012514 0.375498 0.370683 -0.079230 0.120024 -0.118829 0.567212 -0.026961 0.293617 -0.037061 0.188742
DB01656,-2.171843 2.350474 -0.510621 -2.351948 -0.700271 1.938379 -1.970906 -2.741109 1.022593 -1.929102 -2.322526 -2.273574 -1.455117 1.696488 -0.964763 -2.261704 -2.459235 1.267196 -2.003240 0.249370 2.313700 -1.966898 -1.127792 -2.386921 -2.637860 -2.199185 -0.996808 -2.620200 -1.954067 1.648186 2.191063 -2.227149 -2.517167 -2.572017 -1.369745 -2.102927 1.437378 -2.704292 -2.471957 -2.159850 -2.048991 -2.394909 -2.423547 -1.995872 -2.099325 -2.554568 -1.725095 -2.467511 -0.906638 -2.709209 -2.347078 -1.847177 -1.710598 -2.691613 -1.964542 0.679522 -1.949673 -2.146187 -2.380359 0.830744 -2.457293 1.365072 -2.159496 -1.888550
DB01708,0.828496 -0.801177 -0.619435 0.842593 -0.674081 -0.868496 0.900159 0.789407 -0.649573 0.867014 0.712465 0.853568 0.862706 -0.757455 0.750736 0.834661 0.731403 -0.824012 0.876298 -0.824142 -0.790738 0.808058 0.690156 0.846894 0.806859 0.810507 0.625802 0.760098 0.836878 -0.687139 -0.817734 0.793824 0.746282 0.769196 0.819258 0.820345 -0.836341 0.691078 0.768020 0.844758 0.789527 0.646515 0.869087 0.857828 0.851806 0.792416 0.819548 0.812426 -0.568675 0.767887 0.700049 0.767375 0.890162 0.749904 0.744330 -0.772900 0.826666 0.736998 0.815889 -0.857140 0.769521 -0.831354 0.813397 0.755109
DB02123,0.705966 -0.676678 -0.431940 0.756472 -0.451199 -0.742523 0.667822 0.719989 -0.549352 0.762872 0.699137 0.715557 0.717365 -0.572485 0.642374 0.673001 0.713205 -0.838731 0.764997 -0.676950 -0.675917 0.163549 0.653719 0.666209 0.721759 0.737305 0.591215 0.707190 0.729221 -0.850926 -0.699711 0.688503 0.705664 0.735480 0.419156 0.575314 -0.673515 0.607407 0.684731 0.768350 0.690543 0.531317 0.726302 0.686641 0.761467 0.745885 0.732689 0.770618 -0.932075 0.717872 0.650851 0.720377 0.762317 0.753485 0.729709 -0.642974 0.700925 0.654234 0.733399 -0.668375 0.691928 -0.715737 0.739962 0.784605
DB02134,0.392260 -0.177214 0.449294 0.511591 0.219774 -0.184365 0.433029 0.478368 -0.308286 0.363271 0.374089 0.345490 0.371149 -0.444156 0.086995 0.451936 0.466782 -0.273736 0.390530 0.142023 -0.525797 0.352042 -0.264593 0.487448 0.486671 0.454589 0.484856 0.376165 0.164210 -0.184384 -0.317880 0.282399 0.503608 0.486347 0.661295 0.627894 -0.434596 0.929479 0.559630 0.451847 0.308734 -0.201475 0.358539 0.387759 0.329535 0.338391 0.352089 0.472216 -0.471604 0.584704 0.659983 0.158468 0.070282 0.634504 0.478503 -0.031105 0.634932 0.499938 0.530999 0.154344 0.420097 -0.284639 0.404832 0.615196
DB02266,0.823450 -0.897463 -0.696975 0.861197 -0.735343 -0.941705 0.919629 0.828429 -0.709754 0.923053 0.715720 0.917977 0.949134 -0.800686 0.884386 0.874377 0.748334 -0.868832 0.908032 -0.918817 -0.842958 0.711349 0.860717 0.890223 0.844880 0.859656 0.616993 0.766494 0.913801 -0.713236 -0.898629 0.829193 0.810053 0.810970 0.790351 0.847074 -0.921535 0.650890 0.784058 0.878037 0.855289 0.821040 0.887400 0.905583 0.898965 0.820207 0.877816 0.856532 -0.620861 0.800867 0.691253 0.888104 0.929651 0.778198 0.771475 -0.818045 0.838716 0.828416 0.844029 -0.929775 0.795540 -0.917486 0.871708 0.795274
DB02300,0.823859 -0.895372 -0.691472 0.861320 -0.730104 -0.938590 0.919607 0.828708 -0.705058 0.922522 0.715240 0.917342 0.946882 -0.796753 0.884051 0.874083 0.748331 -0.866033 0.907073 -0.914071 -0.841076 0.713228 0.862436 0.889656 0.844561 0.859050 0.617804 0.767597 0.911653 -0.710267 -0.896742 0.830021 0.810660 0.811242 0.788865 0.847018 -0.918588 0.651778 0.784909 0.876897 0.853708 0.820172 0.887288 0.904676 0.898229 0.819972 0.877446 0.856292 -0.614924 0.801392 0.691591 0.889208 0.929741 0.778903 0.772155 -0.812334 0.839650 0.827971 0.843713 -0.925154 0.796133 -0.914241 0.870247 0.796448
DB02546,0.062307 0.333492 0.448329 -0.299884 0.595530 0.361325 -1.020048 0.175261 0.445489 -0.220137 0.338284 -0.293583 -0.549231 -0.149853 0.394779 -0.333011 0.433375 0.141733 -0.452854 0.915778 -0.237873 -2.637031 -0.283157 -0.478098 0.045469 0.161017 -0.646417 0.141438 -0.263184 -0.327524 0.095249 0.193387 0.419876 0.289376 -3.009733 -1.079107 0.294454 -0.640377 0.210591 -0.053484 0.202684 -0.234186 -0.313206 -0.368539 -0.186612 -0.031270 0.231911 0.144796 0.867525 0.043531 0.429279 0.290867 -0.042033 0.449089 0.294314 0.475248 -0.331404 0.260105 0.105644 1.102009 0.032795 0.252402 -0.002816 0.112924
DB02659,0.558276 -0.516896 -0.188981 0.703358 -0.572569 -0.541721 0.516701 0.667674 -0.630604 0.661226 0.642095 0.588928 0.619692 -0.643641 0.252494 0.573095 0.680710 -0.758228 0.740861 -0.523049 -0.504785 0.189872 0.344804 0.602014 0.620455 0.655775 0.403041 0.667447 0.556023 -0.775503 -0.579045 0.504725 0.642965 0.673813 0.342069 0.468218 -0.600559 0.710873 0.663586 0.700750 0.469609 0.376903 0.677904 0.605429 0.676355 0.710420 0.632542 0.672676 -0.786691 0.599602 0.676000 0.583686 0.650193 0.661102 0.696316 -0.435415 0.644653 0.555897 0.635633 -0.676842 0.684512 -0.474492 0.636170 0.797937
DB02703,-0.006751 -0.234281 -0.947831 0.248749 -0.889109 -0.311337 0.238486 0.125880 -0.901130 0.303202 0.040034 0.212350 0.290795 -0.481260 -0.092927 -0.061450 0.336799 -0.439400 0.504828 -0.160834 -0.226015 0.649642 0.089189 0.343086 0.103402 0.188348 -0.475705 0.384062 0.130805 -0.505570 -0.162270 -0.199789 -0.089707 0.149943 0.211453 -0.168849 -0.296830 0.623689 0.314704 0.336645 0.243926 0.374668 0.362302 0.538771 0.416053 0.344810 -0.046784 -0.023399 -0.094238 0.263912 0.432602 0.354778 0.326676 -0.121944 0.417170 -0.870042 -0.202479 0.327885 0.005446 -0.361962 0.284537 -0.146213 0.272321 0.027443
DB02709,0.552012 -0.232812 -0.028508 0.261141 0.019067 -0.286579 0.106015 0.441384 -0.278448 0.411715 0.702992 0.321094 0.267140 -0.290775 0.561570 0.289730 0.681353 -0.836183 0.357891 -0.037500 -0.333157 -1.072273 0.445510 0.177162 0.483092 0.505542 0.669293 0.545827 0.470114 -0.903845 -0.315868 0.534072 0.658654 0.744558 -0.702922 -0.007427 -0.132786 0.256231 0.336977 0.516433 0.510849 -0.003809 0.260346 0.205824 0.492704 0.496741 0.593019 0.585305 -1.400610 0.439727 0.489973 0.597963 0.570155 0.656934 0.619705 -0.002767 0.539733 0.422203 0.572488 -0.052185 0.493321 -0.303847 0.488345 0.778234
DB02789,0.367536 -0.640976 -1.115862 0.543213 -0.881107 -0.689823 0.653268 0.514300 -0.921924 0.671812 0.327046 0.594940 0.700053 -0.699373 0.723649 0.401663 0.603475 -0.646629 0.725537 -0.676221 -0.592384 0.588462 0.488947 0.705528 0.538957 0.589509 0.135876 0.572737 0.658033 -0.653485 -0.630087 0.325552 0.421251 0.498111 0.585124 0.321731 -0.698373 0.568580 0.507084 0.658571 0.691071 0.653686 0.614403 0.784200 0.722543 0.609594 0.440789 0.520246 -0.482134 0.549667 0.568104 0.723121 0.771146 0.394737 0.571207 -0.998595 0.292704 0.618251 0.423600 -0.749897 0.604434 -0.679716 0.656334 0.492364
DB03128,0.829402 -0.892947 -0.700334 0.857267 -0.735324 -0.940490 0.921588 0.825493 -0.715360 0.920540 0.730278 0.913400 0.943712 -0.798256 0.869298 0.872166 0.752511 -0.874358 0.901185 -0.908864 -0.837613 0.717829 0.849018 0.887105 0.843175 0.857604 0.619565 0.763344 0.911121 -0.719455 -0.889303 0.824875 0.805206 0.806788 0.799705 0.843183 -0.914209 0.653094 0.781513 0.874351 0.848511 0.816364 0.884711 0.901138 0.895214 0.819635 0.870989 0.853142 -0.615481 0.795038 0.692883 0.872519 0.921301 0.775635 0.769703 -0.812473 0.836851 0.823997 0.843479 -0.912464 0.793630 -0.907444 0.868055 0.795683
DB03255,0.442121 -0.333138 -0.250568 0.559416 0.084712 -0.212517 0.215662 0.512290 -0.065117 0.301501 0.450940 0.169410 0.342674 -0.192032 -0.351203 0.180018 0.739797 -0.576879 0.621713 0.240863 -0.460571 0.553197 -0.108531 0.475275 0.484036 0.469035 -0.359486 0.612228 0.150659 -0.515841 -0.285453 0.144081 0.514187 0.621126 -0.156240 0.073684 -0.084720 0.943058 0.576491 0.501773 0.214003 -0.283818 0.519833 0.484439 0.424790 0.613331 0.258734 0.555696 0.546037 0.658668 0.657346 0.225721 0.408754 0.553297 0.524837 -0.388801 0.489778 0.398361 0.282292 0.076359 0.752492 0.156722 0.397621 0.874936
DB03496,0.788214 -0.877989 -0.708072 0.844302 -0.749893 -0.924319 0.887785 0.811872 -0.735596 0.908160 0.707849 0.889384 0.939899 -0.797180 0.861165 0.841543 0.746753 -0.875032 0.901903 -0.894942 -0.838071 0.698944 0.812771 0.878268 0.829480 0.847584 0.575649 0.754263 0.891168 -0.711106 -0.875668 0.779618 0.792048 0.790332 0.792464 0.804097 -0.911524 0.653486 0.778095 0.870699 0.827583 0.808313 0.870269 0.892125 0.885723 0.815251 0.849229 0.835904 -0.610601 0.777654 0.691416 0.859938 0.916522 0.758330 0.769700 -0.811570 0.810837 0.818912 0.813891 -0.918829 0.781506 -0.887802 0.864279 0.778145
DB03566,0.838763 -0.846231 -0.670638 0.857502 -0.720263 -0.906009 0.919277 0.813651 -0.676797 0.897359 0.730677 0.888518 0.917661 -0.785353 0.805701 0.861987 0.742141 -0.845622 0.896200 -0.884223 -0.816326 0.776328 0.774550 0.871922 0.831388 0.837460 0.616260 0.768504 0.875964 -0.716603 -0.859033 0.818147 0.778795 0.793960 0.825724 0.847075 -0.881502 0.681870 0.781412 0.863742 0.825521 0.720022 0.884053 0.882127 0.878139 0.807106 0.849809 0.837632 -0.605477 0.784203 0.699251 0.819959 0.911778 0.770594 0.758266 -0.804683 0.841000 0.781642 0.838364 -0.891514 0.780739 -0.877160 0.841499 0.780434
DB03575,0.424817 -0.715121 -0.221362 0.432716 -0.064821 -0.515870 0.716167 0.547728 -0.474645 0.535242 0.384472 0.608425 0.692959 -0.598894 0.666038 0.621016 0.422271 -0.362507 0.527431 -0.543765 -0.598388 0.260047 0.692450 0.574443 0.581306 0.529341 0.234793 0.391950 0.671530 -0.142361 -0.715116 0.484246 0.609859 0.474667 0.816490 0.643208 -0.625863 0.450833 0.477894 0.524332 0.681689 0.770058 0.454181 0.534261 0.522916 0.424159 0.498536 0.541707 -0.304665 0.545829 0.204704 0.692807 0.470479 0.514681 0.195630 -0.215137 0.499708 0.511262 0.491963 -0.456333 0.363682 -0.636347 0.564706 0.243085
DB03585,0.396638 -0.106694 0.227080 -0.177549 -0.224950 -0.169811 0.110792 -0.019043 0.714678 0.131646 0.104059 0.102671 0.055976 0.218724 0.532990 0.168747 -0.037574 -0.404000 -0.136881 -0.341849 0.081569 0.129180 0.667990 0.016711 0.006508 0.015578 0.749632 -0.091608 0.276810 0.087395 -0.105723 0.426166 0.197217 0.101009 0.019901 0.338877 -0.070627 -0.546031 -0.298031 -0.050512 0.054976 0.224090 -0.006807 -0.129434 0.104940 -0.008985 0.450388 0.057670 -0.649381 -0.094640 -0.135250 0.165077 0.244637 -0.014496 0.026850 0.256973 0.318303 0.174968 0.192051 -0.276117 -0.091786 -0.152515 0.051756 0.295892
DB03604,0.773773 -0.570733 -0.264966 0.835630 -0.421594 -0.665709 0.762973 0.756044 -0.405767 0.719054 0.772606 0.687825 0.653203 -0.584480 0.485369 0.757511 0.678361 -0.624609 0.766830 -0.545185 -0.660248 0.900331 0.292811 0.754946 0.730979 0.717602 0.664854 0.760928 0.614550 -0.559542 -0.646979 0.764160 0.675777 0.732270 0.661892 0.770642 -0.601146 0.743607 0.749081 0.736305 0.588600 0.253161 0.811772 0.692246 0.716673 0.722753 0.700182 0.779364 -0.251465 0.685306 0.711520 0.527770 0.739714 0.756240 0.681728 -0.644301 0.778714 0.546655 0.768961 -0.617087 0.762279 -0.640326 0.665018 0.677955
DB03695,0.823199 -0.890754 -0.699077 0.859203 -0.723705 -0.933647 0.915278 0.826304 -0.703463 0.918346 0.718144 0.911001 0.943834 -0.796396 0.874600 0.869427 0.750088 -0.865264 0.906215 -0.906062 -0.838198 0.721248 0.851102 0.887683 0.842200 0.856459 0.614096 0.767137 0.906310 -0.709795 -0.890704 0.824793 0.806748 0.808662 0.788485 0.842648 -0.912975 0.657494 0.784201 0.874674 0.846093 0.804807 0.885895 0.902666 0.894808 0.819309 0.873061 0.854108 -0.609121 0.799297 0.691403 0.882140 0.924609 0.776060 0.770179 -0.812397 0.839984 0.823803 0.840139 -0.917343 0.795610 -0.907948 0.866989 0.796809
DB03783,-0.550980 0.906058 1.134820 -0.021423 1.183884 0.589208 -0.685409 -0.524610 0.588580 -0.598977 -0.695559 -0.453011 -0.793307 0.731173 -1.480160 -0.497825 -0.345678 0.615169 -0.229293 1.303382 -0.046748 1.198338 -1.516734 -0.439405 -0.373045 -0.557500 -0.820583 0.011993 -1.299918 0.281020 0.974354 -0.711951 -0.638292 -0.516095 0.013279 -0.441143 0.469874 0.646122 -0.006169 -0.415427 -0.828977 -1.132355 -0.172054 -0.325496 -0.590186 -0.100249 -0.826968 -0.591835 0.235827 -0.034081 0.426280 -0.886957 -0.868848 -0.336112 0.153710 0.772114 -0.055179 -0.482438 -0.322807 1.143967 -0.337662 1.251291 -0.578815 -0.398010
DB03793,0.808887 -0.878941 -0.664890 0.849161 -0.682960 -0.915016 0.906067 0.824828 -0.701596 0.906808 0.714305 0.898407 0.923483 -0.790516 0.843421 0.858156 0.744073 -0.870119 0.882163 -0.868098 -0.835574 0.667169 0.846583 0.879583 0.834071 0.849001 0.601085 0.768129 0.883354 -0.711589 -0.881875 0.816685 0.809320 0.801573 0.758189 0.826689 -0.903551 0.634058 0.784178 0.859465 0.799731 0.826515 0.878389 0.885514 0.883036 0.817763 0.860727 0.848473 -0.582648 0.799066 0.702859 0.869031 0.901232 0.781461 0.770819 -0.778001 0.814520 0.821675 0.832204 -0.886386 0.796486 -0.899057 0.857164 0.784571
DB04017,0.342734 -0.476741 0.138468 0.182091 0.435997 -0.205846 0.502934 0.351659 0.072946 0.361433 0.421030 0.450702 0.384412 -0.321441 0.394156 0.436564 0.227603 -0.138893 0.149874 -0.231834 -0.420408 0.110444 0.362616 0.305873 0.447605 0.335380 0.355341 0.343814 0.541228 -0.049957 -0.493860 0.452945 0.442951 0.219278 0.536879 0.487688 -0.291664 0.233228 0.265262 0.262658 0.525459 0.710837 0.270428 0.298880 0.295535 0.220371 0.391947 0.362492 -0.212969 0.359408 0.018127 0.425979 0.335369 0.369072 0.092728 0.020913 0.323682 0.364669 0.376933 -0.294803 0.228696 -0.437768 0.371893 0.101356
DB04216,0.055977 0.038406 0.469573 0.497506 -0.019059 -0.202892 -0.036351 0.334940 -0.346085 0.124643 -0.045297 0.176217 0.126676 -0.369258 -0.825945 0.183826 0.315981 -0.101487 0.388306 0.163020 -0.237801 1.001087 -0.398793 0.238650 0.259648 0.181279 -0.333522 0.463320 -0.251936 -0.320364 0.068722 0.019159 0.226381 0.285884 0.243128 0.324041 -0.322268 0.804984 0.448496 0.287068 -0.189220 -0.264517 0.414598 0.225969 0.158947 0.455687 0.019059 0.228039 0.223555 0.383725 0.652434 -0.144603 -0.094930 0.331319 0.537309 0.439574 0.406695 0.139760 0.299859 0.136793 0.326651 0.170485 0.109899 0.536281
DB04250,0.853932 -0.785218 -0.525463 0.853379 -0.671762 -0.850924 0.881479 0.801107 -0.611427 0.845038 0.748372 0.844946 0.860497 -0.726697 0.673237 0.851234 0.731483 -0.803065 0.871318 -0.780921 -0.767002 0.836390 0.657138 0.839519 0.808897 0.810487 0.627774 0.759262 0.804434 -0.671808 -0.795497 0.813706 0.750492 0.789568 0.791912 0.851929 -0.785798 0.743004 0.775499 0.835398 0.770378 0.594150 0.874989 0.843225 0.838886 0.794353 0.809110 0.822564 -0.485523 0.773611 0.706453 0.725753 0.867000 0.780476 0.724429 -0.736058 0.854594 0.723255 0.829890 -0.803520 0.791820 -0.782541 0.789553 0.790118
DB04365,0.825935 -0.889927 -0.679782 0.859691 -0.735097 -0.938422 0.915327 0.824140 -0.710113 0.915863 0.720893 0.910926 0.940086 -0.788687 0.872239 0.870767 0.750378 -0.869041 0.901533 -0.899837 -0.830389 0.716236 0.847697 0.885379 0.842018 0.855405 0.628313 0.762396 0.903567 -0.714557 -0.886526 0.827253 0.807586 0.809810 0.792922 0.844179 -0.903316 0.656126 0.781527 0.872978 0.845430 0.810889 0.883312 0.895932 0.892003 0.817892 0.870540 0.852678 -0.601965 0.795366 0.693348 0.871188 0.915888 0.778465 0.767323 -0.805231 0.839854 0.820743 0.841446 -0.906021 0.795834 -0.900226 0.863950 0.798179
DB04552,-0.812941 2.438277 2.530720 -2.812447 1.284154 2.260934 -2.004121 -2.591699 4.298064 -2.187547 -0.686067 -2.277828 -2.566877 3.267840 -1.053110 -1.744448 -2.373468 1.722266 -2.940039 2.042161 2.869533 -0.371566 -0.732661 -2.539204 -2.233079 -2.435642 1.533930 -2.131773 -1.608000 3.024432 2.427895 -0.765064 -1.723432 -1.977109 -1.767915 -1.007847 2.758667 -3.243280 -3.277815 -2.712718 -2.415661 -1.959843 -2.347978 -3.066546 -2.292279 -2.482625 -0.948049 -2.091524 0.209892 -2.579542 -2.390334 -2.415483 -1.838747 -2.255589 -2.144867 3.338089 -0.793888 -2.252258 -1.645549 1.979526 -2.460831 2.349385 -2.466750 -0.987561
DB04573,0.443377 -0.542304 0.108214 0.600830 0.235044 -0.432034 0.231864 0.660771 -0.416891 0.493605 0.303067 0.449576 0.251092 -0.313577 0.140333 0.434631 0.752562 -0.695026 0.469594 -0.022582 -0.529613 -0.629173 0.552531 0.315846 0.539515 0.587930 0.185103 0.611689 0.368141 -0.550793 -0.424850 0.509699 0.786540 0.849141 -0.388066 0.186070 -0.442757 0.193425 0.617607 0.547977 0.139477 0.473142 0.471273 0.379522 0.556944 0.714253 0.574608 0.654987 -0.470591 0.675867 0.713921 0.716593 0.374672 0.781835 0.752161 -0.060896 0.337056 0.603836 0.592653 -0.151434 0.763112 -0.504336 0.553187 0.938537
DB04574,-0.301683 -0.159118 0.144827 -0.062835 0.129212 -0.201334 -0.247755 -0.131547 0.100517 -0.012896 -0.509613 -0.024328 0.117665 0.109866 0.127532 -0.110771 -0.199570 -0.142648 -0.146110 -0.235561 -0.015766 -0.422663 0.480359 -0.134919 -0.112751 -0.093688 -0.113129 -0.249592 -0.065571 0.020426 0.049838 -0.089514 0.025888 -0.031025 -0.148317 -0.071895 -0.316716 -0.583482 -0.119518 -0.127471 -0.341966 0.338389 -0.151130 -0.069388 -0.053596 -0.065169 0.021581 -0.085689 -0.461424 -0.109767 -0.129202 0.151840 -0.082561 -0.016279 0.017888 -0.097710 -0.177747 0.095060 -0.146111 -0.055221 -0.145950 -0.225878 -0.018792 0.227557
DB04581,0.859465 -0.490457 -0.585572 0.407778 -0.654995 -0.171816 0.745352 0.329568 0.482975 0.495957 1.249547 0.509640 0.144026 -0.472721 0.699260 0.491683 0.540568 -0.151322 0.176702 -0.499424 -0.260522 0.189683 0.289300 0.473839 0.617691 0.558024 1.112429 0.428525 0.680134 -0.257768 -0.581071 0.601241 0.470396 0.261223 -0.210046 0.545857 -0.128493 0.043469 0.508760 0.401739 0.902690 0.513794 0.482890 0.248469 0.377928 0.561558 0.584272 0.507183 0.721712 0.584531 0.503545 -0.064909 0.455085 0.657381 0.527825 -0.094292 0.619269 0.670878 0.678309 -0.458345 0.482767 -0.482412 0.518446 0.544465
DB04652,0.367967 -0.607143 -1.105098 0.557032 -0.882109 -0.650804 0.605140 0.537645 -0.786709 0.638154 0.325797 0.565210 0.653049 -0.692347 0.608165 0.377891 0.599871 -0.613301 0.716723 -0.620245 -0.574463 0.565221 0.455792 0.686902 0.514192 0.577951 -0.007359 0.576414 0.585175 -0.650399 -0.588599 0.285426 0.407313 0.515382 0.503911 0.273260 -0.691153 0.565029 0.509962 0.647131 0.639857 0.612212 0.605939 0.767531 0.696617 0.622911 0.391833 0.500135 -0.414845 0.570702 0.584558 0.702039 0.705968 0.393466 0.582745 -0.940920 0.211139 0.603853 0.410569 -0.708210 0.614604 -0.613470 0.626650 0.512768
DB04690,0.727437 -0.787068 -0.643531 0.817192 -0.731681 -0.830305 0.817610 0.764894 -0.684245 0.821850 0.641768 0.798890 0.859123 -0.735637 0.613185 0.762758 0.728993 -0.833177 0.863989 -0.764279 -0.751695 0.693524 0.657417 0.825695 0.773187 0.788012 0.429108 0.734841 0.778254 -0.679812 -0.801391 0.682927 0.751755 0.773946 0.675723 0.714021 -0.819673 0.697436 0.757751 0.817448 0.727704 0.654186 0.829435 0.832542 0.827953 0.787586 0.749595 0.777064 -0.487341 0.749676 0.706719 0.756678 0.843325 0.725152 0.750831 -0.759386 0.733021 0.753658 0.745648 -0.863727 0.763240 -0.742571 0.786974 0.783822
DB04725,-0.232168 0.317330 0.674217 -0.367032 0.412709 -0.307019 -0.375501 -0.032509 0.317170 -0.222812 -0.401578 -0.136784 -0.548939 0.252749 -0.360931 -0.255550 -0.001200 0.057555 -0.410757 0.445355 -0.021579 0.409741 -0.049339 -0.236737 -0.111483 -0.304217 0.381605 0.296671 -0.374841 -0.278526 0.507458 -0.045019 -0.277323 -0.238371 -0.094661 -0.192689 0.232837 -0.198692 -0.274264 -0.184256 -0.097560 -0.161746 -0.087391 -0.350296 -0.243429 0.185332 -0.212975 -0.297461 -0.515129 -0.090840 0.325838 -0.412339 -0.428156 -0.293391 0.254859 1.016924 0.180906 -0.053036 -0.033754 0.810882 -0.320575 0.225169 -0.098114 -0.160666
DB04743,-1.413033 2.714634 1.240450 -3.118429 1.001736 2.628383 -2.984250 -2.560101 3.578251 -2.549379 -1.306912 -2.517641 -3.121318 3.135793 -1.249879 -2.266733 -2.074219 2.253421 -3.379799 2.886296 3.099828 -3.092520 -1.316523 -2.852701 -2.368782 -2.444404 0.804423 -2.365926 -1.897515 1.923104 2.702527 -1.137676 -1.752443 -1.951181 -3.281708 -2.116223 3.376968 -3.516603 -3.251487 -2.839324 -2.702437 -2.000634 -2.739470 -3.399914 -2.531639 -2.486936 -1.456929 -2.229004 0.554644 -2.426536 -2.243841 -2.209653 -2.373464 -2.100313 -1.936328 3.465092 -1.479665 -1.990317 -1.871723 2.410468 -2.353715 2.531631 -2.532081 -1.058298
DB04786,0.824360 -0.887592 -0.687444 0.859922 -0.724496 -0.929877 0.913736 0.825922 -0.699723 0.915277 0.714091 0.910381 0.940271 -0.792224 0.858797 0.869499 0.748863 -0.862553 0.904528 -0.898570 -0.835640 0.721050 0.849146 0.884870 0.840469 0.854057 0.602568 0.765575 0.901911 -0.707472 -0.886161 0.823940 0.807181 0.809839 0.782660 0.843408 -0.909186 0.658628 0.783754 0.872836 0.840334 0.806115 0.886228 0.901109 0.893268 0.819026 0.870771 0.852855 -0.604300 0.800784 0.693183 0.879339 0.922101 0.777523 0.770901 -0.807062 0.837616 0.822877 0.840458 -0.910289 0.797041 -0.902550 0.862597 0.800021
DB04794,0.708819 -0.691146 -0.752973 0.794742 -0.790373 -0.712460 0.742337 0.723184 -0.409997 0.728533 0.582235 0.713144 0.774324 -0.717298 0.483359 0.646312 0.723236 -0.764485 0.812756 -0.651122 -0.678867 0.564265 0.527677 0.776649 0.720544 0.759685 0.219258 0.752947 0.694376 -0.791199 -0.664572 0.590443 0.645674 0.719615 0.649069 0.561431 -0.737631 0.662697 0.708463 0.776958 0.736567 0.564373 0.783141 0.795957 0.775598 0.766319 0.591351 0.702459 -0.513984 0.752355 0.715131 0.690379 0.662694 0.659389 0.721605 -0.763813 0.514334 0.702404 0.678970 -0.709344 0.742523 -0.707776 0.739658 0.743091
DB04818,0.182657 -0.417277 0.172968 0.196334 0.472145 -0.210223 0.330343 0.311076 0.031129 0.277917 0.378607 0.376409 0.263624 -0.312486 0.440318 0.353326 0.217726 -0.044518 0.115385 -0.165313 -0.408935 -0.167236 0.358984 0.272043 0.398511 0.292711 0.335480 0.243568 0.454225 -0.026030 -0.453908 0.316804 0.402384 0.213429 0.345354 0.326814 -0.234946 0.096338 0.273745 0.239337 0.490272 0.669448 0.187206 0.170118 0.209244 0.221972 0.270669 0.332316 0.045534 0.381870 0.067751 0.345016 0.148321 0.346640 0.096643 0.080780 0.220471 0.305306 0.314800 -0.175624 0.172261 -0.326206 0.347428 0.014665
DB04821,0.447913 -0.717461 -0.278488 0.376656 0.089724 -0.457147 0.777011 0.528172 -0.328825 0.560851 0.396059 0.604169 0.695363 -0.566589 0.757117 0.614394 0.318426 -0.372686 0.492291 -0.597080 -0.590569 0.363049 0.697041 0.548760 0.564836 0.508680 0.350955 0.456626 0.721898 -0.090101 -0.729024 0.514421 0.593348 0.399233 0.888680 0.670460 -0.639243 0.435657 0.412740 0.486083 0.759108 0.795106 0.424458 0.572323 0.499195 0.368656 0.527476 0.520995 -0.511233 0.474203 0.122449 0.695356 0.543387 0.421425 0.163948 -0.260678 0.528747 0.477209 0.467318 -0.570167 0.316250 -0.698389 0.557463 0.182408
DB04824,0.782152 -0.734033 -0.480112 0.711876 -0.887839 -0.910280 0.562972 0.648959 -0.695542 0.771957 0.771002 0.754481 0.660102 -0.510829 0.531965 0.796717 0.742777 -0.495822 0.621852 -0.686542 -0.582555 0.090547 0.697028 0.752447 0.740427 0.795121 0.706733 0.483909 0.712510 -0.560883 -0.616002 0.818859 0.646375 0.801343 0.717372 0.764920 -0.735140 0.670280 0.724834 0.763983 0.741361 0.792423 0.783947 0.584462 0.704700 0.599217 0.641294 0.687729 -0.239269 0.687777 0.733739 0.602004 0.580284 0.726704 0.711825 -0.475624 0.842663 0.775017 0.735986 -0.708928 0.773141 -0.644902 0.739307 0.809723
DB04825,0.601802 -0.637127 -0.331521 0.602533 -0.396975 -0.601151 0.569218 0.651403 -0.115838 0.637509 0.605038 0.640459 0.568923 -0.423315 0.689284 0.579720 0.610597 -0.437109 0.531990 -0.395359 -0.629924 0.270667 0.451138 0.669452 0.619508 0.629073 0.465188 0.596577 0.627971 -0.665857 -0.629162 0.647330 0.604166 0.549194 0.442871 0.470670 -0.572901 0.482031 0.581043 0.593514 0.677755 0.716102 0.628913 0.610405 0.638671 0.657997 0.612035 0.610694 0.029291 0.566452 0.599205 0.683990 0.546746 0.576461 0.603986 -0.559821 0.469201 0.690747 0.605169 -0.426524 0.631490 -0.615824 0.636334 0.533808
DB04828,0.232313 0.082268 -0.162324 -0.240027 -0.391665 -0.082015 0.013309 -0.152352 0.586782 0.006403 0.019840 -0.016930 0.000153 0.311160 0.416892 0.051427 -0.165038 -0.185668 -0.158144 -0.192657 0.261251 0.250652 0.408184 -0.089430 -0.108302 -0.108124 0.672503 -0.187497 0.144848 0.296473 0.025924 0.267608 0.007465 -0.050335 0.065644 0.249638 0.051572 -0.534257 -0.383631 -0.146699 -0.097261 0.007754 -0.076739 -0.186362 -0.012520 -0.139993 0.281096 -0.055029 -0.597759 -0.261085 -0.240336 -0.051230 0.155772 -0.186271 -0.104202 0.198701 0.237748 -0.004856 0.044297 -0.234889 -0.187578 -0.044553 -0.084970 0.198811
DB04829,-0.952390 1.690825 1.934773 -1.845259 2.821354 2.806112 -0.711542 -1.650827 2.372220 -2.116782 -0.001120 -1.784896 -2.349699 2.283005 -2.268212 -1.325251 -1.708109 2.812607 -2.001086 2.791618 1.680535 -0.355080 -2.388249 -1.708895 -1.362503 -1.782181 -0.424927 -1.269438 -1.592390 2.452213 1.616010 -1.424771 -1.636494 -1.930615 -0.314928 -1.268001 2.746790 -0.064475 -1.316580 -1.965439 -0.695291 -1.660102 -1.821868 -1.893373 -2.086610 -1.743189 -1.982355 -1.638908 3.548575 -1.131775 -1.814504 -2.408272 -2.214635 -1.348332 -2.376194 3.010218 -1.330137 -1.944917 -1.453002 2.562949 -1.627341 2.058955 -1.897210 -2.400805
DB04839,-0.379088 0.577394 0.772245 0.000071 0.364094 0.613355 -0.763314 -0.067675 0.512086 -0.507188 -0.330877 -0.645304 -0.625958 0.178167 -1.458676 -0.774830 0.231516 0.334594 -0.130614 1.490483 0.150726 -0.604318 -1.320184 -0.127480 -0.228819 -0.255234 -1.700195 0.222969 -0.838178 -0.672185 0.737929 -0.768763 -0.327076 0.136573 -1.103705 -0.864567 0.458870 0.499387 0.144892 -0.172089 -0.625226 -0.765784 -0.098575 -0.130960 -0.180702 0.186576 -0.867508 -0.230838 0.670188 0.238702 0.621840 -0.448691 -0.540141 0.026081 0.197871 -0.158247 -0.942549 -0.157172 -0.437190 1.087558 0.195469 0.976175 -0.299365 0.196424
DB04840,0.790637 -0.640329 -0.452579 0.672631 -0.476729 -0.664387 0.782847 0.591972 -0.454365 0.693668 0.784707 0.734586 0.569488 -0.515443 0.668609 0.697597 0.587799 -0.739239 0.571366 -0.655360 -0.619254 0.640576 0.508582 0.665276 0.716839 0.677568 0.796714 0.598795 0.741716 -0.497699 -0.677262 0.700091 0.601339 0.581673 0.602126 0.635545 -0.545552 0.488123 0.625395 0.635415 0.677960 0.684679 0.686449 0.622576 0.646075 0.608831 0.702308 0.652656 -0.281418 0.678872 0.575433 0.522486 0.776810 0.625231 0.635361 -0.439431 0.765296 0.670422 0.738555 -0.705001 0.647557 -0.562925 0.656152 0.604473
DB04841,-0.012256 -0.390066 0.253726 0.092241 0.515953 -0.216516 0.142274 0.254555 -0.165801 0.171098 -0.093242 0.271770 0.275315 -0.218518 0.404353 0.225719 0.163465 0.048595 0.135368 0.099836 -0.424291 -0.321641 0.356101 0.292745 0.271267 0.206765 -0.214558 0.154155 0.241726 -0.194227 -0.306624 0.121665 0.311352 0.125332 0.288351 0.179952 -0.326778 0.237512 0.242673 0.192135 0.406971 0.739753 0.095432 0.243087 0.169414 0.228488 0.081996 0.166854 0.306341 0.288320 0.121704 0.474117 -0.200745 0.168669 0.092051 0.129198 0.121492 0.406935 0.153375 0.197741 0.045747 -0.279002 0.306914 -0.037979
DB04842,-0.917736 1.238472 3.366395 -1.287621 2.668017 2.095849 -1.145861 -0.658955 2.604073 -1.757031 -0.832031 -1.273979 -1.739194 1.529734 -2.067786 -0.906868 -0.903448 2.550615 -1.560300 2.859824 1.065145 -1.262192 -2.230748 -1.193844 -0.898995 -1.194197 -1.473788 -1.024742 -1.392344 1.286729 1.228135 -1.003375 -0.847400 -1.202959 -0.507755 -0.969996 2.017192 0.122147 -0.776187 -1.410056 -0.932147 -0.721102 -1.312243 -1.514243 -1.514270 -1.143221 -1.546936 -1.040716 3.386210 -0.609281 -1.032184 -1.253180 -2.245925 -0.601031 -1.734485 2.380008 -1.430811 -1.293151 -1.028235 2.987393 -0.887707 1.790582 -1.389031 -1.709473
DB04843,0.814478 -0.881061 -0.690639 0.828578 -0.802411 -0.972850 0.821839 0.781395 -0.749030 0.890468 0.738862 0.881065 0.889241 -0.698208 0.806274 0.856493 0.744390 -0.779560 0.829696 -0.877787 -0.777686 0.598228 0.828368 0.865461 0.819729 0.843900 0.655254 0.678908 0.851165 -0.672136 -0.834152 0.824270 0.771829 0.818398 0.745599 0.834465 -0.914102 0.640347 0.767438 0.848867 0.833741 0.826756 0.864832 0.832487 0.854714 0.767393 0.819897 0.808293 -0.615094 0.761847 0.704893 0.802510 0.870396 0.766413 0.747684 -0.714851 0.852466 0.820038 0.814398 -0.882007 0.786097 -0.834752 0.843956 0.785155
DB04849,0.820767 -0.892851 -0.685232 0.860162 -0.722011 -0.933024 0.917751 0.824916 -0.707448 0.918965 0.710369 0.912856 0.944314 -0.791961 0.868455 0.870112 0.751742 -0.865698 0.906659 -0.905476 -0.840674 0.717904 0.849124 0.887643 0.842916 0.857522 0.610811 0.765033 0.906925 -0.708047 -0.890062 0.825086 0.808248 0.809350 0.790773 0.843576 -0.918288 0.654368 0.786539 0.876964 0.847479 0.807683 0.887163 0.903358 0.896002 0.820242 0.872368 0.854155 -0.618674 0.798627 0.693668 0.880948 0.927520 0.776299 0.772132 -0.810013 0.837491 0.824977 0.840978 -0.917879 0.796995 -0.913853 0.867654 0.797209
DB04851,0.758853 -0.883433 -0.708196 0.839210 -0.794684 -0.930694 0.884687 0.802639 -0.748939 0.910581 0.660808 0.889841 0.939036 -0.808717 0.851619 0.836623 0.742581 -0.861062 0.901085 -0.882934 -0.830205 0.667355 0.833238 0.876664 0.816018 0.847247 0.565764 0.753472 0.885156 -0.689200 -0.879622 0.778236 0.797820 0.792294 0.752065 0.784521 -0.923573 0.641168 0.779426 0.868394 0.811876 0.827441 0.867384 0.891839 0.886850 0.816080 0.854006 0.821475 -0.612088 0.772374 0.692124 0.880958 0.901898 0.737659 0.768741 -0.784143 0.792966 0.831442 0.802688 -0.954291 0.790904 -0.892170 0.863954 0.780146
DB04855,-0.358810 -0.061627 -1.122876 -0.072732 -0.556000 -0.065498 -0.113310 -0.150377 -0.520923 0.029853 -0.138577 -0.059137 -0.092947 -0.274262 0.024266 -0.411927 0.169636 0.020776 0.165194 0.143347 -0.075983 0.245941 -0.279156 0.142862 -0.158142 -0.040956 -0.678420 0.169959 -0.080894 -0.245397 0.006252 -0.463672 -0.327456 -0.198194 -0.461833 -0.656183 -0.123241 0.262063 0.026140 0.042480 0.151244 0.267641 0.026214 0.255464 0.138169 0.087621 -0.378017 -0.316819 0.371667 0.049715 0.284857 0.130469 0.010103 -0.427323 0.179227 -0.568457 -0.663850 0.192788 -0.299456 -0.087070 0.097842 0.087448 0.062766 -0.312319
DB04861,0.444274 0.354168 0.788286 0.362408 0.545226 0.239591 0.120425 0.185694 0.610988 -0.099765 0.637455 -0.009811 -0.421040 0.409826 -0.698171 0.188044 0.212852 0.192793 0.086366 0.697327 0.030241 1.232208 -1.113097 0.104815 0.207451 0.079069 0.630907 0.425885 -0.222123 -0.222033 0.256509 0.378748 0.038556 0.157690 0.333037 0.221342 0.489857 0.821614 0.281408 0.027077 0.027114 -0.722649 0.283698 -0.035910 -0.058652 0.183963 0.014735 0.193340 1.245968 0.175621 0.423628 -0.499213 0.008150 0.241027 0.169608 0.198610 0.406876 -0.284250 0.350110 0.452306 0.396272 0.448374 -0.122367 0.170297
DB04864,0.794574 -0.840292 -0.565593 0.823878 -0.629061 -0.850040 0.739179 0.759582 -0.799612 0.787561 0.666735 0.802588 0.777648 -0.626011 0.455408 0.809643 0.760474 -0.723420 0.746771 -0.578640 -0.703150 0.411634 0.723349 0.793192 0.766884 0.777379 0.493690 0.625029 0.738338 -0.694564 -0.690136 0.756490 0.771812 0.819326 0.573256 0.779495 -0.771635 0.588074 0.765085 0.782161 0.627860 0.772900 0.823142 0.727748 0.788781 0.767396 0.713930 0.757171 -0.460911 0.738630 0.745514 0.677635 0.690144 0.790712 0.726085 -0.559539 0.744341 0.784649 0.786162 -0.647682 0.809208 -0.741841 0.752677 0.821207
DB04868,-0.397159 -0.059152 -1.489345 -0.317025 -1.076367 -0.218299 -0.269578 -0.170666 -0.959555 0.145766 -0.212577 -0.107457 0.145394 -0.660135 0.703057 -0.569655 0.280070 -0.201144 0.177655 0.058720 -0.165924 -0.449798 0.139151 0.133421 -0.182475 0.051834 -0.832886 0.282873 0.068648 -0.617827 -0.073251 -0.608746 -0.278969 -0.099643 -0.787289 -1.094315 -0.344528 0.163272 -0.033066 0.138215 0.390215 0.447805 -0.097144 0.387569 0.263219 0.138977 -0.257756 -0.329966 0.219885 -0.062839 0.214308 0.439945 0.303299 -0.491176 0.194236 -0.703021 -0.711287 0.393067 -0.453379 -0.254749 0.067159 -0.240715 0.260420 -0.338129
DB04872,-0.498686 -0.023374 1.079078 -0.773037 2.017182 0.793519 0.218950 -0.207236 0.405415 -0.547532 -0.295539 -0.315358 -0.133391 -0.071136 0.019293 -0.040888 -0.640114 1.053233 -0.496852 0.399067 0.158506 -0.480964 -0.008084 -0.328463 -0.171338 -0.416240 -0.415736 -0.418624 0.010076 1.455514 -0.189169 -0.377854 0.002199 -0.521947 0.878162 0.113481 0.311229 0.116429 -0.411390 -0.485226 0.233264 0.311386 -0.751806 -0.442517 -0.571146 -0.723519 -0.510001 -0.287398 0.738343 -0.204921 -1.222685 0.007387 -0.724358 -0.322742 -1.415820 1.212179 -0.313325 -0.568135 -0.469176 0.833312 -0.806973 0.144758 -0.334997 -1.420049
DB04876,0.293310 0.498297 1.724141 0.597875 1.171169 0.494429 -0.548838 0.606817 1.243415 0.003079 1.178515 -0.085331 -0.445517 0.189755 -0.637213 0.189746 0.466991 0.684132 -0.321356 1.176097 -0.186891 0.195816 -1.828867 0.282623 0.305463 0.264735 0.324454 0.629561 -0.417558 -0.247894 0.176995 0.581196 0.414094 0.502036 -0.731761 0.162271 0.490914 0.322153 0.503303 0.011212 -0.679026 -0.513548 0.415330 -0.311043 0.075082 0.452012 0.092467 0.432915 1.817918 -0.104440 0.809835 -0.285580 -0.309034 0.724072 0.638417 -0.896447 -0.215176 0.099818 0.436472 0.680863 0.600080 0.147911 0.089001 0.040470
DB04878,0.436764 -0.105251 1.122808 0.638235 0.845791 0.028700 -0.251636 0.741801 0.768138 0.425666 1.234229 0.278869 0.098553 -0.350341 0.529056 0.367013 0.605835 0.354347 -0.098355 0.560906 -0.580075 -0.366399 -0.825767 0.589753 0.518798 0.561655 0.444539 0.766772 0.189337 -0.428690 -0.339403 0.671646 0.642702 0.629453 -0.645797 0.227827 -0.055854 0.040353 0.563588 0.283501 -0.184435 0.418513 0.509539 0.054325 0.421546 0.604787 0.426804 0.560278 1.276548 0.023343 0.746470 0.350105 0.083887 0.773727 0.792648 -1.606333 -0.097571 0.645432 0.517699 0.102138 0.631369 -0.478837 0.545853 0.132826
DB04879,0.832328 -0.865363 -0.655452 0.861597 -0.708265 -0.912012 0.914932 0.821165 -0.680031 0.903511 0.720902 0.900000 0.926883 -0.777279 0.821642 0.868301 0.744896 -0.850082 0.899603 -0.878944 -0.824050 0.751310 0.804982 0.876023 0.835933 0.846975 0.610447 0.767690 0.885937 -0.701852 -0.869287 0.824711 0.797313 0.805652 0.793308 0.849464 -0.892663 0.675681 0.783823 0.868235 0.830638 0.759151 0.885794 0.891717 0.883716 0.813545 0.860452 0.848104 -0.592540 0.794414 0.697490 0.851160 0.918679 0.777513 0.763398 -0.794313 0.839828 0.800394 0.841822 -0.893358 0.796185 -0.886394 0.849288 0.795189
DB04880,0.827712 -0.887599 -0.694138 0.861019 -0.732783 -0.934244 0.920795 0.826757 -0.701911 0.917970 0.719392 0.912494 0.944687 -0.794896 0.864060 0.872765 0.748119 -0.864817 0.906199 -0.910560 -0.837683 0.722135 0.839970 0.886336 0.842532 0.856375 0.616679 0.765120 0.906295 -0.711109 -0.890287 0.827998 0.804702 0.809385 0.796989 0.848225 -0.915628 0.658550 0.783749 0.875973 0.848073 0.798751 0.887643 0.900947 0.894663 0.819752 0.872945 0.853779 -0.620291 0.797505 0.693932 0.874546 0.924846 0.777752 0.768701 -0.814621 0.837972 0.819333 0.844050 -0.921337 0.793756 -0.909712 0.865845 0.794684
DB04881,0.751347 -0.820245 -0.616536 0.837216 -0.775593 -0.868071 0.854013 0.793193 -0.727110 0.871086 0.669382 0.842685 0.885235 -0.777474 0.745897 0.812330 0.731833 -0.827815 0.890463 -0.830513 -0.783926 0.721422 0.720851 0.850008 0.804015 0.821826 0.530687 0.734154 0.822600 -0.677161 -0.832577 0.752049 0.776517 0.794362 0.752799 0.772512 -0.868239 0.683238 0.780380 0.844813 0.754865 0.712185 0.860201 0.856594 0.851571 0.806483 0.816571 0.822252 -0.562121 0.767552 0.701978 0.804551 0.883241 0.749541 0.752157 -0.744512 0.792212 0.769312 0.787926 -0.914613 0.787946 -0.810075 0.817010 0.787672
DB04886,0.816696 -0.865391 -0.643432 0.860613 -0.729303 -0.906916 0.914216 0.823507 -0.659125 0.901285 0.711636 0.896451 0.918253 -0.783095 0.813601 0.862899 0.747664 -0.848755 0.889387 -0.875554 -0.822750 0.720891 0.794407 0.873919 0.832918 0.845150 0.594070 0.757774 0.880451 -0.695459 -0.867779 0.819413 0.798015 0.807188 0.786115 0.836602 -0.894924 0.656104 0.782500 0.862592 0.816438 0.771174 0.883115 0.882916 0.880874 0.815018 0.856769 0.847360 -0.592168 0.791161 0.699661 0.853803 0.898176 0.779993 0.768631 -0.795839 0.827994 0.801401 0.839701 -0.894966 0.794953 -0.889095 0.848757 0.792544
DB04888,0.406487 -0.617086 -0.198944 0.463561 -0.040584 -0.446930 0.631327 0.563707 -0.448350 0.450130 0.365472 0.549767 0.597334 -0.535954 0.314649 0.604294 0.444556 -0.321396 0.518950 -0.411555 -0.525009 0.238225 0.550308 0.523365 0.549550 0.493481 0.082786 0.352058 0.559957 -0.141413 -0.605858 0.406113 0.583737 0.511575 0.664672 0.575333 -0.506379 0.512756 0.531659 0.506671 0.531021 0.650819 0.447061 0.484447 0.485503 0.467599 0.408590 0.554376 -0.033779 0.571032 0.276059 0.555375 0.337979 0.560548 0.246111 -0.125651 0.389406 0.456654 0.487107 -0.306386 0.437987 -0.540218 0.494308 0.327435
DB04889,0.714925 -0.648051 -0.487261 0.755920 -0.403973 -0.695472 0.777420 0.615749 -0.537049 0.723946 0.588674 0.746081 0.707858 -0.525671 0.484545 0.724047 0.603381 -0.776631 0.726520 -0.603184 -0.784611 0.765373 0.447379 0.722886 0.707606 0.696595 0.550452 0.616569 0.633316 -0.530555 -0.660440 0.666316 0.657281 0.631252 0.803207 0.691022 -0.751780 0.700909 0.704233 0.691208 0.634594 0.584499 0.740307 0.747150 0.701440 0.667884 0.680850 0.670003 -0.675029 0.702357 0.685204 0.649421 0.706228 0.649248 0.707933 -0.571993 0.774190 0.688506 0.734937 -0.601859 0.653103 -0.618832 0.688244 0.664247
DB04892,0.829591 -0.799944 -0.548773 0.793019 -0.730356 -0.933826 0.703501 0.726543 -0.819878 0.793696 0.778610 0.779089 0.757270 -0.570678 0.616388 0.805098 0.745433 -0.688729 0.704711 -0.634004 -0.668746 0.502624 0.688526 0.811085 0.766234 0.789914 0.738427 0.628789 0.737081 -0.719942 -0.693845 0.798871 0.743247 0.804186 0.611739 0.792401 -0.792142 0.615740 0.733363 0.778017 0.723995 0.720024 0.812623 0.709096 0.766092 0.713956 0.715696 0.743098 -0.439665 0.707030 0.723559 0.610318 0.735563 0.763219 0.683308 -0.561385 0.833767 0.741743 0.766281 -0.638054 0.769782 -0.720003 0.769723 0.732008
DB04896,-0.512364 0.380593 0.060341 -0.652817 0.279992 0.640637 -0.209146 -0.575859 0.002877 -0.420576 -0.449927 -0.412069 -0.307799 0.530169 -0.199978 -0.454879 -0.656991 0.435174 -0.404639 0.125747 0.561637 -0.021782 -0.108821 -0.468368 -0.636365 -0.590227 -0.384068 -0.585495 -0.239168 0.529348 0.420445 -0.512930 -0.646023 -0.745360 0.135599 -0.285334 0.484841 -0.321557 -0.641709 -0.532183 -0.455256 -0.304750 -0.522247 -0.321821 -0.452522 -0.717672 -0.420552 -0.590366 -0.264568 -0.656879 -0.792550 -0.228570 -0.236329 -0.713202 -0.708786 -0.236802 -0.444861 -0.560560 -0.620713 0.074655 -0.544760 0.282966 -0.514902 -0.604409
DB04920,-1.691574 2.785028 1.444678 -2.623204 1.213302 2.370957 -1.738957 -2.984377 1.633683 -2.161523 -1.881765 -2.280771 -2.102015 3.297666 -1.395932 -2.260712 -3.226348 2.022611 -2.537412 1.624443 2.692902 0.230588 -2.466905 -2.603714 -2.577642 -2.696870 0.726872 -2.194352 -2.165998 1.527531 2.755362 -1.709008 -3.143485 -3.141877 0.428131 -1.729125 2.523904 -1.706457 -2.885827 -2.686155 -2.140090 -2.653561 -2.338582 -2.266833 -2.500605 -2.889333 -1.966006 -2.764426 0.581443 -3.173650 -2.852492 -2.793742 -1.857661 -3.057035 -2.345434 1.039590 -1.346357 -2.960532 -2.437197 1.280319 -2.743515 1.901080 -2.586640 -2.836900
DB04946,-2.278042 2.498073 2.524281 -2.445222 3.560163 3.575109 -2.560045 -2.203387 2.932741 -3.164392 -1.258975 -2.613841 -3.546204 3.102940 -3.238405 -2.564724 -2.067236 3.694615 -2.920254 3.969846 2.156764 -1.630433 -3.595814 -2.403372 -2.290464 -2.537077 -2.409440 -1.848543 -2.832281 2.811969 2.407162 -2.526492 -2.495775 -2.720342 -2.589733 -2.880582 3.417475 -0.654887 -1.988019 -2.886955 -1.696258 -1.482312 -2.597426 -2.621006 -2.902892 -2.423938 -3.241121 -2.721155 5.448509 -1.587634 -1.918879 -2.774716 -3.611985 -2.288420 -2.581603 3.103847 -3.136647 -2.338898 -2.444186 4.001827 -2.099727 3.489801 -2.624634 -3.372817
DB04948,-0.186944 -0.029172 0.264240 -0.447871 0.719220 0.238101 0.021278 -0.331971 0.572027 -0.179618 -0.119680 -0.081197 -0.107705 0.348838 0.567156 -0.022175 -0.641208 0.408375 -0.490969 -0.308004 0.106764 -0.265359 0.314315 -0.258851 -0.216336 -0.268643 0.643351 -0.519809 0.168391 0.857084 -0.085231 -0.009735 -0.192600 -0.514657 0.241714 0.119506 0.036573 -0.551284 -0.473547 -0.422409 -0.004882 0.294244 -0.419151 -0.281041 -0.362676 -0.609160 0.049508 -0.253100 -0.281121 -0.313741 -0.766709 -0.082520 -0.167438 -0.337203 -0.624118 0.348783 0.087479 -0.160764 -0.214912 -0.258005 -0.521227 -0.021303 -0.226791 -0.471735
DB04951,-0.767486 0.831989 0.672989 -0.538780 0.852397 0.592365 -0.936888 -0.838158 -0.043448 -0.711008 -0.950015 -0.608130 -0.923803 -0.175199 -0.839881 -0.742477 -0.378988 0.447371 -0.585247 1.336447 -0.176538 -0.458761 -1.053112 -0.921426 -0.515888 -0.593600 -0.633985 -0.017823 -1.214171 -0.018017 0.960978 -0.685253 -0.644691 -0.537701 -1.277440 -1.043118 0.605740 -0.262048 -0.196988 -0.548702 -0.353614 -0.951153 -0.583415 -0.564223 -0.734804 -0.401065 -0.729117 -0.807361 0.572174 -0.234696 0.268272 -0.796257 -1.075490 -0.580625 0.104347 1.008921 -0.042766 -0.245424 -0.438234 1.636859 -0.742376 0.696495 -0.508464 -0.800449
DB04953,-1.963682 3.176700 5.595667 -3.207893 5.304807 3.874442 -2.111993 -3.052978 4.657594 -3.517598 -2.455605 -3.230726 -2.940350 4.849044 -3.353964 -2.196709 -4.119169 3.776887 -3.397297 2.537604 3.299274 -0.597153 -3.004190 -3.480943 -3.141588 -3.523212 -1.278742 -3.397000 -3.016086 4.517275 2.986571 -2.178236 -3.012756 -3.539354 -0.108206 -1.067557 3.417274 -1.754872 -3.302918 -3.650322 -2.816543 -3.845177 -3.388618 -3.428891 -3.727182 -3.906602 -2.696415 -2.974380 2.368237 -3.430050 -4.237882 -3.748069 -3.189965 -2.826410 -4.730155 3.876377 -1.906971 -4.293676 -2.926348 3.439761 -3.776198 3.466330 -3.846898 -3.693647
DB04960,0.813383 -0.882452 -0.604480 0.836143 -0.674035 -0.899757 0.893091 0.807013 -0.594944 0.880207 0.704298 0.881278 0.907682 -0.725212 0.814894 0.837386 0.744071 -0.849401 0.885402 -0.846697 -0.812482 0.726605 0.810749 0.868082 0.821307 0.828526 0.598646 0.766515 0.867985 -0.685086 -0.885606 0.799416 0.804688 0.791198 0.705493 0.812518 -0.860617 0.674128 0.756166 0.848921 0.831263 0.752958 0.858885 0.885100 0.867557 0.791379 0.841574 0.832057 -0.526451 0.793578 0.684670 0.853290 0.918104 0.760194 0.754989 -0.792138 0.831257 0.808381 0.807089 -0.889700 0.792744 -0.825349 0.843485 0.800844
DB05022,0.820196 -0.890896 -0.692677 0.859146 -0.718575 -0.931468 0.912201 0.826339 -0.701013 0.917813 0.712205 0.911429 0.942407 -0.792815 0.870458 0.868217 0.749858 -0.865828 0.905788 -0.902591 -0.838939 0.712027 0.854249 0.886517 0.841735 0.855794 0.603329 0.765764 0.905558 -0.708882 -0.890248 0.822479 0.808658 0.809930 0.781623 0.839775 -0.912796 0.654447 0.783822 0.874458 0.845351 0.814195 0.885292 0.902586 0.894894 0.819948 0.872560 0.854399 -0.605102 0.801629 0.691845 0.883991 0.923478 0.777255 0.771673 -0.807780 0.835620 0.825983 0.839129 -0.914300 0.797015 -0.905640 0.865993 0.800431
DB05039,0.516721 -0.607365 -0.507663 0.576747 -0.541720 -0.565157 0.480914 0.540156 -0.163729 0.570121 0.610870 0.544060 0.453684 -0.489292 0.528205 0.479520 0.574289 -0.404272 0.545673 -0.452461 -0.529382 0.396118 0.430717 0.603414 0.542223 0.572233 0.342245 0.543436 0.535937 -0.454168 -0.600672 0.454906 0.519956 0.474485 0.092711 0.326998 -0.551415 0.389893 0.587389 0.557398 0.549599 0.603408 0.574754 0.561311 0.555994 0.650526 0.496890 0.528839 0.029062 0.618367 0.603053 0.449251 0.489658 0.533818 0.596932 -0.456932 0.339530 0.659212 0.515585 -0.535856 0.583588 -0.483820 0.560373 0.518196
DB05095,-1.023743 2.324275 1.630050 -3.024222 0.607385 1.974289 -2.081952 -2.500616 4.260368 -2.172697 -0.800970 -2.246112 -2.674175 2.950323 -0.264782 -1.758219 -2.105425 1.215413 -2.983489 1.750018 2.662575 -0.702692 -0.566174 -2.391402 -2.203741 -2.283968 1.791620 -2.362547 -1.386846 2.756974 2.183535 -0.623728 -1.674140 -1.841329 -1.837210 -0.993719 2.713575 -3.544134 -3.354957 -2.620869 -2.014488 -2.105571 -2.387090 -3.085793 -2.167536 -2.491248 -0.799125 -2.063674 -0.601086 -2.587738 -2.290774 -2.269033 -1.829397 -2.289806 -2.124043 3.340036 -0.738828 -1.977081 -1.577479 1.570845 -2.515143 2.127672 -2.277206 -1.016488
DB05107,0.797483 -0.835363 -0.579550 0.833943 -0.575611 -0.867620 0.873255 0.816956 -0.636058 0.866058 0.729600 0.852078 0.858167 -0.752301 0.787108 0.826875 0.732651 -0.812465 0.827678 -0.760918 -0.800090 0.607847 0.804961 0.861012 0.810957 0.820045 0.626735 0.777993 0.821608 -0.708718 -0.823853 0.817727 0.801905 0.799172 0.650726 0.792866 -0.838045 0.592135 0.783892 0.820329 0.731477 0.794520 0.858612 0.833301 0.847858 0.802972 0.825961 0.835475 -0.450864 0.788961 0.713861 0.833534 0.856992 0.788359 0.764672 -0.698614 0.775534 0.792459 0.813972 -0.764754 0.795971 -0.875421 0.827328 0.746070
DB05137,0.836533 -0.862357 -0.659708 0.856577 -0.669347 -0.904051 0.902861 0.819457 -0.706210 0.889865 0.733823 0.890257 0.917243 -0.774812 0.781233 0.861468 0.757619 -0.867961 0.884016 -0.843102 -0.808417 0.741732 0.778102 0.867642 0.831055 0.842387 0.627748 0.760045 0.884228 -0.729689 -0.848226 0.817241 0.794764 0.798737 0.792518 0.836923 -0.866831 0.675146 0.772541 0.858647 0.813476 0.755821 0.874295 0.876021 0.872421 0.813055 0.844714 0.836237 -0.561064 0.777994 0.697835 0.822347 0.883866 0.777338 0.756849 -0.794501 0.834448 0.794322 0.837756 -0.860403 0.802317 -0.868788 0.843992 0.806087
DB05154,-0.728932 0.891244 -0.775338 0.043030 -1.095484 0.676147 -0.790328 -0.221819 0.165045 -0.667143 -0.365391 -0.896565 -0.638829 -0.288031 -1.968953 -1.061645 0.201352 0.303277 0.174894 1.196612 0.500092 0.676041 -1.794655 -0.162245 -0.484330 -0.322457 -2.483326 0.215929 -1.081884 -0.483425 0.881376 -1.314737 -0.732971 -0.001130 -0.728922 -1.462122 0.435602 0.819178 -0.028487 -0.177024 -0.709997 -1.176598 -0.102298 -0.031591 -0.206805 0.156835 -1.330426 -0.530662 0.875234 0.105289 0.555138 -0.682535 -0.714732 -0.508737 0.133330 -0.004414 -1.465469 -0.511612 -0.766957 0.578452 0.184942 1.225325 -0.457972 0.002953
DB05239,0.222322 -0.560858 -1.006569 0.524289 -0.888368 -0.610030 0.441858 0.468100 -0.726146 0.558738 0.254695 0.461184 0.605100 -0.744654 0.439091 0.258943 0.586113 -0.611916 0.704428 -0.469941 -0.538005 0.452615 0.430108 0.638273 0.431659 0.530893 -0.259647 0.558347 0.481567 -0.649618 -0.520869 0.158671 0.339711 0.500491 0.319350 0.086505 -0.653494 0.542311 0.501734 0.596433 0.514879 0.549404 0.551962 0.710140 0.645014 0.618835 0.272059 0.391139 -0.304271 0.551703 0.578385 0.619950 0.589422 0.276923 0.577316 -0.766669 0.077363 0.593037 0.298573 -0.652672 0.573976 -0.498183 0.589384 0.448498
DB05266,0.545876 0.166131 0.415020 0.127833 0.046492 -0.128080 -0.336376 0.277876 -0.046473 0.172144 0.712845 0.134754 -0.225790 0.133253 -0.147962 0.077987 0.511106 -0.568325 -0.141813 0.248065 -0.035925 -1.454556 -0.176007 -0.158242 0.356702 0.323887 0.750651 0.190917 0.244470 -0.945162 -0.015798 0.494154 0.372493 0.551646 -0.758359 -0.183338 0.377936 -0.018183 0.246300 0.269191 0.132445 -0.347660 0.045262 -0.202477 0.144852 0.330678 0.349680 0.388476 -1.426682 0.438566 0.383825 0.087315 0.312017 0.581684 0.509610 0.187600 0.363539 0.178430 0.505405 -0.035566 0.392160 0.178280 0.197013 0.610767
DB05271,0.249813 -0.582725 -0.209971 0.173199 -0.045178 -0.251073 0.498655 0.278178 -0.260318 0.362997 0.334313 0.429629 0.385146 -0.469469 0.696372 0.361466 0.261384 -0.189627 0.249537 -0.327839 -0.448614 -0.144452 0.636423 0.370208 0.392680 0.343878 0.330458 0.202374 0.602485 0.017159 -0.586704 0.267098 0.398891 0.241876 0.406963 0.283472 -0.361828 0.157830 0.284885 0.289769 0.655870 0.862529 0.183628 0.303614 0.306383 0.234844 0.303877 0.310341 -0.089149 0.404029 0.054469 0.463004 0.240218 0.261699 0.078193 -0.186415 0.287088 0.449041 0.277046 -0.447609 0.209286 -0.419559 0.445903 -0.042006
DB05316,0.128679 -0.048378 -0.274112 0.556968 -0.323584 -0.240841 0.053187 0.390529 0.058020 0.148221 0.273753 0.093964 0.068595 -0.261883 -0.160694 0.092227 0.430644 -0.231146 0.516748 0.070600 -0.255531 0.822467 -0.356482 0.384260 0.301622 0.303929 -0.344959 0.471525 -0.051136 -0.406118 -0.127869 0.005878 0.148476 0.375628 0.013445 -0.067592 -0.135492 0.702164 0.494710 0.377457 0.196778 -0.314869 0.409619 0.379975 0.277627 0.427160 -0.058916 0.330331 0.476051 0.532307 0.617346 0.024781 0.228162 0.317497 0.437467 -0.423836 -0.068541 0.117201 0.195889 -0.062918 0.510097 0.068991 0.213873 0.340842
DB05424,0.821605 -0.894945 -0.691361 0.859450 -0.720056 -0.934235 0.916531 0.825966 -0.706348 0.920829 0.715401 0.913810 0.947602 -0.793620 0.877651 0.869531 0.751422 -0.867309 0.906041 -0.907954 -0.843010 0.711621 0.856586 0.889046 0.843773 0.858311 0.610797 0.766989 0.910091 -0.710243 -0.893236 0.824954 0.809986 0.808865 0.789819 0.841789 -0.919998 0.655096 0.785663 0.877182 0.849922 0.818396 0.886589 0.904563 0.896786 0.820586 0.874139 0.854710 -0.609659 0.800021 0.692419 0.884735 0.929357 0.774739 0.772626 -0.811754 0.836267 0.828274 0.840227 -0.919845 0.796060 -0.913196 0.869596 0.798558
DB05465,0.595727 -0.527342 0.172140 0.613949 0.688813 -0.550645 0.123946 0.683355 0.753663 0.464097 0.609352 0.562419 0.321175 0.148280 0.496565 0.573216 0.475948 -0.071912 0.379515 -0.222313 -0.799470 0.480487 0.222393 0.508043 0.526338 0.506677 0.161238 0.454623 0.388741 -0.067948 -0.639128 0.752111 0.605965 0.310741 -0.241631 0.434622 -0.624740 0.465911 0.583205 0.409475 0.613778 0.428624 0.569113 0.498722 0.409871 0.517855 0.576694 0.472252 0.450320 0.650875 0.573120 0.424200 0.420712 0.640980 0.379529 -0.286114 0.366401 0.547797 0.556319 -0.121674 0.418416 -0.261311 0.431878 0.259811
DB05521,-3.290733 1.268499 -3.410766 -1.452418 -2.381103 0.956385 -1.903626 -1.513279 -1.789977 -1.324585 -2.471344 -1.982389 -1.317190 -0.494301 -1.330153 -3.147273 -0.452202 1.174083 -0.464624 1.538036 1.250881 -0.895585 -1.701999 -0.695984 -1.798406 -1.299187 -4.372349 -0.632740 -1.730973 -0.316519 1.393016 -3.643523 -2.177759 -1.330583 -2.169043 -4.092966 0.758692 -0.172355 -1.231712 -0.951469 -1.046693 -0.485678 -1.409963 -0.265750 -0.717547 -0.668489 -2.959845 -2.056484 1.018333 -0.997057 -0.205551 -0.545982 -1.167160 -2.426077 -0.596830 -1.175936 -4.192017 -0.723148 -2.783056 0.447730 -0.700360 1.444489 -0.952830 -1.485344
DB05708,0.672510 -0.481987 -0.244956 0.611919 -0.295238 -0.569855 0.706198 0.548834 -0.281437 0.662127 0.562083 0.636215 0.691910 -0.548229 0.390037 0.637246 0.553591 -0.531390 0.593217 -0.392036 -0.742777 0.836666 -0.016662 0.670258 0.660607 0.646432 0.722836 0.578413 0.535106 -0.476201 -0.547162 0.624828 0.626950 0.494756 0.850958 0.797477 -0.759320 0.834640 0.666886 0.624234 0.580532 0.253064 0.633423 0.677488 0.605822 0.581892 0.639900 0.616428 -0.772242 0.682401 0.712337 0.465092 0.530825 0.675731 0.676762 -0.422327 0.822671 0.680764 0.689739 -0.366478 0.589362 -0.641820 0.622387 0.735159
DB05812,0.623146 -0.755734 -0.736239 0.720998 -0.639964 -0.811137 0.754223 0.654313 -0.744181 0.780298 0.529425 0.761031 0.797709 -0.734373 0.741420 0.663954 0.658620 -0.795444 0.788050 -0.710332 -0.792040 0.654490 0.638100 0.759836 0.700963 0.713146 0.425209 0.653313 0.743788 -0.664297 -0.727331 0.587595 0.626901 0.649409 0.717205 0.605485 -0.813144 0.603800 0.680212 0.747585 0.744418 0.743585 0.741464 0.803015 0.766480 0.707760 0.671480 0.664127 -0.577525 0.687937 0.646744 0.740672 0.730497 0.611601 0.714936 -0.764865 0.654304 0.747093 0.659745 -0.740755 0.641811 -0.758571 0.757658 0.621446
DB06016,0.288090 -0.652853 -0.410456 0.241178 -0.010328 -0.278361 0.610572 0.394903 -0.195051 0.435185 0.364987 0.473345 0.512676 -0.519439 0.699994 0.416051 0.326352 -0.181897 0.362348 -0.422128 -0.462574 0.042582 0.642969 0.457262 0.455534 0.416988 0.196622 0.314093 0.631918 -0.064107 -0.642955 0.308594 0.491383 0.300406 0.416970 0.396922 -0.504706 0.261219 0.332038 0.382914 0.701412 0.836867 0.292558 0.435387 0.409458 0.332267 0.362317 0.405218 -0.174081 0.431641 0.125641 0.557177 0.327993 0.343045 0.169021 -0.203466 0.281304 0.497776 0.329867 -0.469126 0.282809 -0.567888 0.485828 0.156982
DB06144,-1.045989 0.807967 1.873515 -1.158985 2.593143 1.567175 -0.383000 -0.998842 0.675673 -1.297970 -0.565063 -1.055966 -1.180186 1.398189 -0.941345 -0.813738 -1.215834 1.589255 -1.060310 1.783491 0.661699 -0.421090 -1.016979 -0.998643 -0.827538 -1.109517 -0.942480 -0.826847 -0.919951 1.893032 0.844062 -1.175958 -0.928957 -1.134865 0.604615 -0.988753 1.412130 0.262972 -0.890333 -1.203653 -0.391568 -0.484638 -1.264838 -0.980019 -1.261884 -1.351207 -1.438769 -1.061798 1.494580 -0.600073 -1.391639 -0.892743 -1.252966 -1.030628 -1.748364 2.056454 -0.931341 -1.255851 -1.150016 1.461628 -1.184983 1.305986 -1.046423 -2.046763
DB06147,0.819737 -0.883740 -0.682237 0.860758 -0.723657 -0.930419 0.917075 0.826315 -0.692215 0.917093 0.720738 0.908948 0.937101 -0.792184 0.876464 0.869301 0.745846 -0.855263 0.900927 -0.904403 -0.835717 0.715794 0.837291 0.885737 0.840877 0.855046 0.625122 0.767143 0.901898 -0.702395 -0.889130 0.828509 0.806540 0.808541 0.787227 0.841767 -0.908676 0.651021 0.784408 0.872489 0.846339 0.799180 0.884306 0.895443 0.892759 0.817081 0.871181 0.854628 -0.600666 0.795604 0.692739 0.875743 0.920846 0.778247 0.769112 -0.809289 0.836920 0.817598 0.840719 -0.914634 0.794293 -0.910438 0.864810 0.786293
DB06151,0.793579 -0.870491 -0.698123 0.848605 -0.763814 -0.903218 0.900120 0.817120 -0.734788 0.906073 0.704593 0.898963 0.938307 -0.797188 0.810184 0.854802 0.748168 -0.874306 0.901979 -0.906489 -0.814044 0.699793 0.798311 0.875992 0.826900 0.847501 0.581486 0.756586 0.887869 -0.711735 -0.875268 0.794404 0.798263 0.791219 0.787789 0.825610 -0.913044 0.660896 0.780197 0.869393 0.813109 0.783749 0.877933 0.886383 0.883614 0.817034 0.861480 0.842528 -0.624094 0.774058 0.698991 0.866612 0.907800 0.766011 0.767869 -0.788036 0.825863 0.812456 0.828155 -0.934830 0.791459 -0.881660 0.857957 0.799367
DB06155,0.320267 -0.596050 -0.316909 0.211140 -0.036765 -0.385283 0.695532 0.368820 -0.457463 0.476924 0.371016 0.470421 0.580486 -0.519909 0.788010 0.439414 0.214908 -0.238856 0.406579 -0.520343 -0.456801 0.393676 0.594915 0.474003 0.428686 0.386641 0.320827 0.419501 0.620342 -0.021427 -0.608345 0.374089 0.394885 0.241902 0.878985 0.468600 -0.505077 0.443073 0.265726 0.376862 0.716151 0.677386 0.314016 0.510416 0.419971 0.244655 0.388436 0.361638 -0.363359 0.360553 0.011588 0.593100 0.524494 0.226440 0.054212 -0.259019 0.381185 0.366864 0.295966 -0.489644 0.223482 -0.604346 0.457974 0.020137
DB06203,0.009900 0.496221 0.588335 -0.017855 0.216334 0.378348 -0.243901 -0.192181 0.753818 -0.322198 0.055506 -0.259854 -0.368740 0.680398 -0.609552 -0.076596 -0.422991 0.380807 -0.265702 0.223134 0.380847 0.769988 -0.730504 -0.267178 -0.246448 -0.316848 0.078143 -0.112096 -0.437661 0.085884 0.467851 0.026740 -0.329514 -0.281119 -0.059246 0.167140 0.335777 -0.064030 -0.269420 -0.353778 -0.575266 -0.799717 -0.065044 -0.304184 -0.301519 -0.300141 -0.182580 -0.169293 0.269198 -0.346424 -0.238442 -0.564434 -0.123133 -0.139166 -0.174878 -0.185276 -0.111244 -0.502615 -0.093680 0.170753 -0.209976 0.297022 -0.443948 -0.069976
DB06204,0.410323 -0.717958 -0.278461 0.322261 -0.034601 -0.508703 0.668877 0.476063 -0.419426 0.521065 0.374871 0.560124 0.641881 -0.610311 0.783698 0.605383 0.338066 -0.198060 0.438846 -0.616759 -0.533261 0.187869 0.728864 0.540330 0.542032 0.498652 0.411220 0.360580 0.664297 0.032285 -0.695741 0.501913 0.585161 0.413418 0.856998 0.621940 -0.621497 0.378794 0.380823 0.473348 0.733023 0.787251 0.385277 0.451638 0.464442 0.310092 0.479248 0.485608 -0.392871 0.442149 0.117732 0.647960 0.469097 0.427638 0.103343 -0.191667 0.526909 0.477558 0.439015 -0.529522 0.296142 -0.651810 0.535027 0.136682
DB06207,0.181138 0.470129 0.263592 0.344235 -0.954637 0.306916 -0.105911 0.097607 0.276602 -0.186976 0.409878 -0.176387 -0.420644 0.099280 -1.449611 -0.140901 0.309501 0.111558 0.109394 0.584152 0.343246 0.762577 -1.248836 0.031079 0.022272 0.036782 -0.249865 0.199699 -0.397675 -0.533530 0.373511 -0.069939 -0.135050 0.126962 0.233714 -0.257651 0.384823 0.684298 0.333943 0.065321 -0.324128 -0.654175 0.235569 -0.058383 -0.057231 0.351128 -0.325352 0.011804 1.027366 0.254711 0.588954 -0.534510 -0.231611 0.064225 0.292284 0.313270 -0.253786 -0.227843 0.115588 0.169898 0.479430 0.739811 -0.192656 0.336248
DB06213,0.815816 -0.891413 -0.680936 0.858552 -0.722917 -0.933245 0.917532 0.824790 -0.704416 0.921210 0.709010 0.913846 0.945947 -0.798837 0.884098 0.870361 0.747962 -0.862833 0.903581 -0.906314 -0.837929 0.702190 0.857066 0.886823 0.841903 0.856841 0.619389 0.764300 0.904946 -0.708246 -0.893679 0.824843 0.808666 0.808727 0.792485 0.844017 -0.916578 0.651382 0.783905 0.874428 0.850290 0.813822 0.883118 0.902153 0.894508 0.814946 0.874057 0.852064 -0.630443 0.800063 0.693282 0.883855 0.921228 0.777800 0.772856 -0.807551 0.837174 0.829452 0.841536 -0.921059 0.793416 -0.918246 0.868791 0.795880
DB06216,0.215185 -0.457028 0.260697 0.139393 0.481425 -0.129258 0.343994 0.287392 0.290034 0.293124 0.413922 0.335353 0.267315 -0.244302 0.667881 0.308828 0.190599 0.068483 0.106312 -0.071503 -0.484180 0.064199 0.268318 0.350888 0.370794 0.302536 0.373840 0.235122 0.440143 0.100812 -0.486403 0.320570 0.406589 0.128067 0.319004 0.315348 -0.353127 0.223663 0.244285 0.198333 0.576595 0.659715 0.167527 0.281588 0.229409 0.180209 0.293951 0.299434 0.030462 0.357613 0.104451 0.354057 0.181837 0.288682 0.070907 -0.036912 0.254362 0.422235 0.256850 -0.166473 0.152868 -0.329607 0.343962 -0.006741
DB06218,-0.606971 0.372441 -0.450453 -0.275641 0.105093 0.089362 -0.657861 -0.343681 0.037455 -0.393841 -0.696396 -0.455717 -0.384496 -0.261820 -0.657765 -0.867095 -0.042720 0.144116 -0.019174 0.752518 0.172172 0.447858 -0.592499 -0.219897 -0.455597 -0.418752 -1.372305 0.284211 -0.689118 -0.458620 0.712829 -0.990693 -0.862932 -0.474976 -0.407586 -1.033898 0.280906 0.344452 -0.178155 -0.143994 -0.144457 -0.190420 -0.151005 0.032432 -0.188823 0.126525 -0.961031 -0.761892 0.632413 -0.121301 0.252959 -0.481113 -0.538535 -0.722005 0.154228 0.021555 -0.868064 -0.124517 -0.685571 0.702681 -0.354053 0.557333 -0.194438 -0.633154
DB06237,-4.013943 3.439473 -0.205781 -2.213311 -1.093262 2.271016 -3.058529 -2.339067 -1.143675 -2.944956 -3.214278 -3.150260 -3.236722 1.223837 -4.453859 -4.062440 -1.546444 3.037077 -1.736381 3.524276 2.762721 0.763677 -4.974421 -2.040137 -2.636043 -2.756571 -4.320330 -1.360709 -3.811232 0.554822 3.379210 -4.105543 -3.550981 -2.451219 -1.856695 -4.081374 3.151855 0.263640 -2.112099 -2.210465 -2.815296 -3.141551 -2.124579 -1.809748 -2.286815 -1.543706 -4.390855 -2.870577 2.857174 -2.011523 -0.527465 -2.974590 -2.709214 -2.844168 -1.335344 0.775226 -4.301213 -2.708535 -3.313320 3.181338 -1.511006 3.865736 -2.705793 -2.195925
DB06243,0.820804 -0.893981 -0.691417 0.859146 -0.721795 -0.933512 0.913381 0.826788 -0.702114 0.918293 0.713101 0.912369 0.943996 -0.794958 0.870898 0.868702 0.749796 -0.864708 0.905574 -0.903512 -0.839485 0.713925 0.857342 0.887073 0.841813 0.855990 0.605020 0.765974 0.906432 -0.708393 -0.891116 0.823715 0.808963 0.810719 0.782351 0.840896 -0.913808 0.654960 0.783843 0.874273 0.845153 0.816614 0.885710 0.903576 0.895242 0.819739 0.873105 0.853974 -0.603893 0.800748 0.691119 0.885840 0.923151 0.776499 0.771277 -0.810096 0.837051 0.826833 0.839562 -0.916208 0.797137 -0.905985 0.866808 0.800266
DB06268,0.403028 -0.578137 -0.633939 0.524982 -0.362720 -0.741334 0.365106 0.495629 -0.293600 0.583924 0.373875 0.606277 0.507337 -0.556347 0.623882 0.452423 0.480514 -0.447972 0.467650 -0.573903 -0.571099 0.289194 0.610221 0.558835 0.543786 0.525321 0.383112 0.504059 0.540752 -0.475174 -0.535565 0.486741 0.454714 0.409711 0.247305 0.411606 -0.579795 0.207643 0.502549 0.566953 0.637577 0.700265 0.541752 0.511633 0.515335 0.636787 0.470141 0.436820 -0.294197 0.579833 0.569788 0.442015 0.496947 0.434496 0.596548 -0.388886 0.482863 0.625406 0.509622 -0.609022 0.439106 -0.567673 0.605046 0.407168
DB06274,0.824921 -0.896375 -0.697594 0.860231 -0.731836 -0.940800 0.921277 0.828524 -0.709388 0.923048 0.716168 0.917704 0.948313 -0.799547 0.883682 0.874298 0.748692 -0.867902 0.908330 -0.918517 -0.842876 0.713728 0.856798 0.890035 0.845021 0.859348 0.618491 0.766843 0.914685 -0.714319 -0.898408 0.829591 0.808929 0.811015 0.796037 0.846950 -0.922077 0.650920 0.784982 0.878258 0.855342 0.818058 0.887981 0.905612 0.898541 0.818519 0.877068 0.856036 -0.619226 0.800191 0.690959 0.887236 0.930683 0.776443 0.771565 -0.818825 0.839434 0.827170 0.844328 -0.929530 0.794494 -0.917861 0.871184 0.794389
DB06287,-1.455139 1.518355 -0.767456 -1.126768 -0.824786 1.328148 -1.646444 -1.272512 -0.681282 -1.133408 -0.968941 -1.507612 -1.331072 0.145756 -1.192214 -1.977840 -0.131174 0.324080 -0.670077 2.006535 0.954108 -1.972481 -1.522627 -1.153238 -1.244202 -0.852499 -2.277473 -0.226109 -1.457650 -0.208180 1.395482 -1.893732 -1.243072 -0.630902 -2.958931 -2.985937 0.974268 -0.228483 -0.654518 -0.811250 -0.760883 -1.220457 -1.157467 -0.781907 -0.785880 -0.708558 -1.580953 -1.368315 1.204312 -0.871041 -0.012188 -0.652325 -0.969900 -1.533510 -0.156957 0.203782 -1.936130 -0.654588 -1.421305 1.311035 -0.537980 1.363167 -0.813438 -1.045498
DB06288,-0.648666 0.125483 1.907786 -0.855573 3.002711 0.913005 -0.615998 -0.238427 1.801355 -0.891777 -0.471341 -0.513787 -0.619118 0.850138 -0.539268 -0.247912 -0.713133 1.588738 -0.910973 1.196079 0.153172 -1.174148 -0.443050 -0.606593 -0.400136 -0.652842 -1.056127 -0.781489 -0.396395 1.677443 0.023102 -0.478184 -0.118527 -0.775165 -0.240845 -0.278783 0.538114 -0.136029 -0.454118 -0.809247 -0.050915 0.346060 -0.926479 -0.745202 -0.884928 -0.815639 -0.738699 -0.540404 1.883064 -0.162056 -1.099872 -0.377439 -1.205366 -0.292894 -1.517711 1.792159 -0.773713 -0.591150 -0.628043 1.563185 -0.900991 0.721251 -0.677966 -1.523206
DB06292,0.674174 -0.651472 -0.159920 0.776960 -0.290555 -0.683671 0.479024 0.782724 -0.388191 0.761765 0.798611 0.735730 0.660305 -0.694956 0.669056 0.689502 0.681093 -0.532336 0.542243 -0.494777 -0.728321 0.271097 0.330739 0.766416 0.745065 0.747369 0.528015 0.651860 0.691706 -0.594245 -0.720770 0.749580 0.733104 0.750695 0.387339 0.620724 -0.631003 0.342025 0.718615 0.679243 0.496893 0.753037 0.735441 0.603238 0.723037 0.752791 0.718762 0.743053 -0.213522 0.566759 0.700578 0.691416 0.666168 0.752745 0.794563 -0.980282 0.497433 0.797039 0.743833 -0.689055 0.738708 -0.726027 0.749781 0.593102
DB06335,0.194306 0.566173 0.771092 0.055520 0.155723 0.373258 -0.345600 -0.042635 0.745493 -0.398108 0.106127 -0.235419 -0.402196 0.475651 -1.243498 -0.001795 -0.174443 0.339900 -0.184549 0.245696 0.432581 0.824462 -0.720432 -0.261384 -0.275769 -0.295364 -0.377978 -0.089869 -0.519860 -0.002102 0.508391 0.038969 -0.281560 -0.097159 -0.334370 0.266012 0.400816 0.092680 -0.127814 -0.272140 -0.707373 -0.879542 0.055537 -0.258973 -0.252654 -0.163125 -0.218927 -0.190211 0.246304 -0.215839 0.020552 -0.485153 -0.297960 -0.043238 -0.070597 -0.208155 -0.085447 -0.386430 0.004574 0.288531 -0.049042 0.498896 -0.453349 0.216915
DB06401,0.820801 -0.892462 -0.692639 0.859372 -0.732962 -0.936983 0.917372 0.825932 -0.712007 0.920511 0.712970 0.913274 0.945418 -0.796861 0.882737 0.870170 0.750271 -0.868956 0.907130 -0.914158 -0.842714 0.711839 0.846754 0.889669 0.843953 0.858153 0.612604 0.765720 0.908490 -0.717801 -0.893792 0.823286 0.806624 0.807440 0.794781 0.843423 -0.920807 0.650583 0.785174 0.877675 0.854501 0.810640 0.886751 0.902170 0.896637 0.820333 0.872771 0.853716 -0.623565 0.796951 0.693470 0.878785 0.930397 0.775244 0.773044 -0.814921 0.835845 0.824583 0.840846 -0.925779 0.792308 -0.913615 0.870427 0.792772
DB06441,0.614966 -0.658569 -0.431293 0.577247 -0.085274 -0.625005 0.379722 0.663465 -0.482776 0.700216 0.663610 0.630773 0.582441 -0.464586 0.761339 0.538347 0.734636 -0.882540 0.606083 -0.521078 -0.626709 -0.725186 0.833247 0.497353 0.660531 0.705535 0.648987 0.637794 0.718826 -0.962390 -0.650947 0.644831 0.792391 0.802805 -0.185548 0.306416 -0.561665 0.353739 0.545554 0.699281 0.672409 0.604855 0.527824 0.532954 0.723683 0.700997 0.747421 0.738720 -1.404143 0.664845 0.561462 0.850917 0.725552 0.774191 0.723007 -0.458655 0.627371 0.697238 0.688184 -0.534918 0.631795 -0.648998 0.724015 0.869469
DB06480,0.054334 0.001727 -0.498670 0.192719 -0.574598 -0.231327 0.149522 0.013162 -0.104378 0.111359 0.046202 0.108225 0.239765 0.122963 -0.008691 0.195995 -0.120039 -0.263455 0.192893 -0.650589 0.115272 0.246253 0.297446 0.049741 -0.059486 0.037863 0.268007 -0.223765 0.124085 -0.032599 -0.071158 0.155339 -0.047211 -0.001585 0.276683 0.334879 -0.149537 -0.212050 0.028402 0.090534 -0.197819 -0.233985 0.129141 0.057039 0.055695 -0.039806 0.190686 0.090361 -0.672996 -0.118624 -0.113664 -0.029997 0.190121 -0.008610 0.009782 -0.341436 0.180420 -0.095158 0.072225 -0.509335 0.029182 -0.180153 -0.017620 0.265150
DB06554,-0.703418 -0.005355 2.127051 -0.977487 2.795058 1.194727 -0.040004 -0.308149 0.598059 -0.853630 -0.933866 -0.531217 -0.344191 0.026746 -0.031716 -0.296262 -0.727067 1.173364 -0.708470 1.072283 0.256725 -1.361038 -0.050910 -0.507125 -0.338229 -0.598957 -1.407828 -0.706540 -0.244431 1.359632 -0.015049 -0.801089 -0.040801 -0.565887 0.575364 -0.041302 0.485186 -0.154432 -0.483870 -0.666123 0.075069 0.210740 -1.067718 -0.696464 -0.799271 -0.920049 -0.835356 -0.471624 0.860014 -0.397015 -1.349884 -0.077360 -1.041918 -0.501979 -1.798290 1.429170 -0.660734 -0.630484 -0.749810 1.217309 -1.002944 0.609079 -0.459046 -1.696125
DB06589,-0.166832 -0.081119 -0.275623 0.251040 -0.497474 -0.209645 -0.209082 0.134407 -0.379488 0.053776 -0.140906 0.036806 0.041317 -0.728152 -0.213166 -0.140325 0.349649 -0.152157 0.306036 0.361630 -0.451763 -0.090221 -0.112983 0.135580 0.113466 0.184161 -1.021696 0.286532 -0.171111 -0.378668 -0.026212 -0.272357 0.081841 0.259372 -0.659843 -0.501631 -0.312193 0.256221 0.340924 0.190111 0.059739 0.150188 0.166093 0.291913 0.186295 0.340931 -0.153935 0.003307 0.382050 0.389111 0.542167 0.206378 -0.041629 0.072099 0.442529 0.027938 -0.306935 0.392458 -0.002991 0.194755 0.228823 0.043509 0.183030 0.164806
DB06594,-1.042208 0.339533 1.504457 -1.277634 2.575118 1.042716 -0.395230 -0.649364 0.749034 -1.008444 -1.193184 -0.688042 -0.539151 0.137513 -0.773119 -0.506768 -0.962171 1.682335 -1.095085 1.011005 0.237893 -0.751942 -0.893413 -0.753243 -0.565160 -0.870203 -1.007563 -0.922246 -0.758159 1.649566 0.376743 -0.920468 -0.413853 -0.994582 0.762980 -0.140528 0.411182 -0.029895 -0.656646 -0.894086 -0.309076 -0.136863 -1.157250 -0.870126 -1.075907 -0.980361 -1.013718 -0.839588 0.694104 -0.499294 -1.133625 -0.543792 -1.518297 -0.639888 -1.484597 1.947283 -0.553180 -0.665459 -0.823704 1.563023 -1.366319 0.670814 -0.693446 -1.781344
DB06605,-2.492732 1.696747 0.221253 -1.355459 1.298452 0.981727 -2.914000 -1.177742 -0.211806 -1.611822 -2.113859 -1.811870 -1.951032 0.572236 -1.844993 -2.398175 -0.612035 1.199008 -1.109671 2.112931 1.316713 -2.941450 -1.368693 -1.609639 -1.594209 -1.404902 -2.359376 -0.507574 -2.194208 -0.438097 1.903436 -2.251283 -1.426466 -1.036975 -3.866220 -3.135187 1.418436 -0.659765 -1.184829 -1.098071 -1.461362 -1.438191 -1.548850 -1.370962 -1.285172 -0.618184 -2.112283 -1.669593 -0.581525 -0.874006 -0.146867 -1.142084 -1.941371 -1.549214 -0.280460 1.574174 -2.146660 -1.146797 -1.709419 1.905934 -1.155527 1.893848 -1.174577 -0.894607
DB06616,-0.031825 -0.043826 -0.732569 0.193462 -1.054293 -0.158929 -0.084295 0.164142 -0.918913 0.159122 0.053535 0.008281 0.113563 -0.855952 -0.051771 -0.167827 0.509039 -0.340650 0.442287 0.141422 -0.208303 -0.301066 -0.068087 0.121481 0.135113 0.258126 -0.706454 0.396231 -0.023533 -0.633058 -0.037199 -0.204472 0.075416 0.418692 -0.667798 -0.531038 -0.178437 0.367045 0.347462 0.335730 0.236549 -0.076841 0.187187 0.304019 0.303155 0.389997 -0.032109 0.161643 0.242367 0.271736 0.513951 0.263568 0.226677 0.104391 0.487264 -0.192911 -0.160865 0.278333 0.038510 -0.037153 0.359825 -0.060985 0.248869 0.318394
DB06623,0.167281 -0.454900 -0.506441 0.326861 -0.692545 -0.520828 0.353281 0.171743 -0.261022 0.387298 -0.123449 0.392836 0.621657 -0.087023 0.724823 0.410688 0.020219 -0.436872 0.326980 -1.150781 -0.147212 -0.170130 0.955716 0.243993 0.151715 0.275855 0.429513 -0.228738 0.496541 -0.108963 -0.415458 0.312580 0.275399 0.194741 0.551043 0.520481 -0.471015 -0.480403 0.112624 0.295796 0.106941 0.324835 0.226854 0.228383 0.273849 0.101793 0.506556 0.309747 -1.222441 0.007645 -0.081255 0.470089 0.418248 0.218899 0.170713 -0.547805 0.361180 0.224665 0.253994 -0.982055 0.079737 -0.602301 0.293796 0.418982
DB06684,0.186892 -0.207267 -0.099349 0.106118 0.354004 0.070633 0.408843 0.126649 0.089856 0.085601 0.267648 0.147651 0.073852 -0.088012 -0.035163 0.176780 0.106564 0.093952 0.163334 0.101053 -0.202856 0.544224 -0.019087 0.168911 0.224245 0.115906 0.061164 0.230737 0.158292 0.165411 -0.191003 0.079252 0.172798 0.047113 0.432701 0.191842 0.006174 0.465734 0.166972 0.112041 0.347105 0.246832 0.144986 0.189379 0.093763 0.045039 0.026056 0.157511 0.506900 0.239866 0.032382 0.044720 0.117054 0.099419 -0.024698 0.152753 0.147272 0.056745 0.147511 0.131547 0.126568 -0.050074 0.104344 -0.070635
DB06691,0.323545 -0.636001 0.032340 0.406082 0.220601 -0.481995 0.451431 0.522591 -0.125305 0.416188 0.355681 0.499384 0.470610 -0.384672 0.654792 0.549615 0.353968 -0.149486 0.414849 -0.385751 -0.576472 0.060405 0.559376 0.485434 0.504019 0.457576 0.238111 0.294256 0.546354 -0.035637 -0.660867 0.471507 0.553129 0.395209 0.499468 0.472307 -0.510406 0.365125 0.456178 0.419029 0.619026 0.717551 0.358836 0.389879 0.393692 0.378003 0.418453 0.479349 0.042241 0.532451 0.208604 0.527587 0.253731 0.480603 0.121622 -0.112089 0.375044 0.435341 0.422229 -0.277384 0.310054 -0.475621 0.464286 0.091185
DB06694,0.837566 -0.469641 -0.102626 0.671965 -0.454789 -0.514755 0.713539 0.653248 -0.084578 0.617666 0.913958 0.634832 0.507002 -0.492540 0.490759 0.710200 0.594696 -0.478273 0.568718 -0.442732 -0.483791 0.904317 0.214916 0.661547 0.695227 0.652922 0.879258 0.740788 0.620304 -0.706906 -0.544109 0.785967 0.552543 0.587317 0.644704 0.744232 -0.371814 0.741301 0.635526 0.606941 0.644628 0.271058 0.733913 0.570040 0.621614 0.620157 0.663382 0.672442 0.061097 0.637574 0.614439 0.394633 0.667678 0.677665 0.591091 -0.569692 0.758282 0.527281 0.748324 -0.502723 0.678365 -0.572938 0.582391 0.624940
DB06695,-0.017696 -0.099020 -0.445304 -0.040658 -0.046214 -0.148315 -0.099784 -0.089348 -0.109519 0.164366 -0.045658 0.041454 0.162009 0.154873 0.371704 0.003461 -0.113621 -0.330945 0.027277 -0.494279 0.112171 -0.965357 0.670062 -0.142533 -0.095264 0.050795 0.420720 -0.223359 0.226858 -0.182064 -0.092312 0.089380 0.128708 0.045647 -0.336451 -0.113118 -0.137824 -0.483836 -0.183349 0.028003 -0.140050 0.146875 -0.121940 -0.051186 0.087229 -0.097191 0.315067 0.061287 -1.490664 -0.159111 -0.265464 0.314030 0.144467 0.017336 0.007357 -0.035791 0.090200 0.038844 0.001886 -0.513638 -0.105575 -0.222374 0.059700 0.340266
DB06700,-0.268803 2.412149 2.382116 -0.053283 1.083369 1.746222 -1.077681 -0.552368 1.946019 -1.694030 -0.103152 -1.500043 -1.924349 1.497210 -3.609697 -0.607920 -0.524469 1.612690 -0.500593 1.999816 1.571044 1.903729 -3.546975 -1.093472 -0.953763 -1.112013 -0.523342 -0.538040 -2.117099 0.576623 1.762222 -0.668783 -1.165235 -0.576401 -0.571714 -0.141101 2.220397 0.980309 -0.183978 -0.843116 -1.852030 -4.435569 -0.452790 -1.389050 -1.349966 -0.693492 -1.400115 -0.587433 2.499831 -0.447695 0.003555 -2.511285 -1.495146 -0.212017 -0.903717 1.185304 -0.263937 -2.323357 -0.465949 1.976502 -0.225855 2.424656 -1.689116 -0.374939
DB06701,0.553478 -0.615682 -0.162070 0.369790 0.063919 -0.331828 0.699906 0.489065 -0.046260 0.475018 0.570056 0.553650 0.509018 -0.486841 0.580709 0.574800 0.393716 -0.222879 0.412246 -0.396321 -0.495764 0.328328 0.504311 0.504344 0.546515 0.482437 0.448608 0.431102 0.642742 -0.105746 -0.628030 0.481887 0.547682 0.393474 0.547117 0.599014 -0.484471 0.377499 0.450717 0.443792 0.679719 0.669162 0.424488 0.460350 0.449266 0.421474 0.494540 0.507930 -0.090613 0.500932 0.227411 0.508072 0.405167 0.482423 0.218848 -0.198687 0.486615 0.487209 0.500274 -0.394058 0.357006 -0.545884 0.493848 0.259444
DB06709,0.825318 -0.853365 -0.634047 0.841854 -0.705307 -0.927545 0.875503 0.807888 -0.708049 0.880954 0.733370 0.877538 0.896495 -0.758376 0.802158 0.856446 0.740905 -0.854437 0.862662 -0.843839 -0.795245 0.728072 0.805094 0.867016 0.823634 0.836397 0.648949 0.746631 0.852224 -0.714136 -0.844840 0.816580 0.782755 0.797902 0.760555 0.834380 -0.855708 0.666329 0.775908 0.848599 0.802724 0.770108 0.871695 0.863813 0.862064 0.797664 0.837527 0.829709 -0.566450 0.783994 0.699683 0.804095 0.878531 0.775088 0.755108 -0.743330 0.834105 0.793123 0.827804 -0.834550 0.795598 -0.861062 0.834795 0.776823
DB06711,0.741556 -0.737453 -0.570454 0.610107 -0.452676 -0.602734 0.838420 0.656930 -0.344492 0.705827 0.743370 0.728249 0.668014 -0.670646 0.749536 0.722922 0.580009 -0.569916 0.634427 -0.719186 -0.624368 0.581108 0.635917 0.698401 0.703265 0.686413 0.626214 0.608759 0.777330 -0.429195 -0.748823 0.671868 0.650276 0.601347 0.555848 0.710153 -0.628940 0.559574 0.625714 0.655408 0.773937 0.639656 0.674589 0.664623 0.673364 0.622844 0.700591 0.677193 -0.215395 0.654547 0.503536 0.615072 0.673282 0.644496 0.559459 -0.475018 0.714796 0.695644 0.701558 -0.670624 0.607502 -0.774010 0.684216 0.590670
DB06712,-2.329426 2.115547 -0.553561 -2.144128 -0.418092 2.188626 -2.387237 -1.913947 0.881788 -2.072817 -1.989598 -2.060831 -2.729898 1.751520 -1.340003 -3.052973 -1.187289 2.620912 -2.214426 2.684981 1.816760 -1.748651 -3.518322 -1.532269 -1.978839 -1.856318 -2.235689 -1.176536 -2.129763 -0.077692 2.015267 -2.549003 -2.682483 -2.581138 -2.411988 -3.529846 2.449013 -0.803905 -1.843312 -1.982383 -1.005368 -0.916173 -1.946941 -1.569924 -1.803410 -1.517188 -2.903668 -2.495558 3.580935 -1.403417 -0.819329 -1.663846 -2.026781 -2.423468 -1.038147 0.412090 -3.513177 -1.253415 -2.448194 2.392533 -1.182924 2.113551 -1.670700 -2.506298
DB06728,0.816259 -0.831535 -0.657733 0.852836 -0.699321 -0.887143 0.896162 0.798517 -0.658183 0.876626 0.703377 0.873583 0.889842 -0.736709 0.768758 0.851491 0.729920 -0.850586 0.886348 -0.846837 -0.808813 0.779760 0.746298 0.854205 0.818267 0.824256 0.598300 0.755077 0.845117 -0.705388 -0.833770 0.804149 0.764357 0.785355 0.798810 0.837751 -0.847726 0.684243 0.776263 0.852279 0.806281 0.701086 0.874963 0.869771 0.859587 0.795255 0.829621 0.827436 -0.584596 0.782678 0.698797 0.797412 0.884874 0.759812 0.754375 -0.768427 0.830484 0.767269 0.828463 -0.847064 0.777663 -0.848559 0.820632 0.761885
DB06732,0.738064 -0.575662 -0.398703 0.708783 -0.496937 -0.673253 0.799643 0.633905 -0.379983 0.726213 0.615503 0.701168 0.724362 -0.644319 0.422915 0.715687 0.620338 -0.639415 0.693036 -0.590355 -0.742722 0.791757 0.102573 0.736766 0.716815 0.700533 0.588401 0.625541 0.631704 -0.521038 -0.649243 0.659339 0.656068 0.599335 0.861217 0.835401 -0.790201 0.795244 0.719754 0.713032 0.618066 0.287697 0.726675 0.723868 0.693343 0.683595 0.686353 0.703452 -0.679274 0.745273 0.729465 0.552664 0.665582 0.728603 0.681299 -0.604062 0.773386 0.675834 0.747929 -0.556036 0.631627 -0.682555 0.671710 0.769643
DB06777,0.574456 -0.255162 -0.378863 0.547922 -0.470474 -0.512270 0.595292 0.467762 -0.410241 0.554588 0.772066 0.391172 0.414211 -0.264967 0.653644 0.398740 0.540784 -0.608098 0.659777 -0.497959 -0.398608 0.737450 -0.106912 0.532349 0.512675 0.516581 0.974232 0.683794 0.487355 -0.676816 -0.422120 0.498477 0.300040 0.433152 0.658646 0.382558 -0.282444 0.839648 0.503815 0.616256 0.685159 -0.290010 0.564291 0.502387 0.567830 0.527413 0.468297 0.570447 -0.696230 0.456395 0.527519 0.255365 0.771794 0.467001 0.466600 -0.723896 0.622189 0.191882 0.498665 -0.467086 0.501444 -0.418804 0.528425 0.374098
DB06782,-1.040820 0.910277 0.227141 -1.159694 -0.116383 0.757128 -0.670677 -1.692731 0.786737 -0.868658 -1.751174 -0.970362 -0.337165 1.738968 0.019746 -0.739716 -2.119302 0.743372 -1.213603 -1.249552 1.651964 -0.985064 0.664411 -1.433795 -1.506747 -1.324319 0.491899 -2.171232 -0.514629 1.586115 0.979192 -0.755952 -1.264780 -1.552388 0.484961 -0.167689 0.692331 -2.487161 -1.807491 -1.374146 -1.512855 -0.945581 -1.366740 -1.270167 -1.288000 -1.795450 -0.389986 -1.134213 -1.881716 -1.997579 -2.238123 -0.923825 -0.684368 -1.392593 -1.576485 0.435196 -0.528027 -1.570291 -1.203767 -0.716294 -1.749010 0.235139 -1.370251 -0.750434
DB06795,0.822018 -0.883913 -0.673294 0.858977 -0.720911 -0.932150 0.915650 0.826223 -0.691782 0.917960 0.726373 0.909076 0.937081 -0.790916 0.885596 0.870525 0.745474 -0.858477 0.902217 -0.904635 -0.835604 0.725629 0.837341 0.886804 0.842225 0.855987 0.633607 0.770434 0.905795 -0.706783 -0.889571 0.830989 0.805445 0.807620 0.790782 0.844316 -0.907577 0.655762 0.783704 0.873520 0.849963 0.798428 0.884774 0.896907 0.893355 0.815667 0.873686 0.854780 -0.599492 0.796240 0.691301 0.877534 0.924538 0.778065 0.767925 -0.814534 0.839485 0.816997 0.840979 -0.916027 0.793415 -0.909165 0.866249 0.786261
DB06800,0.241564 -0.438170 -0.565040 0.279662 -0.573200 -0.476740 0.442130 0.132450 -0.288925 0.415531 -0.008507 0.391288 0.638371 -0.046326 0.646433 0.412933 -0.046907 -0.365150 0.306216 -1.075590 -0.139219 0.129019 0.908769 0.237743 0.175736 0.250960 0.544850 -0.120240 0.488959 -0.069419 -0.384997 0.360708 0.244161 0.142862 0.702596 0.536310 -0.475581 -0.336282 0.050087 0.252764 0.157579 0.377460 0.237099 0.249619 0.286606 0.064734 0.518780 0.287199 -1.184349 -0.006202 -0.127793 0.379506 0.460468 0.174639 0.126225 -0.461712 0.417820 0.199739 0.268308 -0.925383 0.077256 -0.588415 0.253038 0.362441
DB06809,0.262884 -0.256685 -0.241025 0.154742 -0.529097 -0.332723 0.444139 -0.000619 -0.160323 0.321847 -0.054953 0.273222 0.539003 0.088402 0.561107 0.334089 -0.202403 -0.385674 0.213662 -0.952343 -0.012395 0.335817 0.689630 0.115251 0.080104 0.126753 0.584525 -0.145933 0.396881 0.122029 -0.253130 0.344473 0.100203 0.020842 0.771328 0.558186 -0.340626 -0.311183 -0.083183 0.118865 0.107980 0.156863 0.167160 0.172652 0.178047 -0.064361 0.460033 0.178089 -1.099800 -0.174528 -0.264122 0.215097 0.431799 0.058410 -0.010082 -0.318404 0.425906 0.016951 0.178991 -0.765253 -0.034520 -0.529734 0.112409 0.264291
DB06817,0.821643 -0.849601 -0.632444 0.856752 -0.696408 -0.897767 0.899184 0.813210 -0.682291 0.893185 0.711452 0.888800 0.914180 -0.771110 0.783956 0.856695 0.746328 -0.844624 0.897908 -0.855501 -0.821734 0.754467 0.773006 0.867555 0.829671 0.840392 0.585546 0.758441 0.864853 -0.710174 -0.851657 0.804664 0.788499 0.799176 0.794831 0.840839 -0.888734 0.676406 0.782180 0.862121 0.808032 0.753694 0.881485 0.880933 0.873199 0.811577 0.844233 0.844933 -0.595616 0.784362 0.702575 0.821613 0.898218 0.771788 0.767335 -0.773036 0.830607 0.791635 0.833478 -0.878735 0.791416 -0.867435 0.837807 0.793954
DB06819,0.806533 -0.731178 -0.606316 0.840664 -0.615324 -0.815847 0.863473 0.752400 -0.598816 0.819231 0.730793 0.815624 0.811723 -0.646517 0.704747 0.817057 0.695020 -0.801749 0.855215 -0.752324 -0.759511 0.867930 0.672157 0.809571 0.781180 0.774917 0.630975 0.758156 0.762708 -0.682549 -0.759476 0.783136 0.711118 0.749720 0.785275 0.799982 -0.765495 0.722003 0.766947 0.805850 0.746674 0.576247 0.847046 0.818040 0.809947 0.756859 0.784532 0.792492 -0.496988 0.748915 0.688180 0.721760 0.849003 0.731004 0.723659 -0.727161 0.819599 0.692163 0.799156 -0.751548 0.754533 -0.772346 0.759644 0.716481
DB07348,0.302867 -0.525843 -0.880139 0.678720 -0.967214 -0.623269 0.430673 0.595372 -0.332593 0.525110 0.296950 0.417325 0.633082 -0.863475 0.006204 0.339787 0.705147 -0.536535 0.752388 -0.346938 -0.536785 0.449355 0.357559 0.684079 0.532622 0.644202 -0.371968 0.644788 0.437639 -0.651167 -0.512415 0.225475 0.523901 0.709318 0.251232 0.094051 -0.664262 0.644608 0.661804 0.658882 0.378605 0.371134 0.633538 0.709158 0.652986 0.714338 0.263196 0.509720 -0.288390 0.697847 0.764305 0.506217 0.466648 0.457791 0.635455 -0.680902 0.083091 0.636977 0.395118 -0.745774 0.724313 -0.372230 0.598591 0.722404
DB07374,0.832212 -0.837260 -0.593201 0.846463 -0.676221 -0.881269 0.895631 0.806676 -0.597850 0.867666 0.726878 0.869352 0.887085 -0.719060 0.748900 0.847590 0.738236 -0.838542 0.884531 -0.820636 -0.797430 0.782339 0.733531 0.855633 0.817899 0.822553 0.609405 0.762479 0.845844 -0.684702 -0.848441 0.806419 0.782798 0.790019 0.746526 0.835952 -0.843448 0.704449 0.764816 0.845342 0.806966 0.681454 0.869817 0.870864 0.856107 0.795831 0.832750 0.832740 -0.527557 0.786194 0.695412 0.798734 0.902543 0.770707 0.747137 -0.762451 0.842950 0.768493 0.822828 -0.855961 0.793357 -0.813301 0.820746 0.796046
DB07615,-0.395277 0.472873 0.410048 -0.360853 0.715116 0.391928 -0.833793 -0.083224 0.388355 -0.430301 -0.385032 -0.358782 -0.703398 0.563297 -0.549313 -0.551791 0.092796 0.607695 -0.476417 1.162963 0.411730 -1.723445 -0.679580 -0.468120 -0.187482 -0.219864 -0.150612 0.074005 -0.558309 -0.864452 0.720138 -0.224874 -0.105359 -0.173939 -1.114968 -0.878630 0.796816 -0.078163 -0.272300 -0.210982 -0.134680 -0.415307 -0.394131 -0.562643 -0.378530 0.135681 -0.464269 -0.230382 -0.119373 -0.168822 0.278841 -0.133313 -0.839456 -0.066656 0.251744 0.832560 -0.355033 -0.124356 -0.144439 1.251627 -0.100550 0.370771 -0.217601 0.150806
DB07715,0.780956 -0.620199 -0.328356 0.706504 -0.815798 -0.826355 0.464373 0.626080 -0.612629 0.703462 0.820029 0.687922 0.589252 -0.411842 0.386265 0.780208 0.730894 -0.426646 0.589607 -0.604183 -0.501107 0.182774 0.586932 0.716111 0.707572 0.756025 0.760207 0.452087 0.610456 -0.489083 -0.537525 0.818880 0.608681 0.780934 0.674168 0.770241 -0.665643 0.725247 0.723288 0.727840 0.707339 0.636089 0.766024 0.527502 0.654010 0.581998 0.584631 0.667537 -0.123659 0.657672 0.752630 0.471834 0.538991 0.714545 0.674215 -0.371989 0.852966 0.694790 0.723307 -0.607352 0.775875 -0.521753 0.668829 0.787354
DB08059,-1.115878 0.256785 0.416691 -1.345270 1.320878 1.147318 -0.425396 -0.575372 -0.520020 -0.953472 -1.355437 -0.817467 -0.571596 -0.578784 -0.231576 -0.562103 -0.483485 0.932503 -0.963340 0.905224 0.427555 -2.994046 0.056686 -0.946997 -0.503992 -0.609040 -1.919215 -0.950006 -0.374155 1.410158 0.211978 -0.868106 -0.004673 -0.422334 -0.878546 -0.805520 0.556929 -0.921994 -0.568463 -0.716866 -0.003226 0.015597 -1.295233 -0.965889 -0.921367 -1.004620 -0.751286 -0.530234 0.714320 -0.695168 -1.147939 -0.065846 -1.082319 -0.422414 -1.417708 2.151693 -0.951410 -0.543944 -0.702656 1.398217 -0.942563 0.183492 -0.538253 -1.264376
DB08162,0.822668 -0.651657 -0.345488 0.824510 -0.575802 -0.721516 0.815986 0.778565 -0.390561 0.771417 0.767297 0.766839 0.759437 -0.632907 0.621719 0.799382 0.697433 -0.643064 0.785506 -0.631189 -0.674076 0.786765 0.438553 0.788160 0.772315 0.765838 0.678233 0.770213 0.722817 -0.697167 -0.700788 0.805994 0.708203 0.734963 0.772744 0.795996 -0.660409 0.754356 0.747115 0.771303 0.724484 0.478452 0.832690 0.742261 0.775677 0.747193 0.756498 0.793095 -0.284035 0.693789 0.691567 0.659629 0.762721 0.750433 0.706820 -0.694369 0.786709 0.652072 0.799987 -0.650563 0.778852 -0.759028 0.725163 0.723254
DB08382,0.265509 0.018572 1.120042 0.608030 1.048468 0.192371 -0.446058 0.692898 0.784993 0.289435 1.057079 0.163273 -0.151356 -0.230654 0.058818 0.279038 0.585030 0.422827 -0.258256 0.764690 -0.482380 -0.510922 -1.026524 0.461583 0.435529 0.463180 0.273377 0.622699 0.001225 -0.386657 -0.178810 0.594740 0.617529 0.590512 -0.899591 0.142072 0.089877 -0.095688 0.546705 0.168516 -0.410143 0.321021 0.444343 -0.099990 0.295400 0.599322 0.306334 0.521392 1.256876 -0.013314 0.818952 0.222746 -0.058570 0.770422 0.815753 -1.289243 -0.264304 0.537346 0.476814 0.268639 0.655764 -0.254578 0.412445 0.145362
DB08633,0.820436 -0.884661 -0.617978 0.841241 -0.685570 -0.907156 0.898548 0.809906 -0.607610 0.882618 0.711809 0.884829 0.908935 -0.719111 0.800496 0.845364 0.746316 -0.852408 0.889321 -0.852226 -0.815085 0.739101 0.802252 0.869847 0.823486 0.830607 0.605619 0.763521 0.871338 -0.692467 -0.882810 0.805919 0.803802 0.791788 0.717397 0.822251 -0.865914 0.681232 0.759352 0.852425 0.829771 0.744627 0.864421 0.886122 0.870081 0.794940 0.844376 0.833360 -0.536447 0.793408 0.688091 0.847757 0.914349 0.764479 0.755792 -0.793575 0.841977 0.806074 0.815398 -0.890920 0.794170 -0.834428 0.843411 0.802534
DB08801,0.816838 -0.865868 -0.684746 0.831878 -0.796143 -0.948415 0.815477 0.780235 -0.757472 0.874730 0.730395 0.869103 0.866936 -0.699022 0.752031 0.854148 0.744939 -0.775208 0.822990 -0.854266 -0.762209 0.596621 0.799275 0.855242 0.811342 0.837703 0.635157 0.674281 0.838392 -0.664513 -0.814218 0.813902 0.764064 0.815596 0.738891 0.834087 -0.887191 0.647494 0.768332 0.839479 0.809693 0.797243 0.863208 0.822534 0.846402 0.768265 0.806832 0.805058 -0.589900 0.755014 0.709422 0.778155 0.856635 0.767208 0.737691 -0.700044 0.845598 0.807594 0.811949 -0.854467 0.786187 -0.818974 0.825963 0.796991
DB08808,0.667938 -0.666618 -0.031673 0.540113 -0.002092 -0.502757 0.492245 0.565264 -0.129287 0.578836 0.729108 0.653802 0.314214 -0.368522 0.769916 0.560121 0.564585 -0.540580 0.300293 -0.370036 -0.584077 0.055777 0.426983 0.585790 0.646980 0.624637 0.784635 0.465489 0.695912 -0.500751 -0.614418 0.653404 0.607810 0.477185 0.203032 0.402941 -0.369184 0.185479 0.495116 0.441913 0.694667 0.958859 0.517827 0.436111 0.483446 0.577327 0.629409 0.555627 0.226085 0.601702 0.505676 0.496033 0.553589 0.593536 0.594288 -0.370080 0.537621 0.741050 0.657572 -0.542339 0.589963 -0.396352 0.610986 0.512999
DB08815,0.169064 -0.573244 -0.061270 0.214572 0.258858 -0.187766 0.349908 0.380600 0.125325 0.319679 0.309046 0.374546 0.309082 -0.397140 0.638769 0.335816 0.293117 -0.001136 0.222242 -0.207187 -0.462524 -0.278092 0.481114 0.386506 0.400119 0.352003 0.044931 0.233045 0.503039 0.060923 -0.574375 0.271621 0.465804 0.250997 0.099267 0.252735 -0.395465 0.119672 0.317015 0.271432 0.598280 0.802782 0.210221 0.300809 0.301335 0.301335 0.278838 0.369650 0.187612 0.404258 0.143801 0.469884 0.147148 0.349873 0.122336 -0.047041 0.073705 0.478200 0.268583 -0.282145 0.236358 -0.467317 0.399260 0.069674
DB08816,-1.332634 0.978951 -1.037064 -1.078378 0.349197 0.619698 -1.771629 -0.829097 -0.419379 -0.891424 -0.871453 -1.099920 -1.034316 0.211005 -0.675254 -1.647204 -0.101440 0.424520 -0.552783 1.199576 0.783340 -2.056586 -1.035732 -0.897611 -0.993095 -0.788945 -1.230162 -0.094530 -1.007447 -0.705255 1.014435 -1.475420 -0.981589 -0.634669 -2.465183 -2.322221 0.758369 -0.184114 -0.860246 -0.519984 -0.564615 -1.037121 -1.016384 -0.598898 -0.530374 -0.501669 -1.344880 -1.096333 -1.464101 -0.599373 -0.074347 -0.565182 -0.860132 -1.117249 -0.097984 0.402697 -1.470885 -0.507547 -1.094624 0.813835 -0.666705 1.040221 -0.549076 -0.686975
DB08820,-3.669179 1.531485 -2.623773 -2.005868 -1.209345 1.020502 -2.487639 -1.928833 -2.202522 -1.667016 -3.389845 -2.109315 -1.678626 0.007362 -1.302766 -3.495569 -0.904318 1.535843 -0.914598 1.768641 1.434375 -0.740405 -1.744442 -1.162832 -2.236385 -1.924234 -4.322024 -0.950272 -2.178215 0.121078 1.923342 -3.943115 -2.881341 -2.103969 -2.310155 -4.061195 1.130731 -0.505027 -1.667797 -1.365390 -1.390891 -0.428184 -1.767612 -0.614692 -1.205984 -1.049405 -3.310842 -2.633535 1.600560 -1.499570 -0.601860 -1.059658 -1.656407 -2.964128 -0.770626 -0.804932 -3.965842 -1.037516 -3.106869 1.326209 -1.376609 1.666806 -1.357935 -2.221459
DB08827,0.116362 -0.404675 -0.971968 0.493210 -0.905610 -0.461032 0.288975 0.399425 -0.652934 0.398479 0.108853 0.336072 0.436831 -0.647599 0.058219 0.138819 0.541835 -0.443108 0.632229 -0.276731 -0.438986 0.496761 0.254143 0.530790 0.330542 0.421895 -0.577980 0.490677 0.260046 -0.614810 -0.354806 -0.015685 0.237686 0.448801 0.177161 -0.056774 -0.524881 0.546250 0.444473 0.494640 0.327303 0.367480 0.475934 0.621471 0.524419 0.556761 0.071846 0.289958 -0.124665 0.505624 0.586632 0.448582 0.386575 0.228990 0.551422 -0.687285 -0.096115 0.480157 0.206168 -0.500209 0.526695 -0.274145 0.431059 0.423340
DB08828,0.772539 -0.609527 -0.372528 0.818613 -0.611490 -0.653432 0.795831 0.739384 -0.509184 0.724963 0.685010 0.725905 0.724164 -0.603650 0.228075 0.763863 0.700358 -0.721578 0.831680 -0.573642 -0.665455 0.924885 0.335774 0.743866 0.721600 0.718057 0.391714 0.709122 0.617810 -0.575584 -0.640455 0.689207 0.683940 0.743098 0.716705 0.782297 -0.683814 0.841256 0.747173 0.756491 0.551363 0.349899 0.841436 0.755056 0.741629 0.761578 0.699417 0.753497 -0.335523 0.722766 0.732756 0.565635 0.759942 0.740231 0.691116 -0.591837 0.795988 0.596092 0.764397 -0.689101 0.779449 -0.519203 0.651311 0.796171
DB08841,0.823039 -0.841254 -0.623496 0.744601 -0.768899 -0.755185 0.874981 0.709748 -0.399983 0.830256 0.804708 0.823664 0.748720 -0.754915 0.878954 0.775965 0.696257 -0.751817 0.725207 -0.816889 -0.698699 0.475880 0.804690 0.790976 0.786892 0.793462 0.751897 0.680454 0.879512 -0.547314 -0.833248 0.741582 0.743198 0.689600 0.519189 0.743921 -0.727646 0.457212 0.712132 0.753165 0.859030 0.811981 0.774084 0.737907 0.772617 0.763312 0.814938 0.772181 -0.336450 0.756255 0.642919 0.681769 0.793528 0.741831 0.732284 -0.627658 0.773885 0.831800 0.796870 -0.852902 0.728078 -0.827093 0.787829 0.773772
DB08860,0.360000 -0.516043 -0.317821 0.538830 -0.404066 -0.737524 0.458080 0.516349 -0.642927 0.526081 0.238076 0.564976 0.560173 -0.602606 0.236980 0.480254 0.474166 -0.495096 0.619138 -0.530639 -0.530560 0.802292 0.383141 0.550864 0.471282 0.449159 0.210925 0.587662 0.362932 -0.485150 -0.422469 0.425847 0.373072 0.431341 0.482469 0.506671 -0.587187 0.568721 0.544026 0.562837 0.430077 0.394342 0.616916 0.573712 0.527535 0.638545 0.418044 0.411857 -0.352310 0.458291 0.580876 0.402400 0.481120 0.379497 0.586304 -0.169207 0.560215 0.505403 0.492706 -0.488106 0.407921 -0.468663 0.523948 0.407379
DB08868,0.757660 -0.775020 -0.622515 0.701883 -0.932055 -0.806342 0.817778 0.730369 -0.828472 0.826474 0.645893 0.807561 0.857725 -0.959340 0.921106 0.747312 0.755247 -0.885878 0.799677 -0.707021 -0.780797 0.287672 0.847747 0.756145 0.778621 0.813974 0.400039 0.721626 0.824907 -0.763266 -0.771365 0.734037 0.780823 0.795932 0.397398 0.621533 -0.829459 0.492290 0.746065 0.814295 0.845642 0.777199 0.759844 0.810548 0.815534 0.729390 0.832778 0.797863 -0.302452 0.692625 0.695290 0.880056 0.875374 0.719818 0.769952 -0.615940 0.742204 0.827362 0.778758 -0.701789 0.770936 -0.870473 0.814329 0.792215
DB08877,-0.409722 0.156361 -0.245712 -0.218966 -0.764017 -0.015100 -0.386222 -0.321002 -0.444374 -0.112764 -0.456448 -0.181446 -0.006200 -0.216782 0.305835 -0.327019 -0.180254 -0.118525 -0.055348 -0.144606 0.213766 -0.879940 0.403804 -0.343730 -0.346110 -0.173142 -0.392396 -0.336746 -0.131291 0.017156 0.209296 -0.343914 -0.278487 -0.222904 -0.680907 -0.505117 -0.011727 -0.675917 -0.259682 -0.117839 -0.215384 -0.006385 -0.293567 -0.169601 -0.140726 -0.211434 -0.090801 -0.256491 -0.333449 -0.340853 -0.212237 0.089111 -0.139612 -0.346466 -0.015242 -0.061137 -0.313802 -0.042458 -0.306284 -0.091608 -0.253603 -0.068744 -0.115881 -0.067425
DB08881,-2.310811 2.451184 1.885986 -1.149222 1.705482 1.901023 -2.859855 -1.568794 2.307024 -2.289601 -1.821251 -2.265610 -2.709010 1.523870 -3.850820 -2.485413 -1.097678 2.085070 -1.381320 3.538834 1.261938 0.565831 -3.748849 -1.696509 -2.039089 -1.998489 -3.703909 -0.592859 -3.224077 1.150321 2.532397 -2.492424 -2.421015 -1.769696 -2.847432 -2.918341 1.880515 0.414039 -0.955406 -1.772800 -2.146796 -2.400202 -1.301454 -1.350290 -1.813825 -1.106918 -2.930028 -2.499639 3.315923 -0.857721 0.055106 -2.336142 -2.783674 -2.039983 -0.833032 1.305022 -2.962501 -1.635799 -2.121556 2.894130 -1.391419 3.311439 -1.994245 -2.306765
DB08882,-3.177855 2.626575 -1.505989 -1.791166 -0.405925 2.186047 -2.884927 -1.935835 -0.136720 -2.067631 -1.898738 -2.628632 -2.476278 0.828392 -3.047007 -3.439391 -0.878978 2.196956 -1.465740 3.192038 1.970252 -0.237564 -3.759352 -1.410156 -2.424688 -2.031597 -4.194130 -0.716350 -2.895332 0.258920 2.450752 -3.426957 -2.878745 -1.972493 -2.909405 -3.891121 1.799249 -0.035750 -1.578385 -1.778537 -2.225592 -1.774620 -1.658366 -1.234416 -1.451620 -1.198353 -3.426143 -2.665823 2.555920 -1.674984 -0.254016 -1.786894 -2.193633 -2.836417 -0.853589 -1.137384 -4.294871 -1.588694 -2.872644 2.108360 -1.046437 2.600776 -1.829457 -2.476221
DB08889,-0.198494 0.270871 -0.518071 -0.116482 -1.144698 0.140992 -0.577930 0.030383 -1.071277 -0.027550 -0.117020 -0.273054 -0.103210 -1.109476 -0.233070 -0.386798 0.676616 -0.518374 0.201873 0.592498 0.068297 -2.546495 0.120692 -0.389862 0.033551 0.283888 -0.985912 0.276111 -0.189246 -0.687111 0.132538 -0.273170 0.404509 0.686155 -2.495800 -1.223284 0.035836 -0.174272 0.339951 0.265361 0.119777 -0.260799 -0.193487 -0.128566 0.141872 0.330872 0.135462 0.244225 -0.021925 0.089809 0.530149 0.415827 0.101470 0.258387 0.569350 0.434657 -0.221083 0.336923 0.039824 0.334906 0.382015 0.049091 0.157001 0.715353
DB08896,-0.059048 -0.529673 -0.892714 0.363975 -0.650073 -0.695387 0.108939 0.291226 -0.733919 0.445711 -0.075767 0.381053 0.516181 -0.784026 0.494108 0.076907 0.459474 -0.530112 0.565285 -0.347900 -0.499652 0.250758 0.634699 0.492226 0.251417 0.373102 -0.439866 0.465693 0.336481 -0.600619 -0.394249 -0.053592 0.175769 0.280564 -0.010455 -0.151660 -0.650190 0.313123 0.357302 0.472432 0.457008 0.771252 0.382481 0.603901 0.507219 0.525139 0.086960 0.114550 -0.176363 0.421198 0.471989 0.545619 0.283316 0.003966 0.539617 -0.649938 -0.080755 0.603956 0.103254 -0.480817 0.313087 -0.503007 0.525787 0.151508
DB08897,0.276095 -0.314935 -0.421018 0.195624 -0.598912 -0.489251 0.405158 0.053043 -0.292734 0.366984 0.082301 0.317047 0.559251 0.035791 0.583572 0.381701 -0.092239 -0.253958 0.216402 -1.038822 -0.038886 0.255447 0.721413 0.197784 0.142194 0.211250 0.710574 -0.125464 0.423491 0.008506 -0.287189 0.396411 0.154996 0.119642 0.779654 0.552648 -0.397599 -0.208774 -0.006477 0.187204 0.163191 0.249326 0.220646 0.183570 0.231109 -0.025722 0.473384 0.218853 -1.026477 -0.087355 -0.161473 0.209892 0.440861 0.104164 0.043074 -0.342097 0.454891 0.106492 0.226603 -0.819102 0.041848 -0.508137 0.188933 0.302497
DB08899,-4.796595 3.084865 -1.607269 -3.696046 -0.132815 2.432784 -3.542501 -3.956519 0.032408 -3.142976 -4.819211 -3.614146 -2.720164 2.327554 -1.684140 -4.640884 -3.422466 2.856514 -2.705048 1.331878 3.481213 -1.374091 -2.261668 -3.074543 -4.040092 -3.727541 -3.550203 -3.176230 -3.337074 1.889293 3.463692 -4.756066 -4.523765 -4.080898 -2.159743 -4.513683 2.580869 -2.890797 -3.918509 -3.215369 -3.019875 -2.443689 -3.554075 -2.497074 -3.026552 -3.226357 -4.206323 -4.186659 0.524324 -3.784914 -3.098976 -2.874951 -2.587956 -4.629041 -2.956849 0.336937 -4.626086 -3.192269 -4.633150 1.675706 -3.589600 2.462971 -3.147279 -3.706407
DB08901,-0.038447 0.236992 -0.612555 0.081243 -0.814675 0.108117 -0.128267 -0.046047 -0.534099 -0.031247 0.003504 -0.172662 -0.163873 -0.306902 -0.391923 -0.289919 0.294958 -0.235835 0.313092 0.322676 -0.024382 0.133915 -0.423948 -0.043497 -0.045007 0.045497 -0.590723 0.362931 -0.312915 -0.429390 0.213475 -0.251963 -0.185562 0.198697 -0.574746 -0.579462 0.136904 0.492790 0.257677 0.171975 0.074120 -0.538029 0.101428 0.146116 0.110003 0.173897 -0.202179 -0.043598 0.408576 0.146282 0.429351 -0.046736 0.106453 -0.111438 0.314770 -0.122893 -0.182572 -0.027836 -0.069229 0.226724 0.215039 0.243395 -0.002342 0.028664
DB08903,0.569364 -0.810590 -0.651922 0.732331 -0.464011 -0.826143 0.637498 0.733630 -0.492769 0.767254 0.531114 0.757517 0.755963 -0.611796 0.817271 0.656607 0.675139 -0.668249 0.743537 -0.710488 -0.792562 0.456597 0.727635 0.764919 0.702384 0.729440 0.284779 0.623847 0.748219 -0.600328 -0.813381 0.629117 0.696330 0.637028 0.416427 0.538351 -0.855466 0.513986 0.677216 0.723294 0.763665 0.832422 0.730289 0.794863 0.751435 0.732298 0.681802 0.693777 -0.331488 0.729694 0.646812 0.784496 0.756704 0.650301 0.674040 -0.736859 0.517708 0.768624 0.645644 -0.708191 0.674972 -0.733331 0.740574 0.627101
DB08906,-0.952635 0.889977 -0.505878 -0.733052 -0.553078 0.827517 -0.988014 -0.408846 -0.673294 -0.721314 -0.372633 -1.036868 -1.047393 -0.401817 -0.541631 -1.302767 0.218819 -0.012368 -0.740336 1.850469 0.438264 -1.765399 -0.865640 -0.495524 -0.638644 -0.482543 -1.724825 0.062899 -1.132063 -0.428309 0.881625 -1.085676 -0.544086 -0.119709 -2.389991 -1.880501 0.666412 -0.569697 -0.235693 -0.554093 -1.015819 -0.182304 -0.567815 -0.514938 -0.408237 -0.196266 -1.004961 -0.566301 1.883471 -0.423020 0.478886 -0.245530 -0.625645 -0.539891 0.203703 0.375054 -1.633325 -0.120547 -0.840323 1.650082 -0.001777 0.467587 -0.397229 -0.481359
DB08907,0.093534 0.253250 -0.136633 -0.100330 -0.249909 0.101079 -0.121661 -0.128383 0.093760 -0.037543 0.114578 -0.075531 -0.056182 0.328893 -0.148905 -0.041270 -0.335221 0.190202 -0.237328 -0.088709 0.292742 0.377532 -0.297015 -0.068534 -0.132327 -0.130709 0.301015 -0.008403 -0.078253 0.050252 0.143189 0.096246 -0.197736 -0.211369 0.082792 0.129070 -0.019568 -0.123503 -0.260451 -0.230250 -0.239400 -0.088976 -0.022859 -0.104335 -0.066416 -0.223774 0.023956 -0.130147 -0.110315 -0.356778 -0.256854 -0.168035 0.083323 -0.249819 -0.098856 -0.396655 -0.120743 -0.114524 -0.065566 -0.231658 -0.118107 -0.047231 -0.177053 -0.044409
DB08910,-3.714167 4.373829 2.716414 -4.756263 3.202815 4.965122 -3.303147 -4.636831 2.618512 -4.139360 -3.635131 -4.710763 -3.607174 3.573040 -3.461367 -4.114320 -4.469489 3.896145 -3.970511 3.095419 4.407441 -2.289452 -3.665087 -4.506439 -4.217401 -4.208160 -2.218611 -3.591516 -4.000527 4.577650 4.140603 -3.926740 -4.163045 -4.292733 -1.805949 -3.697281 4.142692 -2.432833 -4.278755 -4.276177 -3.071963 -5.040453 -4.613425 -3.950485 -4.238525 -4.768217 -3.779533 -4.121639 1.013915 -4.499082 -4.695076 -4.332716 -3.368630 -4.377908 -4.933846 3.974115 -3.227885 -4.812950 -4.299207 3.660437 -4.454325 3.792056 -4.369645 -4.452383
DB08912,-0.969467 -0.128327 -1.013064 -0.201670 -0.681577 -0.461941 -0.614976 -0.210517 -0.989584 -0.028687 -0.748956 -0.174251 0.029236 -0.712458 0.298346 -0.750100 0.104677 0.082475 0.143993 0.186530 -0.159420 -0.182720 0.134085 0.120154 -0.330467 -0.146310 -1.276679 0.101038 -0.216273 -0.235486 0.032410 -0.954670 -0.460110 -0.292252 -0.823517 -1.192480 -0.377288 -0.007292 -0.096496 -0.004234 0.002852 0.709107 -0.165533 0.280135 0.098826 0.111909 -0.656478 -0.558154 0.283957 -0.120648 0.187804 0.241560 -0.200082 -0.696676 0.244158 -0.532962 -1.144584 0.370959 -0.671073 -0.138802 -0.130451 -0.041314 0.158587 -0.497941
DB08916,0.655937 -0.754755 -0.544987 0.804778 -0.816684 -0.806341 0.774728 0.742580 -0.732226 0.804894 0.616324 0.765072 0.828042 -0.766497 0.589972 0.728400 0.703213 -0.774085 0.863312 -0.724078 -0.719541 0.711467 0.630013 0.806952 0.734101 0.770168 0.396048 0.724202 0.732083 -0.631457 -0.755544 0.651551 0.722612 0.755390 0.652800 0.665423 -0.815806 0.704226 0.753126 0.799045 0.662238 0.647625 0.813730 0.812634 0.805466 0.775134 0.732936 0.740861 -0.450264 0.723413 0.692094 0.754332 0.805264 0.674143 0.726903 -0.672670 0.700580 0.726267 0.711486 -0.869763 0.765816 -0.707946 0.766017 0.752102
DB08918,-0.090668 0.384560 0.300123 -0.089386 0.020662 0.242058 -0.012090 -0.199837 0.583499 -0.231747 0.104530 -0.317466 -0.140243 0.491544 0.155811 -0.119401 -0.437623 0.204265 -0.118160 -0.083603 0.369047 0.500794 -0.412633 -0.218379 -0.190291 -0.232018 0.464888 -0.198383 -0.150711 0.301573 0.251840 -0.085053 -0.285585 -0.246302 0.377338 0.052312 0.338865 -0.086075 -0.272150 -0.215025 -0.183551 -0.906299 -0.200331 -0.273997 -0.269907 -0.416968 -0.140166 -0.046790 -0.259886 -0.293435 -0.435004 -0.401151 -0.015557 -0.146873 -0.418971 -0.135748 -0.021608 -0.609570 -0.217646 -0.015771 -0.232728 0.082568 -0.295344 -0.138091
DB08927,-0.551917 0.219628 1.694214 -0.969567 2.350065 1.091489 0.088343 -0.357722 0.825898 -0.818994 -0.384915 -0.550593 -0.422031 0.472103 -0.481034 -0.170252 -0.863800 1.366026 -0.744941 0.941572 0.400706 -0.462451 -0.472445 -0.564654 -0.362048 -0.664922 -0.604839 -0.586180 -0.230927 1.716538 0.129602 -0.558830 -0.255663 -0.718225 0.967570 0.069054 0.732181 0.249061 -0.564496 -0.723382 0.054789 -0.117147 -0.946041 -0.663952 -0.826328 -0.876494 -0.753650 -0.480244 1.150014 -0.396529 -1.380616 -0.386655 -0.930878 -0.437287 -1.724265 1.766184 -0.425211 -0.864602 -0.629619 1.162740 -0.969063 0.481384 -0.633678 -1.518781
DB08930,0.667877 -0.292457 -0.433839 0.606113 -0.742697 -0.588610 0.697938 0.498921 -0.535710 0.618363 0.766441 0.500257 0.559055 -0.506402 0.623710 0.580853 0.485674 -0.526904 0.737644 -0.555489 -0.446596 1.348275 -0.044055 0.629172 0.533977 0.541212 1.016215 0.737183 0.496342 -0.502660 -0.488450 0.615903 0.344761 0.427734 0.865000 0.637510 -0.419012 0.908263 0.560742 0.632404 0.604225 -0.159469 0.674263 0.599165 0.594474 0.547316 0.585448 0.543713 -0.226402 0.453921 0.513883 0.267928 0.771741 0.413812 0.455418 -0.622752 0.823056 0.245673 0.557729 -0.639103 0.550157 -0.479248 0.526008 0.314432
DB08932,-1.527286 1.636916 0.160672 -1.866823 -0.216498 1.736920 -1.387858 -2.442740 1.428159 -1.571394 -1.533603 -1.661728 -1.583728 2.211489 -0.684674 -1.572510 -2.508934 1.567200 -2.363329 -0.419003 2.391878 -1.692006 -0.559600 -2.139984 -1.976430 -1.885705 0.541291 -2.814437 -1.154047 1.614616 1.616062 -1.288502 -1.922977 -2.387099 -0.941829 -1.004543 1.698871 -3.358753 -2.341631 -2.088082 -1.783455 -1.232919 -2.052075 -2.191669 -2.059924 -2.233790 -1.139381 -1.840254 -0.159902 -2.149176 -2.540389 -2.126645 -1.280955 -1.848325 -1.957034 1.119546 -1.312665 -1.938864 -1.734097 -0.051955 -2.171341 1.204022 -2.004603 -1.300765
DB08936,0.748048 -0.844971 -0.483502 0.799392 -0.376628 -0.876114 0.728072 0.802439 -0.363322 0.825109 0.662428 0.843317 0.805142 -0.596957 0.869651 0.804150 0.682805 -0.697918 0.778543 -0.796817 -0.844374 0.574395 0.759016 0.808429 0.776306 0.787957 0.513206 0.680181 0.807849 -0.580107 -0.870679 0.817003 0.765565 0.691309 0.530305 0.740244 -0.874057 0.559328 0.742224 0.767898 0.821642 0.817176 0.807523 0.809410 0.791942 0.751129 0.817844 0.768294 -0.354955 0.771092 0.659942 0.803165 0.796890 0.739839 0.685657 -0.693648 0.714075 0.787669 0.773866 -0.756343 0.691866 -0.789389 0.782802 0.646439
DB08954,0.424608 -0.676435 -0.298524 0.282121 0.184586 -0.255190 0.644603 0.458249 -0.363928 0.443758 0.373763 0.497108 0.494100 -0.344207 0.712310 0.504967 0.338684 -0.257935 0.355523 -0.352913 -0.533005 -0.107200 0.669049 0.489440 0.521441 0.459943 0.054014 0.301656 0.651238 -0.296644 -0.669986 0.410216 0.564920 0.371433 0.484664 0.547190 -0.468436 0.325418 0.397020 0.393997 0.756747 0.862722 0.338657 0.446749 0.409319 0.336629 0.417423 0.454852 0.122121 0.418173 0.114446 0.569064 0.330414 0.357569 0.089580 -0.117122 0.448036 0.532173 0.405391 -0.339858 0.262440 -0.530715 0.506203 0.141939
DB08960,0.405825 -0.006136 0.336171 0.267066 0.013788 -0.045442 0.249163 0.318256 0.218285 0.002764 0.507279 0.172466 -0.023078 -0.122792 -0.406745 0.399976 0.287944 0.118480 0.127254 0.118524 -0.055291 0.433921 -0.251240 0.187370 0.309160 0.192909 0.202147 0.118784 0.095514 0.006570 -0.159568 0.285660 0.262603 0.276962 0.245970 0.479201 0.174531 0.445617 0.369237 0.193278 0.101513 -0.143112 0.237174 0.002567 0.058549 0.230105 0.094389 0.329386 0.694455 0.407314 0.208039 -0.166397 -0.052918 0.485416 0.029507 0.375273 0.319605 -0.012019 0.357025 0.305376 0.320522 0.077489 0.078468 0.225598
DB08980,0.098959 -0.051431 0.689620 0.035426 0.752797 0.358489 -0.382926 0.310614 1.414196 -0.112898 0.188503 0.010939 -0.446494 0.606812 -0.038252 -0.087824 0.312481 0.763542 -0.316419 1.060794 -0.143821 -0.855681 -0.666234 0.076497 0.133668 0.116427 -0.174709 0.104341 -0.062085 -0.606489 0.106614 0.275099 0.168831 -0.100023 -0.608232 -0.350281 0.383800 0.085372 0.140860 -0.109528 0.216589 0.414288 0.011331 -0.139932 -0.074502 0.241280 -0.030743 0.040862 1.640039 0.165527 0.439237 0.206693 -0.435083 0.280117 0.177346 0.259386 -0.487155 0.320719 0.106381 0.975836 0.347133 0.164229 0.015371 0.109971
DB08995,-0.039576 -0.309067 -0.416616 0.457685 -0.614994 -0.642360 0.115716 0.343862 -0.658996 0.282717 -0.211712 0.248581 0.366277 -0.831026 -0.203293 0.085988 0.410047 -0.238360 0.535721 -0.223579 -0.391108 0.570174 0.219552 0.386806 0.261905 0.302657 -0.525513 0.521321 0.023949 -0.459887 -0.181851 -0.068659 0.158535 0.358640 0.118860 -0.011590 -0.515448 0.455896 0.454881 0.416485 0.159128 0.222161 0.431183 0.428780 0.351526 0.545256 0.006722 0.119096 -0.294584 0.373737 0.600086 0.142769 0.031063 0.118389 0.564226 -0.103058 0.028842 0.408839 0.175072 -0.406825 0.259212 -0.246585 0.386749 0.262896
DB09016,0.157889 0.101399 0.882051 0.269859 0.424542 0.201527 -0.040588 0.232445 0.661315 -0.130431 0.326408 -0.085217 -0.305096 0.070925 -0.205857 0.190807 0.166704 0.474672 0.072781 0.520775 -0.028710 0.404075 -0.539467 0.109595 0.176457 0.060279 0.219657 0.165138 -0.141530 0.226719 0.045972 0.148877 0.147333 0.156818 0.044550 0.147588 0.348193 0.514553 0.290348 0.055343 0.111348 -0.626624 0.094943 -0.147324 -0.094266 0.153430 -0.066372 0.223791 1.028223 0.299940 0.256420 -0.403157 -0.253940 0.363171 -0.065084 0.223064 0.187751 -0.204062 0.181707 0.312178 0.233731 0.249007 -0.056534 0.006825
DB09017,-0.940626 0.118807 0.827430 -1.131421 2.420003 1.111833 -0.043371 -0.456763 0.262088 -0.789127 -0.862336 -0.603893 -0.418208 0.080238 -0.116415 -0.537894 -0.793374 1.268397 -0.693582 0.692495 0.395817 -0.681418 -0.331554 -0.473477 -0.429162 -0.660016 -1.200245 -0.617520 -0.232182 1.381045 0.083970 -0.901465 -0.350640 -0.819519 0.699932 -0.397404 0.482058 0.058566 -0.671552 -0.719155 0.037259 0.300137 -1.011277 -0.453498 -0.739827 -0.988590 -0.942497 -0.596621 0.955719 -0.516786 -1.365129 -0.050527 -0.764729 -0.702881 -1.672273 1.053211 -0.830914 -0.688653 -0.880853 0.939450 -1.019472 0.501156 -0.529792 -1.675542
DB09026,0.682097 -0.678253 -0.729835 0.499735 -0.699426 -0.628022 0.706628 0.511512 -0.449990 0.696553 0.717680 0.691257 0.538481 -0.555176 0.840000 0.555801 0.584417 -0.508281 0.454184 -0.706610 -0.546303 0.310098 0.518439 0.644372 0.662604 0.644971 0.732217 0.522798 0.788522 -0.626220 -0.691197 0.637825 0.528486 0.446294 0.418354 0.536491 -0.503479 0.268966 0.526422 0.585052 0.810660 0.822942 0.591241 0.576799 0.612577 0.613468 0.643969 0.572086 -0.122340 0.616463 0.503666 0.555009 0.720496 0.545193 0.603263 -0.545510 0.599476 0.713893 0.636559 -0.703988 0.606351 -0.650248 0.667626 0.518557
DB09031,0.822080 -0.833647 -0.591925 0.841035 -0.650937 -0.869731 0.883373 0.801505 -0.574071 0.860142 0.719756 0.860432 0.880464 -0.708931 0.755745 0.836050 0.738251 -0.843896 0.879755 -0.805042 -0.796768 0.779145 0.720495 0.852418 0.812615 0.817287 0.600366 0.762653 0.839750 -0.681945 -0.839475 0.793576 0.783112 0.786142 0.733800 0.824308 -0.833143 0.702594 0.759829 0.840649 0.799049 0.672796 0.861758 0.866283 0.849794 0.791108 0.826177 0.829199 -0.510173 0.787609 0.693521 0.793538 0.901729 0.765756 0.740060 -0.774066 0.834103 0.767021 0.811706 -0.840584 0.791812 -0.799995 0.818215 0.794996
DB09034,-1.823563 1.097051 0.019284 -1.807880 1.625879 1.964141 -1.151746 -1.348826 1.240130 -1.626929 -1.696874 -1.638901 -1.118859 0.678591 -1.817570 -1.748640 -1.136695 1.810526 -1.153348 1.823281 1.129055 -0.909212 -1.475982 -1.188451 -1.519656 -1.422753 -3.126690 -0.857796 -1.430857 1.691322 1.105913 -2.167380 -1.545497 -1.542539 -0.224199 -1.923840 1.059203 -0.106576 -1.239692 -1.355451 -0.632827 -0.696910 -1.639985 -0.998737 -1.346431 -1.273637 -2.228442 -1.856777 1.702963 -1.055918 -1.573210 -0.963046 -1.851803 -1.969244 -2.055356 1.431569 -2.366450 -1.347503 -1.979360 1.407083 -1.579976 1.664681 -1.323760 -2.645096
DB09038,0.430736 0.552958 2.199789 0.536383 0.772266 0.303076 -0.573094 0.553457 1.150766 0.029778 1.147976 -0.006854 -0.459311 0.094147 -0.749090 0.188689 0.429257 0.446873 -0.404722 1.114054 -0.058298 0.095358 -1.980143 0.189088 0.350921 0.270019 0.611483 0.388683 -0.245953 -0.262040 0.192483 0.632885 0.285768 0.460997 -0.207051 0.174233 0.703540 0.204642 0.488386 0.034264 -0.634247 -0.493107 0.327697 -0.352855 0.019850 0.433438 0.098617 0.375937 1.468935 -0.045375 0.719866 -0.369000 -0.230678 0.641087 0.620296 -0.670987 -0.086085 0.098534 0.483277 0.489400 0.604729 0.299467 0.064432 0.084254
DB09048,-3.493990 1.793827 -2.365072 -1.954508 -0.077824 1.305046 -2.538106 -2.294768 -1.093200 -1.865117 -3.047282 -2.220051 -2.031548 0.501703 -1.473447 -3.401668 -1.215409 1.358101 -1.096675 2.178159 1.432307 -0.281926 -2.171719 -1.470163 -2.374784 -2.115149 -3.574030 -0.860048 -2.442343 0.301410 2.173598 -3.693167 -3.091852 -2.274916 -2.146312 -4.128265 1.417783 -0.484120 -1.731253 -1.607650 -1.377680 -1.008770 -1.815360 -0.860667 -1.457495 -1.238325 -3.357996 -2.940475 1.647618 -1.626060 -0.617814 -1.322412 -1.999181 -3.183778 -0.900296 -0.553758 -3.650512 -1.357910 -3.070185 1.635881 -1.741474 1.963186 -1.479826 -2.923673
DB09053,-0.751062 0.794690 -0.687267 -0.586603 -0.403622 0.928436 -1.014120 -0.791285 -1.484538 -0.607263 -0.648081 -0.787498 -0.850910 0.061458 -0.417308 -1.137757 0.153431 -0.390183 -0.289662 1.304048 0.376171 -2.351707 -0.343479 -0.925362 -0.632281 -0.375641 -1.487163 -0.166672 -0.856634 -0.237661 0.823243 -1.115795 -0.499574 -0.143866 -2.668005 -2.114829 0.658937 -0.360703 -0.268967 -0.380534 -0.186018 -0.476767 -0.755944 -0.465667 -0.413775 -0.419420 -0.725804 -0.631556 0.306998 -0.429649 0.145478 -0.056794 -0.242471 -0.732824 0.239621 0.359072 -0.902165 -0.151349 -0.659667 0.986841 -0.186438 0.752671 -0.392666 -0.337939
DB09054,-1.061340 0.686852 -1.644925 -0.464769 -2.081887 0.377488 -0.905136 -0.534118 -0.498670 -0.453349 -0.598849 -0.902776 -0.414236 -1.072916 -0.840016 -1.252696 0.312373 -0.044588 0.096594 0.915326 0.378656 -0.817544 -0.653703 -0.319889 -0.688750 -0.214016 -2.317657 0.178691 -0.745809 -0.506368 0.606137 -1.335414 -0.740149 -0.103832 -1.782769 -2.100303 0.068523 0.167858 -0.092294 -0.135398 -0.257289 -0.676133 -0.419138 -0.044680 -0.123052 0.037603 -0.998272 -0.802506 1.076765 -0.155932 0.375162 -0.171951 -0.493203 -1.034952 0.074635 -0.064498 -1.502407 -0.039597 -0.951173 0.153564 -0.020838 0.665715 -0.173719 -0.439966
DB09065,-2.899731 1.297587 -2.335366 -1.480744 -1.586597 1.120256 -1.737935 -1.828313 -2.019171 -1.374038 -2.214225 -1.783428 -1.498654 0.174058 -1.382069 -2.861387 -0.802023 0.978538 -0.629468 1.757734 1.132702 -0.273192 -1.732523 -0.991810 -1.911255 -1.557285 -3.453340 -0.682849 -1.795755 0.067291 1.593596 -3.335443 -2.444997 -1.637191 -1.645898 -3.666182 0.949838 -0.029460 -1.231682 -1.179690 -1.208248 -0.509788 -1.394664 -0.411674 -0.920769 -0.988003 -2.791390 -2.377517 1.148500 -1.272446 -0.463221 -0.717423 -1.251829 -2.663418 -0.572243 -0.976161 -3.453051 -0.847702 -2.610063 0.623936 -1.126899 1.655908 -1.089132 -2.198574
DB09073,0.055547 -0.236689 -0.877059 0.248502 -1.132778 -0.281636 -0.008968 0.268457 -0.845587 0.276200 0.045814 0.171787 0.280235 -0.962913 0.022373 -0.034863 0.616182 -0.530663 0.477556 0.057497 -0.337524 -0.694215 0.352908 0.198686 0.213132 0.392267 -0.895506 0.418149 0.153730 -0.718888 -0.187529 -0.092697 0.292865 0.561910 -0.902583 -0.494360 -0.424394 0.209471 0.416054 0.421811 0.283593 0.373315 0.245344 0.407572 0.420802 0.499658 0.133921 0.243441 0.015793 0.392405 0.566984 0.544716 0.265917 0.189634 0.588068 -0.210937 -0.162689 0.537078 0.155071 -0.140386 0.480465 -0.233505 0.375201 0.532865
DB09075,0.015051 0.077967 -0.368058 -0.141510 -0.138494 -0.073632 -0.101383 -0.175565 -0.001174 0.075453 -0.050580 -0.073667 0.014945 0.260462 0.269713 -0.047411 -0.181765 -0.284117 -0.027239 -0.457199 0.212789 -0.691761 0.323155 -0.206899 -0.186164 -0.043711 0.576275 -0.244447 0.105088 -0.170930 0.009058 0.081556 -0.017775 -0.045099 -0.224707 -0.115352 -0.053900 -0.397658 -0.261438 -0.032325 -0.144747 -0.325281 -0.170751 -0.134692 -0.006209 -0.175387 0.256555 -0.035645 -1.508905 -0.285687 -0.329479 0.082990 0.113652 -0.106618 -0.081090 -0.006522 0.175424 -0.161226 -0.034862 -0.483947 -0.200826 -0.185552 -0.042841 0.179783
DB09076,0.668346 -0.334792 -0.343992 0.730340 -0.594552 -0.475657 0.530191 0.552173 -0.291230 0.480760 0.653826 0.507100 0.434469 -0.343690 -0.146474 0.583434 0.569784 -0.508012 0.654137 -0.264734 -0.452071 0.982285 0.061860 0.577416 0.552034 0.551310 0.207492 0.605854 0.321586 -0.543466 -0.368755 0.564774 0.442071 0.650890 0.528707 0.571718 -0.426164 0.893491 0.656233 0.573319 0.364294 0.092237 0.714736 0.575524 0.546947 0.586979 0.402958 0.543850 -0.056478 0.621928 0.693390 0.281338 0.520461 0.547116 0.583937 -0.419075 0.565989 0.384813 0.610042 -0.374641 0.652209 -0.254382 0.426149 0.615383
DB09083,0.651528 -0.449247 -0.441212 0.704910 -0.397975 -0.525205 0.551519 0.643411 -0.224531 0.553737 0.621848 0.579089 0.509822 -0.355804 0.179034 0.596404 0.590647 -0.470647 0.670461 -0.364385 -0.550305 0.866040 0.217523 0.629927 0.592770 0.583477 0.297939 0.619781 0.448929 -0.520766 -0.500959 0.598183 0.522617 0.598079 0.451201 0.576568 -0.491941 0.772150 0.648031 0.603466 0.515654 0.287295 0.702902 0.639502 0.591411 0.634282 0.511586 0.619449 -0.066095 0.638480 0.658715 0.451807 0.585195 0.595808 0.579348 -0.499010 0.533095 0.479187 0.621880 -0.390470 0.694605 -0.390970 0.495517 0.618885
DB09085,0.422471 -0.598091 0.200970 0.218138 0.363688 -0.216393 0.726209 0.403871 0.186930 0.300673 0.325249 0.447950 0.480458 -0.303550 0.212127 0.442351 0.354349 -0.288402 0.396584 -0.182847 -0.436069 0.545694 0.254758 0.424802 0.426722 0.327806 0.180186 0.460704 0.425769 0.066419 -0.655967 0.360347 0.559115 0.289896 0.487126 0.535697 -0.348533 0.503059 0.281221 0.318595 0.623671 0.326801 0.317059 0.499680 0.332042 0.220110 0.360622 0.370503 -0.043205 0.399276 0.155179 0.495501 0.589670 0.358061 0.119616 -0.018645 0.412963 0.365614 0.311261 -0.313744 0.340452 -0.197048 0.413331 0.225871
DB09089,0.072462 0.376991 0.458403 -0.052487 -0.032497 0.213109 -0.068133 -0.236675 0.581194 -0.189143 0.035704 -0.192978 -0.148012 0.566030 -0.213844 0.013544 -0.440981 0.285837 -0.177199 -0.030107 0.377104 0.606517 -0.292149 -0.216252 -0.217699 -0.246108 0.463997 -0.242149 -0.215075 0.255418 0.291953 0.103124 -0.282671 -0.324151 0.330689 0.236094 0.253381 -0.047573 -0.291941 -0.280474 -0.287582 -0.619147 -0.087007 -0.228797 -0.235134 -0.350481 -0.005975 -0.132805 -0.027585 -0.404634 -0.339761 -0.480172 -0.009792 -0.199422 -0.302277 -0.012526 0.116976 -0.470023 -0.085395 -0.049190 -0.198614 0.220973 -0.370806 -0.023404
DB09090,0.513351 -0.635650 -0.279260 0.599101 -0.368359 -0.601087 0.484580 0.635877 -0.142500 0.610588 0.541050 0.608508 0.521322 -0.440811 0.647508 0.534293 0.612188 -0.463427 0.536748 -0.356324 -0.641577 0.221260 0.470386 0.649532 0.597967 0.610900 0.286915 0.561819 0.593524 -0.607629 -0.617541 0.591190 0.613899 0.541464 0.294740 0.429068 -0.601578 0.451953 0.569259 0.575419 0.635526 0.765643 0.607484 0.599587 0.625824 0.641346 0.567307 0.585310 0.042022 0.572386 0.617573 0.684710 0.535426 0.576847 0.618608 -0.473667 0.379352 0.696124 0.564497 -0.381046 0.626868 -0.564416 0.620569 0.564660
DB09112,0.807410 -0.803033 -0.508255 0.818429 -0.709652 -0.921991 0.810394 0.800596 -0.684153 0.868679 0.722927 0.883452 0.857831 -0.750197 0.774589 0.825598 0.706484 -0.857821 0.787874 -0.827835 -0.781671 0.645299 0.689077 0.827223 0.823407 0.819728 0.678741 0.675933 0.872678 -0.725386 -0.825654 0.830396 0.741416 0.779077 0.826627 0.802733 -0.799108 0.556658 0.754094 0.827699 0.767684 0.775272 0.826718 0.814357 0.831466 0.778473 0.832196 0.805360 -0.665436 0.784368 0.675792 0.796804 0.898549 0.749058 0.746416 -0.711002 0.793895 0.775022 0.826154 -0.913173 0.783943 -0.812036 0.822470 0.758614
DB09119,-0.935044 0.535055 1.844533 -0.973124 2.339914 1.372899 -0.648229 -0.460235 1.280572 -1.257951 -0.933466 -1.044327 -0.905737 0.227354 -1.260088 -0.837933 -0.598163 1.373031 -0.731711 1.647970 0.564322 -0.915089 -1.044295 -0.676420 -0.617383 -0.819619 -2.273458 -0.665434 -0.844458 1.103161 0.540675 -1.328372 -0.565901 -0.581739 0.034000 -0.757237 0.833002 0.185379 -0.420735 -0.760968 -0.455112 -0.556033 -1.085747 -0.809865 -0.965758 -0.810054 -1.477593 -0.743071 1.998088 -0.335629 -1.039671 -0.629239 -1.458779 -0.609267 -1.600248 1.339018 -1.395929 -0.960530 -1.050365 1.729161 -1.011030 1.370297 -0.797392 -1.609626
DB09128,0.093896 -0.528526 -0.029638 0.171331 0.218921 -0.111534 0.374104 0.275894 -0.244163 0.220247 0.204708 0.342711 0.217779 -0.430029 0.293148 0.299480 0.260073 -0.038772 0.168380 -0.057730 -0.357356 -0.337525 0.548883 0.301259 0.326809 0.252533 -0.085547 0.137987 0.425700 0.100926 -0.437182 0.104393 0.403154 0.237942 0.123713 0.166575 -0.242510 0.131982 0.274882 0.190196 0.444464 0.879119 0.147560 0.213603 0.222005 0.191024 0.155842 0.275074 0.294383 0.370126 0.101462 0.393674 -0.033193 0.287311 0.111072 0.071515 0.035141 0.438120 0.230865 -0.149837 0.257162 -0.316211 0.327808 0.084419
DB09142,0.796645 -0.858220 -0.675408 0.847530 -0.746678 -0.902908 0.902441 0.808149 -0.720906 0.900529 0.705170 0.890449 0.925840 -0.803585 0.782500 0.849520 0.742312 -0.861066 0.894443 -0.887864 -0.806471 0.724817 0.788516 0.868780 0.820486 0.839426 0.584002 0.758191 0.878050 -0.707917 -0.867175 0.800700 0.784865 0.790429 0.784185 0.827062 -0.905428 0.668129 0.779672 0.861226 0.811662 0.759414 0.878016 0.881248 0.877076 0.805213 0.851652 0.830690 -0.622547 0.772626 0.697686 0.843907 0.900711 0.751860 0.762206 -0.794091 0.821668 0.800248 0.827052 -0.924924 0.782246 -0.876122 0.848111 0.784415
DB09185,-0.789603 0.066333 -0.854501 -0.571463 -0.046194 0.334147 -0.447659 -0.471476 -0.000530 -0.337443 -0.590813 -0.421703 -0.064725 0.103319 0.391904 -0.630434 -0.512779 0.129179 -0.255602 -0.195655 0.343948 -0.870190 0.203044 -0.272332 -0.549534 -0.395789 -1.009992 -0.664609 -0.063552 0.180751 0.125371 -0.801748 -0.551407 -0.493959 -0.180377 -0.767025 0.002023 -0.589216 -0.564467 -0.356943 -0.200891 0.275399 -0.592347 -0.173493 -0.299364 -0.533749 -0.608466 -0.540455 -0.071978 -0.452306 -0.693561 0.122447 -0.315889 -0.724743 -0.640174 -0.365260 -0.960881 -0.249803 -0.805176 -0.199982 -0.532477 0.134686 -0.236085 -0.604924
DB09186,-0.744651 -0.091109 1.038708 -0.969238 2.056106 0.892121 0.062437 -0.357893 0.324901 -0.676099 -0.712476 -0.416987 -0.235827 0.009800 -0.090949 -0.137429 -0.750142 1.263386 -0.736772 0.534652 0.268222 -1.148760 0.084035 -0.465761 -0.288323 -0.541337 -0.818773 -0.701699 -0.006717 1.708110 -0.099275 -0.558396 -0.070929 -0.609046 0.802262 0.029030 0.378651 -0.159844 -0.541363 -0.631038 0.180056 0.508810 -0.966440 -0.596105 -0.706235 -0.837958 -0.676468 -0.449004 0.703761 -0.383447 -1.373352 -0.072692 -0.913911 -0.385745 -1.636720 1.583910 -0.524609 -0.551952 -0.619235 0.842545 -0.971258 0.171456 -0.425709 -1.501794
DB09194,-0.224715 -0.246421 -0.344813 -0.147007 0.163668 -0.003080 0.195064 -0.107387 -0.000640 -0.004505 -0.510072 0.072884 0.337566 0.153229 0.331630 0.143634 -0.344874 0.037853 -0.078852 -0.701868 0.087232 -0.388092 0.785695 -0.096797 -0.105502 -0.084984 0.070061 -0.564042 0.223465 0.538412 -0.220937 -0.042587 0.032749 -0.173682 0.557842 0.305963 -0.201890 -0.622077 -0.216385 -0.115891 -0.086400 0.386751 -0.189979 -0.105067 -0.106699 -0.324086 0.123556 -0.007388 -0.985938 -0.311335 -0.581058 0.173360 -0.009195 -0.112349 -0.403060 0.099415 0.018126 -0.103063 -0.088119 -0.480114 -0.303644 -0.289988 -0.055370 -0.151068
DB09201,-0.380235 0.914740 1.636297 0.119581 1.217275 0.745097 -1.125110 0.128411 0.977195 -0.444586 0.279168 -0.511844 -0.865115 0.148398 -0.909231 -0.457068 0.117454 1.195135 -0.590881 1.557966 0.081906 0.341331 -2.172661 -0.118988 -0.211204 -0.272136 -0.608621 0.411014 -0.978854 -0.087262 0.742819 -0.266442 -0.353710 -0.131292 -1.039692 -0.486359 0.754658 0.198173 0.019193 -0.373411 -1.019354 -0.737298 0.008040 -0.525631 -0.315661 0.076448 -0.595246 -0.242052 1.912191 -0.575053 0.549465 -0.673466 -0.855581 0.114005 0.413586 -0.882083 -0.816112 -0.205397 -0.185807 0.999013 0.087519 0.689174 -0.291192 -0.509750
DB09202,0.879060 -0.379182 -0.088310 0.455207 -0.728599 -0.087253 0.628166 0.311808 0.554988 0.342934 1.257901 0.397763 0.004369 -0.367967 0.267081 0.487903 0.492541 -0.078053 0.161450 -0.197190 -0.113162 0.316038 0.087095 0.424631 0.537614 0.481240 1.051464 0.383800 0.484147 -0.116071 -0.403737 0.485072 0.377042 0.306832 -0.176526 0.515582 0.025722 0.243198 0.526573 0.330845 0.719560 0.144147 0.479222 0.173538 0.298775 0.553811 0.468520 0.442092 0.822064 0.505774 0.555690 -0.261064 0.315187 0.676791 0.500285 0.015985 0.626425 0.548272 0.644898 -0.297197 0.550780 -0.276350 0.373715 0.671753
DB09203,0.817204 -0.805424 -0.514401 0.737701 -0.768041 -0.715397 0.850145 0.704648 -0.370128 0.798712 0.811319 0.801141 0.733115 -0.717975 0.777822 0.772660 0.680447 -0.715604 0.711617 -0.750645 -0.667125 0.552881 0.735612 0.773310 0.767489 0.768778 0.731780 0.686992 0.827965 -0.540813 -0.786792 0.738037 0.723774 0.694444 0.505621 0.743100 -0.680585 0.513440 0.711590 0.737130 0.812595 0.746729 0.773184 0.729979 0.756946 0.762068 0.794263 0.756956 -0.288963 0.736149 0.651808 0.632224 0.769254 0.740548 0.725406 -0.593557 0.761764 0.809366 0.791177 -0.801946 0.733798 -0.796833 0.759542 0.782277
DB09204,-1.205872 3.176658 3.390059 -1.627504 1.943847 2.545418 -1.843219 -2.328911 3.213587 -2.488994 -0.417500 -2.383902 -2.771116 3.950988 -2.787347 -1.559925 -2.581533 1.301223 -2.521177 1.972827 3.234065 0.512116 -3.700373 -2.599491 -2.177095 -2.368392 1.621923 -2.526140 -2.387194 1.811367 2.930963 -1.218809 -2.385958 -2.272887 -0.102536 -0.997001 3.631364 -1.709719 -2.179135 -2.612507 -2.953127 -3.997977 -2.127638 -3.024642 -2.766899 -2.506320 -1.686662 -1.842357 2.213552 -2.669662 -2.220109 -3.516021 -2.091402 -1.693379 -2.271473 2.195865 -0.882835 -3.348446 -1.602761 2.326688 -1.926916 2.879735 -2.825321 -1.377814
DB09205,0.155189 -0.459811 -0.632861 0.249118 -0.667151 -0.365003 0.397617 0.080189 -0.192859 0.368147 0.008534 0.361497 0.479245 -0.153443 0.749880 0.364532 -0.032605 -0.284798 0.220567 -0.991160 -0.104497 -0.122878 0.931855 0.205812 0.161899 0.249394 0.569582 -0.212789 0.513319 0.022310 -0.404888 0.300715 0.242332 0.085975 0.365466 0.473666 -0.374891 -0.527732 0.058730 0.201736 0.155024 0.525063 0.195786 0.179214 0.210890 0.055063 0.511757 0.272163 -0.831599 0.003254 -0.100291 0.313369 0.366351 0.195998 0.162037 -0.390401 0.365571 0.267746 0.251739 -0.918482 0.078007 -0.532129 0.238909 0.399531
DB09212,0.414920 0.005390 0.262497 -0.185331 -0.365147 -0.135668 0.144933 -0.069693 0.808738 0.097656 0.240069 0.072739 0.020648 0.295635 0.444983 0.146443 -0.105814 -0.399344 -0.163930 -0.368979 0.157049 0.377072 0.489982 -0.009540 -0.004842 -0.029150 0.798011 -0.109459 0.249306 0.142282 -0.035162 0.462208 0.108716 0.058497 0.253869 0.384997 -0.018398 -0.428081 -0.336777 -0.081497 0.029007 0.085995 -0.005789 -0.124411 0.071268 -0.071261 0.405612 0.038139 -0.615716 -0.161808 -0.213998 0.026103 0.251573 -0.048342 -0.061855 0.268008 0.363981 0.059753 0.167025 -0.242601 -0.131037 -0.084385 -0.005279 0.254930
DB09213,-0.316415 2.850714 0.110021 -3.004010 1.681018 1.761056 -0.936677 -2.351520 2.292197 -1.903567 -0.800285 -1.969087 -2.282948 2.396369 -1.240309 -1.535491 -2.720758 1.210794 -2.488923 1.540487 2.272739 3.518422 -2.293460 -2.245949 -1.976155 -2.465987 2.312795 -0.746798 -1.946365 2.411621 2.378892 -0.407315 -2.782937 -2.798381 0.344589 -0.252505 2.122602 -0.619348 -3.221180 -2.542636 -1.609599 -3.616169 -1.667501 -1.988748 -1.978303 -2.616861 -1.084266 -2.395532 0.218593 -3.011630 -2.448553 -3.257673 -1.106217 -2.865886 -2.210776 2.678373 0.258070 -2.725539 -1.506300 1.520947 -2.844455 1.577805 -2.455927 -2.098029
DB09214,0.370832 -0.051817 -0.019980 -0.233965 -0.314169 -0.141406 0.163373 -0.103410 0.529099 0.124771 0.306161 0.109564 0.132084 0.261417 0.598424 0.157971 -0.157079 -0.410677 -0.146251 -0.214555 0.116767 0.427706 0.644325 -0.025510 -0.006390 -0.036432 0.756181 -0.077625 0.290390 0.202777 -0.073567 0.446873 0.109600 0.042228 0.209473 0.397646 -0.077080 -0.424186 -0.385722 -0.108600 0.053899 0.260508 -0.006317 -0.078067 0.078319 -0.122970 0.439127 0.008385 -0.558472 -0.191724 -0.268694 0.107014 0.270924 -0.127999 -0.066468 0.238804 0.388833 0.114477 0.139679 -0.268457 -0.174677 -0.126288 0.005653 0.259258
DB09216,-1.318920 1.854515 1.946520 -2.422973 -0.055603 1.746257 -2.399855 -2.253968 3.719912 -1.972059 -1.301716 -1.930694 -2.156547 2.315914 -0.560525 -1.692719 -1.676639 1.180986 -2.480436 1.789343 2.399032 -2.124449 0.075655 -2.138870 -2.109110 -2.029731 0.422627 -2.438759 -1.294400 1.973674 2.024450 -1.002314 -1.335874 -1.559982 -2.247267 -1.374779 2.370167 -3.485448 -2.737966 -2.231354 -2.323694 -0.975163 -2.198277 -2.659143 -1.920740 -1.937576 -1.007032 -1.864583 -0.083313 -2.028141 -1.831355 -1.630311 -1.903478 -1.942205 -1.622680 2.478820 -1.343832 -1.459463 -1.602097 1.465363 -2.010923 2.136627 -1.960232 -0.702694
DB09217,-1.024749 2.343893 1.765920 -3.060555 0.559383 1.985413 -2.146254 -2.546625 4.321272 -2.194945 -0.704367 -2.293181 -2.762723 2.992745 -0.378771 -1.786449 -2.131062 1.151246 -3.060782 1.870579 2.701582 -0.739122 -0.560471 -2.428491 -2.254904 -2.329914 1.786749 -2.338248 -1.419000 2.784537 2.211875 -0.663943 -1.669336 -1.873597 -1.880349 -1.072481 2.709688 -3.682439 -3.366084 -2.673732 -2.133204 -2.028760 -2.428062 -3.154880 -2.206705 -2.468043 -0.818996 -2.087627 -0.322808 -2.578283 -2.292905 -2.343233 -1.859646 -2.317194 -2.152399 3.278337 -0.818531 -1.961506 -1.607627 1.599094 -2.560665 2.202824 -2.306346 -1.041582
DB09223,-2.445080 2.225259 2.888294 -2.634980 2.804593 2.793236 -1.832840 -2.564000 2.302575 -2.637224 -2.649237 -2.460953 -1.942218 2.607111 -2.098199 -1.885731 -3.118917 2.753948 -2.461599 1.291382 2.805611 -1.688673 -1.192786 -2.710630 -2.631953 -2.712019 -1.236971 -3.300476 -2.031473 3.645097 2.205744 -2.376795 -2.369086 -2.653337 -0.283980 -1.208737 2.567534 -2.238697 -2.662472 -2.669837 -2.643997 -2.180258 -2.857126 -2.692412 -2.780765 -3.043324 -2.247675 -2.324053 0.760802 -2.785896 -3.515709 -2.375716 -2.594558 -2.285253 -3.516627 2.414810 -2.012340 -3.110524 -2.563582 1.894409 -2.844864 2.314096 -2.804007 -2.696077
DB09224,-0.234294 0.329556 0.836171 -0.260470 0.531575 0.480087 -0.184131 -0.350102 0.863897 -0.460584 -0.287593 -0.307327 -0.389364 0.722434 -0.662069 -0.038036 -0.586765 0.638696 -0.393304 0.109972 0.484661 0.141119 -0.106570 -0.432032 -0.382156 -0.460729 -0.197911 -0.640089 -0.328090 0.861460 0.382122 -0.165349 -0.324591 -0.439591 0.289515 0.136082 0.418873 -0.237911 -0.335728 -0.482118 -0.575320 -0.484485 -0.361989 -0.477325 -0.511047 -0.509858 -0.255022 -0.282198 0.114989 -0.412934 -0.625148 -0.487999 -0.474839 -0.223761 -0.684296 0.453788 -0.153530 -0.591216 -0.254627 0.191452 -0.410709 0.389585 -0.573531 -0.327292
DB09225,-0.937712 0.624340 1.843877 -1.117645 2.199728 1.393815 -0.453532 -0.628540 0.838223 -1.127109 -0.712212 -0.910079 -0.772720 0.582735 -1.073193 -0.639874 -0.812208 1.640113 -0.940988 1.649323 0.485903 -0.869091 -1.139979 -0.716370 -0.609241 -0.853915 -1.135286 -0.953665 -0.757381 1.632330 0.566051 -1.162107 -0.512154 -0.833389 0.441685 -0.411286 0.912887 0.388286 -0.613666 -0.894209 -0.311117 -0.593609 -1.206589 -0.898971 -1.044482 -0.984535 -1.231857 -0.754764 1.165981 -0.394516 -1.084204 -0.768306 -1.530016 -0.532119 -1.566962 1.622551 -0.770229 -0.857754 -0.925261 1.802810 -1.010633 1.044160 -0.821457 -1.503488
DB09227,-0.049767 0.046284 -0.700033 0.140162 -0.552610 -0.012066 0.044211 0.117703 -0.413409 0.069461 0.187569 -0.006655 -0.097359 -0.216591 -0.193679 -0.183954 0.305881 0.075524 0.191173 0.217227 0.035884 0.436219 -0.584667 0.244832 0.085798 0.097975 -0.234252 0.272079 -0.036836 -0.493010 0.020887 -0.157517 -0.115817 0.059545 0.021191 -0.283707 0.114598 0.436168 0.188959 0.167235 0.123547 -0.054684 0.198460 0.221634 0.181338 0.239360 -0.199087 0.051590 0.325218 0.187725 0.436510 0.039384 0.132094 -0.029400 0.284132 -0.493815 -0.341307 0.095789 0.002978 -0.006412 0.384243 0.064725 0.097534 0.106397
DB09232,0.342143 0.213424 0.945117 0.056147 -0.666502 0.164768 -0.121649 0.205899 0.619095 -0.018406 0.382931 0.042687 -0.337061 0.025396 -0.283055 -0.086998 0.286757 0.234496 -0.326661 0.896192 0.217194 -0.625537 -0.961313 0.095964 0.229919 0.179692 0.340832 0.100770 0.069833 -0.852250 0.235485 0.236147 0.052448 0.114133 0.465160 -0.243874 0.704156 0.093794 0.157543 0.033600 0.103420 0.130163 0.040366 -0.187890 0.008193 0.349670 -0.084492 0.093282 0.870161 0.141956 0.434467 0.039129 -0.158187 0.223150 0.388474 0.094995 -0.204349 0.198822 0.202635 0.453633 0.538509 0.134873 0.102062 0.274149
DB09239,0.572030 -0.239801 -0.099217 0.518796 -0.428349 -0.339782 0.335181 0.482789 0.189713 0.365243 0.678764 0.376946 0.200143 -0.212244 0.244111 0.368134 0.482104 -0.202302 0.314334 -0.101862 -0.335566 0.453417 -0.169826 0.465180 0.508589 0.479705 0.489491 0.498356 0.357390 -0.583472 -0.321828 0.507142 0.378650 0.422604 0.267946 0.286976 -0.181470 0.500805 0.485338 0.404623 0.452727 0.213193 0.486694 0.333657 0.384462 0.490466 0.346863 0.474614 0.342372 0.549994 0.547583 0.230993 0.399756 0.476180 0.487980 -0.151009 0.323156 0.376591 0.491121 -0.176244 0.603148 -0.219011 0.390741 0.472579
DB09245,-2.165649 1.910180 2.581125 -2.776708 3.095531 2.911169 -1.871167 -2.448916 2.696531 -2.541285 -1.564908 -2.215129 -2.201531 2.775798 -1.434650 -1.756138 -2.988039 3.069111 -3.114714 1.367565 2.568350 -3.141423 -1.200118 -2.740879 -2.270504 -2.507709 -0.363516 -3.212943 -1.573882 3.229839 1.817179 -1.901157 -1.985406 -2.705353 -1.180505 -1.277949 2.621740 -3.059593 -2.625484 -2.768217 -2.050568 -1.338711 -2.984702 -3.076584 -2.852792 -2.846953 -1.949812 -2.226601 1.358263 -2.539356 -3.559215 -2.361883 -2.711528 -1.958353 -3.327525 2.895638 -1.970608 -2.527955 -2.249928 1.801159 -2.918465 1.838106 -2.525597 -2.718565
DB09279,0.815078 -0.452219 -0.305573 0.646630 -0.631366 -0.560393 0.747274 0.618649 -0.333949 0.638262 0.830835 0.650580 0.545033 -0.467151 0.444617 0.687019 0.575631 -0.512419 0.604678 -0.544741 -0.502745 0.945191 0.121478 0.629751 0.675774 0.635809 0.770331 0.680588 0.614648 -0.670873 -0.551975 0.773712 0.520098 0.558093 0.673470 0.741676 -0.457279 0.726264 0.614244 0.627421 0.646493 0.255321 0.725442 0.572563 0.618775 0.626679 0.658536 0.627453 -0.167785 0.610003 0.589811 0.417433 0.683206 0.607140 0.592357 -0.336982 0.806531 0.479546 0.728246 -0.522354 0.654494 -0.537071 0.576445 0.573505
DB09286,0.404211 -0.643325 -0.051416 0.363767 -0.003981 -0.477977 0.586531 0.504200 -0.315045 0.468990 0.360335 0.571616 0.587225 -0.593607 0.476815 0.574651 0.373314 -0.347833 0.412619 -0.436717 -0.518931 0.193760 0.565060 0.495722 0.554357 0.477405 0.247054 0.320263 0.660494 -0.163950 -0.653067 0.436416 0.562426 0.442270 0.770336 0.585490 -0.505134 0.373588 0.458313 0.457600 0.579380 0.802199 0.383890 0.448925 0.445266 0.352259 0.434898 0.511844 -0.247229 0.544978 0.170689 0.561338 0.409852 0.484617 0.188070 -0.193758 0.438265 0.464309 0.460142 -0.435370 0.370024 -0.531726 0.513466 0.206670
DB09330,0.221898 -0.534025 -1.102287 0.388768 -0.977101 -0.602933 0.427246 0.359327 -0.718750 0.581525 0.234559 0.475588 0.631034 -0.635912 0.558159 0.246624 0.535233 -0.604658 0.633081 -0.455084 -0.552194 0.445474 0.436017 0.601365 0.345936 0.483342 -0.106581 0.540116 0.498146 -0.607523 -0.511731 0.122294 0.275420 0.353859 0.406311 0.044779 -0.715230 0.551757 0.436007 0.542700 0.541711 0.642315 0.472211 0.703710 0.619942 0.555885 0.307489 0.270383 -0.423956 0.462961 0.501978 0.637401 0.487613 0.147040 0.544103 -0.781337 0.159859 0.648750 0.244261 -0.686316 0.475311 -0.543706 0.583207 0.305183
