From	Entry	Interacts with
O00206	O00206	Q96A54; Q9Y6Y9; P11226; Q99836; Q9NPH5; O15389; O43699-3; Q9Y336; Q86XR7; P58753; O00206; Q9Y2C9; P24821; Q9Y6Y9; P49278
O00238	O00238	P12643; P43026
O00329	O00329	P01112; P27986; P27986-2; Q92569; P01112
O00444	O00444	Q9NX04; P36575; Q9Y297; A6NKD9; O94986; O94986-3; Q8TEP8; Q8TEP8-3; P59910; Q9H8V3; Q14241; O95995; Q9H4L5; P07237; O00444; P31947; Q96R06; Q15468; Q96A09; Q9UBB9; Q9BYV2; P62258; Q04917; O15060; P39009; P47141; Q02793; P18961
O00750	O00750	P00533; P04626; P62993; P16333; P31947; O43791; P14373; P63104
O14730	O14730	Q92851; Q92851-7; Q9BYX4; Q14653; Q9UHD2
O14746	O14746	P35222; Q9BVP2; P06748; Q96BK5; P29590-5; Q9Y265; P51532; O14746; O14773-1; Q92900; P03126
O14757	O14757	P38398; P30307; Q9HAW4; P67870; Q9UJM3; Q30154; P08238; Q06609; P06400; Q9HCE7-2; Q9UNS1; P04637; P31946; P61981
O14920	O14920	O14965; P15056; Q16543; O15111; P08238; Q70UQ0; O14920; Q9Y6K9; Q14145; Q99558; O43318; Q9Y6Q9; P19838; P25963; Q15653; P67775; Q04206; P23396; Q9UGK3; Q9UKE5; P04637; Q92574; P03230; P0DTC9; P24772; P03409; Q5D1E7; Q8WXH2
O14936	O14936	Q02410; P25054; Q8WXD9; P13569; Q12929; P41134; O14910; Q9Y2J0; P34741; Q9H788; Q13425; Q13009; Q8VHK2; Q63373; Q8WXD9; Q9H1P6; O14910; Q9HAP6; Q9UH92-3; Q9HB63; Q9H788
O14939	O14939	P05067; P23528; P62993; P15153; P13051-2
O14965	O14965	Q9NWT8; O15392; Q6PGQ7; P15056; P00533; P06730; P61978; Q13123; O14920; Q9NQS7; Q9NQS7-1; P04198; P06748; P53350; P23468; Q96R06; O15350; Q9ULW0; Q8VDQ8
O14976	O14976	Q9NQ11; P11142; Q5S007; P29703
O14980	O14980	O15392; Q08211; P04626; P22736; P35232; P61925; P18754; O95149; P04637; P63104; P04618; Q9WMX2
O15111	O15111	Q16543; P46527; O15111; Q13451; P07900; P08238; O14920; Q9Y6K9; Q92985; Q99558; Q5TCX8; O43318; P01106; Q7Z406; P19838; P25963; Q15653; Q04206; Q15796; Q86VP1; P03129; Q07857; Q6TY28; Q6TY35; Q80901; Q8B5B5; P71451; P24772; Q77M19
O15146	O15146	Q16543; P08238; P62258
O15197	O15197	P08238; O95994; Q8WXK4-2; Q9H2G9; Q96D03; Q9UKT9; Q0VD86; P35548; Q5VT66; Q9GZT8; Q7Z3S9; P78424; O14744; Q04864; Q04864-2; Q99081-3; P15884; P15884-3; Q96M29; Q96RU7; Q9HCM9; Q9HCM9-2
O15264	O15264	P31749; P21462; A5A3E0; Q15139; P40763
O15379	O15379	O43823; Q9ULX6; Q9UKG1; P24385; P23771; Q13227; Q13547; O60341; Q969R5; P43356; Q9UIS9; P01106; O75376; Q9Y618; Q15466; P48552; P00558; P00558-1; P60510; Q15022; O09106; P08393; Q60974; Q8CBD1; P12504
O15393	O15393	Q9BYF1; P01009; Q15848; Q86W74-2; P29972; O95393; Q12982; Q12983; Q6PL45-2; Q86Z23; O14523; Q9BXR6; Q9BXN2-6; Q9NWW5; Q96FZ5; Q6PI25; Q8TBE1; Q4LDR2; Q07325; Q9BQA9; P81534; P56851; Q9UKR5; Q92520; Q96IV6; P24593; Q6ZSS7; O75425; Q9NZG7; Q9UHJ9-5; Q9Y342; P26678; P60201-2; Q04941; Q13635-3; P53801; O00767; Q96IW7; Q9Y6D0; P11686; P78382; Q9NVC3; B2RUZ4; O15400; Q9UNK0; P17152; A0PK00; Q5BJH2-2; A2RU14; Q9H0R3; Q8NBD8; Q9BU79; Q9H2L4; Q9BSE2; Q8N2M4; Q8N661; P01375; Q5BVD1; O00526; O95183; Q9BQB6; O95159
O15399	O15399	Q62936
O15439	O15439	Q12959; Q15700; P78352; Q96QZ7; Q86UL8; Q5TCQ9; O75970; Q00013; Q15599; Q8NI35; O15018; Q9H5P4; Q5T2W1; Q14160
O15530	O15530	P31749; Q00005; Q9Y4P3; O75385; Q04917; P27348; P54252; P42858; Q8WXH2; Q8IUH5
O15554	O15554	Q13323; P62158; P13569; Q8TBE1; Q14802-3; Q8TDT2; Q9NRX4; Q01453; Q9BRI3; P61266
O43283	O43283	O43283
O43293	O43293	O43293; Q86V48; Q9UBE8; O14974; Q8TDR4; Q10728
O43353	O43353	Q13490; Q13489; Q9BX69; Q7Z434; Q9Y239; Q9HC29; Q5VV17; O43353; Q12933; Q13114; P98170; P62258
O43451	O43451	Q13520; Q7Z7G2; Q96BA8; O15529; P14410; P54219-3; Q9NUH8
O43613	O43613	P35414
O60218	O60218	Q13085; C9JRZ8; Q9NYB0
O60285	O60285	O95835; P10644; Q9UQ35; P04637; Q93008
O60674	O60674	P32927; Q01344; P23458; O60674; P40238; P16333; P18031; O75116; P29597; Q9JHI9
O75116	O75116	P05067; O60674; P40763
O75385	O75385	Q9C0C7; Q9C0C7-3; O75143; Q96LT7-1; Q96LT7-2; O95166; Q9H0R8; P60520; P42858; Q9GZQ8; Q9BXW4; P42345; P04629; O15530; P54646; Q9Y478; Q8TDY2; Q8N122; Q9P2M4; Q9Y4K3; O75385
O75460	O75460	Q07812; O75460; P11021; Q86TM6; Q9H2K8; Q12933; Q969M3; O08734; Q07813; P20029; O75460-1; P11021; Q13438; Q9UBV2; Q86TM6; Q6DHV7-2; Q96MA6; Q66PJ3-4; Q9UBL3; Q96FT7-4; Q8TBE0; Q9NNX6-10; P38936; Q96EY1-3; Q92782-2; O77932; Q06547-2; Q06547-3; P52655; Q0VD86; Q92615; Q6PHZ7; Q6GQQ9-2; Q8N2H9-4; O15534; Q58EX7-2; Q5SXH7-1; Q14181; Q9UHI5; O14544; Q496A3; Q8IUR5-4; P49459; Q9NX94; Q9BYN7-2; Q3KNS6-3; Q9BRT8
O75469	O75469	P08238; Q15788
O75716	O75716	Q6UY14; Q6UY14-3; O95994; Q9HBZ2; Q9Y6H3; Q7RTU4; Q13137; Q13185; P27918; O43186; A8MUP2; A8MQ03; Q96D03; Q96EY1-2; Q9Y295; O95967; Q5JST6; Q96Q35; O43559; P51114-2; Q06546; Q9UKT9; Q0VD86; Q9BQ13; Q9BQ13-2; Q8N5Z5; Q8N5Z5-2; Q9BS75; Q5T749; Q15323; Q07627; Q8IUG1; P60370; P60409; P60410; P60411; Q8IUC1; Q52LG2; Q6PEX3; Q3LI67; P50222; Q7Z3K6-2; Q5JXC2; Q5JR59; Q93015-2; Q9GZT8; Q7Z3S9; P0DPK4; Q92824; Q96KN3; O15496; O15162; Q9NRY6; Q9NQX0; P31321; Q03431; Q04864; Q04864-2; Q8HWS3; P49247; Q2I0M5; Q8IYX7; P12757; O14508; O43597; Q99081; P15884; Q08117; Q13829; O43734; P14373; Q8IWZ5; Q15654; Q70EL1-9; Q9P202; Q9Y3S2; Q6P1L6; Q6NX45; P32233; Q7DB77
O75751	O75751	P00519
O75874	O75874	P15056; P0DP23; P27797; P36957; O75874; Q8TDX7; P16284; P17612; P50454; P37173; Q05086-3
O75914	O75914	P60953-2; Q9H4E5
O76074	O76074	Q9NZN9; Q13976; Q9NZD8
O76083	O76083	O95817; P49759; Q49AN0; Q9H8Y8; P60410; Q9BYR5; Q9BYQ4; Q14657; Q8NAJ2; P25791; Q9BRA0; Q7Z3S9; O76083-2; Q96FC7-2; P49888; Q13049; Q9BRU9; Q9Y260; O95817; Q16543; P49759-3; Q49AN0; A8MQ03; Q15051-2; Q63ZY3; O76011; Q07627; Q8IUG1; P60409; P60410; P60411; P59991; P60328; P26371; Q14657; Q16649; O76083-2; Q96FC7; Q99633; O00560; P49888; Q13049; O15205; P61964; P25377; Q00618; P39518; P32502; P40454; P38744; Q12259; O76083-2; Q13049
O94804	O94804	O94804
O95237	O95237	P62952; Q7Z5P4; O60361; Q9Y320
O95382	O95382	P31947; P62258; P61981
O95747	O95747	Q9Y376; O95747; Q8NC24; P55011; Q9H4A3; Q9Y3S1; Q96J92
O95749	O95749	O00244; O95749; O00560
O95819	O95819	Q9NRI5; Q9H0R5; Q8N4C8
O95835	O95835	P06493; P24941; Q9Y4B6; P03372; P53667; Q9H8S9; Q7L9L4; P35240; O60285; O43255; Q13485; Q15831; Q9GZV5; P46937; Q15942; P46662; O15145; Q9UHD9
O95977	O95977	P57678
O96013	O96013	P60953; Q96EL1; P31947; P54274; O00401; P31946; P62258; P61981; P27348; P63104; P05067; P37840
O96017	O96017	Q9NY61; P30304; Q9UQ88-1; O96017; Q9Y248; Q13007; P52292; Q96KN1; Q00987; P56645; P53350; O15355; Q15172; Q15173; Q13362-1; Q13362-2; Q13362-3; Q16537; P06400; Q5VTR2; P04637; Q93009; P55072; P18887; PRO_0000037319 [P0C6X7]; P06725; PRO_0000037577 [P27958]
P00338	P00338	P11142; P00338; P07195; P07864; P07195; A0A286YFD7; Q499Y8
P00352	P00352	P09172; P14136; Q8WXH2
P00395	P00395	Q9Y2R0; P13073; Q9BVV7
P00488	P00488	Q8WXK3-2; Q9BXL8; Q96MX0; Q99944; Q6NXG1; Q6NXG1-3; Q96GL9; Q14005-2; Q9Y2M5; Q6DKI2; Q6P4D5-2; P19388; Q6ZMI0-5; Q8WZ73-3; Q2NKQ1-4; O15273; O60830; Q8IUR5-4; O60636; Q9NZC7-5; Q96EF9; Q7Z783
P00491	P00491	P05067; Q9UQM7; O14576-2; P06241; P14136; Q92993-2; Q9BXM7; P00491; P17612; P63000; Q92673; Q15583
P00519	P00519	Q8IZP0; Q9NYB9; O14672; P10275; Q13315; Q4KMG0; P46108; P46109; P35222; P00533; P04626; Q03468; Q14315; P36888; P08631; P05107; P10721; Q38SD2; Q92918; Q7Z434; O43196; P15941; P15941-12; P16333; O43900; Q13905; Q86UR5; Q13671; P31947; Q15464; O75751; P37840; Q9BX66; O60504-2; Q07890; P12931; P51692; Q9Y4G6; P11387; P04637; P15498; Q92558; Q9Y6W5; P62258; P61981; P63104; O35158; P37840; P48165; Q15323; P37840
P00533	P00533	P00519; P42684; Q15109; Q9UKV8; Q09666; O00170; Q02952; P31749; P49418; Q92625; P04083; P07355; Q10567; Q96CW1; O00213; Q92870; O95704; Q9UKG1; P49407; P32121; O14965; P30530; Q9UQB8; Q9BXH1; Q14457; P51451; P62158; P49069; Q03135; P51636; P22681; Q16543; P12830; P06493; P23528; Q9BZP6; Q9NSE2; Q7Z7G1; Q8IZV2; Q8WXI2; P46108; P46108-1; P46109; P41240; O60716; Q14247; Q7L591; Q6PKX4; P01133; P00533; Q6UW88; Q12929; P04626; P21860; Q15303; P07992; O14944; Q9UJM3; P03372; P03372-4; Q92731; Q96A65; P15311; Q9BXW9; P09769; Q13451; Q14318; Q13480; Q9UQC2; P60520; P47869; P04406; Q8NBJ4; P17174; Q14956; Q14956-1; O75791; Q13322; P62993; P25098; Q99075; P08631; Q9UBN7; Q8WUI4; P07900; P08238; Q6PK50; P08107; P34932; P11142; P38646; P17936; P46940; O14654; Q9NZM3; P14923; Q86VI4; O43561; Q13094; Q96FE5; Q96JA1; O94898; Q38SD2; P07948; P07948-1; Q9BRK4; Q12852; Q9UQF2; Q13387; Q9Y2H9; Q9NS73; P08581; P14174; P15941; P16333; P46934; P04150; Q16620; P49757; Q9Y6R0; Q13438; Q8WUM4; P16234; O00750; P27986; O00459; Q92569; P19174; P16885; P35813; P17252; Q05397; Q13882; P18031; Q06124; Q05209; Q9Y2R2; P18433; P23467; P08575; P23470; Q9HD43; Q9UJ41; P04049; Q70E73; P20936; Q13671; Q01973; Q92622; P26447; P61619; Q9UBV2; P31947; Q9NRF2; Q9UQQ2; Q9BRG2; O75368; Q99962; Q96B97; P29353; P29353-7; P98077; Q6S5L8; O75563; Q13239; P13866; Q07889; P12931; P42224; P40763; P42229; P51692; P31948; Q9UNE7; O43752; P43405; Q15750; Q9Y6A5; P01135; Q9Y490; O60603; Q9Y6Q6-2; Q68CZ2; Q8IZW8; O75674; Q12933; Q71U36; Q13885; P10599; P09936; Q8TEY7; Q9P0L0; Q9UPY6; P07947; P27348; P63104; P43403; Q53FC7; Q96BE0; P62161; P22682; P62994; Q9QZC5; P97313; P20417; Q80U62; P0DTC2; Q8K424
P00558	P00558	P04406; O15379; Q8TDX7; P12004; P07205; O15379
P00734	P00734	P05067; P07204; Q846V4; PRO_0000032489 [P01008]
P00747	P00747	P02749; Q3SYB3; PRO_0000018520 [P28300]; Q8N4S9; P75390; P75391; P75392; P75393; Q99SU7; P00779; Q6V4L1; Q6V4L4; Q6V4L5; Q6V4L9
P00748	P00748	P05067; Q07021; P13473-2
P00749	P00749	Q9UKQ2; P05067; Q03405-1; P05121; P55000
P00797	P00797	P01019
P00915	P00915	Q12800
P01031	P01031	Q68DC2; Q13520; Q03591; Q7Z7G2; Q96BA8; Q15125; P23276; Q8N743; Q8N4V1; O14524-2; O15173; P78424; Q8WWF3; Q91132
P01106	P01106	Q13085; Q92974; P16615; Q9UBB4; O15169; O00499-10; O00499-11; Q15059; P55212; P45973; Q8N163; P06307; A5D8W4; P11802; Q86XR8; P28329-3; Q14839; O15111; Q8TCG1; Q9Y678; P17812; Q9UHI6; Q9GZR7; Q01658; Q15029; Q96L91; Q96L91-2; Q969H0; Q8N3Y1; P22607; O43524; P49841-2; P06396; Q00403; Q9Y5Q9; Q92769; O15379; Q9NRZ9; P07910; Q9Y6K9; Q8TEX9; Q96P70; Q13576; O60341; O00629; P13473-2; P42704; Q3KQU3; P56192; P61244; O95983; P33993; Q8N6R0; A9UHW6; Q96T76; P52701; Q9BQG0; P01106; O00567; Q8WUM0; Q8N1F7; O60313; Q9NTI5; O75928; Q13526; Q07864; P30876; O75400-2; O94906; P35249; P62913; Q9Y371; O75182; Q96EB6; Q8N6T7; Q13309; P51532; Q92922; O95347; Q9NTJ3; Q8TAD8; O75643; P08047; P31948; Q13148; P37173; P11387; Q13263; Q14669; Q9Y4A5; P0CG48; Q9UMX0; P17480; P61964; Q9HAV4; Q13105; Q9Y649; P03126; P03129; P04020; P06788; P03204; P52164; Q62141; P03070
P01375	P01375	P05067; Q92482; Q9BXK5; Q6UXG8-3; Q8IYJ2-2; Q8WV48; Q6NSX1; O95471; Q8IUN9; Q96BA8; P00387; Q5JX71; O15552; Q8TBE3; Q9Y6K9; Q8N6L0; Q8N386; O43300; Q9HC36; O75459; Q96RD7; Q8N4L2; Q53GL0; Q6ZMZ0; P31949; P80511; Q99584; Q16585; Q15849; O14863; Q8WWF3; P27105; Q16623; O15393-2; P01375; P19438; P20333; Q9H7M9; Q96S55; Q6PEW1; Q9DHW0; O89110; Q8UYL3; O88351; Q60855; Q60769; P25118; Q3U0V2
P02144	P02144	O00230
P02753	P02753	Q9UBX0; P02766; O55245
P02766	P02766	Q15109; P05067; PRO_0000000092 [P05067]; Q9NP61; Q9Y575-3; P18848; Q9Y2D1; P15313; Q0VDD7; Q8N163; Q01850; Q494V2-2; Q9Y3D0; Q9Y240; Q6PJW8-3; Q96MW5; Q9UNS2; Q6NXG1; Q49AJ0-4; Q9UHY8; Q7Z602; P68431; Q14642; Q86U28; Q96SI1-2; Q06136; Q12756; Q9Y2M5; Q8N6F8; P41218; P25713; Q16718; Q7Z6G3-2; Q8NFH3; Q96FW1; Q6GQQ9-2; O75781-2; Q8N3R9; P27986-2; P11908; Q8WUY3; P02753; Q96D59; Q9C004; Q8IXS7; Q8NBJ7; Q8WUA7-2; Q13569; P21980-2; A0AVI4-2; P02766; Q969T4; O95164; Q8IWV7; P45880; P58304; Q9BRX9; Q2QGD7; Q86V28
P02768	P02768	P02768; P02786; Q8N5Z5; Q6GQQ9-2; Q07869; Q09028; Q86WT6-2; O76024
P02795	P02795	P02649; Q96A83-2; O14645; Q8TE69; P21333-2; P42858; Q9UMF0; O14901; P31153; Q9BVL2; A0A6Q8PF08; Q15139; P37840; P14678-2; P58062
P03372	P03372	Q12802; Q03989; Q6XD76; Q9Y294; Q8IXJ9; Q6PL18; P18846; P62952; P38398; P20290-2; Q86Y37; P29279; P17676; Q99966; Q9H467; Q9NV06; O00429; O60869; P00533; P03372; Q12778; O43524; Q9Y3R0; O00165; Q6NYC1; O15054; O14686; O95835; Q6ZQX7-4; Q9Y6C7; Q96Q04; Q9BQ69; Q00987; Q15648; P60660; Q15788; Q15596; Q9Y6Q9; Q9UN36; PRO_0000030311 [P19838]; Q96RI1-3; Q9BZ95; Q9BTK6; Q96AQ6-1; P06401; P06401-1; Q99623; P36873; P53041; P55345; P60763; O43251; Q04206; Q14151; Q96HI0; P08047; Q02447; O43791; P12931; P42229; O15164; Q16881-4; Q9UBK9; O76024; Q8N895; P59598; P05627; Q9JLI4; Q60974; P62962; P00523; P03372-1; Q92731; Q92993; Q96AQ6-1; P00533; P29353; P12931
P04049	P04049	P31749; P05067; Q99933; O95816; P15056; Q14790; P49368; P30304; Q16543; P31327; P00533; O15371; O95714; P01112; P07900; P08238; P11021; P01116; P01116-2; P05783; P08727; Q8IVT5; Q02750; P36507; Q15773; Q12968; P01111; O43482; Q13153; Q13177; Q6TCH7; P30086; Q96S96; Q13526; P14618; P62136; P67775; Q13362; P04049; P62834; P06400; P53805-2; P31947; Q13485; Q13188; Q9UNE7; Q3ZCQ8; P31946; P62258; P61981; Q04917; P27348; P63104; P32883; P28301; Q9ESN9-2; P03495; O39474; P01120
P04062	P04062	P17987
P04150	P04150	P31749; P01730; P00533; P41235; P07900; Q6ZU52; P06239; P28702; Q14141; O95416; P82094; P59598; Q62667; Q61026
P04156	P04156	Q9UL18; Q9UKV8; P05067; P05067-4; PRO_0000000092 [P05067]; Q8WXF7; P25311; P55085; Q13642; O75084; P49639; P42858; P10636; P29372; Q9BSJ6; Q9H4B4; Q06830; P04156; Q8N6K7-2; Q8CJG0; P04925; P10279; P23907; P31424-2; P52480
P04183	P04183	P05067; A0A087WZT3; Q92993; Q1RN33; P04183
P04271	P04271	P01023; Q15109; Q06481-5; P05067; Q13867; Q9UQM7; P27824-2; P52907; Q86YQ8-2; Q9UGL9; P48730-2; O75553-5; O14576-2; P21860; P0DMV8; Q8TBB1; Q07954-2; Q00987; O15151; Q13015; P35579; P41271-2; Q15843; P62136; P17612; P63000; Q15418; P23297; Q5T7Y6; P31949; P29034; P26447; P06703; P06702; P04271; P25815; Q8WXG8; O00560; Q92599-3; Q9NZD8; P04637; Q9Y4K3; P13051-2; P17028; P32502
P04406	P04406	Q6UY14-3; Q9UIJ7; P05067; Q9UQM7; Q14194; P35222; Q9BPW9-4; P00533; O00471; O75344; P06241; P04406; O14556; Q8NEA9; P42858; Q92993-2; P42695; P35228; P12004; P00558; P48147; P17612; Q8WUY3; Q9UHX1-2; P15927; P05109; Q96GZ6; P00441; Q9BSI4; P10599
P04626	P04626	P00519; P42684; P15309; P60709; Q92625; O00213; O75815; Q9HB71; Q16543; Q9NSE2; Q7Z7G1; P46109; Q93034; Q99704; Q8TEW6; Q15075; P98172; P00533; P04626; P21860; Q15303; Q9UJM3; P09769; P06241; O75791; P62993; Q14451; P07900; P08238; P14625; P11021; P46940; P35568; Q08881; P23458; Q14974; Q96JA1; O75367; O75367-3; Q9UQF2; Q13387; P42679; Q9Y316; O43639; Q02297-7; O00750; P27986; O00459; Q92569; P19174; P16885; O95602; Q13882; Q06124; Q05209; Q99952; Q99952-1; P23467; P08575; Q12913; Q15262; Q16827; Q15256; P49792; P20936; O95980; Q9NP31; P29353; P98077; Q92529; Q9H6Q3; O15524; O43791; P12931; P42224; P40763; P31948; Q7KZ85; P43405; Q9Y490; Q63HR2; Q68CZ2; Q96D37; P52735; O14980; P62258
P04629	P04629	P05067-4; P22681; P08238; P01138; PRO_0000019600 [P01138]; P04629; Q16288; P27986; P19174; P18031; Q99523; Q13501; P35590; O75385; Q8K4V6
P05023	P05023	P05026; Q92597; P13693
P05067	P05067	Q9NY61; P16112; P60709; P61158; O14672; A0AVL1; P18509; P41586-2; Q15109; Q13155; P63010-2; Q02410; Q99767; O96018; O00213; O00213-2; Q92870; Q92870-2; O95704; P02743; Q96BI3; Q8WW43; Q06481-5; P02647; P05067; Q92624; Q6P4J0; P61204; Q0P5N6; P56211; P05026; P54253; P56817; Q9Y5Z0; Q92934; P46379-2; Q96GW7; P51572; P10415; P23560-2; O15392; Q13867; P35613; Q8IU99; P62158; P27797; O43852-3; Q9UQM7; P27824-2; P07384; P29466-3; P42574; Q14790; Q03135; P83916; P40227; P16671; Q08722-3; P06493; Q00535; P42773; P43681; P36544; Q16740; O94985-2; Q8IUW6; P10909; P26441; Q02246; Q8NE08; Q96A83-2; P29400-2; Q14031; P31146; P20674; P15086; P02511; P48730; P48730-2; P68400; P01034; P49711; P07339; P99999; O75553-4; P98082; Q14203-5; Q13561; Q6I9W9; O14645; Q01658; P21917; Q16828; Q92997; O14576-2; O14576-5; Q01094; Q3B7T1; P20042; P19419; P11171-2; P11171-7; Q9BS26; P00748; P00734; P23142-4; Q92915; P62942; P21333-2; O75955; Q9BTI6; P01100; P25090; P09958; P06241; P04406; Q9UJY5-4; Q05586; P25098; P43250; P43250-2; A4D1B5; P49841-2; Q03013; Q00403; Q9Y5Q9; P09429; P30519; Q9UJC3; Q99714; Q99714-2; P07900; P14625; P11021; P11142; P04792; Q16082; P10809; P42858; Q9UMF0; P14735; Q16352; Q6DN90-2; P05556; Q9Y287; P05412; P17535; Q92993; Q92993-2; Q13303; Q9Y2W7; O60333-2; Q07866-2; O14901; Q92876; P01116-2; Q16363-3; Q9BYZ2; Q96FE5; Q07954-2; Q9NZR2; P30533; P42704; P07948; Q9GZQ8; P36507; P28482; P53778; Q9UQF2; P10636; P10636-8; Q9P0L2; Q6IPE9; Q96L34; Q00266; P02686-2; Q93074; Q8TDB4; O94851; A4FUJ8; P08473; P08253; Q99547; Q8N594; P41227; Q13765; Q13564; P41271-2; P19404; O76041; P12036; I6L9F6; P21359; P01138; P08138; Q6IAD4; Q99466; P43354; Q6PK61; Q02818; P49757-8; P04181; Q96FW1; P11940; O96013-2; Q99497; Q6ZW49; P61457; P16234-2; P09619; P30101; Q15084; Q15118; Q13113; P18669; Q8WUB8-2; Q8N2W9; P42338; P48736; P27986-2; Q13526; Q9BXM7; Q16512; P00749; Q13393; O14939; P53350; O14494; O15162; Q8WVK1; Q9HCM2; A0A6Q8PF08; P00491; P62937; P62136; P41236; P67775; P63151; Q00005; Q15172; P48454; P17612; P22694; P22694-8; P22612; Q9UGJ0-3; Q05655; Q02156; O60260-5; P04156; P60891; P07602; P49768; P49768-2; P49810; Q9NZ42; P28062-2; P17980; Q14289; P20340-2; P63000; P04049; Q96S59; Q9Y272; P61586; Q9Y3C5; Q6ZNA4-2; Q9ULX5; O75116; P46779; Q15349; P23443-4; P04271; P21673; Q6AZY7-2; Q8WTV0; P18827; Q15019-3; O43236; Q99719; Q92599-3; P01011; P29353; Q92529; Q8IUQ4-2; Q9GZS3; Q7Z2H8; Q9NP59; P84022; Q13485; P37840; Q16143; Q15036; O60749; Q8WV41; Q9UNH7; Q92673; Q99932-2; P11277; Q13501; P61278; P32745; P40763-2; Q8IWL8; O14662-5; Q13190-4; O43752; P61764; Q9Y5B9; P43405; P43405-2; P08247; Q13148; P20226; Q16650; O43680; P01137; P61812; Q15583; Q15583-2; P04216; P04183; Q9BX74; P49755; Q9BTD3; Q9NV96; P62328; P01375; O75509; O43508; O75888-3; Q96GM8; O14656; O14656-2; Q05BL1; Q13625; Q9C026; Q15714-2; P02766; Q71U36; P68363; P68366; P07437; Q8TBC4; P0CG47; P62837; Q9UMX0; P09936; P13051-2; O75604-3; Q9BVJ6; Q9H270; Q8N0S8; Q96AX1; Q96QK1; O76024; O00744; P19544-6; P31946; O60293; P17028; Q8N895; Q03936; Q8NHT4; O35431; P15253; Q9WVI9-1; Q8BGY9; Q306T3; Q9H7C9; P63010-2; Q0P5N6; O15392; Q9UHY8; P06241-3; Q12891; Q6DN90-2; Q9BYQ4; O95447; Q9BYZ2; Q8TDB4; A4FUJ8; P15941-11; Q13113; Q6ZNA4-2; Q9ULX5; Q2NKQ1-4; Q8IUQ4-2; Q9GZS3; Q99932-2; Q8IUW3; Q13148; Q16650; Q5HYA8; P09936; O00213; P51693; Q06481; P05067-4; Q13867; Q9NZU0; P46089; O43736; Q68DU8; Q96FE5; P04629; Q13526; P60201; P04156; P49768; Q92673; PRO_0000033163 [Q99523]; Q9HCB6; O95793; O35430; O35431; O70248; Q8VEK0; P17677; Q9NSC5; Q9Y287; O95631; Q9UIK5; Q92673; Q8K3H7; Q8VEK0; Q9BYF1; PRO_0000000092 [P05067]; P48047; P36544; P10909-5; PRO_0000005794 [P39060]; PRO_0000033156 [O00230]; Q99714; Q8N423; P10636; P08253; Q9NZV6; P03897; Q8IVG9; O95411; O95631; Q15113; Q08752; P30405; P04156; P11686-1; PRO_0000033088 [P61278]; P21980; O60602; Q9NZC2; P02766; P15253; Q05941; P03452; P97484; K9N5Q8; PRO_0000449647 [P0DTC2]; Q99NH8; P02649; PRO_0000000093 [P05067]; P10909; P49840; P49841; P14735-1; P08253; P08138; Q5JRX3-1; Q08752; Q92673; O60602; P31696; P15253; P07174
P05106	P05106	P78423; P21333; P08514; P08514-1; P06756; P05106; P18031; Q9Y490; P05094; P97465; F5HB81; Q9QZS3; Q62101; P05480-2; P26039; P54939; P06935
P05113	P05113	P32927; Q01344; Q01344-2
P05129	P05129	Q96KS9; P08238; P08727; O75925; P17252; Q8N6K7-2; Q8TDR4; P62258
P05164	P05164	P27797; P27918; Q9UNE7
P05177	P05177	O95870
P05187	P05187	Q6UY14-3; Q9UGL9; Q02930-3; P42830; A8MQ03; Q9NWN3; P57678; O15499; P49639; P24592; Q07627; Q8IUG1; P60410; Q9BQ66; P26371; Q5T752; Q5T753; Q5T754; Q5TA81; Q5TA76; Q5TA77; Q5T5A8; Q9BYE3; Q5T5B0; Q5TCM9; Q5T871; Q6FHY5; P0DPK4; Q92570; P32242; Q12837; P49795; O76081-6; P49901; P22735
P05231	P05231	P05231; P08887; PRO_0000450730 [P08887]; P40189; Q92673; Q99523
P05362	P05362	Q99828; A8MQ03; P20701; Q14145; P60410; P18440; Q9BRX2; Q9UHD9
P05771	P05771	Q8NEM2; Q9BSI4; O60341-1; Q6DHV7-2; Q9UQM7; Q6ZQX7-4; O60346; Q6ZVD8
P06213	P06213	Q99490; Q8NEJ0; Q13322; P05019; P08069; P14616; P35568; Q9Y4H2; Q15323; Q13257; P27986; P19174; P18031; Q06124; Q15262; Q15256; Q9NRF2; P29353; P01317; P35570; P32121; P06213-1; P18031; Q92485-2; P81122; Q1XH17; P01308; Q13257; Q92485-2; P01317
P06239	P06239	O14672; Q13444; P10275; P20749; P22681; P20963; P01730; Q5VV42; Q12959; P36888; Q13283; Q13480; P23771; P07900; P08238; Q07666; P10721; O43561; P06239; Q13094; Q9BRK4; P28482; Q9H204; P08581; P04150; Q04759; Q9Y2R2; P29350; P08575; Q9NP31; P43405; Q8N1K5-1; P0CG48; P62258; P43403; Q63767; P08921; P22575; Q9YJQ8; Q96DX5; Q9BXJ5; A8MTA8-2; Q9GZU7; Q8NI38; I6L996; Q92753-1; Q9UPQ4-2; Q5T6F2
P06241	P06241	P42684; O14672; Q13444; P31749; Q92870-2; Q96BI3; Q06481-5; P05067; A7KAX9; O14559; Q9ULH1; P54253; P56945; P23560-2; P22681; P35520; P83916; P06307; P06729; Q9Y5K6; Q16543; P99999; O43281; P04626; P48023; P36888; P02751-7; O15117; P06241; P04406; Q9HCN6; Q9HCN6-1; P30519; P07900; P08238; P50406; Q07666; P13473-2; Q92918; P10636; P10636-2; P10636-5; P10636-6; P10636-8; Q9H204; Q9NZQ3; Q8WX92; Q9NWQ8; Q8WUM4; P09619; P00491; O43900; Q05655; Q04759; Q9NZ42; Q05397; Q14289; P62826; Q13905; Q86UR5; Q96GP6; P37840; P12931; Q9UNE7; P13051-2; Q9UBQ0-2; P42768; Q9Y2W2; Q9WU82; Q2GHU2; P31424-2; P61980; P03407; Q9QPN3; Q8BHK6; O92972; P27958; Q9WMX2; P05067-2; P54253; P54252; O95429; P46379-2; P56945; Q13191; Q9Y2H0-1; O14645; P50570-2; Q8N9I9; O43281-2; Q9UJM3; Q86YD7; P14136; Q53GS7; P42858; Q8WXH2; O14901; Q6FHY5; P19404; Q99497; Q16637; P37840; Q7Z699; P14927
P06401	P06401	Q9H467; P03372; P06401; P40763; P03372
P06493	P06493	Q86V81; P05067; O15392; P14635; P30307; Q99741; P38936; P46527; P61024; O75618-1; P36957; P00533; P19525; Q12778; O95835; P27986-2; Q99640; O43508; P0CG48; P21796; P03070
P06746	P06746	Q9H5J8; P29144; O76024; P18887
P06858	P06858	Q9UI10; Q8IV16; O00746; C9J082; O14744; Q8TAS3; O00233; Q8IYM2; Q9UMY4; O43493-5; Q8NFB2; Q8N0U8
P07148	P07148	P54764; P21333-2; Q96EK6
P07195	P07195	P42858; P00338; P00338-3; P07195; P07864; Q5S007; P50542; O00560; P54274; P38340
P07203	P07203	P13569; PRO_0000449623 [P0DTD1]
P07332	P07332	P10275; P15924; P15311; Q13480; P10721; P54274
P07333	P07333	P09603; Q15375; P29323; Q6ZMJ4-1
P07451	P07451	P37235; Q9BS40
P07550	P07550	P30542; P07550; P32121; Q96B67; Q9UII2; Q9ULD4-2; Q9NSI6-4; Q5M9N0-2; A0AVK6; Q658K8; O00472; Q15910-2; Q15486; P61978; Q5TCQ9; Q99685; O14745; Q9NR21-5; Q8WVD3; Q9H0X6; Q13573; P12931; Q5T0J7-2; Q8N0U2
P07686	P07686	Q9Y575-3; O75808; Q9UNS2; Q96KR6; P06865; P49639; Q8N4N3; Q8TBB1; Q13064; Q13564; Q8NFH3; Q9GZY0; Q96FW1; O75925; Q96PM5-4; Q96D59; Q6NW29; Q04724; Q9NUH8; Q7KZS0; O95164; Q9UHD9; Q9H347; Q8IYU4; Q8IWV7; O00308; P98170; Q05516
P07711	P07711	O60911; O43765; P0DTC2; P59594; G5EFH4
P07900	P07900	Q6UY14-3; O95433; Q9Y243; Q16671; P05067; Q9H0C5; Q9UQM7; Q8IWD4; Q9BV29; Q16543; Q7L3B6; Q96Q40; P50750; Q96G23; Q9UHD1; O15111; Q6QEF8-4; Q14194; P35222; Q15438; Q9NR20; P00533; P07814; P04626; Q02790; Q13451; Q14318; P06241; Q96LI6-3; P07900; Q6PK50; Q9Y6K9; Q9UHH9; P05412; Q92993-2; Q6VAB6; P06239; Q99558; O43318-2; P00540; Q9Y239; P04150; Q8WVJ2; P43034; P53041; P17612; Q8WUY3; Q96QS6; Q15185; P04049; Q13127; Q9H6T3; P61247; P12931; Q15831; Q9UNE7; Q15750; Q9NYJ8; O94826; Q9BXA6; P10599; Q8IWX7; Q9H6R7-2; Q9D1P4; P26882; P35467
P07947	P07947	O14672; P09917; Q9Y2J4; P10275; P56945; Q8TD16-2; Q6P1W5; Q9H257-2; Q13191; Q9ULV8; Q16543; Q9H5V8; Q8IYX8; Q9Y592-2; Q9HD42; Q16630-2; P46109; A8MQ03; Q96D03; Q68D51-2; P17661; O60496; Q8N9I9; O43281-2; P00533; P25445-1; Q96Q35-2; Q8IVP5; P51114-2; P51116; Q13480; O95995; P14136; P08238; Q9UKT9; Q96N16; P10721; Q14847-2; Q9NUP9; Q9H204; P08581; Q9GZT8; Q8TAK6; P09619; Q9NRD5; Q92569; I6L996; P49023-2; Q15428; Q9NR46; O14508; O14543; O14512; Q9BWW4; Q9UGK3; Q9NVV9; Q12933; Q9Y4K3; Q9C035-3; Q3SY00; Q96BR9; Q96GY0; Q7Z4V0
P07948	P07948	P01023; O43184; Q13444; P05067; P10275; Q8NDB2; Q96GW7; P22681; P20273; P25063; P16671; P11049; P46527; P50570-2; P00533; Q9BS26; Q13480; Q9HCN6; Q9HCN6-1; P14317; P08238; P05556; Q07666; P10721; Q96L34; P33993; P51608; P08581; Q9NWQ8; P27986-2; P07602; Q05397; P63244; Q6UWF3; P37840; Q7Z699; P12931; Q15642; Q8R5G7; Q08857; P61980; P03407; Q9QPN3; O92972; P22575; P27958; Q9WMX2; P00533; P33993
P07949	P07949	Q9UM73; P22681; P62861; P22455; Q7Z3S9; P40763; Q9Y490; Q62985; Q7Z3S9
P08069	P08069	Q9NZN5; PRO_0000004724 [P49913]; P41240; P35222; Q13322; P05019; P08069; P06213; P05556; Q9Y2W7; Q9UJU2; P27986; O00459; P35813; P18031; Q06124; P29350; P29353-2; O43791; Q01995; P31946; P62258; P61981; Q64010; P01317; P63103
P08183	P08183	Q86VI4; Q99496
P08238	P08238	P36896; Q9UL18; O95433; O00170; P31749; P31751; Q9UM73; Q16671; Q01432; P10398; Q96GD4; P30530; P51451; P51813; P15056; Q06187; Q9UQM7; Q13555; Q16543; Q7L3B6; Q15131; Q9UQ88; O94921; Q96Q40; Q00526; P11802; Q00534; P50613; P50750; O14757; Q9UHD1; O15111; Q9UPZ9; P49761; P48729; P49674; P68400; Q13616; Q13617; Q13618; Q13619; Q13620; Q16832; Q9Y463; Q9NR20; P00533; Q9BQI3; P29317; O15197; P04626; P21860; Q15303; Q96A26; Q9UKC9; O75426; Q9UKT8; Q969H0; P16591; P11362; P22607; P09769; Q02790; Q13451; Q14318; P35916; P06241; P43250; Q8WTQ7; P49840; Q8TF76; P08631; Q8NE63; P08238; O14920; Q14164; Q9Y6K9; Q13418; P14616; Q08881; Q53GT1; Q2WGJ6; P06239; Q08380; P53671; P07948; Q8N7X4; Q13163; O14733; Q13233; Q99558; Q99759; O43318-2; P41279; P80192; Q92918; Q8TD08; P31152; P10636-8; P42679; P00540; O15146; Q9H1R3; Q86YV6; Q8WXR4; Q8NG66; Q86SG6; Q8TD19; O75469; P04629; Q8N165; Q9BXM7; Q9P215; P53041; Q13131; P22694; Q02156; P05129; Q05513; Q15139; O60260; P51817; P11801; Q96QS6; Q15185; Q13882; P04049; P49758; Q13546; Q01974; Q9H6T3; P62913; Q15418; P51812; Q9HBY8; P31948; Q15831; Q86UX6; Q15208; Q9UNE7; Q6J9G0; Q9Y2Z0-2; Q9UHD2; Q96S53; Q07912; Q9BXA7; Q96PF2; Q9BXA6; O95801; P29597; Q06418; Q8IWX7; P07947
P08246	P08246	P01009; Q07563; P0DTC2
P08253	P08253	P05067; PRO_0000000092 [P05067]; PRO_0000000093 [P05067]; P20908; Q8NBP7; Q04864-2; Q8IX30; P16035
P08473	P08473	P05067; P21926; Q06787-7; P08107; P04792
P08514	P08514	P08514; P05106; P21333; P05106
P08581	P08581	P22681; P12830; O60716; Q96EY1; Q96EY1-2; P00533; P09769; P14210; P14210-6; O15357; P35968; P06239; P07948; P08581; P41218; P15941; P16333; O43639; Q16288; P27986; O00459; Q92569; P19174; O43157; O15031; Q9ULL4; Q8TCU6; P18031; Q06124; P23467; Q12913; Q16827; Q96S59; P20936; Q9UQQ2; O60880; O14796; Q9NP31; Q8N5H7; Q15464; P29353; P98077; Q6S5L8; Q96IW2; Q9H6Q3; O75159; O14544; P12931; Q9ULZ2; P43405; P42680; Q9HBL0; Q63HR2; Q68CZ2; Q9UKW4; P07947; P43403; Q08048; P0DQD2; P35918; Q00944
P08588	P08588	P30542; P78352; Q86UL8; Q5TCQ9; Q14160; P31016; P14270
P08631	P08631	P00519; O14672; O43184; Q13444; P09917; Q9ULH1; P00533; Q92556; P21860; Q9HD26; P08238; Q07666; P10721; Q6A162; P60411; Q5JR59; P59046; Q7Z3S9; Q13177; Q8WUM4; Q07889; P42768; O43516; P03406; P03407; P04324; Q90VU7; Q9QPN3; P12504; O92972; P27958; O95994; Q9NP55; P22681; A6NC98; P78358; Q8WUJ1; A8MQ03; Q5TD97; O43559; Q9HD26-2; O75031; Q0VD86; Q5T749; Q15323; O76011; Q92764; O76013-2; Q6A162; Q07627; Q8IUG1; P60409; P60410; P60411; Q9BYR8; P21741; Q9UJV3-2; Q13064; Q5JR59-3; P0DPK4; Q8TAK6; Q92569; Q58EX7; Q8ND90; Q05397; Q93062-3; O14492-2; Q8WW24; Q96N21; Q96NM4-3; P14373; Q15654; O76024; Q8NAM6
P08648	P08648	P17813; P05556; O14786; Q9H0F6; P97333
P08684	P08684	O15287; Q6ZQX7-4
P08908	P08908	P11362; O43194
P08922	P08922	P18031; P29350
P09086	P09086	P35548
P09211	P09211	Q6UY14-3; Q92624; Q9BWT7; A8MQ03; Q9NRD0; Q5TD97; P49639; Q15323; Q14525; O76011; P78385; Q07627; Q8IUG1; P60409; P60411; Q9BYR8; Q9BYR6; Q3LI66; Q9P2M1; Q5JR59-3; Q7Z3S9; P0DPK4; P22735; Q12933; Q8N720
P09429	P09429	Q15109; Q6RW13; P05067; Q14457; O95273; Q00839; P42858; P08729; P43246; P09874; Q96T23; P23497; P84103; P04637; Q96B54
P09619	P09619	P05067; Q8TAP6; P06241; Q14451; P14778; P35968; Q53G59; Q5T749; Q15323; O76011; P60411; P60328; O94898; O75581; O14745; Q15599; P01127; P27986; O00459; P19174; P60484; P18031; Q06124; Q05209; P23470; Q12913; P20936; Q13239; Q15654; P07947; P0CK45; P35918; Q28619; P23727; P08487; P41499; P25020
P09769	P09769	P09917; P10275; P00533; P04626; P08238; P10721; P08581
P09874	P09874	Q8IW19; Q7Z2E3; P42574; P49715; Q8N884; Q86WJ1-1; P26358; Q01094; Q96L91; P11308; O60741; P09429; Q13007; Q9BQ69; P08651; Q9Y530; P09874; Q8N2W9; P46063; Q9NTX7; Q14684-1; O95863; P63165; Q9UNS1; P04637; P0CG48; Q14191; P18887; P54577; Q2M1K9; Q02085
P09884	P09884	P27694; P10193; P03070
P09917	P09917	Q8IYJ2-2; Q6PII3; Q6P2R3; Q8IYX8-2; Q96MT8; Q96MT8-3; Q14019; P09769; O43716; P08631; Q6UWX4; P14061; P31025; Q9Y6D9; P50221; Q6FHY5; Q86Y26; A6NGQ2; P17612; Q04864; Q7Z699; Q8N0S2; Q9P0N9; P07947
P09936	P09936	P63010-2; P05067; P05067-2; Q8N6T3-3; P18847; Q9H1Y0; O15392; Q8WUW1; P83916; P11802; Q00535; Q9UNS2; Q92905; P00533; O60739; Q8TC29; Q9UI08-2; Q8WVV9-3; Q14164; Q6DN90-2; Q96JM7-2; P13473-2; Q9BYZ2; O95777; A4FUJ8; Q15843; O15381-5; Q9BR81; Q13113; P62826; Q8TAI7; Q9ULX5; Q15554-4; Q9NYB0; P04637; Q9Y4K3; P19474; Q9BSL1; Q7KZS0; P61086; Q9UK80; Q86WB0-2
P0DP23	P0DP23	O75874; Q5JU85
P10275	P10275	P00519; Q9UBL3; P51451; Q8WV28; O60885-1; P78543; Q14790; P24385; Q92793; O14595; P35222; Q9UER7; P20711; P11308; P07332; P09769; Q14192; Q02790; P55317; O75593; Q14451; P06396; P56524; Q16665; Q16666; O15357; Q15652; Q92993; O95251; Q9BY66; Q9BY66-3; Q03164; O14686; P06239; P07948; P20794; P42679; Q00987; Q15596; Q14686; O96028; Q99497; P27986; O00459; Q92569; P19174; P16885; Q06830; P78527; Q06124; P20936; Q9UBS8; Q9Y252; O14796; Q9NP31; P29353; Q6S5L8; Q5VZ18; Q15797; O14544; P12931; Q9ULZ2; P63165; Q9HBL0; P07947; Q9R1E0; Q06986
P10276	P10276	O43707-1; P31749; O15296; Q15699; Q96RK4; O95273; P51946; Q15910; P50148; Q9UKP3; Q96EZ8; Q15648; Q71SY5; Q15788; Q9Y6Q9; O75376; Q9Y618; Q16236; P13056-2; P48552; Q9UPP1-2; Q9H8W4; P37231; P78527; P19793; P28702; P28702-3; P48443; Q96EB6; P63165; Q8WW24; Q2M1K9; Q91XC0; P59598; Q14457; P48552; Q96CV9; P28702; P48443; Q8WW24
P10415	P10415	Q9C0C7; P05067; Q92934; Q16611; Q07812; Q9BXH1; P51572; P10415; O43521; O43521-1; O43521-2; Q9NYF8; Q14457; P55957; Q13323; O60238; Q8N5K1; Q14318; P28482; O15151; Q9C000; P22736; Q13794; P67775; O15304; P00441; P04637; Q13625; Q61337; Q91ZE9; P11881; Q5S007; Q13794
P10636	P10636	P31749; PRO_0000001987 [P02649]; P05067; PRO_0000000092 [P05067]; Q9HC96; Q9NR30; O43583; Q92608-2; P06241; P49841; P11142; Q8TCE9; Q9UPY8; P10636; P04156; P46779; P43004; Q9UNE7; Q9UNE7-1; O15195-2; P63104; Q9C0A1; P06241; Q5S007; P31947; P63104; P63104; P06241; P02649; Q14203-5; Q92608-2; P06241; P11142; O60260-5; P37840; Q9C0A1; O00499-1; P07355; P08133; P05067; O00499-1; Q14203; P26196; Q02790; Q13451; P06241; P49840; P49841; P08238; P14625; Q92743; Q5S007; P10636-8; O43347; Q96DH6; P07237; Q12765; P31947; P37840; Q71U36; P07437
P10721	P10721	P00519; P42684; O75815; P51451; Q8WV28; P46108; P07332; P09769; O75791; P62993; Q14451; P08631; Q96JZ2; P21583; P06239; P07948; P16333; O43639; P27986; O00459; Q92569; P19174; P16885; Q13882; Q06124; Q92729; P20936; Q9UQQ2; O14796; Q9NP31; Q8N5H7; P78314; Q15464; P29353; P98077; Q92529; Q9H6Q3; O14508; O14543; O14544; P12931; Q9ULZ2; Q9HBL0; Q63HR2; Q68CZ2; P42681; P07947; P43403; Q8VBX6; P35235
P10809	P10809	P61158; P05067; Q9NVI7; O15382; Q9UMX3; P38398; Q8NHQ1; P13569; P28329-3; A8MQ03; Q6PI48; Q9UBU7; O77932; Q99944; Q6NXG1; Q99504; P22607; Q14957; P01112; P51553; Q0VD86; P05412; Q15323; O76011; Q6A162; P60410; P26371; Q14847-2; Q6ZQX7-4; Q9BRK4; Q9Y4C4; P12036; Q7Z3S9; Q9H649; Q8WUY3; O76081; O76081-6; Q8N6K7; Q12888; Q9UBQ0-2; Q9JJY3
P10826	P10826	O95273; P50222; Q9UBK2; P62195; P28702; P28702-3; P48443; P03255
P10827	P10827	Q9Y2J4; Q9Y2J4-4; O95971; Q8TAP6; Q96JM7; Q15648; Q6FHY5; P31321; Q96A49; O75410-7; Q9JLI4
P10828	P10828	Q60974; Q9Y618
P11142	P11142	Q8IZP0; P60709; Q9GZX7; P05067; P49407; P32121; Q9NQ11; P54253; Q99933; O95816; O95429; Q15131; P00533; Q9BQI3; Q9H6T0; O14976; P01893; P34932; Q9NZL4; P42858; Q14164; PRO_0000015820 [P01308]; P05412; P00338; Q5S007; Q99558; P10636; P10636-6; P40692; P14598; P57723; O60260-5; Q15428; Q9UNE7; P61764; Q15750; O15273; Q8TDR0; O00635; Q99614; Q9ULK5; P50552; Q8AZK7; P38260; Q5WZW9; P03485; PRO_0000045603 [Q99IB8]; Q9UNE7-1
P11217	P11217	Q96HA8; O43741; P11216; P06737; PRO_0000449633 [P0DTD1]
P11274	P11274	O96018; Q12959; Q15700; Q92796; P78352; P62993; Q86UL8; Q8NI35; Q5T2W1; Q14160; Q6ZV89-1; Q9H2K2; A2AM67; Q8JZW5; P18031
P11309	P11309	Q8N9N5; Q8N7W2-2; P51813; P07954; P51116; Q96MH2; Q5T203; P39019; P0C1Z6-2; Q9Y2K1; P46527; O43524; Q9BZS1-1; Q9UNQ0; P51813; P17252
P11362	P11362	P23352; P12830; P35222; P05230; P09038; Q9GZV9; P11362; P21802; P22455; Q8WU20; P08238; P08908; P46934; Q8IVI9; P27986; P19174; O88900; O35082; P10686; Q02363; Q9BRX2; P09038; O35082; P09038
P11387	P11387	P00519; P01106; P19338; Q99801; P42768; P03070
P11388	P11388	O14497-1; P38398; P35222; Q05655
P11413	P11413	P11413; P04792; Q8IXJ6
P11473	P11473	P35222; Q09472; Q15648; P50222; Q15788; P26045; P19793; Q13573; Q13501; P04637; Q15645; Q9JLI4; P28700; X5D778; Q96HA8; Q01804; Q96S38; P48443
P11474	P11474	P62508-3; Q8IZU1; Q16665; Q8N2W9; Q9UBK2; Q04864-2; P78317; P48788
P11802	P11802	Q9UH17; Q8IZT6; P46379; P24385; P30279; P30281; Q16543; P50613; P38936; P46527; P49918; P42771; P42772; P42773; P55273; Q9UJU6; Q969H0; Q9UJC3; P08238; Q9UKT9; Q0VD86; P01106; Q9ULD0; P28749; Q08999; Q9BY78; Q9NS64; P09936; Q8N720
P11926	P11926	Q9H8Y8; Q92993; Q9UMX2; Q9UMX2-2
P12004	P12004	P04075; P03950; P07355; P61769; P38936; P42771; Q9H211; Q13111; Q96DZ9-2; P68104; P06733; P39748; P24522; P04406; Q14527; Q9H160; Q9H063; P20585; O95944; P61970; Q15004; P12004; P18669; P00558; P28340; P49005; Q15054; Q9HCU8; P30041; Q9UBF6; Q86TU7; Q8IWU4; Q9NZD8; A2RU14; P60174; Q5FWF4; Q8TE30; Q9Z111; Q1K9H5; B4URF7
P12268	P12268	O95994; Q96GX9; Q9BU20; Q8WWZ1; P20839-3; P78424; P40763; Q12933; Q03020; P38340
P12821	P12821	P05556
P12931	P12931	P00519; P42684; P12814; O14672; O43184; Q13444; P07550; P55196; P10275; P49407; P32121; Q9ULH1; Q6XD76; P56945; Q14457; P22681; Q16543; Q9H5V8; P12830; P68400; P35222; Q05193; P00533; P04626; P21860; P03372; P03372-4; P14921-1; P25445; Q8NFZ0; P06241; Q13480; Q13322-4; P19367; P61978; P01112; P07900; Q9Y6K9; P35968; Q07666; P10721; Q9UIH9; Q8TBB1; Q14693; P07948; Q9H204; P08581; P15941; Q13177; Q8WUM4; P16284; P27986; P27986-2; Q92569; Q05655; Q05397; Q14289; P18031; Q16825; P18433; Q15907; Q13905; Q01973; P27635; O00560; O60880; O14796; P35326; Q9C0H9; Q13829; Q68CZ2; Q9UNY5; P25962; Q8R5G7; P52800; P97288; P03407; P04604; Q9QPN3; P34152; P18052; Q62884
P13500	P13500	P13501; P80075; P02776; P78317; Q9Y320; Q2F862; P98066
P13569	P13569	Q6UWZ7; Q96QU6; O14734; P60709; O43865; O95154; P09972; Q9BT30; Q9NP61; P16615-1; P51572; A1A5D9; Q9H7E9; P62158; O43852-1; P27824; Q01518; P07384; P47756; O14936; Q9Y3X0; Q53EZ4; P13569; Q8NCH0; P51790-2; O00299; Q13057; Q9Y678; P29762; Q96BA8; Q14406; Q13616; Q8N8Q1; Q6PI48; Q96HY6; Q9NUU7; Q9UHI6; Q9BUN8; Q7L2E3; Q8TBM8; Q96KC8; Q9Y295; P60981; O60869; P07099; Q6P6B1; P13804; Q0VG06; Q9NYY8; Q14314; Q14192; O75344; Q9UJY5; P62879; Q9HD26; Q9H8Y8; P07203; P0CG30; Q9P035; Q9BX68; P19367; O75330; P10809; O15554; O94889; O15131; P05787; Q08380; Q9HBW0; P33241; Q6P0Q8; Q9HCC0; P08582; Q92552; Q96S97; P41227; O14745; Q15599; Q9NZM5; Q9BVG4; P08559; P30101; Q5T2W1; P30153; O60831; P55036; P26599; O75127; Q96PK6; Q99942; Q7Z5V6; O15126; Q14160; P31040; Q9P0V3; P29353; Q96RN1; O00400; P63162; Q13884; Q96L92; Q9UHB9; Q9NSC7; O95793; Q9P289; Q92734; Q96Q45; Q8WWA1; O14545; P19474; Q13049; Q9C035; Q13432; Q14694; O94966; Q9BXU7; Q9P0L0; O95292; P45880; Q9UN37; Q9UEU0; O00308; Q8WTP9; Q9BYJ9; P17026; P19120; Q9JIL4; Q9QX74
P13612	P13612	Q8IZP0-2; P05556; P26010; P49023; P84092
P13631	P13631	Q96RK4; P13349; P31321; P28702; P48443; O60504-2
P13726	P13726	P55085; P08709; Q9UM19; Q92544
P13866	P13866	P00533
P14324	P14324	O95870; P54253; Q6ZMZ0; Q9BRI3; Q8WWF3
P14410	P14410	O43451
P14416	P14416	Q9NRI5; P14416; Q01959
P14550	P14550	P42858; Q9NYB0; O76024
P14598	P14598	Q8IZP0; P60709; P78325; P28329-3; P13498; Q15700; P22607; P04899; P06396; P11142; P42858; Q86UL8; P19878; Q15080; Q05513; Q04206; Q9BUZ4
P14616	P14616	P08238; P06213; Q6FHY5
P14618	P14618	P49407; P32121; Q96IK1-2; P35222; P53355; P22607; P42858; P04049; Q8N488; Q7Z699; Q9BSI4; Q9UMX0; Q9Y649; P03129; P04020; Q9WMX2; P35222; P53355; Q9H6Z9; P68431; Q16665; P27361
P14625	P14625	P05067; P04626; Q00597; P11021; P10636-8
P14735	P14735	P05067; P55773; P10147; P02686; PRO_0000000093 [P05067]; P01275; P10997; P14735-1; P01308; Q9J3M8
P14780	P14780	Q16819; Q16820; P14780; Q8IX30; P13611; Q9ZFS6
P14859	P14859	Q9H4B4; Q7Z3K3; P08047; Q02446; O15145; P49407; Q03060-25; P55197-2; P23511-2; P14859-6; P78424; O43314-2; P86480; Q8TAD8; Q9Y343; Q02446; Q6ZVD7; Q7KZS0; Q96K80; Q15911-2; O95789-4; P32562
P14920	P14920	Q9P2K6; O43741
P15056	P15056	P21399; P31749; P10398; P49407; O14965; P25311; Q92560; Q07817; Q92843; P15056; P40259; Q6P1J9; P42772; P61024; P35221; Q13618; Q16254; Q9GZV4; Q7Z589; P18074; P28715; O43524; Q8WXI9; P17174; P49840; O95714; P01112; P08238; O75874; O14920; P46940; P27987; Q14145; Q02750; P36507; Q13233; Q15759; Q16659; Q13164; Q9NX70; O00255; P07196; P01111; Q9BRP1; P48736; P27986; P16885; Q07864; O15297; Q02156; P57735; P04049; Q12967; P61224; Q15349; Q8N122; Q8IYM1; P31947; Q9UMX1; P04637; Q13114; P40337; P31946; P62258; P61981; P27348; P63104; Q61097; P29678; Q99N57; Q8CGE9
P15382	P15382	P51787; A6HIS0
P15559	P15559	P07902; Q9UK53; P15559
P16050	P16050	P30086; Q9BSF4
P16152	P16152	O75828; Q9Y478
P16234	P16234	P46108; P46109; P00533; Q8N6L0; P04085; P01127; Q9NRA1; Q15238; P31947; P62258; Q9NRA1-1; A8T7D5; P05067; Q8IY26
P16591	P16591	Q16543; P08238; O42486
P17252	P17252	Q15027; Q06481-5; Q66PJ3-4; Q13072; Q8N9N5-2; Q96A33; Q96LY2-2; P15169; P43234; O95424; P78352; O43598; P21728; P00533; P60228; Q96J88-3; Q8IVH2-2; Q96NE9-2; O14926; Q06547-3; P19440-3; Q9UJ42; P62805; Q9UBN7; P52597; Q92826; Q02363; Q96FT9-2; P17936; P26951; Q9BYR8; Q9Y234; P51884; Q9H213; P80192; Q15759; A0JLT2-2; Q8N983-3; P49821; Q2M1J6; Q9BRX2; Q9Y6X2; P11309-2; Q6P1J6-2; Q9UNA4; Q02156; P05129; P07225; Q3YEC7-3; O94844; Q9NWS8-3; Q9ULK6-3; P18077; Q14160; P31431; Q99643; Q14141; Q01105-2; P37840; Q9Y5X0; P56693; Q9BRW5; O43761; P15884; Q3YBM2; Q9H8H3; P0CG48; P13051-2; Q8NB14; O95498; Q9NZC7-5; Q9BQ24; Q05CR2; Q8N0Y2-2; O15535; Q24008
P17302	P17302	Q9NP61; Q8TAB5; O43889-2; P48730-2; Q02487-1; Q9NZG7; Q5VZY2; Q07157; Q5BJH2-2; Q8N661
P17405	P17405	P55210
P17516	P17516	P42330; Q6UX71
P17612	P17612	Q9GZX7; P54819; Q9NQ31; P31749; P09917; Q92870-2; Q9HC16; P05067; P54253; P54252; Q4VBR4; Q5T686; O95816; P23560-2; P35520; P40227; P12830; Q8NE08; P48730-2; O14531; P26378-2; P15036; P04406; P48058; P49841; P07900; P42858; O75874; P06756; P23276; Q5S007; Q13387-4; Q16549; P27986-2; Q9C010-2; Q9Y2B9; O14494; P00491; P10644; P31321; P31323; Q13200; P21246; Q04206; Q6NTF9-3; P61513; P04271; Q99720-4; P84022; Q16560-2; Q3SY56; Q9UNE7; O60784-2; Q9Y228; Q9UHP3; Q969W3; Q9UBQ0-2; P63104; P59215; P12369
P17787	P17787	P43681-1; P30532
P17948	P17948	P22681; P46109; P49763; P27986; Q12913; P15692; P15692-4; PRO_0000391621 [P98160]; PRO_0000391622 [P98160]
P18507	P18507	P51513; O95166
P18825	P18825	Q8N4L8; Q9Y6H1; Q9Y2B0; O14964; Q2WGJ6; O76011; Q99750; O14770-4; Q13064; Q7Z4N8; Q9NZC7-5
P19525	P19525	P78563-4; P06493; Q7L2E3; Q96C10; Q08211; Q9UPY3; Q6P2E9; P19525; P05198; P56537; Q8IY81; Q9HCE1; Q96P20; P06748; O75569; O75569-1; Q9NUL3; Q15633; Q9H0E2; Q9UL40; Q27968; P0DTC9; P20639; P04487; Q2HR71; PRO_0000278746 [O92972]; PRO_0000037570 [P27958]; PRO_0000037576 [P27958]
P19784	P19784	Q8NDY6; P68400; P67870; O60282; Q9NRD5; Q15287; Q8WV44; Q9BS34; P03211
P19793	P19793	O14503; P35637; Q15648; Q71SY5; Q15788; Q15596; P55055; P55055-1; Q13133; P27986; P37231; P37231-1; P10276; P42224; P11473; P97792-1; Q9JLI4; P04625; PRO_0000278730 [Q03463]
P19838	P19838	Q92887; O15111; P35606; P35222; Q13547; Q9NWT6; O14920; P41279; P19838; Q00653; P25963; Q15653; O00221; P46531; Q14690; Q8IZL8; Q8IV08; Q04864; Q04206; Q01201; P23396; O60271; Q15025; Q8NFZ5; P10226; Q8NFZ5; P42858; P03372; O00255; O00255-2; Q04206; P10226
P20309	P20309	P08912; Q8IZF0
P20618	P20618	O95994; Q9NZD4; Q9HBZ2; Q8N7W2-2; Q96CA5; Q9NP55; Q13555-5; Q9NUG4; O60729; Q16740; Q9Y2V7; P78358; Q9UIA0; Q8WTU0; Q96C01; Q9Y247; Q8TAE8; O14893; P57678; Q86WP2; Q4V328; Q9BX10; Q9NP66; P49639; P42858; Q9P2X3; Q96N16; Q9H079; Q7Z7F0-4; Q9BVG8; Q9BVG8-5; A1A4E9; P19012; Q15323; O76011; O76013-2; Q6A162; Q3LI76; Q8IUB9; Q3SYF9; Q8IUC3; Q5T751; Q5T754; O43679; Q96BZ8; Q9UBR4-2; Q9HAP6; P25800; Q9NQ48; Q9UPY8; Q13064; Q8NB16-2; Q6NTE8; Q5JR59-3; P60323-2; P49821; O00746; O43482; Q6GQQ9; P78356-2; Q58EX7; Q9Y244; P25786; P49721; P49720; P28070; P28074; Q99436; P55036; Q53H96; P57055; O76064; Q9NQG5; Q9UIY3; Q8N488; Q6ZMJ2-2; Q99961; P84022; Q12824-2; Q93045; P0C1Z6; Q8TBB0; Q08117-2; Q9H0E2; Q13077; Q12933; P36406; P14373; Q9HCM9-2; Q6PID6; Q8TF42; Q5SQQ9-2; O76024; P23025; A0A0C4DGF1; Q13360-2; Q7Z4V0; P0C7X2; Q6NX45
P20701	P20701	P05362; P08575; PRO_0000037551 [Q9WMX2]
P20815	P20815	P42858
P20839	P20839	Q96D03; P20839-3; P12268; O75928-2; Q9Y4B4; P78317; Q7KZS0
P21281	P21281	P14136; P42858; Q8WXH2; P07196; Q9Y3C5; P15884; O76024; PRO_0000449620 [P0DTD1]
P21397	P21397	P27338
P21452	P21452	PRO_0000033534 [P20366]
P21453	P21453	Q07108
P21462	P21462	P25098; O15264
P21554	P21554	P29274; P21554
P21673	P21673	Q6UXT9; P05067; Q7RTU4; Q9UFG5; P55210; Q8NFR7; Q8TD31-3; Q00587-2; P09669; O00148; Q5VUD6; Q9NQL9; O15371; Q8NDB6; Q86W67; Q9NVL1-2; P07954; Q8NHY3; P17482; P22459; Q7Z7F0-4; Q9UBR4-2; Q8TBB1; Q5U5X0; Q6FHY5; P52815; Q13330; Q86VE0; Q9GZT8; Q96HA8; P25786; Q96I25; Q04864; Q9BUL9; P21673; Q96F10; O43623; Q6ZNM6; Q9BSH4; Q9BQ70; Q15561; Q08117-2; P19237; Q99757; Q8N6Y0
P21728	P21728	Q92993; Q8TAP4-4; P17252; Q15047-2; P61981
P21731	P21731	Q13162; Q12791-5
P21802	P21802	P06734; P05230; PRO_0000008908 [P05230]; O15520; P09038; P09038-2; P11362; P62993; P03968; P05230-1; P09038; P21802-1; P19174; P21781; P03968
P21860	P21860	P42684; P46108; P46109; P00533; P04626; P21860; Q15303; P62993; Q14451; P25098; P08631; P08238; Q96JA1; O43639; Q02297-6; Q02297-7; P42336; P27986; O00459; Q92569; P19174; P20936; Q13671; P26447; P04271; Q9UQQ2; P29353; Q92529; Q13485; P12931; P43405; Q63HR2; Q68CZ2
P21917	P21917	P05067; P21917; P17677; P50579; Q96P71-2; P61764
P22001	P22001	Q07812; Q12959; Q9UPQ8; Q09470
P22303	P22303	Q9Y215; P06733; P63244
P22455	P22455	P11362; P50281; P07949; P34741; Q03167
P22460	P22460	P35609; Q12959; Q14160; Q6UX40
P22607	P22607	Q6H8Q1-8; Q8NC06-3; Q6UY14-3; Q8N302-2; Q9UKV8; P55008; Q99996-3; Q9NQ31; P53677-2; Q9NXL2-1; Q9Y2Y0; Q66PJ3-4; Q6XD76; Q96FT7-4; Q9UII2; Q9ULK2-2; Q9H7T9; Q8TBE0; Q9UQB8-6; Q16520; P54687-4; Q00994; Q5H9J7; Q9H2G9; Q5PSV4; Q9ULD4-2; Q9NSI6-4; Q6P5X5; Q3SXR2; Q96LL4; P20807-4; O00257-3; Q96HB5; Q6ZP82-1; Q5M9N0-2; Q16543; Q96GN5-2; P24941; O14519; P38936; O95674; Q9H3R5; Q9Y4F5-3; Q86XR8; Q494V2-2; Q8WUX9; Q9H2A9; Q9Y3D0; Q3SX64; Q96BR5; P02458-1; P21964-2; Q86WV2; Q03060-25; Q8TB03; O60759; Q9UJU6; Q6ZN54-2; Q8NDP9; O60479; Q96EY1-3; Q9H147; Q92782-2; Q7Z7J5; Q14117; Q9BPU6; Q9BVC3; Q9Y6W6; O14641; A0AVK6; Q658K8; Q6UXG2-3; O00472; O43768-8; Q6NXG1; Q15910-2; Q96GL9; A1KXE4-2; Q8NB25; Q86UY5; Q8IZU1; Q8TC84; Q9UBX5; Q9Y3I1; O94868-3; P05230; P22607; P15407; P15408; P55318; Q06547-2; Q06547-3; P15976-2; P23769-2; P23771; Q49A26-4; Q7Z5G4; Q9NWQ4-1; P52655; Q15486; Q96CS2; Q9BT25; Q99075; A8K0U2; Q5T447-2; Q8IV36; Q4VB01; P09629; O43248; Q53T59; Q53GQ0; P14060; P08238; Q96EW2-2; P10809; Q8NDH6-2; P41134; Q8IY31-2; P22692; Q9NP60; Q9NZH6; Q9NXX0; Q86VI3; Q8NA54; Q86U28; Q13352; P05412; P17275; Q8N5Z5; Q7Z7F0-4; Q9BVG8-5; Q2M2Z5; Q6P597; P57682; Q9Y2M5; Q9UH77; P08727; Q14525; Q3LI72; Q3SYF9; Q8IUC2; Q6IAA8; O43504; Q14847-2; Q9H2C1; Q68G74; Q8N0U6; Q1L5Z9; Q96JB6; Q96LR2; P0DP58-2; P27338; Q9GZQ8; Q15759; Q9NS73-5; P33993-2; Q96EZ8; Q9HAF1; Q8TAC0; Q53S70; Q5JXC2; A0A0A0MR05; Q00013; Q8TCY5; Q6IN84-2; O60783; Q96H12; P01106; Q9NPC6; P41271-2; P14598; Q9GZM8; Q8NC67-2; Q16621; Q8N5V2; Q99743; Q14995; F1D8P7; Q6PHZ7; Q9BZ95-3; Q96MF7; Q4KMX9; A5D8V7; Q5BJF6-2; O43482; Q6GQQ9-2; Q8IVL6-2; Q9H8K7; Q8N3R9; Q495U3; Q9NR21-5; Q9BR81; Q5VU43-8; Q13956; O15534; O15212; Q9BUL5; P14618; Q9UPR0; Q6ZR37; Q5SXH7-1; Q96T60; P19388; Q07869; Q9UNP9; O60927; O60237-2; Q96I34; Q6ZMI0-5; O43741; O60260-5; Q86UA1; P62333; Q06323; P06454-2; Q8WUD1-2; Q9UNT1-2; Q15311; Q9HD47-3; Q9NS23-4; Q9NWB1-5; Q9BWF3; Q8TBY0; Q9P2K3-2; Q04206; P47804-3; Q15382; Q8IXN7; Q8WVD3; Q9H0X6; P62899; P62244; P62701; Q66K80; Q9BY12-3; Q86SQ7-2; Q9NTN9-3; Q13435; O60902-3; Q9NSD5-3; Q9UHI5; Q12824; Q13573; O14544; Q02086-2; Q7Z6I5; Q86W54-2; Q496A3; Q7Z698; Q9C004; Q5W111-2; Q99469; Q92783-2; O75886; Q13586; Q8N4C7; Q15814; O15273; Q86WV5; Q96A09; P54274-2; Q6N021; Q9BXU0; Q5T0J7-2; Q8WTV1; Q5T1C6; O60830; Q9BZW5-2; Q96B77; Q8N0U2; Q53NU3; Q9H8H3; Q8IUR5-4; Q71RG4-4; P50616; Q9H496; P36406; Q9UPQ4-2; Q86WT6-2; Q9Y3Q8; Q99598; O60636; Q6PF05; Q9UGJ1-2; P49459; Q13404; P11441; Q9HA47-2; P22415; Q495M9; Q9H270; Q8NEZ2; Q9P1Q0-4; Q9NX94; Q8TBZ3-3; O00755; P19544-6; O43829; Q53FD0-2; Q9NP64; Q8WUU4; Q96JL9-2; Q9C0F3; Q9P0T4; Q3KNS6-3; B7Z3E8; Q7L8T7; Q7Z637; Q86V28
P22694	P22694	P05067; Q92624; Q5T686; P08238; P61925; Q92917; P05067
P22830	P22830	Q9NRK6; O75027; P22830; O00264; P16035
P23141	P23141	Q8IVF2-3; A8MQ03; Q15125; Q5T7V8; Q5T749; Q13113; Q9NRQ2; Q9NR31; O95231
P23219	P23219	Q9NP61; P48645; P53801; Q8WZ73-3
P23458	P23458	P04626; P48551; P40189-1; O60674; Q99650; Q13485; O75886; P42224; P40763
P23786	P23786	A8MQ03; Q96AQ8; P32242
P23921	P23921	P23921; P31350; Q8N720
P24385	P24385	P10275; P38398; P30260; P24941; P11802; Q00534; P38936; P46527; Q5XUX0; Q969H0; O15379; Q16656; Q13485; P51532; Q96PU4; Q96TE0; P30285; P59595; Q62796
P24530	P24530	P05305
P24593	P24593	Q8TB40; Q8IVF2-3; Q86WK6; Q68DC2; Q96BI3; P41181; Q13520; O43315; P07306; Q8WZ55; P19397; Q9HA82; Q9H9P2; P57739; P56880; P56747; O95471; O95484; Q6ZS10; O43889-2; P25024; Q9NYP7; Q9Y282; Q5JX71; Q96P31-6; Q8TBE3; P36382; P48165; O75712; O95377; Q8NBJ4; Q8TDV0; Q8TDT2; O60883; O15529; Q9NZD1; Q8TED1; Q7Z5P4; O95279; Q8IYS2; Q86VI4; Q6UX15-2; Q5T700; Q86WI0; Q9GZY8-5; Q6N075; Q9Y676; Q96HJ5; Q9GZW8; Q6IBW4-4; Q13113; Q8NFJ6; Q9UBD6; Q3KNW5; Q9UKG4; Q9H2H9; Q96JW4; Q96GZ6; Q9NPE6; Q8N205-2; Q8WY91; Q96MV1; Q96A25; Q9BVX2; Q7Z7N9; Q96Q45-2; Q9NWC5; Q4KMG9; O15393-2; Q9Y320; O95859; Q5TGU0
P24941	P24941	P20248; O95067; P24385; P30279; P24864; O96020; P51946; P50613; P38936; P46527; Q16667; P61024; Q09472; Q969H0-4; P22607; Q14957; P06396; P01112; Q9Y6K9; O95835; Q8TD08; P06400; Q9BY12; Q9UQR0; Q9UQR0-1; Q99523; Q9UBI4; Q96PU4; P30274; P51943; P03129; Q08619
P25024	P25024	Q9NY35; Q969F0; P24593; A5PKU2
P25100	P25100	P25100; Q12959; Q14160; Q13424; Q13884; Q13425; Q9P202; Q61234; Q99L88; Q925E0
P25101	P25101	P49407; P32121; P05305
P25103	P25103	Q9P0B6; PRO_0000033530 [P20366]; Q9BVK8
P25105	P25105	Q05397
P26358	P26358	P31749; P35222; Q96JK2; O75530; Q15910; Q96JM7; P48552; P09874; Q9NRD5; Q8WTS6; Q96EB6; Q96T88; P63104; Q77UV9; Q9QR71
P27361	P27361	Q9HCU0; P53355; P49366; P28562; Q16828; P19419; Q49AJ0-4; Q96NJ5; Q02750; Q16539; P27361; Q96HT8; Q6GQQ9-2; Q9ULW8; Q15121; P14618-1; Q8N490; P23467; Q12913; Q14160; P13051-2; Q08509; Q60793; Q9EPI6; Q62132
P27448	P27448	Q8WXK3; O60741; Q86UR5; P31947; Q15560; P31946; P62258; P61981; Q04917; P27348; P63104; Q6S8E0; Q8BHN0
P27487	P27487	P51671; P02778; O14625; P19875; Q07325; P27487; P01275; Q14416; P01282; P56658; A0A2R4KP93; K0BRG7; K9N5Q8; R9UQ53
P27707	P27707	Q16854
P27815	P27815	P55212; O14569; P13473-2; Q9UJX0; P16118; O75400-2; Q9Y371
P27986	P27986	Q8IZP0; P42684; Q9UM73; P10275; P10398; P30530; P15056; P22681; P10747; P60953; Q13111; Q8IY22; P16410; Q9Y2H0; P00533; P41970; P04626; P21860; P48023; P11362; P17948; P36888; Q13480; Q9UQC2; Q13322; P62993; P42858; Q9Y6W8; P08069; P06213; P35568; Q9Y4H2; P10721; Q86VI4-3; O43561; P29376; Q92918; P45983; P08581; Q8WX92; P04629; P09619; P42336; P42338; O00329; O00459; Q13905; P26373; P19793; Q9UPX8; P29353; Q9H0K1; Q96EB6; Q07889; P12931; P30874; P43405; P58753; O15455; Q15661; Q9ULW0; Q9UKW4; P61981; Q13746; P62994; P35570; P03496; Q6PFX7; Q8BM65-4; P62999; P48025; Q99152; P0DOJ9; P01023; Q9NY61; O95704; P05067; P51451; Q9UQM7; P29466-3; P55210; P06493; P20674; P09172; P50570-2; P01100; Q8TB36; P14136; P62993; P42858; P35568; P05556; P05412; P07948; Q13387-4; P41227; P01111; Q9Y6R0; P42336; P42338; O00329; P17612; P49810; P63000; P51812; P23443-4; P34741; Q9NP31; P84022; P12931; Q9UNE7; Q15583-2; O60784-2; O14656-2; P02766; P42681; P60604; Q9UBQ0-2; O76024; Q8IUH5
P28062	P28062	PRO_0000037573 [P27958]; P05067; P54253; Q9BVJ7; Q96EK6; P28799; P04792; P42858; Q0VD86; O60333-2; O15116; Q6FHY5; Q8NI38; Q99471; P62487; Q04864-2; Q9Y3C5; Q9Y5X3-2; P00441; Q13148; Q96A09; Q13114; Q15645; Q5T6F2; O76024; Q9NZC7-5; A6XGL0; Q9H0C1
P28065	P28065	Q24JT5; Q96D03; Q9Y3R0; Q14657; Q15788; Q9Y6Q9; Q9Y244; Q99436; PRO_0000037548 [Q9WMX2]; PRO_0000037551 [Q9WMX2]
P28074	P28074	O95429; Q8NCX0-3; Q92989; Q68J44; Q9Y6K9; O15116; Q96HA8; Q9Y244; P20618; P49721; P49720; P28070; Q99436; Q15008; Q9BT92; Q9Y4K3
P28222	P28222	P35609; Q99750
P28223	P28223	P28223; P41595; P28335; Q86UL8; O75970; Q14416; P28335-1; P18654
P28300	P28300	O95967; P15502; Q9UBX5; P35555; Q15262; Q07507; PRO_0000007541 [P01133]; P02751; PRO_0000390479 [P02751]; P00747; P21980
P28335	P28335	O95406; Q12959; P78352; P54849; P28223; P41595; P28335; Q86UL8; O75970; P49286; Q9NUM3; P55061; Q9BVK8; P28223-1
P28472	P28472	P28472
P28482	P28482	P05067; P10415; P53004; P15882; Q7L5N1; P28562; Q13115; Q16690; Q16828; Q16829; Q99956; P06239; Q9BRK4; Q02750; P28482; Q16539-3; Q99750; Q9BUB5; P35548; Q15121; Q9UPG8; P62487; P35813; Q6NYC8; P25786; A2A3K4; P35236; Q12913; Q15256; Q15256-5; O76064; Q15418; Q15349; P51812; P29353-2; P61764; Q08117-2; Q9Y296; P67809; P16989; B2RXF5; A0A384NQ31; Q9U1H0; Q05922; P02687; Q8VSP9; P0A2M9; Q69559
P28566	P28566	P06576; P50222; Q96CV9
P28702	P28702	Q00975; Q9HB07; F1D8P7; Q13133; Q13133-3; Q96RI1-1; P04150; Q9NRD5; P37231; P10276; P10276-2; P10826-2; P13631; Q6IQ16; Q13137; Q96B26; Q08379; Q6A162; Q9UJV3-2; Q13133-3; Q96RI1-1; O43586; P10276; P10826-2; Q8IUQ4-2; O75528; Q12800; Q9UBB9; Q05BL1; P14373; O94972; Q96S82
P29274	P29274	P30542; P29274; P29275; O15155; P21554; Q99418; O15354; Q7Z6G3; O43759-2; Q13107; Q5T9L3-1; P31424-1
P29275	P29275	P29274
P29317	P29317	P30530; P35222; P20827; P52803; P98172; P29320; P54756; Q9UF33; Q15375; P08238; O15357-1; P29376; Q05397; Q06124
P29320	P29320	P29317; Q15375; Q13485
P29323	P29323	P07333; P98172; P54764; Q15375; P49790; Q9NWW5; P21964-2; Q8WXH2; O14832; Q7Z699; Q13148
P29372	P29372	Q9BPX1; P04156; Q9BPX1; P40692
P29375	P29375	P06400
P29376	P29376	Q6UXT8; P29317; P27986
P29401	P29401	P54274
P29466	P29466	Q5XLA6; P57730; P29466; P09038; P57764; P01583; O15553; O15553-2; Q9NPP4; Q9C000; Q9HC29; Q9ULZ3; P58753-2; Q08AM6; P05067; P54252; Q13867; P14136; P42858; Q13387-4; P27986-2; O14494; O60260-5; P49810; P84022; Q9BX74; O60784-2; Q08AM6; Q9UBQ0-2; O76024; P01583
P29474	P29474	P60709; P63010-2; Q8N6T3-3; Q9Y575-3; Q96FT7-4; Q5SZD1; Q16543; Q9UNS2; Q8IUI8; P35222; Q05193; O15287; Q08379; Q71DI3; P69905; P61978; Q12891; Q9UKT9; Q9Y2M5; Q14525; Q6DKI2; P43364-2; Q8N6F8; O94851; A4FUJ8; Q8N594; Q8IVI9; Q6X4W1-6; O15381-5; Q9NV79; Q16549; Q5T2W1; O75925; Q96I34; Q6ZMI0-5; P57052; Q9GZR2; Q96D59; Q8N6K7-2; Q9GZS3; Q13485; Q8IUW3; Q7Z699; Q7Z698; P50502; Q9BR01-2; Q9NVV9; Q86WT6-2; Q9H347; P58304; Q9NZC7-5; Q9UNY5; P14079
P29597	P29597	O95994; Q9ULX6; A8MQ03; Q13643; A6NEM1; P61978; P61978-2; P08238; P17181; P17181-1; O60674; Q5VWX1; O75525; Q15323; Q6A162; Q3LI67; Q9NQX1-2; P52630; Q05BL1; Q9BUZ4; P04019; P06463
P30291	P30291	Q9Y297; Q9UKB1; P53350; P31947; P31946; P62258; P61981; P63104
P30518	P30518	Q8NCT1; P21964; Q8IVJ1
P30530	P30530	P00533; P29317; Q14393-2; P62993; P08238; Q01638; P27986; O43791; P0DTC2
P30536	P30536	Q86WK6; Q8IUN9; P29762; Q96BA8; Q5JX71; P32942; Q9H3M0; A8MZ59; Q8TAF8; Q6UWN5; Q6FHY5; Q68D85; P15151; Q9NUH8; Q9P0T7
P30542	P30542	P29274; P08588; P07550; P16473
P30556	P30556	PRO_0000032458 [P01019]; P35414; P05026; Q6ZMG9; O75937; P54368
P30874	P30874	P27986; P32745; P35346
P31040	P31040	P13569; P01889; P26045; Q9NX18; P21912
P31152	P31152	P08238; P62258
P31639	P31639	O14556; Q13113
P31749	P31749	Q6UY14-3; P31749; P31751; Q86V81; P32121; Q8IXJ9; Q13315; P54253; Q99728; O95999; Q6W2J9; P15056; Q9H0C5; P62324; Q9UQM7; P20248; P30281; Q16543; P46527; Q8TAP6; Q92793; Q15438; Q96D03; P26358; P00533; Q9UJM3; Q15910; Q1W6H9; Q00597; Q9HB96; Q969H0; Q12778; O43524; P06241; P22466; P49841; P68431; Q96LI6-3; P08238; P42858; P08476; Q8WZ60; Q5S007; Q99683; O15264; Q8TD08; Q9BPZ7; P10636; Q07820; Q00987; Q14696; P42345; P04198; P25963; Q9BZQ8; P04150; O15530; Q96S96; P19174; Q03181; O60437; P62136; P67775; P30153; P54646; P17612; Q05513; Q8WUY3; Q06124; P04049; P10276; Q9NS23; Q6R327; P15880; P23443; Q15047; Q96EB6; Q13309; Q13485; Q8N3U4; Q14849; Q13043; Q9UNE7-1; P56279; Q9NYB0; Q5T1C6; Q92547; P53804; P10599; P08670; Q6GPH4; P17028; P29067; P06762; Q83730; P03165; Q15118-1
P32239	P32239	PRO_0000010542 [P06307]; Q9P121; Q06124
P32320	P32320	Q96EY9; Q96B67; P32320; Q96D03; Q9BVV2; O15353; Q9H8Y8; Q0VD86; Q3LI64; Q8IUC2; Q8TBB1; Q96HA8; Q96CS7; P25786; P43115-12; O00560; O43167
P32745	P32745	P05067; O75970; P30874; O55164
P33981	P33981	O14777; Q9BZD4
P34896	P34896	P26196; Q9H8Y8; P50213; P45984; Q99750; P34896; P0DMN0
P34897	P34897	Q15041; P46736; Q9Y376; Q96DZ9; Q96DZ9-2; Q8IZU9; Q969L2; P34897
P34972	P34972	Q9UKJ8; Q15848; Q9NRZ5; P13236; P21964; Q14802-3; Q8N387; Q8IXM6; I3L0A0; Q96AA3; Q9Y6D0; Q6ICL7; Q9NP94; Q13501; Q96HH6; Q969S6; Q9NWH2; Q9H2L4; Q8N2M4; Q6ZT21; Q5TGU0; Q9Y548; Q9BSR8; Q96EC8
P34998	P34998	P06850; Q12959; Q15700; Q92796; P78352; Q86UL8; Q5T2W1; Q14160; Q63622; O88382
P35228	P35228	P04406
P35346	P35346	Q5T2W1; P30872; P30874; P31391; Q9P202
P35372	P35372	Q9Y679; Q92905; Q8TEW6; P21333; P35212; Q9H3P2; PRO_0000008243 [P01210]; Q96S59; Q8IUQ4; O43255; Q9P0L0; Q5T9L3; Q15942; Q08AM2; P20292; P27449; O15342; O14523; Q9P0B6; Q8IX05; P51798; P78369; Q8N7P3; P56748; Q2HXU8-2; Q9BXN2-6; O95406; Q4LDR2; P49447; Q08426; P54849; P54852; Q01628; O43561-2; Q9UBY5; Q8N386; P21145; Q13021; Q9H492; Q9BXW4; Q9GZY8-5; P42857; Q8IV08; Q01453; Q9NS64; O95968; Q96IW7; Q8N6R1; Q9BRI3; Q9NVC3; Q8IVJ1; Q0VAQ4; Q9Y6I9; P48230; P55061; Q5W0B7; A5PKU2
P35398	P35398	P14136; P51843; Q9BZS1
P35590	P35590	Q6A162; P60410; P04629; Q15238; Q93062; Q15654; Q9UGI0
P35610	P35610	Q8N4J0; P28331; P54274; Q9Y5Z9; P35610-1; Q9Y5Z9
P35869	P35869	P27540; Q8NI08; Q9Y618; P12977
P35916	P35916	O75871; P08238; P35968; P49767
P35968	P35968	P33151; P35916; O60565; P98160; PRO_0000391621 [P98160]; PRO_0000391622 [P98160]; P17301; P35968; P09382; P08581; P16333; O14786; O75340; P09619; P29350; Q12913; P29353; P12931; P15692; P15692-4; P49767; Q9MYV3-3
P36507	P36507	P05067; P10398; Q96II5; P15056; O95273; Q12959; P61978-2; Q8IVT5; P00540; P04049; Q61097
P36544	P36544	P05067; PRO_0000000092 [P05067]; Q9NSI6-4; Q494W8; Q9UBU7; Q8N5J2-3; Q09028; P55000; Q13573
P36888	P36888	P00519; P42684; P46108; P46109; P06241; Q13322; Q9Y6K9; P06239; P27986; P20936; P43405; Q8R4L0
P36896	P36896	P62942; P08238; Q13485; O15105; P27040
P36897	P36897	P62942; P01137; P63104; PRO_0000045599 [Q99IB8]; P02750
P37173	P37173	P54819; P61966-2; Q9NP61; O75143-2; Q93084-2; P54253; P54252; Q4VBR4; Q8TBE0; Q8TAB5; P40227; P12830; Q8NE08; P48730-2; Q9UER7; Q9UMR2; P49184; O14531; P26378-2; P15036; P09471; P51674; P42858; O75874; Q6PI98; Q9ULR0; P06756; P23276; O60259; Q96E93; Q8N448; Q7Z434; Q93074; Q14728; P01106; Q9NPC7; Q99435-2; Q8TAT6; Q9BZ95-3; Q96IY1; Q16549; Q9NUD9; Q8TBJ4; Q07869; Q13200; P21246; Q13702-2; P52756; Q6NTF9-3; Q96NA2; P61513; Q8IX30; Q8NC51; Q16586; Q99720-4; Q8NCS7; Q16560-2; Q7Z614-3; Q3SY56; P46977; O43463; Q13428-5; P01137; P10600; Q9Y228; Q96BQ3; Q9UHP3; Q969W3; P19544-6; P25490; A2AGH6; P07200; P02750
P37231	P37231	Q8NFM4; P10909; O60869; Q9BWX5; P42858; P45984; O75376; P55055-1; Q13133; P37231; Q9UBK2; P10276; P19793; P28702; Q96EB6; P51532; Q6STE5-1; Q6STE5-2; P37231-1; P19793; Q00535
P37288	P37288	P25106
P37840	P37840	Q6PCB6; P00519; P00519-1; P00519-2; Q6ZTN6-2; P63010-2; O00203; P02647; P02649; P05067; Q8N6T3-3; Q9NP61; Q0P5N6; Q8WXK3; P18847; Q9H0Y0; P46379-2; Q07812; Q07817; O15392; Q8WUW1; Q5SZD1; P62158; Q8N5S9-2; P55212; Q7Z7K6; Q9HD42; Q16740; P10909; Q9UNS2; Q8IUI8; P48730-2; P99999; O75398; Q8NDP9; O60479; A0AVK6; O75530-2; O00472; Q8TC29; O00471; Q9UHY8; Q0VDC6; Q6PIV2; P02792; P06241; P06241-3; P62879; P49841; P68431; Q71DI3; Q969S8; Q9HCC6; Q8WVV9-3; P09017; P08107; P42858; P80217-2; Q16352; Q6DN90-2; O14713; Q9UIH9; Q9Y2M5; Q92876; Q9BYQ4; Q96JM7-2; P13473-2; Q9BYZ2; Q9H2C1; Q9UPM6; Q8TBB1; Q8N448; A2RU56; Q5S007; O95777; P07948; Q8TD91-2; P10636-6; P10636-8; Q8N6F8; Q8TDB4; A4FUJ8; Q8N594; Q9Y3D2; P00414; P02795; Q9Y483-4; O00746; O15381-5; Q86WS3; Q96FW1; Q6GQQ9-2; Q6VY07; O96013-2; Q9NR21-5; Q9NV79; Q13113; O75925; Q6ZR37; P17252; Q02156; O60260-5; O75400-2; P62191; P17980; Q9UI14; Q9UJ41-4; P62826; Q13702-2; P57052; Q8N5U6; Q6ZNA4-2; Q9ULX5; Q8WVD3; Q8IYW5; Q96D59; Q8N488; O75446; O00560; O43236; O75920-2; Q2NKQ1-4; Q9GZS3; Q01959; Q9HCE7-2; P37840; Q9Y6H5; Q9Y6H5-2; Q16143; P00441; P23497-2; Q99932-2; Q8NHS9; Q8TCT7-2; Q13501; O75886; Q16623; Q9BR01-2; Q92797-2; Q16650; Q13569; P28347-2; Q15554-4; Q9H0E2; O94811; P19474; P68363; P07437; Q8WVJ9; P62987; Q9BSL1; O15205; Q04323-2; Q96RL1-2; O75604-3; P63027; P40337-2; Q9UBQ0-2; O00308; Q04917; O43167-2; Q96NC0; Q8WUU4; Q8N895; Q8N988-2; Q68EA5; Q8NBB4-2; A8K878; P0DTC9; Q61327; P37840-1; Q04917
P40306	P40306	O95273; O43186; G5E9A7; P28799; P50222; O60260-5; P49720; Q9Y3C5; Q7Z699
P40925	P40925	P54274
P41143	P41143	P16615; P27824; Q4LDR2; Q5JY77; Q9NS64; Q9Y666-2; Q9UKG4; Q0VAQ4; Q96Q45-2; P11607
P41145	P41145	P35414; Q9H0R8; Q16617
P41180	P41180	Q15363; P41180-1
P41240	P41240	P41240; Q96D03; P00533; Q13283; P08069; Q5T7N3; Q9NWQ8; P08575; P49023; Q6UWF3; Q9F220; Q7VLE8; P00523
P41594	P41594	P41594; Q7Z6G3
P41595	P41595	P28223; P28335
P41743	P41743	P60953; P78545; P08151-1; Q96L34; Q6FHY5; Q96RE7; Q8TEW0; Q9NPB6; Q9NPB6-2; Q9BYG5; Q9BYG4; Q8ND90; Q05513; P63000; P48431; Q13501; Q04917
P42261	P42261	Q6XD76; Q14457; Q9UIH9; Q15907; Q9UNY5
P42262	P42262	Q12959; P46459; Q9EP80
P42330	P42330	P17516
P42336	P42336	P54253; P54252; P21860; P01100; P62993; P42858; P35568; P27986; P27986-2; O00459; Q92569; O43791
P42338	P42338	P05067; P27986; P27986-2; O00459; Q92569; Q13485; P27348
P42345	P42345	P31749; Q07817-1; Q6UXB4; Q8TB45; Q13541; Q969H0; P62942; P24522; Q8WUA4; Q9BVC4; Q9BVC4-1; Q13615; P42345; Q9Y4G2; Q8TCU6; P62820; Q15382; Q6R327; Q8N122; Q96EB6; O14894; Q92544; Q8NHX9; O75385; P63104
P42574	P42574	O43823; Q9Y243; O14727; P05067; P54252; P55212; P55211; Q14203-5; P42858; Q00987; O60551; P09874; Q5JUK2; P10599; Q9BYP7; P98170
P42679	P42679	P10275; Q9Y5Z0; P04626; P08238; Q92876; Q5S007; P62258
P42680	P42680	P78325; Q13480; P08581
P42681	P42681	Q8NA61-2; P46108; O60496; Q16828; Q5JST6; Q13322-4; P62993; Q13422-7; Q9H2S9; O75564-2; P10721; O43639; P27986-2; Q9GZV8; Q9NYW8; O14543; O14544; Q9UGK3; Q8IZW8; Q96SQ5; Q3KQV3; Q9Y2P0
P42684	P42684	Q8IZP0; P46108; P00533; P04626; P21860; Q15303; P36888; P06241; P62993; P10721; P16333; P27986; P19174; Q13671; Q15637; P12931; Q9NYB9-2; Q15642-2
P42685	P42685	Q12982; P60484; P06400; Q15427
P43004	P43004	P42858; P10636
P43005	P43005	Q9Y282; Q5JX71; Q14802-3; Q5T700; Q15599; O75459; Q5T2W1; Q99942; P78382; Q8TBG9; Q7Z7N9
P43115	P43115	Q6UY14-3; P32320; O95967; Q0VD86; Q15323; O76015; Q6A162; P60409; P60410; P60411; P50222; Q7Z3S9; Q04864; Q9UGC6; O76081; O76081-6; O43597; P15884; Q8IWZ5
P43403	P43403	P22681; P20963; P07766; P00533; P10721; P06239; P08581; Q9Y2R2; Q8N1K5-1; Q8BGG7
P43405	P43405	P05067; P22681; P20273; P11049; P07766; Q9BXN2; P00533; P04626; P21860; P30273; P36888; Q13480; P06239; P08581; P27986; P19174; Q9ULZ3; Q9NP31; P40763; Q96IP4; P54274; Q8TF42; Q9UHP3; P01023; Q06481-5; P05067; Q13867; P27824-2; Q86YQ8-2; Q9UGL9; O14576-2; P0DMV8; Q07954-2; P41271-2; P62136; P63000; P29353-7; Q9Y4K3; P17028
P43681	P43681	Q6UY14-3; P05067; P83916; Q6UXH1-1; Q6UXH1-3; P20042; Q9NZR2; Q92673; P17787
P45983	P45983	P22681; P56747; Q13202; P16104; P05412; P45985; O14733-2; Q9UQF2; P45984; P27986; Q8N122; Q9WVI9-1; P05412; Q9Y6W6; Q9BY84
P45984	P45984	P49407; P32121; P15336; P0C671; O95561; Q6P1W5; Q8N7E2; Q13042; Q9C0F1; Q13363-2; O43602-2; Q8N9I9; Q9Y6W6; Q9BY84; Q13115; Q5JST6; Q9H0I2; P14136; Q9NYA3; O15499; Q8IYA8; Q13352; Q9P2G9-2; O00505; Q96JM7; Q96JM7-2; Q9UBR4-2; Q8TBB1; Q8N448; Q9Y250; P45985; P45983; Q96EZ8; Q86YW9; P50221; Q5VWP3-2; Q5HYW2; Q02548; Q9BYU1; Q9NRD5; P78424; P37231; Q96S79; Q2I0M5; Q8IYX7; O00560; Q15427; P34896; A2RU48; P40763; Q8TDR4; Q8IYF3; Q8IYF3-3; O43379; Q53FD0-2; P52744; Q9BR84; O43257; P40763
P46734	P46734	Q9Y463; Q5S007; Q99683; Q16539; Q9BSI4
P47869	P47869	P00533
P48039	P48039	P27797; A8MQ03; Q8IUG1; P49286; O76081; P57088
P48147	P48147	P04406
P48443	P48443	P12532; P02489; G5E9A7; Q14204; O14908-2; P42858; Q15777; F1D8P7; P55055; Q13133; Q13133-3; Q96RI1-1; Q9NRD5; P10276; P10276-2; P10826-2; P13631; Q7Z699; Q86WV8; P11473-2; Q91XC0
P48729	P48729	Q9BXL7; Q96SW2; Q5T0W9; Q9BQN1; Q9H4H8; Q2M2I3; Q8NEG4; A6ND36; Q6ZRV2; P08238; Q9UDY8; Q00987; O15151; P18754; Q13546; Q63629; Q9BXL7; Q5S007; Q00987
P48736	P48736	P05067; P15056; Q13370; P48736; O02696; Q3U6Q4; P68404-2
P49146	P49146	P10082; A5PKU2
P49286	P49286	P28335; P48039; O76081; Q14669
P49327	P49327	Q15848; Q16665; P42858; Q8IV20; Q8TBB1; PRO_0000045603 [Q99IB8]
P49336	P49336	P24863; Q01094; P02489; Q14204; Q92876
P49354	P49354	O00189; P49356; P01116-2; P53609; Q12974
P49356	P49356	P21549; Q9BWW8; Q8N5M1; Q8N4L8; G5E9A7; P49354; P31273; A5PL33-2; Q9H0W8; Q7Z699; O43711
P49674	P49674	P25054; O15169; O14640; O14641; Q92997; Q9BQ89; Q1W6H9; Q86UY5; P08238; P23508; Q00987; Q16625; O15055; O75382; P62258; Q04917; Q5T7W0; O70239; Q60838
P49721	P49721	Q9Y2T1; P42858; Q0VD86; Q7L273; A1A4E9; Q8IUB9; Q3LI72; Q3LI70; Q3SYF9; Q9Y244; P25786; P20618; P49720; P28074
P49759	P49759	P60409; O76083; P61981; Q8N2M8; P49760; Q92997; P60371; P60409; Q8TBB1; O76083-2; O14492-2; A7MD48; Q07955; O75494; P84103; Q16629; P62995
P49760	P49760	Q9BZE9; Q8WUQ7; Q8N2M8; P49759-3; P49760; P49761; Q8N684; Q96D03; P42892; Q08426; Q53SE7; Q9BX10; O95198; Q8TBB1; Q9P127; Q9BYD3; Q9UBU9; P04553; Q8NAV1; Q14498; O76064; D3DU92; Q15287; Q9BUV0; O00560; Q8TAD8; P08621; P78362; Q8IYB3; P84103; B2RWP4; P14373; Q86XT4; Q01081-2; Q7KZS0; Q96MU7; P61981; P52737; O14978; Q96PQ6; Q53GI3; Q8TD17; Q9C0F3; Q8IYI8; Q8WTR7; Q8N8L2; Q96NG5; Q96H86; Q9H5H4; Q96EG3; Q15696; Q9Y5A6; A0A0S2Z4Z6; Q8IYB3; Q12380; Q05947
P49761	P49761	Q8IWX8; Q8N2M8; P49760; P49761; Q96D03; P17509; P09629; P09017; P08238; Q0VD86; Q8TBB1; Q5M9Q1; Q9UBU9; P29728; P29728-2; P38159; P0DJD3; Q15415; O76064; Q15287; Q9BUV0; P10523; O00560; O14492-2; Q8TAD8; Q16560-2; P78362; O75494; P84103; Q9BRL6-2; O43463; Q9BSI4; P62995; P62258; P61981; O14978; Q8WTR7; Q9ULD5; Q9Y2P0
P49840	P49840	PRO_0000000093 [P05067]; O15169; Q9Y2T1; P15056; O75398; Q6P3S6; Q92837; Q9P0R6; P08238; P42858; O75581; P10636-8; Q14596; P62258; P61981; Q8IUH5
P49841	P49841	P31749; P31751; PRO_0000000093 [P05067]; O15169; Q9Y2T1; Q96G01; O75952-3; O75952-5; P35222; Q5VWQ8; Q5VWQ8-2; Q9NYF0; O75398; Q13144; Q92837; Q9P0R6; P13807; O75581; Q5S007; P10636; P10636-8; Q14596; Q8N4C6; P17612; Q01201; Q13485; Q9NRG4; O95863; P37840; Q6J9G0; P04637; Q14134; O95071; P67809; P16989; P63104; Q8IX07; O35625; Q14DJ8; Q02248; Q811T9; P63085; P0DTC9; P05067; P35637; P01106; Q8BMD2-1
P50052	P50052	PRO_0000032459 [P01019]; P35625
P50225	P50225	O00204
P50406	P50406	P06241; P46821; P51513
P50579	P50579	P21917; Q96LA5; Q9HBH5
P50613	P50613	P24941; P11802; P08238; Q96SB4; P78362; O00267
P50750	P50750	Q13535; Q8WXE1; O60885-1; O60563; O60583; O60583-1; O60583-2; Q16543; Q9HAW4; Q9NR30; Q13451; O94992; P07900; P08238; Q6NYC1; Q4G0J3; P53041; P40763; P04608; P28799; P28799-2; Q6XYB7-2
P51451	P51451	P10275; Q8NDB2; Q13490; P46109; O43281; O43281-2; P00533; Q96Q35-2; P51114-2; P51116; Q13480; Q13322-4; O75031; P08238; Q9UKT9; Q96N16; P10721; Q9UJV3-2; Q9NRD5; P27986-2; Q92569; P49023-2; O14796; Q13239-3; O14543; Q9BWW4; Q9UGK3; P40763; Q8IZU3; O95551; P08670; A0A0C4DGF1; B2RXF5; Q96BR9; Q6NX45
P51617	P51617	O43187; Q9Y616; Q15306; Q92985; Q99836; Q96FA3; Q9HAT8; Q8N2H9-2; Q13526; Q86WV6; P58753; Q9Y4K3; Q8VCW4; Q5D1E7
P51681	P51681	Q16570-2; Q92583; PRO_0000005165 [P13236]; P13501; P51681; P01730; P61073; P54849; O60831; O54081
P51812	P51812	Q02410; P46379-2; P67870; Q12959; P09471; P08238; O14901; Q86UL8; P28482; Q9HC98-4; Q15599; Q6P4D5-2; Q5T2W1; P27986-2; Q14160; Q7Z698; Q9P202; A1JU68
P51813	P51813	Q13490; P08238; P11309; P11309-2; Q16825; P40763; P62258
P51843	P51843	Q96G04; P62508; P62508-3; Q13285; P35398
P51955	P51955	Q9UJX5; P30260; Q5T7B8; P23508; Q8NG66; P36873-1; Q6GQ04; Q8NG66
P51956	P51956	P52735
P52333	P52333	Q969H0; Q07666; Q9UNF1; P55209; Q13485; P51532
P52564	P52564	Q5S007; Q16539; Q16236; Q9NRD5; O76024; P52564-1
P53350	P53350	P05067; O14965; Q9Y2T1; Q9NR09; P54132; Q6PGQ7; A1L170; Q14790; P30307; Q99741; Q71F23-1; Q76N32; O96017; P61962; O14641; P23588; Q92889; Q2NKX8; O60447; Q13158; Q9UKN8; Q9Y5Q8; Q9NYZ3; P08107; O95251; P49736; P33993; Q00987; Q8TD19; Q5HYW2; O75665; Q8IXK0; P53350; P49768-2; Q9H0H5; Q8IY92; O60271; Q92844; Q15583; P04637; Q12888; P30291; P62258; Q60838; P23804; P70399-1; PRO_0000045602 [Q99IB8]
P53355	P53355	O95816; Q14457; P62158; P53355; Q9Y2M5; Q9UHB6; Q38SD2; Q5S007; P27361; O75340; P14618; P14618-1; P63151; Q9UNE7
P53667	P53667	Q8WYQ4-2; P23528; P57058; O95835; P50281; Q13153; Q13177; Q8WYL5; P62258; P29066; P29067; P63319
P53671	P53671	Q16543; P08238; Q96C90; P62258
P53778	P53778	P05067; Q12959; Q15700; Q92796; P78352; Q15599; Q16512; P26045; P29074; Q14160; Q8IUQ4; Q13884
P53779	P53779	P49407; Q92526; P05412; P17535; Q04206
P54646	P54646	Q8IZP0-5; Q9NYB9; Q9NYB9-2; Q13155; Q9ULX6; P31749; A2BDD9; Q9Y2J4; Q9NYG5-2; Q92624; Q96B67; Q5T686; Q9P1Z2; Q13137; P0C7W6; Q9NPC3; Q00587-2; Q01850; O14627; Q8N684-3; O75638-2; A8MQ03; Q9NQM4; P50570; Q92997; Q9Y6C2-2; O95208-2; Q53EP0-3; Q6FG41; O75420; P08151; Q08379; Q9NYA3; O75791; P28799; Q6NT76; Q8IX15-3; Q13422-7; Q9UKT9; Q719H9; Q7L273; Q86T90; Q96L93-6; Q5T7B8-2; Q9BVG8; P08779; Q15323; Q8IUG1; P60411; Q96JM7; Q96JM7-2; P80188; Q9BRK4; Q13064; Q6PF18; Q9Y605; Q5JR59-3; P12524-2; Q15742; Q7Z6G3-2; Q15233-2; Q7Z3S9; Q96F24; Q86Y26; Q494U1-3; Q9NQX0; Q9Y478; O43741; P54619; P31321; P41219; Q86YV0; Q93062; Q04864-2; Q8HWS3; Q9Y3C5; Q7Z5V6-2; Q9UJW9; Q15477; Q9H6Q3; Q5JUK2; O43609; Q6ZMT1; Q15831; P15884; Q96CG3; Q08117; Q08117-2; Q15645; Q15654; Q9Y3Q8; O75385; Q9Y6N9-4; Q495M9; Q8N6Y0; Q9UK41-2; Q9H9H4; Q8N1B4; O76024; O00308; P62258; Q96BR9; Q9H0C1; Q9UDV6; Q8NF99; Q3MJ62; Q9WTK7
P54750	P54750	P42858
P54760	P54760	P52799; P54756; Q9UF33; Q15375; P01588
P54762	P54762	Q13322; P62993; Q14451
P54764	P54764	P20827; O43921; P52798; P52803; P98172; P52799; Q15768; P29323; P07148; P11172
P55011	P55011	P15311; O95747
P55055	P55055	Q92828; Q99750; O75376; P19793; P48443; Q07869-1; Q03181; P37231; P19793
P55072	P55072	Q9UKV5; Q9BZE9; A9UGY9; P54253; P54252; P54252-1; Q96LK0; O96017; O75175; Q13619; O60941; O60941-5; P26378-2; Q96J88-3; Q9UNN5; Q9UNN5-1; Q96CS3; O94868; P09471; P62993; P04792; P42858; Q8TBB1; Q8WZA0; Q9H7H0-2; Q9HC29; Q8TAT6; Q9UNZ2; Q96HA8; Q9Y263; Q07869; P62136; P07602-1; P25786; P62191; P26045; Q9Y4L5; Q96EQ8; O76064; P32969; Q9H0K1; Q8NBI5; Q16560-2; P46977; Q9Y4K3; P51668; B1AQ61; O94941; Q04323; Q96LJ8; Q5T124-6; P68543; Q14CS0; Q92575; Q9BZV1; Q9BZV1-2; O94888; O00124; Q92890; P63027; Q969W3; P55072; Q6GPH4; Q5VVQ6; P63104; P24278; Q9WTX6
P55157	P55157	P04114; Q4VIT4
P55211	P55211	O14727; Q13490; Q96CA5; Q6PIA0; P42574; P43146; Q13418; P98170; Q8XAL7; P55211-1
P56524	P56524	Q9H9E1; P10275; P15336; P41182; Q9HCU9; Q96JN2-2; Q01850; O95967; Q08379; P56524; Q15323; O76015; Q6A162; O95751; A9UHW6; Q5JR59; Q8ND90; Q6NUQ1; Q13761; P31947; P63279; P31946; P62258; P61981; Q04917; P27348; P63104; O54946-2; Q8AZK7; P08393; Q8WXK1; Q9BUH8; Q8TD16-2; Q9H2G9; A2RRN7; Q13137; Q86Z20; O95273; Q6NVV7; Q01850; Q86X02; Q8NHQ1; Q8WWB3; Q5JST6; O94868-3; A1L4K1; Q08379; A6NEM1; Q4V328; P54257; Q96ED9-2; O75031; Q0VD86; Q7Z3Y8; Q15323; Q14525; O76011; Q92764; Q6A162; O95751; Q02078-5; Q02080; Q06413; Q9UJV3-2; Q5JR59-3; Q8NI38; Q9NRD5; Q9Y2D8; Q9UBB9; Q08117-2; Q96RU7; P14373; Q9BZW7; Q8N1B4; P62258; Q9H0C1
P57059	P57059	Q9BRT9; Q68G74; Q14696; P78337; Q9NRG1; P62072; P62258; P63104
P57078	P57078	Q13490; Q13489; O14641; Q9NWT6; P98170; Q9Y4H4; Q99932-2; B2RUY7
P60568	P60568	P01589; P14784
P61073	P61073	P25106; P51681; Q04900; P04233; P49682; P32302; Q16643; Q96J02-2; P35579; O60603; Q07266-1
P62508	P62508	Q05D60; Q9BVG8; P50222; P51843; Q12769; Q9UBK2; Q86YN6; A0MZ66; G2XKQ0; Q8NFM4; Q13315; Q86WA6-2; Q9BZE7; Q13555-5; Q05D60; Q5JST6; P11474; O95718-2; P62508-3; Q15024; O95990-4; Q8IZU1; Q14296; P23508; Q6IN84; P51843; Q15466; P48552; P26367; Q9NPJ4; P01189; Q9UBK2; P62195; Q8N0T1-2; Q04864-2; Q6NUQ1; A0MZ66-4; Q8TAD8; P19237; P48788; Q96PN7; Q96S82; Q5SQQ9-2; Q7Z4V0
P62942	P62942	P36896; Q9NZD4; P05067; P42345; Q92736; O15105; P36897; PRO_0000037309 [P0C6X7]; PRO_0000037312 [P0C6X7]; P11716
P62993	P62993	Q9P2A4; P42684; Q15027; O14672; Q13444; Q6UY14-3; Q15109; O95994; Q01484; Q86SG2; Q9BRR9; P52566; Q12774; Q03989; Q66PJ3-4; Q9ULH1; O43150; Q6XD76; P30530; P11274; Q14457; Q8WV28; O60885; P62324; Q6P1W5; P22681; Q13191; Q9BUN5-3; Q9Y5K6; Q8N684-3; P98082; P14868; Q16643; Q96D03; Q92841; O14490; Q9P1A6; Q9Y2H0; Q05193; P50570; Q14185; Q8N1I0; Q7L190; Q8N9I9; Q5JST6; P00533; Q9UI10; P54762; Q12929; P04626; P21860; Q15303; Q9UJM3; B7ZLH0; O15360; P21802; P21333; O75369; Q14315; Q13480; Q9UQC2; Q9H706; Q86UU5; Q9Y2X7; Q13322-4; P62993; P61978; Q8IX15-3; P11021; Q9UKT9; Q0VD86; Q13352; Q9NQC1-2; Q07666; Q6ZU52; P10721; Q9UIH9; P05787; Q3LI72; O43561; Q13094; P48357; P25791; Q8TE12; Q8TBB1; Q14693; Q5SQ64; Q9BRK4; P11137; Q13163; Q92918; Q8IVH8; Q9Y4K4; A0JLT2-2; Q9H204; A8MW99; Q9HB07; P35579; Q8WX92; Q16236; Q9GZT8; Q13177; Q9Y2D5; Q9NPB6-2; Q8N4B1-4; Q6ZUJ8; O00750; P42336; P27986; P27986-2; O00459; Q92569; P19174; O14939; Q6IQ23-2; Q5SXH7-1; Q96PV4; Q07869; Q08209; Q9Y478; O14744; B1AHC3; Q05397; P18031; Q06124; Q9Y2R2; Q9H3S7; P29350; P18433; O14522; Q15907; Q13905; P06400; Q9BWF3-2; Q04864; Q8NFH8; Q7L0Q8; Q9H0X6; Q15428; Q15427; Q9NRF2-2; Q9H788; Q9UPX8; Q9BYB0; P29353; P29353-1; Q8WXH5; O14512; Q07889; Q07890; Q8IUW3; O43597; O43295; O95630; O15056; Q6DHY5; Q8N1K5; Q8N1K5-1; Q08117; Q5BJH2-2; Q8NFB2; Q13829; Q07912; Q92973; O75674; Q13625-3; Q9ULW0; Q96RU7; P14373; O60636; P42681; Q06418; Q16851; P15498; Q9UKW4; P55072; A5D8V6; Q92558; O00401; Q9Y2W2; O43516; Q8TF74; Q9Y330; O15156; Q9UNY5; Q9BYN7; Q6S9Z5; Q6ZNG0; Q9BRT8; Q7Z783; P98078; P35570; Q7VLE8; Q9ESJ4; P34152; P35235; Q62245; Q810M5; O92972; PRO_0000037647 [P26662]; P27958; Q9UQC2-1; O43561-2; Q62245
P68400	P68400	P78563; O00170; P05067; Q86V38; Q8N7W2-2; P35226; O00257-3; Q8IYX3; P68400; P19784; P67870; Q5HYN5; Q9GZR7; P35659; Q92997; P20042; O75822; Q8N9E0; A0A0C3SFZ9; Q9NW75-2; Q9NWQ4-1; O15499; Q13547; Q92769; P09017; P08238; A0A0C4DFT8; Q14145; Q5T7B8-2; O60282; Q92876; Q9UBR4-2; Q68G74; Q9NQ69; Q96GA3; Q9H063; P43364-2; P50221; Q6FHY5; Q9BU76; P19338; P23511; P23511-2; Q02548; P26367; Q5T6S3; Q13526; P78356-2; P29590; Q9H307; P78424; O75400-2; Q14498; Q04864-2; Q04206; Q6ZNA4; Q99496; Q15287; P05386; P62269; P23396; Q01105; Q13435; Q96EB6; Q92504; O43623; P12931; Q08945; Q96MF2; P53999; Q9H7L9; O75683; Q96N21; Q9NVV9; Q9Y2W1; Q08117-2; Q8WV44; Q9H2G4; P18887; P31946; Q13360-2; Q8IYI8; Q96NG5; Q9BS34; Q6NSZ9-2
P78356	P78356	Q6NT76; Q15287; Q9C004; Q96GN5; P68400; Q9UBY9; Q9C086; Q16719-2; P40692; O43395; P20618; Q9NQG5; P52739-2; P47086
P78362	P78362	Q9UKV3; Q9NWB6; Q66PJ3; P50613; Q9Y3Y2; P49760; P49761; P38432; Q9NR30; Q7L014; P26196; Q14562; P51114-2; P51116; O60741; P07910; P17509; Q9NQ29; Q9Y383; Q9P127; Q9BU76; Q5C9Z4; Q9H0G5; Q8NAV1; P86480; Q86U06; Q14498; Q9Y5S9; Q86UR5; D3DU92; Q15287; Q96IZ7; Q7L4I2; Q8TAD8; Q8WVK2; P08621; Q8WXA9; Q8IYB3; Q07955; O75494; Q05519-2; Q8WXF0; P84103; Q13243; Q16629; Q9BRL6; Q9BRL6-2; Q13428; Q08117; Q13595; P62995; Q01081; Q01081-2; P26368; P26368-2; Q96MU7; P31946; Q15696; O43309; O15535; P0DTC9
P78417	P78417	P04792
P78527	P78527	O43918; P10275; Q96SD1; P14921; P50549; P09629; Q9BPZ7; Q96RI1-2; P10276; P17947; P13010; P12956; P61981; P25490
P80192	P80192	P08238; Q92993; Q8TAP4-4; P17252; Q15047-2; P62258; P61981
P98170	P98170	Q9Y3E2; A0A087WZT3; Q92851; Q92851-4; P42574; P55210; P55211; O14618; P61024; Q9NR28; Q9NR28-1; P63167; Q96FJ2; P19447; Q96CN9; P07686; O43464; P83110; P83110-1; P83110-2; P83105; Q17RB8; Q9Y5V3; Q96EZ8; Q9HC98; P46531; Q96HA8; Q4G0R1; O43447; Q8N3J5; P47897; P63000; P40937; O43353; P57078; Q06455-2; O43236-6; Q8IUQ4; Q9Y2D8; Q15750; Q5W5X9-3; P0CG48; P51668; P62837; P61077; P61088; Q13404; A5D8V6; P98170; Q3E793; PRO_0000021073 [Q9JIQ3]; P32502; Q9JIY5; P38340; Q01976
Q00534	Q00534	P41238; Q8N5C1; P24385; P30281; P51946; Q14094; Q16543; P38936; P42771; P42772; P42773; P55273; Q08050-1; P08238; Q5XKR4; Q01196; Q13485; Q16629; Q9C019
Q00535	Q00535	P61158; P05067; P23560-2; Q8TDN4; P14635; P24863; P30279; P30281; Q14094; Q15078; P38936; P46527; Q9UJC3; Q6FHY5; Q9Y6R0; P37231-2; P62937; O60260-5; Q5MJ70; A6NLX3; P20226; P09936
Q00536	Q00536	Q92624; Q8ND76; Q8ND76-1; Q8N7R7; Q00537; Q15436; P62258; P61981; P63104; O43829; P30281; O43829
Q00537	Q00537	A1A5D9; Q00536; P42772; Q9C005; P62258; P61981; P63104
Q00975	Q00975	P28702; O35430; P20650
Q00987	Q00987	P31749; P10275; P49407; P32121; Q9Y297; P42574; Q8N726; O96017; P48729; P48729-2; P48730; P49674; Q13616; Q9UER7; P78352; P68104; P03372; P15311; Q9UKB1; Q00688; Q9BVP2; Q9NVN8; Q5T7V8; P25098; Q9H2X6; P61978; Q8N9B5; P05412; P17535; Q9BY89; Q00987; O15151; Q15648; P19338; P06748; Q15466; P49757; Q96FW1; P53350; P29590; P29590-5; O15297; Q13362; P25788; P61289; Q9NS23; P06400; Q6PCD5; Q9Y4L5; P62913; P62829; P46777; P42677; Q71UM5; P23396; P62081; Q7LG56; Q7LG56-1; Q8N488; Q92736; P23297; P29034; P26447; P06703; P04271; Q01105; P04637; O15350; P0CG48; O75604; Q93009; P29067; Q06486; Q62446; Q61937; PRO_0000283876 [P0C6X5]; Q2HR73; Q6P5F9; Q6PCD5
Q01650	Q01650	P08195; P08195-1
Q01959	Q01959	P14416; O15354; Q9NRD5; Q99578; P37840; Q5T9L3; Q9EP80; Q5BJQ5
Q02108	Q02108	Q02153; Q02153-1
Q02127	Q02127	Q6ZMZ0; P49638
Q02156	Q02156	P05067; P15056; P08238; C6GKH1; Q9BPZ7; P17252; Q15349; P31947; P37840; P62258; P63104
Q02750	Q02750	Q8N9N5; Q8N9N5-2; Q9NR09; P15056; Q9Y297; O15519-1; P28482; P27361; Q13526; Q9H8W4; P04049; Q8WWU5-7; Q86Y07; Q86Y07-1; P46937; Q61097
Q02763	Q02763	Q15389; O15123; O15123-1; Q16678; Q05209; P23467; P08575; Q12913; Q15262; Q16827
Q03181	Q03181	P31749; O60341; P55055-1; Q13133; P42858; P60409; P02545; Q7Z699; Q96EG3
Q03405	Q03405	P03950; P00749; P54252; P06396; A0A6Q8PF08; Q7Z699
Q04206	Q04206	Q9NY61; P18847-3; O75531; O60885; P55212; P06307; Q96SN8; Q96JB5; P28329-3; O15111; Q8N668; Q92793; P52943; P68400; P35222; Q9UER7; Q08211; Q9H9B1; Q09472; P03372; P22607; Q99684; P06396; Q00403; Q13547; P46695; O14920; Q13568; Q9Y2K7; Q14145; Q99612; P13473-2; P25791; Q9BQ69; P53779; O00255-2; P14598; Q16236; P19838; PRO_0000030311 [P19838]; P25963; Q15653; O00221; P22736-1; Q96L73; O15294; Q53EL6; Q8N2W9; P67775; P30153; P17612; O75400-2; P62826; Q04864; Q04206; P23396; Q8WTS6; Q96EB6; Q8IXJ6; Q8N6T7; Q13485; O95863; O15524; P40763; Q13148; P21980; Q13625; Q13625-2; P0CG48; Q9UMX0; Q9UBK9; Q9Y649; Q9ESU6; O41974; Q8VIM5-1; Q8X834; B3CRR2; B3CTB0; P0C774; P69976; P10226; P31491; A0A384KL23; A0A2U2H0Y9; Q9NPC8; Q8VIM5-1; Q00653; P25963; Q15653; O00221; Q04864; Q01201; P35637; Q04864; P15884
Q04759	Q04759	Q06187; P06241; O76003; Q00613; P06239; Q8IVH8; Q05513; P35570
Q04771	Q04771	Q9UF33
Q04828	Q04828	P51857; P26045; Q7Z699
Q04912	Q04912	P26927; O43157; O15031; Q9ULL4
Q05397	Q05397	P56945; P46108; P00533; P29317; P06241; P62993; Q14451; P08631-2; P16144; O60711; P07948; Q92569; P25105; Q06124; Q9H3S7; P29350-3; Q9Y3E5; P49023; Q9NP31; P12931; Q96SB4; P42224; O43294; Q68CZ2; P04637; Q824H6; P05480; Q62219
Q05513	Q05513	Q15109; P31749; O95999; Q07021; P08238; P14598; P49757-1; Q9NPB6; Q9BYG5; Q9BYG4; P41743; Q04759; P40337; P16554
Q05586	Q05586	P05067; P35637; Q12879-1; Q13224; Q12959; P78352; Q62936
Q05655	Q05655	P05067; Q9BXL7; Q9H5V8; Q9NR28; P06241; P17677; C6GKH1; P24001-2; P19878; P12931; P11388; P04637; Q9H3D4; Q9UBQ0-2
Q05940	Q05940	Q6PL45-2; Q9BXR6; Q96DZ9-2; P25025; Q8TDV0; Q6N075; Q16617; P30825; Q9BVC6; Q96B49
Q06187	Q06187	Q13444; Q99856; Q8WV28; Q06187; P78347; P08238; Q9BVA0; P21145; P50222; Q04759; O60239; P42768
Q06278	Q06278	Q06278
Q06418	Q06418	P62993; Q96D42; P08238; Q9Y5K2; Q6A162; P60409; P60410; P60411; Q9BYR5; P26371; Q9BYQ4; Q99750; B2RUY7
Q06520	Q06520	Q9GZT8; P40763; O43704
Q07343	Q07343	Q13936; Q08499
Q07817	Q07817	Q92934; Q16611; Q9BXH1; Q07817; O43521; Q14457; P55957; Q13323; Q96LC9; P0C671; P15056; Q8IYJ2-2; Q9GZR5; Q9Y282; P27469; P22749; Q8NBJ4; Q5T7V8; Q9H2K0; Q9C000; P49810; Q9H6H4; Q6NTF9-3; Q7Z5B4-5; P78317; O15304; P37840; Q9H2V7; P56557; Q7KZS0; Q92934; Q16611; Q07812; Q9BXH1; Q07817-1; O43521; O43521-1; Q14457; P55957; Q13323; P10909-4; O00198; P42345; Q9C000; Q13794; Q7L3V2; O15304; O15304-1; P04637; Q13625; Q86Y07-1; Q61337; Q99ML1; O54918-3; P30429-2; Q99MI6; Q8BWF2; P02340
Q07869	Q07869	P02768-3; P55212; P45973; P06307; Q3L8U1-3; G5E9A7; P22607; P62993; Q14957; P06396; P42858; Q8WXH2; P13473-2; O75376; Q9Y618; Q13133; A0A6Q8PF08; P54725; P62826; Q7Z699; P37173; P55072; P55055-1; Q13133
Q07912	Q07912	P29972; P56945; P60953-2; Q00610; P07902; P62993; P08238; P16333; Q9HC98; Q7Z3S9; O60880; Q9Y5X1; Q07912; A8MQ03; Q9BQC3; P07902; Q92569; O60880; O14796
Q08289	Q08289	P56545-3; Q96MH2; O14744; Q8WUU8; Q13936
Q08345	Q08345	Q16832; O43639; Q06124; Q9UHD9
Q08493	Q08493	Q96D03; O15499; P26718; P50221; Q6FHY5; Q9UJX0; P26367; P30626; P59817; P30626
Q08499	Q08499	P32121; P38432; Q0D2H9; Q08AF8; P43360; Q07343; Q13077; P32121; P26769; P38432; Q96CV9; Q8IUH5
Q08881	Q08881	P04626; P48023; P08238; Q13094; P31947; P62258; P10686
Q09428	Q09428	Q14654
Q09470	Q09470	Q9BQE5; Q12959; P78352; Q9UPQ8; Q8TDT2; O15529; Q9Y5U9; Q8N5M9; Q16322; P22001; P21145; O43765; Q9NUH8; Q8N2M4; Q62936
Q12797	Q12797	O43681; O95994; P02818; P01037; Q5JRM2; P81605; P60022; Q8N5I4; Q14204; Q6UWR7; Q8NFU4; Q14512; Q9Y680; P22466; P01350; O43681; Q8NBJ4; Q8TDV5; Q96SL4; Q8TED1; O15499; Q02747; P42858; Q9HBE4; Q9Y5Q6; Q9NZI2-2; Q9Y2W7; Q6PIL6; Q92876; P80188; P30533; P01374; Q9NX40; Q6UW60; P04085-2; Q9NWW9; Q9H8W4; Q59EV6; Q96NZ9; A5D903; P02812; P01270; P21246; Q15293; Q8NC24; O60930; P0DMR2; P34741; Q15428; Q96EQ0; Q3SXP7; Q86UW2; P58511; Q96E16; P08294; P00995; Q9NRX6; Q9Y320; O14763; A0A384ME17; Q96J42; O75310; Q8WWY7; Q8TCV5; O60844; A0A087WZY1; A0A1U9X8X8; P42858
Q12809	Q12809	Q03135; Q12809; Q9BZ67
Q12851	Q12851	Q13233; Q9NUX5
Q12852	Q12852	P00533; Q70Z53
Q12879	Q12879	Q12959; Q92796; P78352; Q07954; Q86UL8; Q14160; Q62936; P31016; Q9WU22; Q05586-1
Q13131	Q13131	Q9NYB9; O14503; O14627; Q13363-2; O95073; Q08379; Q6NT76; Q8IX15-3; P08238; Q9UKT9; Q8NBZ0; Q6A162; Q96JM7; Q5JR59; Q8IXK0; Q96PV4; Q9Y478; O43741; P54619; Q93062; Q8HWS3; Q9UFD9; Q9HAT0; Q9Y2D8; Q9NVV9; Q08117; P14373; Q15654; Q9Y3Q8; Q5T124; Q9H9H4; Q8N1B4; P46937; O96006
Q13133	Q13133	O60869; O60341; Q99750; Q15788; O75376; Q07869; Q07869-1; Q03181; P37231; P19793; P28702; P48443; O43463; P42858; Q99750; O95817; G5E9A7; O95872; P02545; Q99750; P28702; P28702-3; P48443; Q7Z699
Q13153	Q13153	P11117; P35611; Q15052; Q14155; Q9H0W9-3; P60953; P21127; P63167; Q6NZ36-4; Q9Y2X7; Q14161; Q13322-4; Q9Y2M5; Q14847-2; P53667; Q15759; O43639; Q9Y239; P46531; P32243-2; Q15365; Q8N490-3; P63000; P63000-1; P04049; Q8WZ73-3; Q9H4E5; Q7L0Q8; Q92963; Q9NTN9-3; Q96BD6; O75558; O60506-4; O15273; Q8TDR4; Q9BXU0; O60830; Q96A04; Q9H892-2; Q96EF9; Q8N0Y2-2; B3KX85; P60766; P62999; P63001; Q5PP90; Q13153-1; Q15365; Q7L0Q8
Q13163	Q13163	Q3SXR2; Q9H596; P62993; Q96NT3-2; P08238; Q8N448; Q9Y2U5; Q99759; Q13164; Q99471; Q13501; Q9BUY5; Q6ZNG0
Q13164	Q13164	O95816; P15056; Q16204; Q13163; Q02078-6; P29590; O00762; Q5TZN3; P17029; Q12156; P53286; Q12055
Q13177	Q13177	Q9NYB9-2; Q15052; Q14155; P55210; P60953; Q9Y2X7; Q14161; P62993; P08631; P42858; P53667; P16333; O43639; Q13177; P63000; P04049; Q9H4E5; Q8TEJ3; Q9BX66; O94875; O60504; P12931; O55043; Q5PP90
Q13188	Q13188	Q8IZU0; Q53SE7; O95166; Q9H0R8; P60520; Q99259; Q8WXH2; Q9GZQ8; Q9BXW4; Q9H8S9; Q7L9L4; Q86TA1; Q9H8W4; P04049; Q9NS23-2; P50749; Q86WH2; Q9H2L5; Q8WWW0; Q8WWW0-1; Q6ZTQ3; Q9H4B6; Q14BN4; Q8TAD8; Q13188; Q13043; P0C1Z6; P0C1Z6-2; Q13077
Q13224	Q13224	Q9UQM7; Q12959; Q15700; Q92796; P78352; Q05586-1; Q14160; Q62936; P31016; P62139
Q13233	Q13233	P15056; P61962; O75369; P08238; P45985; Q12851; P62258
Q13255	Q13255	P52294
Q13285	Q13285	Q13510; Q13510-2; Q53TS8; P61024; P16333; O43639; P51843; Q96HA8; P40937; Q8WW24
Q13315	Q13315	Q9NY61; P00519; P31749; O43313; Q6PJG6; P62508-3; Q5XUX0; Q9Y6K9; Q13007; Q14676; Q9BQ15; P11245; O60934; P46531; Q9BZ95; Q7LG56; Q9Y4R8; P54274; P54274-2; Q15554; Q12888; O43156; PRO_0000037577 [P27958]
Q13370	Q13370	O60760; Q8TBB1; P48736; Q5UE93; O95398
Q13393	Q13393	P05067; Q6XD76; P23528; Q6NXG1; O15287; Q0VD86; Q6ZQX7-4; Q6P5Z2; Q15382; Q08AE8; Q9H7C4; P15923-3; Q12888
Q13464	Q13464	Q8IYR0; Q86V42; Q7Z6J6; P25791; O15481; Q13203; Q9BUI4; P61586; Q99816
Q13470	Q13470	P31947; P62258; Q92567-2; Q13322-4; Q8IYX7; O75177-5; P15622-3; Q86UD4
Q13509	Q13509	P54274; P68363; O95185
Q13523	Q13523	P49407; P32121; Q9Y2Y9; Q9H1D9; Q15287; P61981; P04590
Q13546	Q13546	P04083; Q13490; Q13489; Q92851; Q14790; Q8IVM0; P48729; Q13158; P08238; Q9Y6K9; Q96AB6; Q9ULZ3; Q13546; Q9Y572; P19438; Q15628; Q13077; Q12933; Q13114; O00635; Q13107; B7UI21; PRO_0000449629 [P0DTD1]; U5TQE9
Q13547	Q13547	Q14865; Q9C0K0; Q9HCU9; Q6PH81; Q14839; P68400; Q9UER7; Q92841-4; P17844; Q9UJW3; Q01094; Q66K89; Q96KQ7; Q96D98; Q99684; Q13227; P62805; P51610; Q92769; O15379; P43355; Q9UIS9; Q9UBB5; O95983; Q8N108; Q13330; O94776; Q9Y618; P19838; P06748; Q15466; Q9NQX1; Q96N64; P06400; Q09028; Q16576; Q9UKL0; Q04206; O00422; Q96ST3; Q9NP50; Q13485; O95863; P08047; O43463; P04637; Q05516; O95365; Q92618; P29128; P03129
Q13554	Q13554	O00154; Q2VPB7; P62158; Q9UQM7; Q13554; Q13557; Q8N0U1; P60412; Q3LI72; Q3SYF9; Q9UI95; Q9BUE0; Q9UBU8; Q9UBU8-2; Q9Y3B7; Q93100; Q969H6; P61225; O43251; Q93062; P62913; Q9NTN9-3; Q5W111; Q8N0Z6; B3KWQ7; O00154-4; P15289; Q9UQM7; Q13557-8; Q13555-5; Q9NUG4; Q16543; Q6P1R4; O43790; Q07627; Q7Z4W3; Q3LI66; Q3LI67; Q6FHY5; Q9UBU8-2; Q15014; Q9Y3B7; Q96T60; Q9BUI4; P61225; P78317; O14787-2; Q9Y5L0; Q8N0Z6; P26640; A0A0C4DGF1; Q9UJ78-2; P32502; P16622
Q13555	Q13555	P62158; Q13557; Q13555; P08238; Q9UQM7; Q13554-3; Q13557-8; Q16543; Q6P1R4; P62508-3; Q63ZY3; Q7Z4W3; Q3LI64; Q3LI67; Q9Y3B7; P61970; Q9UBU9; P20618; Q96SI9; O14787-2; Q9Y5L0; Q8N0Z6; Q7KZS0
Q13557	Q13557	Q8N9N5; P62158; Q9UQM7; Q13554; Q13557; Q13555; O96015; Q5JZY3-3; P68106; Q53EP0-3; P51116; Q96BY2; Q9Y3B7; Q96PM5; Q14524; O14787; Q8N0Z6; P62258; P61014; PRO_0000037311 [P0C6X7]; Q9UQM7; Q13554-3; Q13555-5; A0A0S2Z3P2; P78317; Q9Y5L0; Q8N0Z6; Q7KZS0; Q99189; Q02821
Q13627	Q13627	P61962; P63167; Q12926; Q14576; Q9NYF3; Q06787; Q9NZI8; Q9Y6M1; O00425; Q5T749; Q9BRK4; P06400; P28749; Q01826; Q12933; Q14669; Q12815; Q70EL1; P31946; P62258; P61981; Q9ULU4; Q13627-1; P31946
Q13639	Q13639	O15354; O60269; Q13639
Q13698	Q13698	Q9BWC9; A8MQ03; Q6FHY5; Q86UT5; Q04864-2; Q9H2K2
Q13873	Q13873	P43026; Q13976; P62258; P08607; P68404
Q13882	Q13882	Q08043; Q3KP44; Q13191; Q16543; Q92841; Q8N9I9; Q5JST6; P00533; P04626; O00471; O14526; Q13480; P08238; P42858; Q9UKT9; Q5VWX1; Q5T5P2-6; P10721; O14770-4; Q13064; Q8TDC0; P78337; Q9NQX0; Q13882; Q04864; P23246; Q13239-3; O00401; Q9BYN7
Q13936	Q13936	P12814; Q06481; P01024; Q9NZU7; Q02641-1; Q08289-1; P54284; P62158; P51114; P22626; Q9HCM3; Q06413; Q96DH6; P42857; Q9Y5H9; Q9Y5E4; Q07343; Q9NRD5; Q9UKM9; Q9C0C4; O75533; P62161; Q9NZU7-2
Q14012	Q14012	P54253; P62158; Q8IU85; P42858; Q14005-2
Q14145	Q14145	Q5JTC6; Q49AR9; P45381; O14525-2; A9UGY9; Q9H1Y0; P15056; Q2NKX9; Q9BWT7; Q9NPC3; P02452; P02458-1; P68400; Q13618; Q9NX09; Q9NY33; Q96JC9; Q6P6B1; P62495; Q6P1L5; Q14440; Q8TDV0; P28799; B8Q183; P02724; P05362; Q9BYX4; O14920; Q4KMZ1; P05107; O95198; Q8N4I8; Q9UH77; P62310; Q13257; O60336; Q9BTE3-2; Q14494; Q16236; Q96TA1; Q96HA8; Q9NZJ9; Q9UKX7; Q8N573-5; Q86YC2; Q15149; P54619; P06454-2; Q6P9E2; Q04206; P58004; Q96GM5; Q7Z699; Q13501; Q9UGK3; Q9P0N9; P54274; Q9Y3Q8; Q9BRX9; O76024; Q9P202; P58317; Q9NX65; P38109; P17709; O88351; P15314; Q64337
Q14164	Q14164	Q92624; P62158; P48643; Q16543; Q00610; O00571; P08238; P11142; Q9BYX4; Q14653; Q7Z434; P35580; P19105; P60660; Q9Y265; P51532; Q92844; Q9UHD2; A7MCY6; P06753; Q12933; P09936; P62258; Q05127; K7Y1A2; PRO_0000037572 [P27958]
Q14289	Q14289	P05067; P06241; O15259; O75161; Q7L0Q8; P12931; P40763; P62258
Q14524	Q14524	P62158; Q13557; Q12959; P78352; P61328-2; Q86UL8; P26045; Q13424; Q9NY99; Q49AR9; Q8N9N5-2; Q9Y3B6; Q8WW24; Q96E35
Q14654	Q14654	Q09428-1; Q01484; Q96B26
Q14957	Q14957	Q6UY14-3; Q66PJ3-4; Q96FT7-4; Q9H2G9; Q5PSV4; Q9ULD4-2; Q9NSI6-4; Q3SXR2; Q96LL4; Q5M9N0-2; P24941; O95674; Q8WUX9; Q9Y3D0; P02458-1; Q9UJU6; Q6ZN54-2; Q8NDP9; Q12959; Q15700; Q92796; P78352; Q7Z7J5; Q14117; Q9BPU6; Q9Y6W6; A0AVK6; Q658K8; O00472; Q96GL9; P15407; Q06547-2; Q49A26-4; Q96CS2; Q9BT25; Q5T447-2; P10809; Q8NDH6-2; Q9NZH6; Q7Z7F0-4; O43504; Q14847-2; Q9H2C1; Q68G74; Q8N0U6; Q1L5Z9; Q96JB6; Q96LR2; Q86UL8; A0A0A0MR05; Q6IN84-2; Q96H12; Q9NPC6; P41271-2; Q99743; Q6PHZ7; Q5BJF6-2; O43482; Q6GQQ9-2; Q495U3; Q9NR21-5; O15534; Q6ZR37; Q5SXH7-1; P19388; Q07869; O60237-2; Q6ZMI0-5; O43741; P62333; Q06323; P06454-2; Q8WUD1-2; P47804-3; Q15382; Q8WVD3; Q9H0X6; P62701; Q14160; Q9NTN9-3; O60902-3; Q13573; Q496A3; Q5W111-2; Q13586; O15273; Q86WV5; P54274-2; Q9BXU0; Q5T0J7-2; Q8WTV1; O60830; Q8N0U2; Q8IUR5-4; P36406; Q9UPQ4-2; Q6PF05; P49459; Q13404; Q9P1Q0-4; Q9NX94; O43829; Q53FD0-2; Q9NP64; Q96JL9-2; Q3KNS6-3; B7Z3E8; Q62936; P31016
Q14994	Q14994	P01100
Q15109	Q15109	Q15109; P05067; P23560-2; Q8WU43; Q96FZ5; O43889-2; O60610; P00533; P62993; P09429; Q8IW41; Q8N108-16; P16333; Q05513; P61586; P80511; P04271; P25815; P58753; Q5BVD1; P02766; Q01279
Q15125	Q15125	O95870; Q86W74-2; Q13520; Q3SXY8; Q8N6S5; Q8WVX3-2; Q9H2C2; Q9HD20-3; O95393; Q12983; Q8WVV5; P06681; O14523; P01031; Q6UWT4; Q9P0B6; Q8NHW4; P25942; Q07108; P60033; O14735; P23141-3; Q9H9P2; Q8NHS1; O43889-2; Q96BA8; P49447; O43169; P78329; P81534; Q9H1M4; Q96LL9; Q15125; Q08426; Q9BV81; P54849; Q9UKR5; Q9Y282; Q7L5A8; Q5JX71; Q96IV6; Q9UGM5; Q9Y3D6; Q14318; Q9BWH2; Q14802-3; Q9H0Q3; Q8WWP7; Q96F15; P29033; O95452; O14653; Q8TDT2; P02724; P30519; Q7Z5P4; Q9Y5U9; Q9Y5U4; Q8N5M9; Q5T700; Q68G75; Q7L5N7; Q7Z4F1; Q96AG4; Q16873; Q6ZSS7; P50281; Q5J8X5; Q9UHE5; O95167; Q9NX14; Q99519; Q92982; Q9NZG7; Q16617; Q8IXM6; Q2M2E3; Q9P0S3; Q53FV1; Q8N138; Q7RTS5; Q9Y342; Q04941; Q8IY26; Q01453; P54315; P43378; P15151; Q8N8N0; Q5QGT7; Q96GQ5; Q9NTJ5; Q969E2; O75396; Q9Y6X1; Q8N6R1; Q9BWM7; Q8TD22; Q8IWU4; Q96G79; Q2M3R5; Q9NVC3; Q96JW4; Q6P1K1; Q0VAQ4; Q9NRQ5; B2RUZ4; Q9BZL3; Q6UX34; Q86Y82; P61266; Q13190; O43752; O15400; Q9UNK0; O43759-2; P57105; Q8N2H4; Q96BZ9; P07204; O14925; Q96CP7; Q96MV1; P55061; Q9NV29; P17152; Q9BXJ8; A0PK00; Q9NV12; Q9BVK8; Q9NUH8; Q9P0S9; Q9NRX6; Q969S6; Q9BTX3; A2RU14; Q9H0R3; Q8NBD8; Q8WW34-2; Q9NWH2; Q9BU79; Q8TBM7; Q69YG0; Q9NW97; Q9H2L4; Q6PI78; Q8N2M4; Q8N661; Q5BJF2; Q9NSU2-1; A0AVG3; Q5TGU0; A5PKU2; Q9Y385; Q9Y5Z9; Q53HI1; Q9H1C4; Q9NZ43; P23763-3; P63027; Q15836; O75379; Q9P0L0; O95292; Q8N511; O95070; Q9Y548; Q9BSR8; Q96EC8; Q6UX98; O95159
Q15139	Q15139	P53367; Q07021; P12830; P08238; O15264; P02795; Q15599; Q15139; Q8C2B3-1
Q15208	Q15208	P49407; P32121; Q8N9N5-2; Q03135; Q9Y5B0; P08238; Q9H8S9; Q70IA6; P16333; P30086; P02638
Q15303	Q15303	P42684; Q13895; Q12959; Q15700; Q92796; P78352; P00533; P04626; P21860; P62993; Q99075; P08238; Q96J02-2; Q96JA1; Q86UL8; Q02297-6; Q06124; P26447; P29353; Q12815; P46937; P62258; Q96J02-2
Q15375	Q15375	P07333; P52803; P29317; P29320; P29323; P54760; Q9H8Y8; Q9NUP9; Q16288; Q8NI35; P52793
Q15418	Q15418	O43823; Q9NZN5-2; Q16543; P46527; P78352; Q9HD26; A4D2P6; P08238; Q92743; Q96QZ7; Q86UL8; P28482; Q9Y2H9; Q6P0Q8; Q8TEW8; Q9H5P4; Q9UPQ7; Q6ZMN7; P04271; Q14160; Q13424; Q13884; Q9NY99; Q96L92; P57105; P50552; A1JU68
Q15569	Q15569	Q9C004; P31946; P62258
Q15596	Q15596	P10275; P03372; O00482-1; P19793; Q13239
Q15746	Q15746	Q9HD26; P16333; Q14318-2; Q92624; Q9HD26-2
Q15759	Q15759	Q86V38; P15056; P02489; P50570-2; Q14204; P22607; O14908-2; Q92993; Q92876; Q8TAP4-4; Q16644; Q13153; P17252; Q15047-2; Q16637; Q13148; P04637; P61981; O43257
Q15788	Q15788	Q92793; P03372; Q63ZY3; Q13133; Q96RI1; Q96RI1-2; O75469; P08235; Q9BTK6; P28065; P10276; P51449; P19793; Q13569; P14373; P11473; P59598; P19785; P25799; P06536; P56581; Q13569
Q16288	Q16288	Q16832; Q6PKX4; Q15375; P08581; P04629; Q16620; P18031; Q13332; P61619; Q9UBV2; P31947; Q99523; P62258
Q16348	Q16348	O43184-4; Q49AR9; P29972; Q6NUJ2; Q9H2X0; Q9H0I2; Q2WGJ6; Q5T749; O76011; P59991; P60328; Q3LI76; Q6PEX3; Q3LI67; P61968; Q96HA8; P32242; Q5T2W1; P78337; Q9NRQ2; Q92922; Q96A09; O43711; O95231; Q9NZC7-5
Q16512	Q16512	Q6UY14-3; Q9ULX6; Q6PJH3; P05067; P15289; Q14457; Q9H2G9; Q8WU43; Q96M89-2; Q15834; Q8IV13; Q01850; Q86XR8-3; Q8IYX8-2; Q8NHQ1; A8MQ03; Q9NRI5-2; Q8IW40; Q8WWB3; P26641; O00303; Q06547-2; Q08379; A6NEM1; P54257; Q96CS2; Q9NSC5; O75031; Q9UKT9; Q5TA45; Q8N5Z5; Q86T90; P19012; P08779; P08727; Q15323; O76011; Q92764; O76013-2; O76014; Q9BV99; Q9NYL2-1; P53778; O15344; Q9UJV3-2; Q8N108-16; Q8TD10; Q13064; Q5JR59-3; P07196; Q9NRD5; Q8ND90; P78424; P28070; Q96QF0-7; Q9UJW9; Q9H7B4; Q96R06; Q9Y2D8; Q9NZ72; O75558; A1L190; Q8WTV1; Q13077; Q12933; P14373; Q9BZW7; Q8IWV8-2; Q8N6Y0; P08670; Q8TF47; Q9UNY5; Q96MN9-2; Q9P0T4; Q9UGI0; A1JU68
Q16513	Q16513	P41208; Q8NI35; Q15118; Q12923; PRO_0000278753 [O92972]
Q16539	Q16539	P48730-2; P28562; Q9BY84; Q16829; Q99956; P68104; Q969H0; P46734; P52564; P27361; P49137; Q16644; Q6PJG2; Q9BUB5; Q9HBH9; P35813; Q15256; P06400; O75676; O75582; Q8NEM7; Q15750; Q92574; Q07352; O43257; P22736-1; Q15256-1; P54830-1; P28482; P49790
Q16584	Q16584	P60953; P35240; P70218; PRO_0000045602 [Q99IB8]
Q16620	Q16620	P00533; Q16288; Q13485; Q03114
Q16659	Q16659	Q9GZV1; P02647; P15056; Q9H6Z9; Q8IW41; Q8IW41-2; P12504
Q16665	Q16665	P10275; P27540; P49407; Q9C0J9; O00257; Q92793; P35222; Q96CJ1; Q9GZT9; Q96KS0; Q9H6Z9; Q09472; P11474; P49327; P09467; Q8N461; P23771; Q9NWT6; Q9Y2N7-4; Q92831; Q13330; P41227; P46531; Q13438; Q8N2W9; P14618-1; P25789; O14818; Q9UHD8-1; P84022; P08047; O60224; P63165; O94888; P40818; P40337; P17861; Q99PV5; Q5RIX9; Q6S7F2; Q61539; Q8BIF2; P51450-2
Q16790	Q16790	P21291; O76003
Q16832	Q16832	Q16543; P13942; Q08345; P08238; Q16288; P29353
Q16853	Q16853	Q3SXY8; O95484; Q7Z7G2; Q96BA8; Q6PI48; Q8TBE3; Q7Z5P4; P42858; O43765; Q16623
Q16873	Q16873	P11912; Q96BA8; Q15125; O14843; Q14802-3; Q8TDT2; O15529; Q16873; Q8TBB6; Q4KMG9
Q32MK0	Q32MK0	P62258
Q4U2R8	Q4U2R8	Q92624
Q59H18	Q59H18	Q9UKT5; P19429; P19429
Q5S007	Q5S007	Q9UKV8; O43865; P31749; Q8N8V4; O00203; Q8N6T3-2; Q14155; O95816; O95817; Q9UL15; P10415-1; Q13191; Q16543; P60953; Q9UKI2; Q9Y6A4; P05060; Q9ULV4; P48729-1; P48730-2; Q9NWM3; P53355; Q05193; O00429; O00429-3; O14640-2; O14641; Q92997; P30084; Q05639; Q13158; O14976; P49841; P11142; Q71RC2; Q4G0J3; P07195; O75581; Q38SD2; Q5S007; PRO_0000018605 [P46821]; P46734; P52564; O14733; P10636-2; P10636-8; P42679; O95140; P49406; P26038; Q7L592; Q96PY6; Q13469; Q8WUM0; O60313; Q9NQU5; P62136; Q12972; P63151; P30048; P17612; O60260; P61026; Q6IQ22; Q9H0U4; O14966; Q13637; P57729; P61020; P61006; P63000; P41220; P62906; P26373; P50914; P62750; P62888; P49207; Q9BUL9; P62280; P62277; P62841; P62249; P62269; P15880; P60866; P62266; P42677; P23396; O15027; P60896; P31947; Q99961; Q99962; P12235; P05141; P12236; O95295; P37840; Q8NHS9; Q13501; Q9UNE7; Q9UNE7-1; Q9BQ70; Q6P3X3; P07437; Q13885; P04350; P68371; Q9BUF5; Q53GS9; P21796; Q9Y6I7; P31946; P62258; P61981; Q04917; P27348; P63104; O95218; Q62848; O55143; P30275; P39053; P02687; Q811U4; P00634; P12369; Q63481; P61021; Q58A65; Q9WUD1; P61983
Q6PHR2	Q6PHR2	Q16543; Q13451
Q7KZI7	Q7KZI7	Q9BYG4; P31946; P61981; Q04917; P63104; P55980
Q86UE8	Q86UE8	Q9Y294; Q9NVP2; Q8NHQ1; Q9NPF5; P63167; Q96FJ2; Q96NE9-2; Q96IK5; Q15306; Q92985; Q02548; P26367; Q8TAQ2; Q86UE8; Q7KZS0
Q86YV6	Q86YV6	P08238
Q8IU85	Q8IU85	Q14012
Q8IVH8	Q8IVH8	P62993; Q13094; Q9Y4K4; Q04759; Q02111
Q8IW41	Q8IW41	Q15109; P04792; Q16659; P04637; Q16659
Q8N0U8	Q8N0U8	P01019; Q13520; Q8WUW1; P78371; Q8N5K1; Q9Y282; Q5T7V8; Q8TED1; P03952; P06858; Q6IN84; Q96HJ5; Q9H2K0; P49585; Q9Y5K3-3; Q96HE8; P40337-2
Q8N4C8	Q8N4C8	Q00613; O95819; P10114; P31947; P62258; Q5VY09
Q8N568	Q8N568	Q96M94; P62258
Q8N5S9	Q8N5S9	O15063; P62258; Q04917; P21333-2; P04792; P42858; O60333-2; P07196; Q99497; Q8N2W9; P60891; Q9Y3C5; P37840; P00441; O76024
Q8NG66	Q8NG66	P08238; P51955; P51955-1
Q8NI60	Q8NI60	Q8WTS1; Q6RW13; Q6RW13-2; Q5T2L2; Q9NU02; Q9H0Y0; Q3SXR2; Q96HJ3-2; P09496-2; Q8IZR5-2; Q96DZ9-2; Q9NX76; P02458-1; O75208; Q9BSY9; Q9BPU6; Q86UW9; Q96KS9; Q6ZNL6; Q8TAC2; P13473-2; Q96B96; Q9H2C1; Q99732; P0DP58-2; Q96M61; Q969L2; P27338; Q6IN84; Q9H2K0; Q69YL0; Q6N063-2; Q8N138; Q96AL5; Q58EX7-2; Q9UI14; Q96HR9; Q96HR9-2; P47804-3; Q8N5U6; Q9NS64; Q9NTN9-3; Q9Y371; O60902-3; O60906; Q9C004; O60499-2; Q9UBB9; Q7Z6W1; Q8WW34; Q8WW34-2; O43399
Q8TCT1	Q8TCT1	Q03154; Q8NHQ8-2
Q8TD08	Q8TD08	P31749; P24941; P08238
Q8TD19	Q8TD19	P63167; Q96FJ2; O95166; Q9H0R8; P60520; P08238; Q9H492; Q9GZQ8; Q9BXW4; Q9HC98; Q8TDX7; P53350; P62258
Q8WUI4	Q8WUI4	P00533; Q9BZS1-1; Q9BZS1-2; Q9BZL6; P31947; P61981; P63104; P08393; Q8CFN5; Q13137; Q04864; Q0D2K3; Q8WXI4-2; Q9BQD7; Q03989; Q9NSI6-4; Q3SXR2; Q13137; P60953; Q7L2Z9; Q96D03; Q9NQ30; Q9UBI6; A6NEM1; A5PKX9; Q9BXK1; Q6ZNG9; O43679; Q6FHY5; Q9BRT3; O94964-4; O95411; O00746; Q9BQI9; B7ZLY0; Q96I34; P63000; P15153; P60763; Q04864-2; Q0D2K3; P62070; O15427; O95164
Q92570	Q92570	Q6UY14-3; P05187; P55273; Q9H2X0; Q08AG9; A8MQ03; Q12805; Q9H2F3; Q5T749; P60370; P60410; P60328; P60329; Q9BYQ6; Q9BYR5; Q9BYR3; Q6L8G4; Q6L8H2; Q6L8G9; P26371; Q3LI67; Q9BYQ4; Q9BYQ3; Q9BYQ0; O14633; Q5TA82; Q8N5G2; Q92692-2; Q92824-2; Q13526; Q6P9E2; O95343; Q9H4F8-2; O14817; Q05086-3; Q6EMK4; B2RUY7; Q9Y3S2
Q92731	Q92731	P38398; P29279; P00533; P03372-1; O43524; O15162; P53041; Q16881-4; Q60974; Q6P9F0; O95273; A8MQ03; P49639; O00505; Q5T749; Q3LI66; Q99750; Q8NI38; O15162; Q12800
Q92769	Q92769	Q9C0K0; Q9HCU9; P68400; Q9UER7; P51610; Q13547; Q9UIS9; Q13330; P01106; P06748; P48382; Q96ST3; O95863; Q9HD15; O43463; Q9H3M7; Q92618; Q17R98; Q2HR82; PRO_0000449623 [P0DTD1]
Q92843	Q92843	Q68DC2; P02654; P55056; P18859; Q92934; Q16611; Q07812; Q9BXH1; O43521; Q92843; Q7RTU4; P55957; Q13323; Q96LC9; P0C671; P15056; Q8IYJ2-2; P11912; Q9H9P2; Q9UHD4; Q8N5K1; O95471; Q9Y282; P60508; Q969F0; Q92915-2; P27469; Q5T7V8; Q8TDV0; Q8TED1; Q8N6L0; P48051; Q7Z4F1; Q99735; P15941-11; Q96RD7; Q13794; Q6NTF9-3; Q7L3V2; Q9NR31; O95470; Q9NQQ7-3; Q7Z769; Q9NP94; Q13433-2; P27105; Q96L08; P15884; Q8IYF3-3; Q8IV31; Q7Z7N9; Q9H3N1; Q13625; O54918; Q91ZE9
Q92887	Q92887	P19838
Q92918	Q92918	P00519; P46108; P46109; P06241; P62993; P08238; P16333; P27986; P19174; Q13291; P62258
Q969S8	Q969S8	Q92870-2; P54252; P42858; Q96CV9; Q7Z412; A0A6Q8PF08; P37840; Q9BYV2
Q96EB6	Q96EB6	Q13085; P31749; P27695; O95352; Q8N163; P33076; Q9NS37; Q9Y5P2; P68400; P67870; P26358; O14640; Q92997; Q01094; Q09472; Q14192; Q12778; O43524; P98177; P51610; Q14469; Q9UBP5; P09067; Q9Y4H2; Q92831; Q03164; Q9GZQ8; Q03112; P42345; P01106; P04198; O60934; Q02577; Q9HAN9; Q15466; P27986; P37231; P10276; Q04206; Q86WX3; Q8N122; O43159; Q8WTS6; Q13573; P36956-3; O43463; Q04724; P04637; O15350; P49815; Q14191; P23025; P12956; Q8NAP3; P52744; Q6ZN11; Q9R1E0; Q60974; Q60644; Q9Z0Y9; P37238; P37238-1; P04608
Q96GD4	Q96GD4	O15392; O15392-1; O15392-2; Q16543; Q53HL2; Q86XJ1; Q16695; Q58FG0; P08238; Q9NQS7; Q9NQS7-1; Q92993; Q9P2N7; Q9P2J3; Q15691; P06748; P30153; Q8WYJ6; O75410-6; Q9HBJ7; Q99986
Q96L34	Q96L34	Q06481-5; P05067; P60953; P48730-2; Q15323; P07948; Q9BYG4; Q8ND90; P41743; Q15831; P23258; Q04917
Q96NX5	Q96NX5	P21333-2; P28799; O60333-2; P60410; P31153; O76024
Q96PY6	Q96PY6	Q96Q42; Q99689; Q9UHY8; Q5S007; Q04917
Q96Q40	Q96Q40	Q16543; Q13451; P07900; P08238
Q96Q83	Q96Q83	Q96MA6; O76003; Q08379; Q13422; Q8TBB1; P55212; P13473-2; O75400-2; P62826; Q9Y371
Q96RD7	Q96RD7	P02652; Q9BQE5; P41181; Q92843; Q9BXR6; Q96IV6; P37268; Q9NVC3; Q8NBD8; P01375; O95183; Q14508; Q96RD7-1
Q96RI1	Q96RI1	Q15788; O75151; Q8WTS6; P28702; P28702-3; P48443; Q15788; P78527; P03372
Q96SW2	Q96SW2	Q96A83-2; P48729; Q16531; O14901; Q8IVT2; Q9P286; A0A6Q8PF08; Q93062; Q16531; Q13422-7
Q99250	Q99250	P62158; Q14576
Q99500	Q99500	P21964; P06028; P16144
Q99519	Q99519	Q13520; P11912; Q8IU89; Q9HA82; O43889-2; Q96BA8; Q15125; Q9Y282; Q8NBJ4; Q8TDT2; Q8TED1; Q8NBQ5; O14880; P15941-11; Q14973; Q3KNW5; P54219-3; Q9NUM3; Q9NUH8
Q99571	Q99571	Q9NQM4; Q07627; P60328; P26371; Q7Z3S9; P0DPK4
Q99572	Q99572	A8MQ03; O95967; O75031; Q15323; O76011; P60410; P0DPK4; Q9H8W4; P14373; Q8N720
Q99640	Q99640	P14635; P06493; O95870; P07766; P11912; P56748; Q9GZR5; Q969F0; Q9H400; Q8N386; Q5SR56; Q6N075; Q86VR2; Q14973; Q8IWU4; Q96IK0; Q8NBD8; Q9Y320
Q99720	Q99720	Q92847-1; Q99720-1; O00213-2; P17612; P50454; P37173
Q99759	Q99759	Q9BSQ5-1; P49368; P50991; Q99832; P50990; P08238; Q13163; P17987; Q92734; Q6Q0C0; P0CG47; P31946; P62258; P61981; Q04917; P27348; P63104; P62262
Q9BQB6	Q9BQB6	Q13323; Q7Z7G2; Q96BA8; Q9Y282; Q5JX71; Q96KR6; Q5T7V8; Q8TDT2; Q9NQG1; P15941-11; Q96TC7; Q9NR31; A0A0S2Z4U3; Q8TBB6; O15393-2; Q19QW4
Q9BQI3	Q9BQI3	P08238; P11142
Q9BRS2	Q9BRS2	O14744
Q9BUB5	Q9BUB5	P54253; Q03060-25; P06730; Q04637; P42858; P28482; Q16539; Q96CV9
Q9BXA7	Q9BXA7	O43281; O43281-2; Q4G0N7; O15353; P08238; Q6FHY5; Q9UJT2; P62258
Q9BYF1	Q9BYF1	Q9BYF1; PRO_0000032457 [P01019]; PRO_0000032458 [P01019]; Q96CW1; PRO_0000000092 [P05067]; Q9H2X3; PRO_0000417390 [Q01523]; Q14416; P11021; P05556; O60341; PRO_0000006688 [P01042]; Q9Y2H9; Q6P0Q8; O14745; Q15599; PRO_0000019524 [P30990]; Q5T2W1; P26045; P35247; Q9Y566; Q695T7; Q96L92; Q7Z6J2; O15393; P08670; P52293; A0A6G6A1M4; A0A6M3G9R1; P0DTC2; PRO_0000449647 [P0DTC2]; P59594; PRO_0000037209 [P59594]; Q5GDB5; Q6Q1S2
Q9C0B1	Q9C0B1	Q9NX04; X5D778; Q2TAC2-2; Q92989; Q86UW9; O95967; Q9P2W3; O95872; Q14005-2; Q2WGJ6; Q9UI95; Q6PF18; Q9UBU9; Q9NQX0; Q92529; O14787-2; Q6DKK2; Q9Y2K6; Q15935
Q9GZU7	Q9GZU7	Q08043; O95817; Q99618; P42773; P53672; Q9H0L4; Q6NZ36-4; Q9BQ89; Q9NW38; P27987; P06239-3; O60336; P02686; P02686-2; Q6PF18; Q86UR1-2; Q17RL8; Q8ND90; Q8TBN0; Q7Z5V6-2; Q9BWG6; O00560; Q15797; Q7Z7C7; Q8WW24; O75865-2; Q9NZC7-5; P62699; Q05516; P58466
Q9H093	Q9H093	Q4V328; P31947; P62258
Q9H0K1	Q9H0K1	Q9BV73; P60520; P27986; P55072
Q9H1R3	Q9H1R3	P08238; Q06413; Q9H3J6; Q9H4I9; Q9BYV2; O76024; P62258
Q9H228	Q9H228	P48165; Q8WWF3
Q9H2K8	Q9H2K8	O75460; P42858; Q12933
Q9H2X6	Q9H2X6	P61962; Q09472; Q00987; P51608; Q01196; P63165; Q04724; P04637; Q9H3D4; P63279
Q9H3Y6	Q9H3Y6	Q99704; O43639
Q9H4B4	Q9H4B4	Q9Y4Y9; Q9GZY8-5; P14859; P04156; P43351; Q8WVD5; Q99986
Q9HBH9	Q9HBH9	Q16539; P46379-2; O14901; Q14696; P25786
Q9HC29	Q9HC29	Q8IWZ3; Q8IYJ2; P29466; Q9NZZ3; Q96N67; Q96C92; Q96RT1; Q96RT1-2; Q9Y3D6; Q10471; Q70UQ0; Q92993; P19012; O95751; Q9P0J0; Q6UX06; Q9BZL4; Q9Y5P8; Q16537; Q569H4; O43353; Q8IY34; Q8N697; Q04724; Q8IYM9; P14373; Q8WV44; P55072; P08670; Q9UJY1
Q9NQU5	Q9NQU5	P60953; O75031; Q5S007; Q9H4E5; Q96L33; P62258; P27348
Q9NRP7	Q9NRP7	P54252; G5E9A7; P14136; O14901; Q7Z699; Q9UMX1; Q96C45
Q9NS75	Q9NS75	Q12959; Q15700; Q92796; P78352; Q07627; Q9NUP9; Q8TBB1; Q96QZ7; Q86UL8; Q6P0Q8; O75970; Q5JR59-3; Q5T2W1; Q6ZMN7; Q14160; Q13424; Q13884
Q9NSY1	Q9NSY1	Q14677; O95630
Q9NWZ3	Q9NWZ3	Q9UBH0; O43187; Q99836; Q99836-1; Q96FA3; Q9HAT8; P58753; Q9C029; P0DPA2; Q96LX8; Q8K4B2
Q9NYA1	Q9NYA1	P07858; P68104; Q14192; Q2M3C7; Q9Y4K3; P13473-2; Q9Y371
Q9NYL2	Q9NYL2	O75582; P31947; P61981; P63104; Q8N184; Q16512; Q6P2D0; Q6ZN57; P13682; Q8N184; Q6AZW8; Q9NQZ8
Q9NYY3	Q9NYY3	Q86Y33; Q9HC77; P62258
Q9NZQ7	Q9NZQ7	P33681; Q8IZR5; Q9NX76; Q15116; Q9BQ51; Q15116
Q9P0L2	Q9P0L2	P05067; P63172; Q0VD86; O95988; Q8IY57-5; P61981
Q9P286	Q9P286	Q8IW93; Q9H6L4; Q8N5M1; Q9H257; Q9H257-2; Q8NEC5; Q2TAC2-2; P51959; P60953; Q96SW2; P48730; P26196; P50402; Q9H0I2; Q9Y3B2; Q96CN9; P42858; Q96EL1; Q96BZ8; Q8TBB1; Q96JP2; P07196; Q96HA8; P16284; Q8WWY3; Q92530; Q16825; Q9H4E5; O60504; Q9BZW7; Q9UBK9; O76024; P62258; P47041; P32474; P32502
Q9P289	Q9P289	Q9Y376; P13569; Q9P2B4; Q08379; Q9BUL8; Q9P289; Q5VSL9; Q9Y376; Q9BUL8
Q9UBF8	Q9UBF8	Q9H3P7; P31946; P61981; P27348; P03495; PRO_0000424692 [P03300]; P62491
Q9UBN7	Q9UBN7	Q9NQ11; Q9HCU9; P35222; Q14247; Q9NQC7; Q14203-5; P00533; P42858; Q99836; P17252; O60260; O43490; O43490-2; Q13148; Q71U36; P0CG48; Q62623; Q60598; P21146; P04610; P03409
Q9UBS5	Q9UBS5	O75899; O15354; P61244; P16333; P46459; O75899
Q9UGN5	Q9UGN5	Q8IW19; Q00688; P05204; Q99469
Q9UHD2	Q9UHD2	Q9UKV8; Q7Z3C6; Q9H6S1; Q13137; Q6DT37; P08238; Q9Y6W8; Q14164; Q9Y6K9; Q14653; Q92985; Q9H492; Q9GZQ8; Q7Z434; Q86YT6; Q96AX9; Q9NVV4; Q96CV9; O14730; P42226; Q86WV6; O75558; Q92844; Q9UHD2; A7MCY6; Q8IUC6; Q12933; Q13114; O95801; P40222; Q62167; O41932; P0DTC5; P59596; W5VXH5; PRO_0000449630 [P0DTD1]; Q60803; Q8BHN1; Q05127; I6W9F2; K7Y1A2; PRO_0000037572 [P27958]; PRO_0000037573 [P27958]
Q9UIK4	Q9UIK4	Q7Z6B0-2; Q9UIK4; Q8IZU0; P62258; P18848
Q9UKE5	Q9UKE5	P35222; Q9NRI5; O14920; O43318; P16333; Q9NYJ8; Q9NQB0; Q12933; Q9Y4K3; P03230; Q6F6B3
Q9UKI8	Q9UKI8	Q9Y294; Q9NVP2; Q8N7W2-2; Q7L190; Q96FJ2; Q6PI77; P50458; Q9P127; P26367; Q96BK5; Q06124-2; Q12800; Q5VU62; Q8IY57-5; Q8N720; Q6PK81; Q3KNS6-3; P10073
Q9UKV0	Q9UKV0	P41182; Q06413; P41212; Q60974; Q60974
Q9UM07	Q9UM07	P09525; P78424; Q96RU7
Q9UM73	Q9UM73	Q9UM73; Q6UXT8; Q6UX46; P08238; O43639; P27986; P23471; P07949; P29353; P23727
Q9UNQ0	Q9UNQ0	Q9UNQ0; P22413; P11309-2; P0CG48; Q9UNQ0-1
Q9UPY5	Q9UPY5	P16070; Q8N4P2; Q07627; Q8IUG1; P08195
Q9UPZ9	Q9UPZ9	Q13451; P08238; O60303; Q9NRG4
Q9UQB9	Q9UQB9	O15392; Q96CA5; A2RRN7; Q9NQS7; P32243-2
Q9UQL6	Q9UQL6	Q9H9E1; Q9HCU9; P23771; Q9UQL6; P25791-3; Q06413; Q13761; P31947; P62258; P63104; Q8VEB1; P08393
Q9UQM7	Q9UQM7	P68133; P31749; Q92870-2; P05067; Q03989; P13637; P23560-2; Q6P1W5; P62158; Q9UQM7; Q13554; Q13554-3; Q13557; Q13557-8; Q13555-5; P35520; Q16543; Q15038; Q92567-2; A1KXE4-2; P04406; Q8IW92; Q13224; P07900; P08238; O43820; O95678; Q01546; Q3LI76; Q7Z4W3; Q3LI72; Q3SYF9; A1A580; Q3LI64; Q3LI66; Q3LI67; Q8IUC2; Q14847-2; Q96PV6; Q13387-4; Q9Y3B7; P41271-2; Q96HA8; P16284; P27986-2; O14494; P00491; P05771-2; P20339; Q86SE5-3; O43251-10; A0AV96; Q93062-3; Q6ZRY4; Q9BQY4; P04271; P29353-7; P84022; P35711-4; Q96LM6; Q9UNE7; P51687; Q9NYJ8; Q9Y4C2-2; Q7Z6R9; Q01085-2; O60784-2; Q969E8; Q8N0Z6; P61086; P13051-2; Q9BVJ6; P26640; P08670; Q9UBQ0-2; P62258; A0A0C4DGF1
Q9Y230	Q9Y230	
Q9Y2D0	Q9Y2D0	
Q9Y2H1	Q9Y2H1	
Q9Y2H9	Q9Y2H9	
Q9Y2I1	Q9Y2I1	
Q9Y2K2	Q9Y2K2	
Q9Y2U5	Q9Y2U5	
Q9Y463	Q9Y463	
Q9Y4K4	Q9Y4K4	
Q9Y6E0	Q9Y6E0	
Q9Y6R4	Q9Y6R4	
