db_id,seq_features
DB11682,"-0.748227,0.851522,-1.137526,-0.884555,-1.149204,-0.948462,0.483389,0.700467,0.551459,0.439648,0.139635,0.950227,-1.511558,-0.912060,-0.915596,1.111215,1.200613,1.267101,0.225574,-0.512649,0.366939,-0.117559,0.190046,1.168590,-0.128759,-0.034911,-0.971145,0.418329,0.746703,0.788126,1.172851,-0.042171,-0.671211,-1.011361,1.120988,-0.987087,-0.007582,0.322356,0.654506,-0.766611,-0.399146,0.366838,-1.141542,0.975790,1.110501,0.049885,1.119756,-0.890706,-0.628912,0.098237,-0.396168,-0.410645,0.005433,0.132123,-1.152816,-0.328806,-1.057819,-0.263329,0.077845,-0.591971,-0.220595,-1.091039,-0.219037,-0.939595"
DB12513,"-2.037594,1.952303,-0.139765,-1.018339,-0.087366,-0.319056,0.091695,0.579748,-0.875895,2.198790,0.547596,0.076644,-1.830727,-0.583792,0.732341,-0.039758,0.219769,-1.193846,2.146973,0.320423,1.292432,-0.849439,1.179183,1.172892,-1.492204,-0.633813,-0.574073,1.004471,0.361753,1.831125,0.368637,0.563640,-1.161686,-0.382245,-0.098282,-0.222608,1.319238,0.587472,1.540093,0.756656,1.153407,-1.264914,-0.072699,2.143907,-0.070630,-0.868791,0.269145,-2.324967,-1.534635,-2.761412,1.105499,0.343303,0.287593,0.193278,-0.355538,-2.243288,-1.175972,1.146512,1.219922,-1.430461,0.069306,0.042554,0.575708,-0.064197"
DB12236,"-0.635536,-1.731370,-0.343590,0.768274,-0.117158,0.585160,-0.007823,-0.197799,-1.390365,-0.474347,-1.207861,-0.499164,-0.550710,0.766387,2.073332,0.285819,0.502223,0.239426,-0.249029,-1.588804,-0.015675,1.643241,-0.958197,0.093928,-1.583106,-1.036371,-0.072427,0.050667,1.767263,-0.126881,0.364712,-0.415746,0.559465,0.420122,0.300445,-0.921366,-1.455155,-0.020477,-0.198351,0.350392,0.662238,-1.159510,-0.404309,-0.454994,0.213484,-2.053168,0.177729,-0.241615,-0.081018,0.921474,0.022016,-1.600559,1.148060,0.662353,-0.315779,-0.510178,-0.540217,1.287268,-0.491008,0.247749,-0.090678,-0.331649,-0.344903,-0.091104"
DB12597,"-0.744701,1.031029,-0.583448,-1.079628,-0.657661,-0.970904,-0.133719,0.214467,-0.646184,0.676606,1.737948,1.557766,-0.625023,-0.864215,-1.377120,0.609391,0.383723,1.056430,0.708469,-0.440608,-0.268756,0.157791,0.555033,0.840411,0.999342,-0.530873,-0.746351,-1.179579,-0.204341,0.352984,0.692558,0.044145,-1.031581,-1.181019,0.549452,-0.375140,0.830814,1.436312,0.884629,0.914888,-0.514228,0.083904,-0.531204,0.595212,0.615378,0.637995,0.686931,-0.666020,-1.246687,0.011547,0.464549,0.387780,0.188825,-1.423786,-0.659169,-0.169402,-0.500453,-0.966280,-0.954212,-0.535254,-0.310578,-0.535699,-0.281140,-0.585092"
DB12713,"-0.782380,-1.806410,-0.324742,0.656242,-0.097370,0.622653,-0.230817,0.136603,-1.691276,-0.618539,-1.021772,0.203647,-0.658947,0.488034,1.999332,0.252062,0.571568,0.306922,-0.053785,-1.392902,0.132878,1.765966,-0.649113,0.188407,-1.173013,-1.258991,-0.418448,0.432534,1.166699,-0.229272,0.401978,-0.701539,0.496763,-0.235595,0.245568,-1.048919,-1.761173,0.219645,-0.287374,0.690874,0.939905,-0.937889,-0.380260,-0.655340,0.185083,-1.965451,0.190417,-0.165976,-0.086755,1.223626,0.033125,-1.644302,0.426759,0.857043,-0.342689,-0.642019,-0.430652,1.121595,-0.864823,0.318954,-0.152147,-0.270059,-0.110163,-0.418727"
DB12548,"-0.812318,0.851049,-0.626632,-0.712666,-0.630245,-0.851751,0.200731,0.520518,-0.683563,0.617981,0.805795,0.940981,-0.787582,-1.054805,-0.547989,0.584850,0.327037,0.191278,0.307234,-0.241905,-0.297795,-0.321669,0.397201,0.968773,0.186286,0.008484,-0.624947,-0.229994,0.232568,0.719315,0.745270,0.221482,-0.983799,-0.419137,0.554609,-0.117822,0.526666,0.818261,0.644682,-0.217570,-0.362499,-0.122153,-0.612063,0.882646,0.596435,0.337127,0.691923,-0.956917,-0.938565,0.044300,0.631580,-0.005291,-0.401487,-0.866557,-0.749357,-0.502865,-0.391890,-0.191708,-0.085237,-0.412150,-0.313548,-0.548239,-0.117832,-0.594410"
DB11697,"-0.729533,-0.193907,-0.062914,-0.494832,0.072534,0.741784,-1.874732,1.030363,0.590914,0.065078,1.322778,1.517378,-0.385859,-0.102225,0.058535,0.039808,0.953093,1.004895,0.800344,-1.260553,-0.162957,1.887417,0.729237,0.050797,-0.266495,-1.058969,-1.214042,0.789812,-0.279181,-0.545389,0.042741,-1.857079,0.717710,-0.463486,-0.014506,-1.167751,0.615849,1.231830,-0.270669,0.846493,0.452317,-1.503314,-0.020639,-0.475373,-0.015711,-0.809338,0.054088,0.351762,-0.618543,1.031822,1.260460,-1.580130,1.529620,-1.261256,-0.055831,0.449068,0.005817,-0.100023,-2.028104,1.089598,0.230769,-0.002596,-0.115469,0.652418"
DB08162,"-0.425644,-0.124477,-0.971361,-0.455636,-0.891614,-0.710944,0.292758,0.726599,-0.106500,0.462572,-0.208151,0.108681,-1.043210,-0.491357,-0.049641,0.905830,0.436221,0.439458,-0.466437,-0.721291,-0.613978,-0.203397,-0.630939,0.899868,-0.917012,0.581564,-0.321849,-0.728045,0.684343,0.685187,1.037035,0.511600,-0.694232,-0.263028,0.928625,-0.693095,-0.014630,0.094099,0.573627,-0.911421,-0.513087,-0.043489,-0.995777,0.649066,0.899848,-0.474383,0.895334,-0.885916,-0.640196,0.367653,-0.362490,-0.485664,-0.635977,0.137698,-0.977457,-0.599247,-0.867976,-0.071726,-0.212334,-0.807853,-0.516664,-0.947320,-0.701738,-0.472969"
DB01454,"0.642643,-0.461471,1.372689,0.903434,1.277750,0.627860,-0.042607,-1.509652,-0.858871,-0.705150,-1.132282,-1.268562,0.753241,0.876299,0.344499,-1.310769,-2.065381,-1.132127,0.395480,1.726812,1.056184,-0.564896,0.751929,-1.292266,-0.268927,1.311141,0.838810,-0.285737,-0.723212,-1.351284,-1.420276,-0.463664,0.947338,0.771236,-1.309457,0.686879,-1.880750,-1.940982,-1.389337,0.300623,0.439338,0.006965,1.333109,-0.931315,-1.267537,-0.270656,-1.283008,1.339212,1.556839,-0.178130,0.143177,0.624983,-0.516984,1.882473,1.347013,1.420979,1.405288,1.141758,1.034446,0.765490,-0.873121,1.272642,0.883137,0.291292"
DB01954,"1.095305,0.575597,0.232903,-0.323602,0.055769,0.365310,-0.551092,-2.563485,1.002558,-1.841609,-0.012291,0.064179,0.302620,-0.108998,-0.450131,-0.066186,-1.306151,0.935423,-0.737694,1.345322,0.721674,0.326359,0.959065,-0.746054,1.258346,1.779032,0.026191,-0.518227,0.049755,-1.806992,-0.353147,-0.885578,0.059092,-0.773453,-0.050287,-0.057018,-1.355782,-1.218784,-1.094833,-0.907925,-0.596091,0.412677,0.188261,-0.643565,0.018927,0.370194,-0.071635,1.285541,1.382665,-0.044512,-1.612199,1.177216,-0.858920,0.345365,0.204971,1.850374,1.545364,0.201585,1.105369,0.263676,-2.240280,0.034177,-0.522223,-1.290997"
DB07767,"-0.510368,0.976473,-1.312273,-0.945710,-1.341736,-1.228804,0.725782,0.468100,0.080886,-0.172590,0.750773,0.746952,-0.729752,-1.301186,-0.091858,1.332590,0.964097,0.976101,-0.631057,-0.713807,-0.116919,-0.234632,-0.437533,1.212291,0.064362,0.450423,-0.802224,-0.605707,0.918925,0.925341,1.281877,0.792685,-1.094857,-0.324287,1.335969,-1.001272,0.847252,0.442015,1.101621,0.572606,-1.215741,0.227144,-1.315353,1.211803,1.339190,0.310933,1.324701,-0.985294,-0.933408,-0.255909,-0.806876,0.383075,0.206245,-0.986119,-1.297902,-0.468536,-1.073427,-0.614801,0.560143,-1.168169,-0.652306,-1.336355,-1.300454,-0.799492"
DB03560,"-0.518098,1.167137,-1.354345,-0.923659,-1.400924,-1.314905,0.790493,0.352240,0.119675,-0.062378,0.742909,0.751026,-0.842238,-1.320929,-0.305454,1.381837,0.967818,1.079373,-0.666580,-0.803073,-0.227559,-0.360608,-0.445251,1.238575,0.063220,0.530918,-0.748013,-0.771539,0.865582,0.989899,1.308908,0.793005,-1.197333,-0.462595,1.387708,-1.028197,0.895974,0.397897,1.127162,0.484885,-1.332900,0.241157,-1.354572,1.301424,1.390942,0.354693,1.368035,-1.030403,-0.981495,-0.293005,-0.701848,0.408503,0.323489,-0.928131,-1.333790,-0.350532,-1.066722,-0.687216,0.656218,-1.274393,-0.677791,-1.384889,-1.361574,-0.831956"
DB04743,"1.891822,-2.130740,1.418347,2.234411,1.557707,1.696995,1.274060,0.860539,2.285460,0.410058,-2.132932,-2.934399,1.186523,1.929919,0.060404,-1.525151,-0.329862,-2.953473,-0.088523,1.330861,-0.833250,-1.221694,-2.277202,-1.484350,-1.073061,-1.687624,2.064111,1.904755,-1.259930,0.182307,-1.358599,0.980231,1.041434,2.252170,-1.444833,2.377989,-0.490178,-0.033483,-0.430473,-3.595810,2.772331,1.246802,1.404221,-1.049196,-1.533963,0.170616,-1.624445,0.641172,1.265445,0.624142,0.681422,-0.962422,-2.250714,1.640817,1.504071,-1.048352,0.142924,0.584033,-0.322099,0.569379,1.938297,1.506104,1.943093,1.162824"
DB12996,"0.115906,0.059620,-0.887689,-0.230941,-0.824095,-0.472732,0.268883,0.545333,-0.531145,-0.192532,0.459008,0.612152,-0.479391,-0.449443,0.457874,0.895722,0.928525,0.684896,-1.208940,-1.102212,-0.332348,0.797664,-0.196630,0.606196,-0.104333,-0.802797,-0.861289,0.538336,1.002519,0.407919,0.842488,0.643115,-0.595693,-0.462349,0.898038,-0.869401,0.015596,0.545907,0.781622,1.163513,-0.455402,-0.562511,-0.909140,0.338271,0.874432,-0.369981,0.814207,-0.558033,-0.568167,-0.124217,-0.518928,-0.341710,1.056015,-0.591899,-0.831414,-0.595671,-0.730774,-0.035635,-0.316923,-0.614626,-0.240225,-0.901307,-0.974012,-0.502507"
DB00217,"1.695807,-0.531867,0.096197,0.502570,0.119982,0.369966,0.231843,0.721540,2.752330,-0.207005,-0.440866,-0.501629,0.031987,-0.560902,0.041347,-0.142484,0.746473,-1.081170,-0.911891,0.188082,-3.052755,-1.650062,-0.887398,-0.381740,-0.082342,-0.581242,-0.261153,0.602846,-0.361061,-0.249594,-0.255628,-0.753925,1.468552,-1.412670,-0.045908,0.988415,1.560258,-0.772918,-1.172280,-1.106725,0.263266,0.765520,0.152269,-0.981160,-0.085290,0.323459,-0.233590,0.800268,0.806229,1.252412,0.630929,0.347824,-0.160740,0.707143,0.263953,1.139669,0.709866,-0.302947,-0.324881,0.850953,1.095337,0.092006,1.091505,-0.342071"
DB00269,"-0.647833,0.749215,-1.233384,-0.920648,-1.241278,-1.068464,0.606209,0.568208,-0.186716,-0.287854,0.631049,0.736890,-0.635856,-1.240626,0.204394,1.235761,0.876669,0.833701,-0.515622,-0.651199,0.027305,-0.052104,-0.276780,1.172782,0.078217,0.448874,-0.850365,-0.350249,1.003073,0.868495,1.227469,0.635256,-1.022680,-0.217263,1.236396,-0.935238,0.677803,0.495668,1.009354,0.588436,-1.075921,0.140200,-1.244134,1.074131,1.240394,0.257795,1.248493,-0.956780,-0.881477,-0.009163,-0.782628,0.293903,0.048470,-1.035836,-1.248764,-0.569585,-0.953550,-0.454265,0.438878,-0.963719,-0.641380,-1.235348,-1.159211,-0.869089"
DB04786,"-0.494700,1.033742,-1.299498,-0.932180,-1.338693,-1.220701,0.661564,0.244175,0.037618,-0.121298,0.763711,0.757622,-0.790049,-1.295108,-0.165782,1.324189,0.981612,1.036221,-0.552072,-0.771440,-0.143420,-0.224470,-0.373085,1.180937,0.092606,0.496310,-0.779849,-0.731907,0.922337,0.881640,1.255765,0.686137,-1.122911,-0.423151,1.328130,-0.995835,0.879744,0.504980,1.048079,0.545795,-1.262019,0.184486,-1.298761,1.198648,1.330902,0.338803,1.313408,-0.947813,-0.890951,-0.292257,-0.718521,0.358017,0.324865,-0.931151,-1.285452,-0.301001,-0.983024,-0.582758,0.522197,-1.179167,-0.701781,-1.322698,-1.308519,-0.838402"
DB12543,"0.350739,0.515842,0.260414,-0.483797,0.131114,0.452146,-0.589551,-1.935554,0.185230,-0.839739,0.050486,0.122670,0.194301,-0.233158,0.189690,-0.170298,-1.180981,0.211811,-0.236342,1.289819,0.931050,0.063047,1.458613,-0.429707,0.885549,1.610984,-0.258672,-0.343952,0.333191,-1.294938,-0.318663,-0.767691,-0.239865,-0.938898,-0.164501,0.278387,-1.186240,-1.218048,-0.893609,-0.508691,-0.345090,-0.214413,0.218346,-0.283509,-0.098421,-0.072559,-0.092473,0.747499,1.072997,-0.710633,-0.800162,1.069277,-1.004666,0.443274,0.164261,1.201891,1.314113,0.941362,1.246541,0.285874,-1.921441,0.134707,-0.304315,-1.140920"
DB04856,"-0.768270,1.691849,-0.648865,-0.805397,-0.709251,-1.188577,0.383297,-0.031225,-0.425682,0.774945,1.189552,0.684037,-0.795807,-0.717701,-0.857803,0.641111,0.463565,0.457910,0.740459,-0.451358,0.115273,-0.320395,0.214184,1.018198,-0.168804,-0.245811,-0.310805,-0.355539,0.530755,0.970995,0.722099,0.902826,-0.997607,-0.194762,0.600294,-0.447723,1.502996,0.876463,1.158351,0.652945,-0.851908,-0.392209,-0.622812,1.567248,0.640636,0.261746,0.738841,-1.243557,-1.176906,-1.327096,0.364583,0.340940,0.990280,-0.928206,-0.692639,-0.469784,-0.958457,-0.355018,0.703925,-0.870282,-0.367643,-0.635475,-0.673852,-0.252878"
DB08872,"2.035759,0.374303,1.292720,1.704846,1.011479,0.299671,0.477015,-2.243514,0.784549,-2.319162,-1.588377,-1.198256,1.696940,1.467316,-1.607131,-1.085908,-2.408413,-0.071805,-0.918289,2.234712,1.051887,-0.525057,-0.154731,-1.831372,1.672402,1.297417,1.942233,0.539270,-1.916713,-1.392950,-1.456783,0.672415,0.522462,0.790063,-1.051901,1.122078,-1.429231,-1.913448,-0.967002,-0.763420,-0.159985,1.758153,1.270927,-0.887121,-0.988919,1.652661,-1.198925,1.796941,1.860084,1.089103,-2.041055,2.093268,-1.004505,0.673547,1.369018,1.192689,1.733346,-1.213579,1.723745,-0.365775,-0.946531,1.070771,0.204666,-0.004856"
DB11973,"-0.559551,0.996217,-1.293061,-0.936349,-1.326365,-1.213795,0.664147,0.299963,-0.038662,-0.144667,0.741266,0.778662,-0.792290,-1.295900,-0.103200,1.312976,0.970913,1.005753,-0.527490,-0.759904,-0.096712,-0.207730,-0.360364,1.192222,0.092187,0.490310,-0.803896,-0.680816,0.929349,0.884146,1.256064,0.671805,-1.121897,-0.408993,1.315471,-1.001133,0.828177,0.517515,1.045907,0.566982,-1.242481,0.170928,-1.293354,1.178458,1.319410,0.327646,1.307670,-0.950956,-0.897030,-0.239474,-0.728478,0.344815,0.269804,-0.901432,-1.285129,-0.360802,-0.986095,-0.568007,0.499906,-1.165001,-0.710521,-1.310271,-1.282208,-0.862472"
DB03496,"-0.670514,0.926445,-1.243031,-0.961074,-1.268172,-1.166450,0.455962,0.392081,-0.510865,-0.166551,0.760093,0.942094,-0.895633,-1.349048,-0.052559,1.253070,0.901993,1.005576,-0.391818,-0.736367,-0.020014,-0.122744,-0.170621,1.203551,0.240414,0.510713,-1.014326,-0.598800,0.680793,0.827765,1.232765,0.408300,-1.093574,-0.630477,1.246007,-1.040089,0.643271,0.570565,0.947085,0.646853,-1.118085,0.127271,-1.244573,1.037886,1.265770,0.286007,1.269555,-0.887181,-0.803814,0.186662,-0.462288,0.217809,-0.068987,-0.842577,-1.265088,-0.361131,-0.872924,-0.510489,0.396282,-1.062412,-0.728773,-1.245402,-1.142668,-0.913911"
DB12390,"-0.546859,1.335807,-0.574161,-0.884232,-0.682129,-1.226355,-0.081835,0.286220,-0.094551,0.954572,2.003652,1.649405,-0.265105,-0.583368,-2.362894,0.646396,0.275345,1.317398,0.800230,-0.660149,-0.215167,0.154342,0.502258,0.751104,0.932500,-0.413644,-0.358293,-1.161749,0.107139,0.153249,0.631180,0.418483,-0.934534,-0.632756,0.578705,-0.327733,1.044062,1.496712,0.850025,0.991276,-1.271088,0.057149,-0.521908,0.646607,0.645811,0.919014,0.669895,-0.389754,-1.220617,-0.289591,0.875215,0.315273,0.627050,-1.716468,-0.581503,0.628203,-0.671055,-1.183441,-0.647712,-0.251827,-0.444787,-0.572372,-0.524230,-0.209472"
DB11942,"-0.748945,1.149660,-1.144229,-0.959092,-1.170625,-1.107081,0.555029,0.263782,-0.198104,0.211988,0.720443,0.665357,-0.962592,-1.191086,-0.041751,1.140049,0.863524,0.746992,-0.180424,-0.634721,0.029145,-0.340432,-0.209627,1.190968,-0.126078,0.396923,-0.743581,-0.564790,0.813817,1.016701,1.140588,0.613193,-1.148966,-0.484036,1.135402,-0.912714,0.924965,0.524682,1.111748,0.615989,-0.964456,-0.002671,-1.132995,1.290785,1.144118,0.182399,1.175469,-1.134629,-0.998839,-0.519505,-0.436551,0.386273,0.293250,-0.744795,-1.165771,-0.588097,-0.987133,-0.403933,0.589823,-1.223532,-0.608509,-1.139519,-1.032361,-0.762386"
DB02709,"0.307563,-0.122781,-0.702614,-0.254605,-0.611026,0.030760,0.202787,1.112331,0.352528,-0.188851,0.195369,0.333428,0.019481,-0.509559,0.542523,0.701628,0.716693,0.278304,-0.937264,-0.650479,0.025202,0.880381,-0.541362,0.445714,0.244944,-1.187443,-0.709850,0.154703,1.485663,0.199939,0.697186,0.481768,-0.171431,0.176037,0.709559,-0.292445,0.109779,0.806101,0.669819,-0.052493,-0.094996,0.032530,-0.729676,0.108281,0.676803,-0.019404,0.635832,-0.388859,-0.176116,-0.356481,-0.458421,-0.340368,0.515185,-1.263081,-0.660323,-0.831064,-0.740871,0.105027,-0.133646,0.044416,0.191329,-0.698574,-0.347707,-0.419106"
DB12883,"0.707003,0.418137,0.239153,-0.437907,0.091335,0.375063,-0.565956,-2.393888,0.431645,-1.537431,0.024300,0.251833,0.343038,-0.176501,0.013978,-0.112517,-1.131257,0.656107,-0.514715,1.226911,0.971528,0.283949,1.196975,-0.622659,1.228597,1.719689,-0.127911,-0.390358,0.264997,-1.659554,-0.337466,-0.943819,-0.129561,-0.919380,-0.100619,0.141065,-1.359268,-1.093121,-1.087319,-0.724781,-0.628733,0.157487,0.199042,-0.550932,-0.035251,0.277410,-0.074311,1.126195,1.268224,-0.373328,-1.358440,1.100926,-0.952896,0.400135,0.172201,1.658529,1.546940,0.573083,0.938822,0.385690,-2.196693,0.085489,-0.375219,-1.420172"
DB11915,"-0.134064,0.772545,0.728041,0.608155,0.631488,-0.726666,1.097092,0.236573,-1.937959,0.661351,-0.983667,-1.827004,0.529493,0.537240,-0.229320,-0.754520,-0.958250,-0.922669,-0.097013,0.738009,0.909586,-1.727473,-0.431348,-0.259952,-0.570950,1.097366,1.433370,-0.721163,-1.155818,1.250079,-0.676559,1.423605,-0.048067,1.605446,-0.754636,0.524296,0.205572,-1.535570,0.650068,0.682181,-0.048937,0.402712,0.726001,0.921797,-0.754670,0.450394,-0.696277,-0.608891,-0.021682,-0.533578,0.470930,0.920060,0.012808,0.753353,0.711841,-0.867801,-0.356634,-0.695082,1.883489,-0.908739,0.928518,0.722559,0.507490,1.892535"
DB09283,"0.318650,-0.125090,-0.700458,-0.250293,-0.610789,-0.003106,0.148301,1.035561,0.113273,-0.130832,0.234895,0.402837,0.010101,-0.464419,0.508852,0.703683,0.738799,0.375169,-0.971732,-0.736582,0.062534,0.958090,-0.445447,0.431482,0.314777,-1.221647,-0.725255,0.205629,1.439911,0.196726,0.691197,0.488172,-0.199375,0.112009,0.708534,-0.377688,0.031430,0.793722,0.669143,0.215061,-0.162859,-0.062149,-0.725557,0.085415,0.675364,-0.055838,0.629904,-0.375089,-0.169196,-0.361623,-0.425059,-0.351442,0.626459,-1.277336,-0.656706,-0.808221,-0.731410,0.111079,-0.214903,0.000068,0.194367,-0.696029,-0.368576,-0.368243"
DB09330,"-1.168090,0.707148,-0.297628,-1.265291,-0.329046,0.086950,-0.699304,0.368346,0.863106,1.625585,2.157608,2.409305,-0.985044,-0.753578,-1.660359,0.242198,0.678729,0.854670,2.117329,0.043777,-0.101726,0.529190,1.132435,0.704201,1.519141,-1.670177,-1.324338,-0.789824,-1.026781,0.091246,0.466959,-0.677515,-0.857513,-2.411216,0.165115,-0.090988,0.518944,2.041570,0.743113,0.349375,0.794756,0.204447,-0.179528,0.299398,0.244832,0.250104,0.401758,-0.503100,-1.302705,-0.599333,0.616466,0.098018,-0.667530,-1.320778,-0.400732,-0.287526,-0.379243,-0.718711,-2.147385,-0.419759,-0.009799,-0.125898,0.197939,-0.602266"
DB09102,"-1.222963,1.046036,-0.908383,-0.810708,-0.878838,-0.835057,0.175819,0.737608,-0.550751,0.461337,0.211449,0.934582,-1.335515,-1.228908,0.288359,0.817717,0.775166,0.265681,0.444965,-0.345643,0.259528,-0.236711,0.379257,1.259312,-0.371668,0.147691,-0.937643,0.228357,0.352111,1.165846,1.023860,0.163842,-1.057154,-0.882821,0.800720,-0.847752,0.318050,0.255948,0.838746,0.414179,-0.068920,-0.319005,-0.914087,1.266275,0.825787,-0.246066,0.953425,-1.375904,-0.943603,-0.204590,0.141331,-0.023568,-0.662137,-0.056434,-1.034455,-1.100143,-0.887631,0.059644,0.631331,-0.821408,-0.396071,-0.814098,-0.253547,-0.787338"
DB01003,"-0.513405,1.164309,-1.352607,-0.922453,-1.398756,-1.310458,0.790043,0.350736,0.128226,-0.062752,0.742379,0.753310,-0.840743,-1.321491,-0.310278,1.379795,0.971284,1.078868,-0.663157,-0.801946,-0.230859,-0.362112,-0.444947,1.238419,0.059773,0.530887,-0.748784,-0.772855,0.865502,0.989750,1.307886,0.795193,-1.196364,-0.466913,1.385256,-1.026137,0.896205,0.405100,1.127331,0.484333,-1.329836,0.239930,-1.352984,1.303730,1.388298,0.355115,1.366383,-1.030374,-0.981055,-0.296326,-0.703989,0.404748,0.326781,-0.929209,-1.332560,-0.351007,-1.069006,-0.685601,0.652510,-1.277504,-0.677800,-1.381912,-1.361314,-0.830890"
DB03756,"-0.289328,1.485743,-0.580890,-0.827254,-0.718563,-1.387478,0.102780,0.105752,0.275453,1.072352,2.026222,1.514690,-0.099776,-0.377775,-2.765805,0.681469,0.301824,1.418986,0.712705,-0.732703,-0.259403,0.087910,0.283483,0.702934,0.848595,-0.482174,0.003065,-1.309195,0.352241,0.098275,0.607075,0.769958,-0.894087,-0.338232,0.620225,-0.283656,1.338213,1.509058,0.890975,1.121896,-1.623053,0.107170,-0.527557,0.754546,0.670752,1.056714,0.666443,-0.370557,-1.238669,-1.018312,0.755184,0.424536,1.184248,-1.662839,-0.542236,0.793139,-0.765508,-1.289654,-0.531268,-0.265606,-0.382592,-0.610520,-0.672236,-0.071521"
DB12537,"0.660668,0.494613,0.317371,-0.420172,0.171217,0.510296,-0.589722,-2.319175,0.227132,-1.050218,0.116631,-0.041884,0.157456,-0.194975,0.154117,-0.202091,-1.249815,0.355719,-0.167436,1.351387,0.845939,0.064416,1.344893,-0.557886,0.836889,1.655084,-0.164202,-0.490948,0.294533,-1.505099,-0.392689,-0.840957,-0.088742,-0.907003,-0.198385,0.207654,-1.158278,-1.180134,-1.034694,-0.609694,-0.362560,-0.126714,0.273078,-0.421836,-0.129314,-0.034792,-0.140853,0.925913,1.277364,-0.666991,-0.878623,1.114801,-0.829753,0.588884,0.243987,1.503089,1.392158,0.887826,1.248167,0.342401,-2.039257,0.164583,-0.322371,-1.226915"
DB07954,"-0.578579,0.180317,-1.017636,-0.769811,-0.976338,-0.542979,0.497495,0.263171,0.210914,-0.292286,0.434390,0.611033,-0.813029,-0.929282,0.600975,1.004520,0.870951,0.599155,-0.003344,-0.521426,0.064445,0.153143,-0.199413,0.976345,-0.394466,0.188553,-0.970703,0.178424,1.355327,0.307019,1.009353,0.165565,-0.567730,-0.330437,1.006203,-0.811210,0.128452,0.711338,0.445794,-0.176785,-0.596528,0.021558,-1.039790,0.690056,0.994958,-0.209176,1.016617,-0.588333,-0.475112,-0.170808,-0.655878,-0.322261,0.184021,-0.110447,-1.022657,-0.380112,-0.795763,0.409979,0.275839,-0.374261,-0.623623,-1.012894,-0.797841,-1.171219"
DB12704,"0.113126,0.385620,-0.426895,0.233617,-0.465882,-0.746717,1.085808,0.502211,-0.012191,0.017439,-0.456316,-0.286975,0.155187,-0.148864,-0.890884,0.412395,-0.014041,-0.097293,-0.831842,0.145051,-0.235655,-1.098050,-0.891585,0.400729,0.108994,0.636736,0.576071,-0.024621,-0.403660,0.919074,0.440232,1.418395,-0.790027,0.407696,0.442729,0.158536,0.218616,-0.372535,0.741525,-0.959066,-0.618146,0.765462,-0.438860,0.820838,0.435661,0.692848,0.386821,-0.596990,-0.385834,0.465264,-0.568853,0.519157,-0.978432,-0.196140,-0.407259,-0.929461,-0.604693,-0.832548,1.007843,-1.223941,-0.017276,-0.429127,-0.608113,0.130796"
DB12385,"-0.497466,1.033729,-1.300603,-0.933052,-1.339798,-1.223246,0.663909,0.248395,0.040427,-0.123976,0.767808,0.757191,-0.787629,-1.297895,-0.166111,1.325326,0.982222,1.037183,-0.553534,-0.770887,-0.145589,-0.225281,-0.374922,1.182216,0.095424,0.498458,-0.781079,-0.736737,0.921747,0.883469,1.257160,0.689227,-1.125038,-0.419842,1.329194,-0.996398,0.880886,0.503031,1.050391,0.550607,-1.262112,0.186535,-1.299905,1.198710,1.332075,0.339916,1.314510,-0.948933,-0.893240,-0.286741,-0.721836,0.359617,0.318552,-0.936729,-1.286677,-0.304711,-0.986202,-0.588298,0.525467,-1.182813,-0.701903,-1.323718,-1.310470,-0.836830"
DB06200,"0.381758,-0.480784,-0.424700,-0.197383,-0.303081,0.061011,-1.287922,1.055421,0.504983,-0.563858,0.847195,0.370410,-0.106666,-0.011461,0.044741,0.480680,0.755571,1.599159,-0.834324,-1.797178,-1.149590,1.475896,-0.352359,-0.063866,-0.934716,-0.023457,-0.616179,0.072830,0.305405,-0.615983,0.287117,-0.950092,0.862588,0.261664,0.473347,-1.365945,0.678055,0.182128,-0.468312,0.308274,-0.724050,-1.346249,-0.421979,-0.210240,0.408187,-0.792724,0.324070,0.410194,-0.257193,1.263036,0.399128,-1.597719,2.186085,-1.237992,-0.281782,0.870273,-0.240756,-0.398350,-1.092951,0.802316,0.062127,-0.511697,-0.775585,0.995281"
DB08837,"-0.515409,1.167580,-1.355946,-0.925158,-1.402685,-1.317077,0.791406,0.350192,0.119072,-0.061549,0.740592,0.748760,-0.841754,-1.320905,-0.300475,1.383398,0.969345,1.078195,-0.667725,-0.799907,-0.230093,-0.361244,-0.446724,1.241113,0.060878,0.534944,-0.745705,-0.771049,0.862874,0.993380,1.310699,0.794357,-1.198419,-0.463344,1.389441,-1.025393,0.898658,0.396521,1.131219,0.483258,-1.331443,0.237379,-1.356365,1.305879,1.392835,0.354548,1.369897,-1.033705,-0.987779,-0.287045,-0.698588,0.410443,0.319947,-0.928708,-1.335548,-0.354504,-1.068861,-0.686895,0.658419,-1.276160,-0.680646,-1.386874,-1.363174,-0.833197"
DB11755,"2.669388,0.418584,1.210840,1.569815,0.924598,0.206998,-0.101774,-2.881657,0.528492,-2.915314,-1.245222,-0.960330,1.152292,0.985287,-1.150179,-0.961319,-2.333699,0.105186,-0.801301,2.105674,-0.141685,-0.460236,0.015339,-1.965513,1.152472,1.024355,0.972408,0.675987,-1.722566,-2.126489,-1.485073,-0.222256,1.356160,-0.185859,-0.923074,0.406647,-0.851125,-2.229576,-1.706692,0.039296,-0.437250,1.325897,1.217418,-1.390800,-0.840488,1.169480,-1.116482,2.379673,2.494201,1.472977,-1.877104,2.025797,-0.010073,0.966247,1.361436,2.417298,2.171185,-0.925509,1.492632,0.111716,-1.418536,0.922985,0.338513,-0.510632"
DB02261,"-0.490588,1.025108,-1.307153,-0.911231,-1.341426,-1.207445,0.707502,0.422509,0.085283,-0.099992,0.711108,0.750638,-0.742090,-1.294865,-0.139316,1.330957,0.942966,1.004761,-0.648507,-0.760904,-0.155098,-0.230266,-0.423759,1.190901,0.091867,0.421251,-0.755385,-0.725351,0.931714,0.916253,1.269763,0.745556,-1.100115,-0.359548,1.335847,-0.986671,0.834916,0.431810,1.088560,0.525099,-1.237236,0.244224,-1.309277,1.202433,1.337301,0.309932,1.317458,-0.976041,-0.911325,-0.297479,-0.725370,0.380000,0.280442,-0.991720,-1.289755,-0.413828,-1.039130,-0.619995,0.586866,-1.151821,-0.623821,-1.332840,-1.286759,-0.797741"
DB04160,"-0.514997,1.164816,-1.352818,-0.922453,-1.399012,-1.311477,0.791083,0.353205,0.125469,-0.062525,0.743123,0.753059,-0.841844,-1.321794,-0.308711,1.380077,0.970326,1.078354,-0.662999,-0.802706,-0.229829,-0.361297,-0.444993,1.238056,0.060807,0.529986,-0.748331,-0.775539,0.866462,0.989322,1.307909,0.794677,-1.196358,-0.465968,1.385613,-1.026531,0.895565,0.404312,1.127117,0.482977,-1.330888,0.240514,-1.353143,1.302805,1.388659,0.355488,1.366558,-1.030188,-0.980742,-0.299063,-0.703686,0.405916,0.326399,-0.929220,-1.332590,-0.351061,-1.068601,-0.687155,0.654540,-1.276697,-0.676628,-1.382339,-1.361102,-0.831266"
DB02056,"-0.325258,0.856562,-1.143900,-0.719911,-1.164085,-0.941388,0.875324,0.459611,0.782524,0.010821,0.551006,0.452577,-0.718593,-1.140585,-0.281525,1.153242,1.017968,0.664716,-0.479278,-0.563375,-0.278615,-0.455965,-0.697937,1.031535,-0.098062,0.332343,-0.620205,-0.556187,0.816087,0.919263,1.106397,0.715213,-0.971480,-0.225022,1.169739,-0.605300,0.887925,0.540501,0.990493,-0.314576,-0.832199,0.459040,-1.145219,1.174780,1.161301,0.380087,1.139836,-0.889801,-0.788993,-0.382395,-0.650743,0.168689,0.029234,-0.791106,-1.117738,-0.354003,-1.002505,-0.474048,0.442043,-1.016115,-0.410052,-1.155762,-1.040175,-0.788125"
DB03843,"-0.516460,1.166306,-1.354542,-0.924603,-1.401024,-1.315903,0.791142,0.354571,0.117568,-0.062502,0.741303,0.750617,-0.842364,-1.320993,-0.303327,1.381978,0.968159,1.078543,-0.665766,-0.803196,-0.230097,-0.360407,-0.443937,1.238689,0.060871,0.530197,-0.745797,-0.770875,0.865508,0.990314,1.309084,0.792076,-1.197431,-0.465601,1.387910,-1.027863,0.897087,0.397833,1.127385,0.483629,-1.331340,0.240065,-1.354848,1.301980,1.391100,0.355083,1.368249,-1.030632,-0.980348,-0.291792,-0.701051,0.410331,0.324510,-0.926797,-1.333922,-0.351128,-1.067433,-0.688209,0.655293,-1.274705,-0.678045,-1.385022,-1.359281,-0.832532"
DB12478,"-0.719139,1.099471,-1.287663,-0.938726,-1.329867,-1.255934,0.732164,0.360602,0.001316,0.079296,0.662894,0.675613,-0.711918,-1.266560,-0.247716,1.301042,0.768871,0.903953,-0.682697,-0.693757,-0.170326,-0.320914,-0.184489,1.223588,0.106773,0.621502,-0.904788,-0.704945,0.833412,0.979799,1.255597,0.709038,-1.224051,-0.626268,1.305718,-0.882379,0.706892,0.294466,1.036435,0.528980,-1.250173,0.113706,-1.295825,1.271977,1.315787,0.264174,1.313112,-1.035957,-0.957293,-0.198603,-0.521783,0.324207,0.065064,-1.088825,-1.299743,-0.440881,-0.877741,-0.519167,0.610974,-1.086460,-0.711028,-1.306045,-1.253150,-0.826261"
DB12110,"0.727536,0.477282,0.228383,-0.432153,0.074965,0.360924,-0.538240,-2.390741,0.641139,-1.602940,0.012895,0.239490,0.407899,-0.169867,-0.101332,-0.096813,-1.163094,0.736915,-0.615024,1.225433,0.883384,0.298081,1.158022,-0.637423,1.304030,1.733080,-0.111296,-0.403370,0.304492,-1.676779,-0.330223,-0.919770,-0.109561,-0.987216,-0.082486,0.160406,-1.386269,-1.160378,-1.075851,-0.755745,-0.643790,0.212556,0.188222,-0.558621,-0.016249,0.314309,-0.065590,1.142240,1.241778,-0.271490,-1.430309,1.122723,-0.921422,0.284288,0.165486,1.645547,1.571490,0.451895,1.059377,0.388354,-2.191926,0.069006,-0.398119,-1.387678"
DB09543,"-0.442370,0.165448,-0.995969,-0.446129,-0.926114,-0.476550,0.345050,0.766277,0.275282,-0.153374,0.040405,0.437554,-0.587439,-0.771510,0.530298,0.964792,0.640456,0.380218,-0.549627,-0.676516,-0.199894,0.264105,-0.499412,0.896836,-0.428724,-0.114654,-0.471665,0.223974,1.311565,0.582571,1.024649,0.374169,-0.549270,-0.013405,0.974967,-0.636658,0.125883,0.490452,0.707654,-0.410603,-0.480796,-0.073945,-1.022375,0.623374,0.955675,-0.240250,0.963229,-0.776638,-0.631017,0.280134,-0.540315,-0.221249,0.113216,-0.708631,-1.006968,-0.680274,-0.731015,-0.024794,0.147568,-0.400456,-0.526986,-0.982261,-0.861410,-0.732367"
DB03587,"-0.516712,1.167852,-1.354122,-0.924181,-1.400677,-1.314911,0.790595,0.351344,0.117684,-0.063281,0.741946,0.750393,-0.841751,-1.320698,-0.305657,1.381563,0.968320,1.079949,-0.665511,-0.803644,-0.230337,-0.361288,-0.444527,1.238480,0.061506,0.532431,-0.746358,-0.772020,0.865640,0.989294,1.308822,0.791253,-1.196724,-0.464220,1.387449,-1.028084,0.897714,0.398917,1.126842,0.484289,-1.332792,0.241399,-1.354454,1.302623,1.390643,0.354750,1.367860,-1.029915,-0.980014,-0.290535,-0.699897,0.408374,0.326250,-0.927550,-1.333639,-0.349742,-1.066472,-0.687355,0.654868,-1.274355,-0.677780,-1.384525,-1.361255,-0.831886"
DB09202,"1.577772,0.083755,0.121066,1.369205,0.049443,-0.699483,0.968744,-0.244945,1.146925,-0.981592,-0.780583,-0.660298,-0.123452,0.153107,-0.829002,-0.058384,0.031013,-0.510875,-0.472653,0.350055,-1.494278,-1.155892,-1.587368,-0.469823,-0.620826,-0.500829,0.358805,0.870111,-1.169103,0.036461,-0.285330,0.597369,0.635453,-0.080405,-0.022039,0.069337,0.697373,-0.388615,-0.369408,0.260233,0.128854,1.171187,0.154154,-0.331905,-0.026721,0.744184,-0.209198,0.594972,0.635922,1.410429,-0.101138,0.360613,0.217069,1.139973,0.303604,0.877563,0.123873,-0.817197,-0.067922,-0.307335,0.477918,0.053500,0.791838,-0.437137"
DB04272,"-0.552412,1.134019,-1.347257,-0.920138,-1.389063,-1.296904,0.783662,0.388489,0.109977,-0.065533,0.723004,0.754989,-0.849997,-1.299974,-0.263526,1.371440,0.960552,1.057519,-0.627560,-0.783972,-0.174787,-0.334108,-0.432644,1.240954,0.049193,0.506746,-0.765752,-0.685919,0.897250,0.978127,1.304742,0.785765,-1.180123,-0.441931,1.377014,-1.023326,0.843739,0.408160,1.116272,0.481902,-1.312374,0.218469,-1.347846,1.292111,1.379931,0.333670,1.359869,-1.025633,-0.972729,-0.264478,-0.702915,0.383973,0.309163,-0.901328,-1.328241,-0.378138,-1.076104,-0.641041,0.645158,-1.243534,-0.675863,-1.375226,-1.338069,-0.837788"
DB02527,"-0.636720,1.043724,-1.308123,-0.875542,-1.327127,-1.206957,0.704137,0.700550,-0.191080,-0.182835,0.489176,0.754102,-0.834818,-1.204931,-0.153882,1.311044,0.889043,0.936059,-0.739277,-0.765664,-0.020668,-0.334225,-0.352029,1.272414,0.025302,0.578296,-0.761423,-0.468121,0.815219,0.982750,1.298017,0.656139,-1.079182,-0.556280,1.311473,-0.964294,0.619611,0.345153,0.995708,0.175400,-1.323617,0.203915,-1.319642,1.202668,1.316286,0.321365,1.329839,-1.019519,-0.877705,-0.059024,-0.600958,0.217989,0.149728,-0.802040,-1.317015,-0.524418,-0.947130,-0.642797,0.601661,-1.020449,-0.620577,-1.319037,-1.188857,-0.880669"
DB04574,"-0.176308,0.033978,0.961335,0.964140,0.864104,-0.115561,0.440346,-0.355292,-0.991122,0.242978,-0.108236,0.291419,1.442009,1.132019,-1.017723,-0.949948,-0.807384,-0.456820,1.346123,0.545799,0.899133,0.089550,-0.130127,-0.654676,1.811627,-1.495629,1.194930,0.857790,-1.298961,0.116266,-0.898678,0.812096,-0.072319,1.060203,-0.987452,1.253663,0.180957,0.994523,0.256160,0.343080,0.057186,0.956095,1.006194,-0.155533,-0.943833,1.398454,-0.943759,0.377626,0.138951,0.100573,0.289644,0.610683,-0.404217,-0.333570,0.959324,-0.585187,0.086330,-0.859539,-0.259176,0.082612,1.069430,1.037081,0.970849,0.691425"
DB04652,"-0.759451,1.247619,-1.188822,-0.928481,-1.214696,-1.168235,0.693262,0.395608,-0.167138,0.251063,0.646452,0.607684,-0.989483,-1.231750,-0.019996,1.183267,0.856400,0.718762,-0.281635,-0.677940,0.020737,-0.450543,-0.219126,1.247924,-0.235528,0.455519,-0.688263,-0.555937,0.850412,1.148330,1.184514,0.751951,-1.198135,-0.386523,1.180529,-0.957413,0.926620,0.385826,1.188763,0.625429,-0.988156,-0.011400,-1.183723,1.404722,1.184935,0.151296,1.215471,-1.231142,-1.031529,-0.602607,-0.408990,0.402853,0.266228,-0.687839,-1.205491,-0.663529,-1.118387,-0.390331,0.796229,-1.312270,-0.568647,-1.186139,-1.085563,-0.711525"
DB09000,"0.300366,-0.021439,0.257946,-0.533162,0.151362,0.495865,-0.668904,-2.212528,-0.043867,-1.062848,0.031834,0.231587,0.420214,-0.153478,0.574026,-0.172704,-0.923243,0.366827,-0.244507,1.046622,0.858481,0.264579,1.371033,-0.516849,1.054513,1.614311,-0.344933,-0.403947,0.556404,-1.619203,-0.333763,-1.086457,-0.179287,-1.218718,-0.163728,0.388882,-1.368796,-1.038327,-1.273588,-0.546039,-0.614249,-0.230506,0.209950,-0.595543,-0.105775,-0.064764,-0.100826,1.042535,1.220112,-0.489174,-0.742190,0.782789,-1.103281,0.663862,0.157492,1.512490,1.586283,1.163309,0.738594,0.744403,-2.015880,0.141892,-0.177196,-1.515775"
DB00152,"-0.527072,1.160850,-1.354992,-0.941328,-1.401616,-1.336622,0.769437,0.349363,0.019024,-0.082732,0.747087,0.736169,-0.871150,-1.319140,-0.270645,1.383086,0.975957,1.077135,-0.695126,-0.813767,-0.218193,-0.353440,-0.407666,1.248158,0.057849,0.556631,-0.778861,-0.722107,0.861702,1.000561,1.311222,0.767366,-1.198741,-0.451651,1.387004,-1.033640,0.859233,0.388396,1.115617,0.456947,-1.351251,0.215423,-1.357334,1.320197,1.393865,0.355007,1.372384,-1.047335,-0.968799,-0.241425,-0.669360,0.382477,0.350287,-0.926021,-1.338775,-0.363806,-1.065112,-0.673138,0.656028,-1.248486,-0.675231,-1.387569,-1.356794,-0.827643"
DB01445,"0.617046,0.529273,0.072938,-0.452459,-0.083356,0.230866,-0.447314,-2.125447,0.983953,-1.525642,0.190171,0.213127,0.305381,-0.304483,-0.330316,0.063961,-0.981219,0.808971,-0.693674,1.171253,0.632811,0.213076,1.083776,-0.479602,1.218037,1.679140,-0.276851,-0.333494,0.378097,-1.521550,-0.173988,-0.813962,-0.166192,-1.012855,0.077465,0.079735,-1.148111,-1.172156,-0.996674,-0.779070,-0.650761,0.210625,0.021587,-0.483710,0.145499,0.297810,0.082426,1.024606,1.064946,0.135453,-1.241259,1.008974,-0.910821,0.206620,0.018253,1.618036,1.384233,0.406326,1.109800,0.370151,-2.095021,-0.093746,-0.504628,-1.489378"
DB09142,"-0.516765,1.148022,-1.364795,-0.946271,-1.412593,-1.361282,0.806355,0.363288,0.060320,-0.063614,0.758822,0.721640,-0.860354,-1.320462,-0.269223,1.395296,0.934967,1.030478,-0.667932,-0.802597,-0.213247,-0.321561,-0.416399,1.241845,0.078551,0.533201,-0.750993,-0.759436,0.844423,0.989605,1.314718,0.768916,-1.203650,-0.414541,1.400787,-1.032676,0.902606,0.394761,1.119437,0.424896,-1.345710,0.220920,-1.364606,1.261045,1.406018,0.378230,1.379122,-1.040948,-0.989134,-0.296069,-0.688540,0.448824,0.332990,-0.929485,-1.339905,-0.381330,-1.064211,-0.707996,0.710555,-1.247882,-0.656432,-1.402067,-1.348114,-0.836175"
DB02959,"1.017765,0.618020,0.174165,-0.358456,-0.003211,0.301926,-0.471569,-2.434910,1.114615,-1.737651,0.037564,0.052562,0.338170,-0.164148,-0.543187,-0.010845,-1.240272,0.953385,-0.806372,1.290320,0.558292,0.276393,0.955724,-0.673925,1.261119,1.775675,-0.059735,-0.578859,0.193382,-1.741527,-0.292633,-0.800461,0.022157,-0.898500,0.006706,-0.001463,-1.278190,-1.280367,-1.055658,-0.889732,-0.640740,0.386350,0.125902,-0.556699,0.075896,0.350780,-0.017591,1.210892,1.283889,-0.024962,-1.519780,1.135582,-0.774321,0.218958,0.145848,1.763786,1.493966,0.190846,1.257679,0.269559,-2.181108,-0.022708,-0.575363,-1.285981"
DB01548,"-0.529366,0.940066,-1.282794,-0.847668,-1.305801,-1.165731,0.695252,0.393085,0.139515,0.107855,0.601502,0.675704,-0.917015,-1.171833,-0.220715,1.292066,0.902140,0.937053,-0.521821,-0.781059,-0.252497,-0.330285,-0.375511,1.186696,-0.197343,0.524264,-0.707422,-0.709490,0.817369,0.942357,1.255635,0.760410,-1.143121,-0.501151,1.299930,-0.969618,0.661497,0.376360,1.050884,0.347339,-1.087654,0.136364,-1.286948,1.208781,1.295256,0.135250,1.279075,-1.019735,-0.969144,-0.281864,-0.604670,0.221213,0.178270,-0.677229,-1.266259,-0.386967,-1.063714,-0.458420,0.506362,-1.221556,-0.634862,-1.298928,-1.257613,-0.779970"
DB01481,"-0.464783,0.865246,-1.255328,-0.859856,-1.275699,-1.094821,0.662805,0.463623,0.020926,-0.127781,0.666408,0.752902,-0.686518,-1.228169,0.017826,1.274291,0.936907,0.924313,-0.681962,-0.764931,-0.151429,-0.116286,-0.392439,1.145169,0.069515,0.304266,-0.746273,-0.573805,0.962174,0.865249,1.227589,0.703730,-1.030698,-0.335841,1.277212,-0.970561,0.707554,0.465355,1.044345,0.578792,-1.107954,0.201052,-1.262957,1.097896,1.275644,0.233150,1.259853,-0.945266,-0.875318,-0.288495,-0.725679,0.304152,0.282445,-0.912974,-1.242168,-0.483466,-1.015995,-0.525032,0.479185,-1.048151,-0.561552,-1.274382,-1.228712,-0.795868"
DB01541,"-0.467375,0.871754,-1.258011,-0.867427,-1.279148,-1.102144,0.666211,0.470178,0.021686,-0.132302,0.674936,0.748147,-0.678659,-1.236951,0.018271,1.277577,0.937401,0.926914,-0.688237,-0.760686,-0.147674,-0.121864,-0.392887,1.147855,0.077893,0.317070,-0.748514,-0.594194,0.962534,0.871120,1.229867,0.709927,-1.035047,-0.327583,1.280364,-0.970049,0.720214,0.457939,1.050043,0.595911,-1.117169,0.208532,-1.265608,1.100578,1.279052,0.242168,1.263473,-0.947360,-0.877574,-0.286606,-0.731723,0.313072,0.273148,-0.928851,-1.245057,-0.484475,-1.020281,-0.535034,0.495124,-1.051527,-0.558093,-1.277645,-1.232067,-0.792049"
DB01565,"0.154432,-0.504069,0.261627,-0.238559,0.227658,0.991411,-0.742002,-1.384785,0.808887,-0.159577,-0.350690,-0.118047,-0.048291,0.028794,0.447849,-0.224390,-1.021929,-0.175315,0.182075,1.083334,0.609444,0.332874,1.424767,-0.419801,-0.034465,1.682897,-0.153983,-0.555302,0.578232,-1.351416,-0.265059,-0.857189,-0.149875,-0.833919,-0.202079,0.379066,-2.128417,-1.275682,-1.072153,-0.765973,0.603147,-0.493772,0.185671,-0.685195,-0.177082,-0.874442,-0.183941,0.691760,0.880423,-0.626575,-0.433028,0.262488,-1.467163,1.151043,0.167903,1.063841,1.071092,1.754931,0.852288,0.459000,-1.592527,0.185314,-0.313664,-0.860282"
DB01442,"1.016852,-0.422825,1.143106,1.339012,1.018885,0.622081,0.082996,-1.821268,0.531385,-1.928055,-1.428673,-0.711287,0.893858,0.973946,-0.090591,-1.038662,-1.907289,-0.835182,0.148561,1.991094,0.902053,-0.076855,0.366265,-1.423002,0.372406,0.691032,0.780632,1.197342,-1.125387,-1.528608,-1.258554,-0.310330,0.692946,0.394535,-1.014905,0.605546,-1.865498,-1.517465,-1.373706,0.032861,0.661101,0.738352,1.116096,-1.030041,-0.961411,0.369055,-1.075117,1.606263,1.676239,0.779790,-1.177768,0.944985,-1.125873,1.463633,1.148868,1.119108,1.554081,0.621280,0.834809,0.343013,-1.165832,1.026245,0.741918,-0.750968"
DB01472,"1.330698,-0.176927,1.268274,0.934207,1.104622,0.340162,-0.116597,-1.748938,-0.452283,-0.691922,-1.146100,-1.979339,0.587412,0.806791,-0.285150,-1.130645,-2.203629,-0.701592,-0.262059,1.700056,0.295215,-0.882070,0.111943,-1.383224,-0.477142,1.813596,1.176274,-1.644117,-1.248083,-1.229895,-1.360241,-0.160480,1.129807,0.953489,-1.121651,0.231641,-1.351462,-2.325821,-1.186956,0.805165,0.269358,0.240422,1.216498,-0.988822,-1.072991,-0.311872,-1.184216,1.426148,1.614634,0.078149,0.121768,0.925190,-0.356218,1.966095,1.322974,1.742082,1.234892,0.424465,1.329800,0.183572,-0.809203,1.072649,0.353186,0.967223"
DB01536,"-0.762666,1.077680,-1.115979,-0.924270,-1.133190,-1.030484,0.621230,0.420205,-0.091602,0.331226,0.696548,0.626238,-0.907223,-1.126238,0.069867,1.108081,0.849051,0.642826,-0.247203,-0.647916,0.007187,-0.356828,-0.180617,1.181877,-0.199335,0.306433,-0.665113,-0.484962,0.813972,1.082238,1.120872,0.714740,-1.154446,-0.399685,1.102105,-0.898350,0.837450,0.478734,1.167509,0.718672,-0.859166,-0.022328,-1.110179,1.261702,1.102927,0.080345,1.139272,-1.181950,-1.042730,-0.678163,-0.407615,0.360465,0.285505,-0.664726,-1.134592,-0.712600,-1.074288,-0.346616,0.605763,-1.214553,-0.468528,-1.105807,-1.049243,-0.680219"
DB01466,"-0.739127,-0.337815,0.520812,-0.495114,0.526754,0.839134,-0.725963,-0.760043,-1.037207,1.165637,-0.300887,-0.688433,-0.433285,0.036576,0.940747,-0.564506,-1.256138,-0.928384,0.705098,1.026045,1.173338,-0.259943,1.859837,-0.150311,-0.930188,2.086603,-0.119436,-1.385445,0.542855,-0.622098,-0.417011,-0.739439,-0.171475,-0.307646,-0.573979,0.291734,-2.072761,-1.566387,-0.662969,0.168748,0.691678,-1.219564,0.439457,-0.324528,-0.546919,-1.494655,-0.413822,0.033105,0.407111,-1.201419,0.909475,-0.015394,-1.180828,1.658645,0.356135,0.613151,0.664916,2.225837,0.909600,0.411022,-1.148688,0.509012,0.002022,0.077268"
DB01564,"-0.479409,0.858178,-1.254544,-0.880786,-1.276834,-1.110501,0.649502,0.455144,-0.042478,-0.125773,0.693285,0.765462,-0.671635,-1.242400,0.024044,1.274648,0.939354,0.943863,-0.672592,-0.763317,-0.135632,-0.113073,-0.359935,1.147537,0.108834,0.335113,-0.757511,-0.620144,0.932989,0.874844,1.227211,0.705501,-1.048512,-0.312072,1.276817,-0.974062,0.726600,0.457887,1.051579,0.663772,-1.122262,0.202732,-1.261805,1.096803,1.275735,0.250513,1.259891,-0.945915,-0.879136,-0.279339,-0.731456,0.313966,0.249452,-0.937748,-1.243135,-0.479595,-1.017416,-0.534061,0.468453,-1.059222,-0.538690,-1.272881,-1.238377,-0.772060"
DB02187,"-0.764676,1.230506,-1.158442,-0.962849,-1.188205,-1.113869,0.650219,0.385932,-0.011255,0.360682,0.732516,0.652991,-0.973592,-1.189982,-0.133018,1.154979,0.844586,0.747113,-0.193523,-0.635439,-0.013570,-0.450955,-0.193938,1.218442,-0.181143,0.370436,-0.679856,-0.600790,0.774207,1.102132,1.156127,0.723859,-1.198661,-0.492418,1.150653,-0.911927,0.920453,0.452213,1.184245,0.580745,-0.942891,0.029350,-1.146347,1.357195,1.154276,0.156131,1.186097,-1.199438,-1.062513,-0.664177,-0.391002,0.423872,0.315815,-0.726397,-1.172461,-0.634767,-1.094891,-0.429150,0.694858,-1.292773,-0.519165,-1.152526,-1.061887,-0.702078"
DB03515,"-0.737996,1.239372,-1.173391,-0.959368,-1.203224,-1.145470,0.675015,0.380685,-0.045105,0.310029,0.728647,0.617286,-0.976420,-1.207308,-0.109468,1.171882,0.863696,0.738550,-0.249885,-0.650551,-0.024354,-0.474874,-0.233901,1.227149,-0.213523,0.425353,-0.674234,-0.615755,0.792309,1.122980,1.168706,0.753300,-1.194040,-0.441118,1.168452,-0.937546,0.956840,0.428192,1.199811,0.603682,-0.980123,0.022938,-1.164340,1.371779,1.171795,0.157760,1.202052,-1.206191,-1.057099,-0.647799,-0.419722,0.429609,0.329889,-0.735286,-1.185800,-0.640409,-1.109802,-0.445383,0.737832,-1.317810,-0.541667,-1.172679,-1.109577,-0.693748"
DB03966,"-0.492848,1.128360,-1.345226,-0.905014,-1.387369,-1.282554,0.777057,0.366439,0.177427,-0.068444,0.720524,0.736315,-0.837157,-1.296134,-0.295417,1.371434,0.968226,1.060644,-0.660676,-0.793645,-0.224264,-0.330315,-0.451847,1.225264,0.023269,0.496728,-0.742069,-0.721359,0.885087,0.967520,1.299600,0.790168,-1.168806,-0.461652,1.377711,-1.018656,0.880044,0.410176,1.114326,0.451891,-1.287553,0.224115,-1.345376,1.292901,1.379254,0.330832,1.355671,-1.020738,-0.975521,-0.318932,-0.723769,0.381260,0.354530,-0.922627,-1.322135,-0.363621,-1.067922,-0.651822,0.644303,-1.251750,-0.672656,-1.375636,-1.354616,-0.825481"
DB03866,"-0.334531,0.864761,-1.146099,-0.724647,-1.168090,-0.961396,0.880188,0.450080,0.773238,0.005070,0.559034,0.471312,-0.701226,-1.143643,-0.286001,1.156466,1.011892,0.674240,-0.491795,-0.560184,-0.262578,-0.456482,-0.690568,1.036758,-0.066068,0.335587,-0.610501,-0.549423,0.830963,0.917903,1.109301,0.719006,-0.981935,-0.224043,1.172375,-0.608860,0.877542,0.526695,0.992366,-0.282627,-0.858651,0.469782,-1.147501,1.179870,1.164424,0.393860,1.143258,-0.893055,-0.793746,-0.378227,-0.660931,0.193565,0.028104,-0.795406,-1.121200,-0.357494,-1.006296,-0.485971,0.452391,-1.016407,-0.413163,-1.158234,-1.034364,-0.791790"
DB03509,"-0.504758,1.039777,-1.301126,-0.934592,-1.340631,-1.228464,0.664547,0.239823,0.035754,-0.121522,0.760465,0.757967,-0.793312,-1.294614,-0.171017,1.325260,0.983762,1.037353,-0.550614,-0.772288,-0.140320,-0.230949,-0.375108,1.184279,0.094022,0.506123,-0.779554,-0.740243,0.919085,0.885949,1.257756,0.688155,-1.129461,-0.428978,1.329182,-0.995045,0.881034,0.506220,1.048871,0.542348,-1.270659,0.183018,-1.300347,1.198825,1.332206,0.343408,1.315397,-0.949863,-0.895571,-0.289647,-0.718356,0.359072,0.318750,-0.925777,-1.287758,-0.301977,-0.979396,-0.589720,0.519920,-1.182549,-0.706958,-1.323742,-1.308122,-0.843221"
DB03313,"-0.499060,0.929691,-1.254639,-0.981315,-1.289183,-1.159223,0.583621,0.180492,-0.067397,-0.033056,0.715089,0.715565,-0.879965,-1.280178,-0.066208,1.275403,0.972494,1.043783,-0.426504,-0.741857,-0.226382,-0.293680,-0.335581,1.147239,0.052035,0.632416,-0.937785,-0.497790,0.861887,0.758808,1.210067,0.396287,-1.049523,-0.724636,1.279492,-1.014023,0.683397,0.446059,0.793937,0.382748,-1.221467,0.108798,-1.257343,1.076467,1.283665,0.254050,1.280032,-0.847645,-0.714314,-0.215169,-0.445358,0.160317,0.152915,-0.706502,-1.255684,-0.152495,-0.784007,-0.370842,0.537741,-0.891357,-0.737334,-1.275369,-1.097488,-0.974940"
DB02105,"-0.559866,1.142300,-1.325305,-0.948007,-1.374706,-1.339059,0.784211,0.264974,0.080378,-0.058089,0.730356,0.692817,-0.801167,-1.293547,-0.307159,1.354140,0.892187,1.051634,-0.721497,-0.750957,-0.231050,-0.338180,-0.339285,1.212112,0.102920,0.533399,-0.826669,-0.727805,0.859316,0.930735,1.278578,0.731606,-1.177766,-0.532056,1.360857,-0.982486,0.857497,0.352121,1.051470,0.467192,-1.347000,0.218523,-1.327676,1.277007,1.368063,0.333300,1.345401,-0.993408,-0.930666,-0.260490,-0.653449,0.378392,0.266812,-0.968105,-1.311095,-0.365640,-0.964787,-0.641659,0.653168,-1.158094,-0.704641,-1.361467,-1.316140,-0.880976"
DB01496,"-0.723078,-0.017165,-0.969421,-0.420108,-0.883254,-0.419286,0.372235,0.317083,0.673068,0.589464,0.183406,0.363537,-1.212540,-0.618290,0.450032,0.909956,0.827950,0.249298,0.005893,-0.771071,-0.412719,0.081987,-0.122176,0.947814,-1.343544,0.363853,-0.708339,-0.560252,0.908518,0.732858,0.999548,0.609334,-0.963343,-0.348427,0.922922,-0.669725,-0.200163,0.435629,0.792720,0.113822,0.297129,-0.383609,-1.001315,0.789450,0.887507,-0.873062,0.896377,-1.008151,-1.058261,-0.689190,-0.456756,-0.635942,-0.118917,0.377565,-0.970161,-0.480968,-1.063796,0.631852,-0.078832,-0.961741,-0.368637,-0.928671,-1.070487,-0.637195"
DB01942,"-0.499436,1.025970,-1.310944,-0.921476,-1.345792,-1.219319,0.711649,0.421459,0.086290,-0.105128,0.718199,0.750431,-0.742889,-1.302552,-0.136114,1.334492,0.944144,1.004923,-0.643094,-0.754483,-0.156796,-0.243869,-0.421652,1.196473,0.088193,0.441619,-0.751739,-0.730369,0.917998,0.923718,1.274335,0.750992,-1.110113,-0.353359,1.339442,-0.987483,0.840136,0.425220,1.092592,0.526982,-1.243065,0.251807,-1.313029,1.209947,1.341092,0.315032,1.322108,-0.981271,-0.921019,-0.289772,-0.739445,0.388241,0.257295,-0.990241,-1.294310,-0.417102,-1.041253,-0.628676,0.586674,-1.158553,-0.630161,-1.336520,-1.294759,-0.800177"
DB02207,"0.758903,-0.281878,0.293969,-0.753951,0.186127,0.632281,-0.976881,-2.642599,-0.178682,-1.449833,0.319974,0.293255,0.396239,-0.279637,0.883567,-0.193796,-0.475934,0.593646,0.079179,1.075722,0.869048,0.397716,1.377336,-0.645137,1.216659,1.623931,-0.577933,-0.015190,0.746292,-2.077837,-0.392566,-1.726309,0.115176,-1.544475,-0.185498,0.375877,-1.059725,-0.590257,-1.751296,-0.771578,-0.647769,-0.152414,0.258352,-1.017922,-0.129904,0.169012,-0.124086,1.442709,1.683021,-0.402175,-0.668848,0.631456,-1.007362,0.966722,0.193879,2.060477,1.965037,1.240570,0.334278,1.287304,-2.104015,0.180087,0.244508,-1.951340"
DB02234,"0.842223,0.593674,0.159157,-0.378061,-0.009096,0.319447,-0.489667,-2.393920,0.835201,-1.549731,0.110140,0.102198,0.303559,-0.213774,-0.252305,-0.007004,-1.169662,0.773591,-0.677230,1.225673,0.688119,0.208381,1.016978,-0.585795,1.224708,1.703056,-0.063436,-0.543606,0.267934,-1.615483,-0.273390,-0.758048,-0.062071,-0.769343,0.005241,0.037016,-1.150494,-1.130172,-0.985601,-0.773459,-0.715136,0.230894,0.111441,-0.491710,0.074183,0.273226,0.003264,1.120117,1.254033,-0.247978,-1.326261,1.136395,-0.791633,0.306104,0.122377,1.693090,1.407248,0.381026,1.181103,0.236845,-2.151903,-0.028390,-0.623492,-1.297241"
DB07069,"-0.513822,1.167433,-1.353894,-0.924134,-1.400318,-1.314138,0.792241,0.354612,0.121764,-0.063865,0.741117,0.751048,-0.841955,-1.322079,-0.306087,1.381197,0.969848,1.078650,-0.665930,-0.802042,-0.232349,-0.361363,-0.444954,1.239178,0.060144,0.531857,-0.746665,-0.774718,0.866181,0.990976,1.309013,0.793581,-1.196946,-0.467467,1.386974,-1.026602,0.898762,0.400826,1.128922,0.484461,-1.331070,0.239693,-1.354331,1.304362,1.390120,0.355261,1.367778,-1.031164,-0.981916,-0.295386,-0.702199,0.407697,0.326274,-0.927540,-1.333676,-0.350641,-1.068554,-0.687336,0.655520,-1.275898,-0.677478,-1.383895,-1.362095,-0.834281"
DB04263,"0.729351,0.171588,0.100538,1.017628,0.013002,-0.510671,1.297642,0.185805,0.849253,-0.862821,-0.868830,-0.560991,0.744449,0.380675,-0.734693,-0.063432,-0.155577,-0.377183,-0.404441,0.636900,0.278070,-0.826293,-1.450920,-0.300856,0.541524,-0.086164,0.946976,0.997127,-0.691077,0.574747,-0.167382,1.298428,-0.184179,0.981256,-0.033143,0.707630,0.312958,-0.021783,0.482793,-0.804367,-0.161098,1.649398,0.115117,0.353963,-0.038739,1.484641,-0.142422,0.094302,0.259329,1.055910,-1.338981,0.845318,-0.599250,-0.126491,0.183954,-0.440040,-0.247857,-1.293186,0.506610,-0.766506,0.459698,0.080850,0.145139,-0.048487"
DB02845,"-0.671655,-0.074005,-0.971668,-0.428909,-0.893625,-0.491641,0.547613,0.183769,0.446190,0.197906,0.252681,0.350218,-1.044039,-0.631637,0.553676,0.930294,0.949893,0.408932,-0.216237,-0.869139,-0.419885,0.183667,-0.285600,0.919188,-1.098980,0.228661,-0.653000,-0.555120,1.023726,0.682887,0.993089,0.602137,-0.872851,-0.153648,0.939117,-0.754453,-0.049686,0.542015,0.788348,0.204415,0.071824,-0.242993,-1.006634,0.744026,0.905643,-0.704366,0.905238,-0.942156,-1.027875,-0.580956,-0.663780,-0.574350,0.150364,0.276726,-0.965246,-0.524880,-1.065957,0.420510,-0.095424,-0.909810,-0.320423,-0.943250,-1.099953,-0.689471"
DB08167,"-0.866742,1.034348,-1.221347,-0.924086,-1.238781,-1.217608,0.688035,0.382225,-0.147988,0.042582,0.506685,0.727499,-0.715671,-1.183186,-0.125712,1.209898,0.665698,0.755303,-0.692851,-0.688475,-0.009965,-0.231556,-0.027400,1.203594,0.042525,0.699723,-0.982867,-0.407701,0.670906,0.952686,1.220027,0.575966,-1.253302,-0.853861,1.212932,-0.855570,0.395040,0.285818,0.972230,0.541629,-1.064234,0.054374,-1.233197,1.241906,1.220676,0.172333,1.245613,-1.086816,-1.038074,0.034293,-0.370283,0.148599,-0.234142,-1.104963,-1.265786,-0.614066,-0.759976,-0.387127,0.518039,-0.989202,-0.741379,-1.213266,-1.012781,-0.940564"
DB01698,"-0.519194,1.156212,-1.355465,-0.927447,-1.400977,-1.316237,0.772266,0.334153,0.139244,-0.051834,0.726898,0.760807,-0.844456,-1.333074,-0.310401,1.382795,0.985050,1.074946,-0.661400,-0.807087,-0.248728,-0.363963,-0.454764,1.240909,0.056923,0.543636,-0.760795,-0.750288,0.873842,0.996514,1.310994,0.786386,-1.205299,-0.471509,1.387494,-1.032985,0.877579,0.405704,1.117778,0.441859,-1.310018,0.232049,-1.356514,1.298958,1.391484,0.365396,1.368390,-1.035629,-0.982562,-0.291220,-0.729754,0.399991,0.338294,-0.925443,-1.335225,-0.350440,-1.066102,-0.689439,0.622027,-1.260405,-0.662675,-1.385211,-1.352650,-0.819942"
DB07637,"-0.851068,0.337916,-1.143983,-0.911468,-1.095225,-0.890642,0.635283,0.952164,-0.580511,-0.501607,0.383865,0.780779,-0.712320,-1.159375,0.719526,1.123054,0.902966,0.588938,-0.323465,-0.505496,0.520094,0.158294,-0.302826,1.185212,-0.212458,0.135760,-0.975700,0.003024,1.201613,0.690831,1.170473,0.530396,-0.742075,-0.015186,1.114925,-1.020891,0.188217,0.661524,0.907180,0.638740,-0.803743,0.038560,-1.158871,0.900979,1.114751,0.014912,1.155988,-0.838848,-0.749490,-0.026955,-0.869302,0.052637,0.019660,-0.580632,-1.168831,-1.003645,-1.074476,-0.047961,0.283496,-0.728117,-0.636168,-1.118122,-0.940890,-0.964878"
DB02552,"-0.515166,1.164964,-1.352784,-0.922451,-1.398980,-1.311110,0.791305,0.352649,0.125812,-0.062951,0.743117,0.752905,-0.841493,-1.322096,-0.308579,1.380038,0.970119,1.078293,-0.663068,-0.802703,-0.230405,-0.361735,-0.444811,1.238249,0.060650,0.530362,-0.747838,-0.776748,0.867129,0.989498,1.307977,0.794696,-1.196541,-0.467792,1.385552,-1.026559,0.894997,0.404345,1.127383,0.482676,-1.330368,0.240983,-1.353141,1.302910,1.388596,0.355811,1.366578,-1.030403,-0.981188,-0.298872,-0.704325,0.405832,0.326936,-0.928647,-1.332659,-0.350919,-1.068878,-0.687280,0.654362,-1.276721,-0.676576,-1.382277,-1.361248,-0.831362"
DB04557,"-0.198927,1.504082,-0.573284,-0.786565,-0.717709,-1.452292,0.102451,0.094621,0.291294,1.035956,2.041102,1.508375,-0.038698,-0.365341,-2.873770,0.682904,0.301581,1.464824,0.673029,-0.722806,-0.302198,0.058950,0.238546,0.683536,0.828446,-0.490924,0.075430,-1.364826,0.356889,0.058319,0.597878,0.826948,-0.869875,-0.303958,0.620481,-0.281979,1.366445,1.452098,0.867039,1.188791,-1.674232,0.142855,-0.520386,0.754103,0.670455,1.082086,0.659696,-0.340499,-1.219496,-1.024319,0.752480,0.461143,1.238445,-1.644325,-0.528241,0.841483,-0.773349,-1.334721,-0.479340,-0.257043,-0.361500,-0.611046,-0.641696,-0.036291"
DB03902,"-0.580970,1.108147,-1.328215,-0.911231,-1.361421,-1.265386,0.750748,0.520796,-0.086107,-0.117945,0.646126,0.744108,-0.860776,-1.275004,-0.218539,1.344821,0.954772,1.011557,-0.694706,-0.802789,-0.134006,-0.338738,-0.377713,1.256580,0.047253,0.574615,-0.785738,-0.626427,0.846417,0.985670,1.301173,0.712052,-1.149680,-0.529087,1.346236,-1.006775,0.735297,0.394616,1.066117,0.356654,-1.325590,0.202849,-1.334984,1.249730,1.352225,0.341218,1.349019,-1.022126,-0.928865,-0.140364,-0.624461,0.298924,0.243267,-0.878227,-1.324328,-0.444508,-1.021700,-0.663271,0.646256,-1.158242,-0.656781,-1.349436,-1.292090,-0.863785"
DB04250,"-0.503687,0.952454,-1.301122,-0.849739,-1.322147,-1.140288,0.760107,0.431648,0.512483,-0.083557,0.688028,0.709063,-0.867581,-1.224098,-0.204683,1.314634,0.948099,0.918898,-0.544940,-0.724751,-0.254167,-0.234472,-0.503971,1.189331,-0.128424,0.359347,-0.766884,-0.543094,0.993734,0.873251,1.266267,0.769814,-1.086172,-0.373026,1.322043,-0.935813,0.786942,0.531314,1.074281,0.243613,-1.068837,0.224328,-1.303309,1.244678,1.320873,0.211262,1.302586,-0.997632,-0.972244,-0.338236,-0.823010,0.242618,0.310325,-0.798209,-1.278828,-0.403679,-1.085357,-0.488880,0.537479,-1.170429,-0.679837,-1.322970,-1.299271,-0.877749"
DB04440,"-0.495344,1.035477,-1.300474,-0.929692,-1.339665,-1.219936,0.665019,0.243859,0.050286,-0.125961,0.763255,0.752985,-0.791072,-1.295853,-0.166508,1.325282,0.982913,1.036168,-0.552761,-0.771703,-0.147803,-0.224252,-0.379098,1.181306,0.087208,0.500954,-0.778486,-0.731767,0.926728,0.880657,1.256685,0.687266,-1.122890,-0.422559,1.329250,-0.996475,0.877851,0.502770,1.046431,0.543594,-1.260149,0.183710,-1.299901,1.198314,1.332005,0.337828,1.314455,-0.948640,-0.892241,-0.287566,-0.720761,0.357393,0.325435,-0.931823,-1.286406,-0.300423,-0.983012,-0.585450,0.530859,-1.179569,-0.705191,-1.323904,-1.310686,-0.840853"
DB07841,"0.677319,-0.141018,-0.446137,-0.244154,-0.346357,-0.053215,-1.469791,1.214554,0.775939,-0.851693,1.056022,0.544829,0.049084,-0.168987,-0.188890,0.539649,0.880124,1.879723,-1.418659,-1.861953,-1.047032,1.681931,-0.371296,-0.114257,-0.650817,-0.281204,-0.834166,0.168725,0.274526,-0.790821,0.252529,-1.081215,1.037249,0.169943,0.528359,-1.535163,0.932635,0.367932,-0.534581,0.547938,-0.938728,-1.428635,-0.432147,-0.270686,0.465742,-0.552312,0.366405,0.620710,-0.108828,1.010356,0.552168,-1.494443,2.818679,-1.649422,-0.278118,1.074925,-0.092836,-0.665514,-1.071805,1.094298,0.077628,-0.566529,-0.755097,1.117327"
DB01488,"0.688276,0.445679,0.211796,-0.434468,0.063068,0.339799,-0.544437,-2.337356,0.602859,-1.564171,0.024434,0.253455,0.325244,-0.196773,-0.123979,-0.082804,-1.140273,0.730309,-0.561480,1.238358,0.885644,0.284497,1.178826,-0.613756,1.221249,1.746542,-0.176169,-0.342245,0.236228,-1.657016,-0.309929,-0.968122,-0.129362,-0.979774,-0.069668,0.100294,-1.419623,-1.158654,-1.099818,-0.751337,-0.590182,0.192666,0.169876,-0.568816,-0.003323,0.283387,-0.049186,1.132952,1.237073,-0.132919,-1.366460,1.050172,-1.022710,0.336970,0.144851,1.668436,1.551450,0.508768,0.968853,0.416692,-2.194245,0.056797,-0.355409,-1.449358"
DB04334,"-0.513337,1.164100,-1.353426,-0.923941,-1.399957,-1.310143,0.792227,0.356182,0.123645,-0.063458,0.742005,0.752352,-0.841792,-1.322640,-0.307991,1.380671,0.969844,1.074709,-0.661578,-0.801297,-0.231615,-0.362718,-0.444624,1.239908,0.060171,0.531632,-0.749953,-0.772867,0.867705,0.990520,1.309121,0.796115,-1.195569,-0.465641,1.386248,-1.023831,0.898502,0.405181,1.129452,0.480636,-1.329672,0.236944,-1.354211,1.304970,1.389422,0.356614,1.367565,-1.031655,-0.982948,-0.296175,-0.703961,0.404185,0.326661,-0.929454,-1.333642,-0.349657,-1.069340,-0.686601,0.651888,-1.278223,-0.676408,-1.383108,-1.365538,-0.833272"
DB00515,"0.756339,-1.101979,0.678689,1.764820,0.720689,0.341549,0.963272,0.324906,-0.200112,-0.612791,-1.459081,-0.934570,0.938417,1.348857,0.192298,-0.699160,-0.461876,-1.080614,-0.971201,0.283282,-0.068022,0.187590,-0.862210,-0.818520,0.027755,-0.941278,1.075567,1.669175,-0.854017,0.239128,-0.675798,1.308166,0.033333,1.152568,-0.675964,1.013695,-1.223546,-0.206629,0.170716,-0.128245,1.116252,0.538821,0.635758,-0.495266,-0.704242,0.425464,-0.801509,0.184896,0.276379,0.829508,-0.711742,-0.117339,-0.305218,0.777114,0.735860,-1.172776,0.045590,-0.226825,-0.165554,-0.223616,1.112237,0.706118,0.465216,0.467257"
DB01062,"-1.574166,-0.566961,-0.059780,-0.285104,0.128413,0.575423,-0.108353,0.250487,0.110596,1.837175,-0.256790,-0.236464,-2.100277,0.188802,1.115099,-0.124697,0.778133,-0.862835,1.746786,-0.346274,0.469344,0.307392,0.930051,0.683771,-2.697599,0.006228,-0.665543,0.031221,0.620757,0.824918,0.288313,-0.217260,-0.362114,0.038155,-0.146077,-0.425673,-1.229338,0.209932,0.420628,-0.147550,2.573817,-1.232904,-0.110262,0.513206,-0.201678,-2.174927,-0.004505,-1.442457,-1.099950,-1.510888,0.716680,-1.823413,-0.116761,2.392548,-0.185328,-1.060492,-1.163560,2.164743,-0.482387,-0.275190,0.771391,0.110913,0.406007,0.144667"
DB01435,"-0.162434,0.019641,1.749878,1.479231,1.667511,0.273556,0.564086,-0.333578,-1.356630,1.737609,-1.037912,-1.279242,1.016808,1.789778,-1.304253,-1.802027,-1.298564,-1.637697,2.234744,1.041908,0.889381,-0.899872,-0.073421,-0.980585,0.151327,-1.259021,2.411979,0.853042,-1.422275,0.270036,-1.596143,0.506654,0.550858,2.227362,-1.836112,1.772068,-0.399174,0.168766,-0.439512,-0.989255,0.862474,0.559018,1.781745,-0.348750,-1.815240,1.005729,-1.760734,0.339353,0.804929,-0.363674,2.409426,-0.153934,-0.459557,1.902343,1.715704,0.110477,0.272736,0.088429,0.122514,1.015163,1.995069,1.883087,2.462134,1.616925"
DB08399,"-0.553097,1.130345,-1.343125,-0.921904,-1.383834,-1.295437,0.789797,0.403071,0.047955,-0.091918,0.716470,0.756031,-0.847018,-1.311062,-0.248478,1.367252,0.962447,1.051761,-0.651769,-0.791309,-0.176874,-0.339728,-0.431344,1.241575,0.053732,0.518376,-0.769783,-0.709968,0.885262,0.978923,1.303096,0.773709,-1.176924,-0.447554,1.371519,-1.031546,0.843638,0.416268,1.115313,0.490814,-1.315423,0.221216,-1.344731,1.276789,1.375160,0.342578,1.357928,-1.021623,-0.968414,-0.243752,-0.700169,0.383680,0.298290,-0.891719,-1.326752,-0.395292,-1.070621,-0.656930,0.638483,-1.247861,-0.680242,-1.368956,-1.333623,-0.852716"
DB03758,"-0.540324,1.098524,-1.336423,-0.928052,-1.374660,-1.279922,0.774406,0.415338,0.070885,-0.104187,0.722891,0.749774,-0.818961,-1.306803,-0.214241,1.359863,0.968604,1.035067,-0.641116,-0.774303,-0.164667,-0.314899,-0.435116,1.232576,0.049454,0.501757,-0.774660,-0.692927,0.898378,0.967041,1.297311,0.781080,-1.159214,-0.416026,1.364226,-1.020050,0.850194,0.419208,1.112928,0.507920,-1.289773,0.223217,-1.338005,1.268438,1.367285,0.332557,1.350291,-1.013802,-0.963031,-0.262489,-0.734710,0.382437,0.289272,-0.915672,-1.319645,-0.410907,-1.073761,-0.644220,0.626447,-1.230794,-0.672408,-1.361962,-1.328934,-0.839074"
DB02109,"-0.501074,1.047235,-1.304131,-0.936819,-1.344393,-1.237708,0.669715,0.243731,0.032548,-0.121057,0.768247,0.752765,-0.795671,-1.296139,-0.178986,1.328931,0.987382,1.040699,-0.561366,-0.775303,-0.145412,-0.238232,-0.376134,1.186238,0.095024,0.506341,-0.784024,-0.742284,0.913785,0.893756,1.259608,0.696985,-1.134558,-0.422571,1.332870,-0.999724,0.897836,0.505681,1.058682,0.547511,-1.278035,0.183866,-1.303268,1.208465,1.336099,0.347932,1.318638,-0.953728,-0.899625,-0.289786,-0.718601,0.363128,0.325581,-0.931918,-1.289897,-0.305370,-0.988393,-0.596243,0.525085,-1.195179,-0.706414,-1.327669,-1.317641,-0.838236"
DB02640,"-0.504863,0.978502,-1.284879,-0.905566,-1.316233,-1.157461,0.656636,0.280128,0.144228,-0.130464,0.731644,0.742316,-0.795761,-1.268513,-0.127597,1.305304,0.973081,0.986148,-0.492097,-0.753799,-0.142707,-0.184972,-0.391651,1.169335,0.027162,0.449600,-0.784429,-0.672461,0.984700,0.851072,1.244530,0.676706,-1.082370,-0.380858,1.309683,-0.963521,0.852341,0.537508,1.031862,0.434701,-1.187173,0.176589,-1.285343,1.183042,1.311295,0.298220,1.295530,-0.941110,-0.885284,-0.307607,-0.756903,0.315165,0.340736,-0.911767,-1.270626,-0.329469,-0.989399,-0.521932,0.515217,-1.147045,-0.703499,-1.305223,-1.293369,-0.854935"
DB04707,"-0.501078,0.588717,-1.153857,-0.553568,-1.141252,-0.916532,0.621039,0.302471,-0.102970,-0.187659,0.313728,0.569960,-0.805753,-0.870070,0.126945,1.160385,0.862655,0.919990,-0.621971,-0.931398,-0.154306,0.091757,-0.544394,1.003022,-0.268073,0.086513,-0.653583,-0.344237,1.062548,0.739881,1.121889,0.554435,-0.822697,-0.364338,1.169184,-0.984218,0.367675,0.371126,0.857562,0.305547,-0.923322,-0.034590,-1.165479,0.966086,1.154743,-0.117813,1.129067,-0.856325,-0.783506,-0.042771,-0.630003,-0.026035,0.592608,-0.615889,-1.130441,-0.380937,-0.937990,-0.282691,0.348256,-0.915081,-0.591582,-1.173227,-1.128256,-0.745716"
DB01892,"-0.523504,1.142307,-1.350730,-0.927953,-1.392227,-1.312990,0.768705,0.390811,0.041911,-0.076667,0.716678,0.741745,-0.858030,-1.292584,-0.278252,1.374408,0.989587,1.063291,-0.691768,-0.808889,-0.210938,-0.352646,-0.443972,1.248195,0.037059,0.550525,-0.760037,-0.735728,0.871848,0.991869,1.309433,0.765333,-1.179882,-0.516541,1.379334,-1.024436,0.848539,0.400969,1.110322,0.459213,-1.336477,0.229389,-1.352242,1.299879,1.383313,0.349269,1.366659,-1.031487,-0.962347,-0.276835,-0.707170,0.377421,0.336297,-0.915955,-1.334696,-0.390695,-1.064723,-0.688837,0.642642,-1.235716,-0.665275,-1.380536,-1.335149,-0.841213"
DB12870,"-0.495366,1.038342,-1.302215,-0.934328,-1.341653,-1.229663,0.667012,0.243501,0.044650,-0.126384,0.767220,0.752654,-0.792423,-1.295962,-0.169484,1.326931,0.988446,1.038912,-0.558950,-0.773501,-0.148426,-0.231519,-0.378865,1.183372,0.089619,0.501928,-0.782146,-0.730203,0.918467,0.884820,1.257851,0.690175,-1.127075,-0.423412,1.330969,-0.998746,0.888202,0.504543,1.049300,0.542895,-1.269324,0.183111,-1.301342,1.203892,1.333816,0.341450,1.316446,-0.949483,-0.893764,-0.292547,-0.719284,0.357982,0.324752,-0.930117,-1.288020,-0.302929,-0.984592,-0.590784,0.527460,-1.184523,-0.707677,-1.325699,-1.312180,-0.839447"
DB04540,"-0.596389,1.038888,-1.305621,-0.948093,-1.340252,-1.244753,0.621488,0.509507,-0.269498,-0.094574,0.765576,0.884777,-0.891643,-1.375211,-0.206134,1.325206,0.933670,1.037322,-0.534344,-0.769025,-0.149163,-0.255771,-0.290892,1.247982,0.167125,0.531838,-0.948640,-0.655650,0.662894,0.924882,1.284976,0.608706,-1.146661,-0.571286,1.321111,-1.066199,0.718274,0.483412,1.041262,0.568693,-1.198006,0.188726,-1.309771,1.198169,1.336273,0.300856,1.328663,-0.971195,-0.895820,0.045643,-0.502572,0.258869,0.018819,-0.886214,-1.308392,-0.402188,-1.016519,-0.599083,0.599739,-1.189905,-0.690069,-1.322500,-1.256911,-0.851838"
DB08550,"1.595163,-1.156028,0.934680,0.094184,0.898275,2.019924,-1.575878,-1.671082,1.666766,-1.216737,-0.790480,-0.676609,1.346436,0.347043,0.989005,-0.847378,-1.164109,-0.298792,-1.132598,0.996705,-0.891800,0.306282,0.656944,-1.464828,1.399436,1.396242,0.435679,-1.176911,0.830230,-2.523813,-1.041968,-1.944630,1.706531,-1.352853,-0.783214,1.079674,-1.307220,-2.184000,-2.368909,-1.078430,0.055085,-0.198785,0.890603,-2.271339,-0.769269,-0.602266,-0.880113,1.999457,1.982588,-0.091373,-0.605655,0.970923,-0.879136,0.648904,0.944244,1.853351,2.403210,0.993121,1.165214,1.587741,-0.927880,0.768045,0.112176,-0.000799"
DB09245,"1.801276,-0.494457,1.892825,1.981029,1.715628,1.591206,0.106446,-1.406419,1.325872,-1.979300,-2.291711,-1.615877,2.702872,1.718183,-0.614664,-1.770390,-2.853524,-1.323618,-1.400280,2.451615,0.372423,-0.531244,0.001869,-2.301107,2.104934,0.744529,2.151699,0.998382,-1.649173,-1.629172,-2.027121,0.225096,1.275276,0.866208,-1.699070,1.998691,-1.902110,-2.789332,-1.431358,-1.129723,0.480015,1.410014,1.861056,-1.574924,-1.653161,1.043476,-1.847043,2.096369,2.189279,0.737535,-1.691360,2.013916,-1.460122,0.379347,1.939234,0.570014,2.382881,-0.510664,2.415560,0.330518,-0.254394,1.718841,0.460724,0.925886"
DB09217,"2.143301,-0.674913,1.227202,2.419231,1.179899,0.643761,1.923441,0.389938,3.551473,-1.016430,-1.857769,-1.983840,1.586529,1.516407,-1.441868,-1.205634,-0.326970,-2.000667,0.069301,1.889619,-0.076406,-1.741986,-2.902266,-1.566302,0.288848,-1.197221,1.945975,2.813227,-1.882843,0.258623,-1.325058,1.166091,0.992187,2.273510,-1.131250,2.377396,0.474577,0.025315,-0.299582,-3.791766,1.513702,3.187252,1.264799,-0.346695,-1.176464,2.222611,-1.344091,1.051820,1.400062,1.664295,-0.927482,0.081352,-1.985630,0.428215,1.388945,0.128898,0.330218,-1.061978,-0.298542,0.372355,1.873372,1.233185,2.157960,0.166625"
DB01537,"-0.577201,0.984388,-1.259795,-0.873891,-1.278489,-1.132642,0.692973,0.422882,0.203851,0.137042,0.518630,0.552244,-0.807875,-1.245004,-0.156637,1.266466,0.859871,0.761190,-0.691478,-0.740709,-0.313405,-0.407591,-0.443570,1.206495,-0.168683,0.688961,-0.594572,-0.833382,0.903837,0.972449,1.246756,0.733643,-1.126285,-0.440259,1.273960,-0.915365,0.654303,0.316267,1.054229,0.301065,-1.102522,0.146969,-1.272577,1.165504,1.273807,0.172247,1.270597,-1.036681,-0.969904,-0.310934,-0.429939,0.260339,0.019299,-0.782665,-1.262194,-0.542759,-0.990542,-0.494886,0.733186,-1.153025,-0.631839,-1.275063,-1.310914,-0.699602"
DB02567,"-0.555771,1.121655,-1.340764,-0.922608,-1.381123,-1.291509,0.780019,0.403004,0.037547,-0.087632,0.711831,0.770293,-0.845675,-1.316774,-0.245701,1.363977,0.957729,1.049148,-0.646482,-0.790484,-0.181911,-0.338362,-0.429370,1.241998,0.061783,0.519499,-0.772068,-0.719425,0.871026,0.979813,1.302255,0.766150,-1.178538,-0.459459,1.367896,-1.031049,0.843763,0.421781,1.111464,0.488567,-1.310631,0.225771,-1.342462,1.270456,1.371869,0.343495,1.355370,-1.021459,-0.964648,-0.248747,-0.698176,0.382195,0.282514,-0.888023,-1.326180,-0.394242,-1.063266,-0.659426,0.627139,-1.245955,-0.678746,-1.364825,-1.326501,-0.853558"
DB08846,"-0.651694,1.025875,-1.314225,-0.875165,-1.335000,-1.216651,0.677148,0.691889,-0.169961,-0.178066,0.456886,0.748623,-0.829332,-1.225270,-0.119876,1.318245,0.937464,0.923978,-0.791021,-0.785275,-0.061722,-0.330766,-0.389400,1.270014,0.036841,0.590897,-0.722619,-0.492836,0.848466,0.977307,1.306507,0.632400,-1.091352,-0.564506,1.319666,-0.963537,0.622350,0.349083,0.984530,0.112979,-1.306103,0.228550,-1.327823,1.165847,1.324602,0.339274,1.334124,-1.018933,-0.871092,-0.054383,-0.665420,0.250027,0.170939,-0.758379,-1.321477,-0.546049,-0.932491,-0.683966,0.527904,-1.009801,-0.594557,-1.329400,-1.206737,-0.908927"
DB11085,"0.720084,0.625021,0.110949,1.166217,-0.033096,-0.976687,1.541039,0.096990,-0.144441,-1.006828,-1.030700,-0.472574,0.829675,0.444159,-1.081136,-0.045118,-0.401099,-0.104362,-0.874619,0.539024,0.333422,-1.142771,-1.295002,-0.304156,0.776033,0.216486,1.167523,0.903162,-1.333157,0.783239,-0.205780,1.656995,-0.396437,0.755820,-0.016003,0.548487,0.180854,-0.594036,0.607633,-0.071495,-0.647205,1.599271,0.129969,0.553261,-0.012199,1.674984,-0.135397,0.038090,0.165784,1.091928,-1.202258,1.275601,-0.397774,-0.139237,0.208854,-0.541437,-0.188302,-1.775914,0.969094,-1.179963,0.429951,0.058794,0.008382,0.140652"
DB04818,"1.155289,-0.400452,1.459096,0.698002,1.325536,1.349358,-0.783612,-1.929440,-0.378011,-1.004329,-0.760670,-1.042951,1.862960,0.856563,0.462585,-1.348528,-2.134944,-1.005103,-0.541980,1.548407,0.203819,0.000147,1.097147,-1.596142,1.607675,0.779341,1.054050,-0.387804,-0.129757,-1.848191,-1.534081,-0.642080,1.139185,0.388090,-1.325390,1.436259,-1.104722,-1.915822,-1.538984,-0.176759,-0.129617,-0.017829,1.411744,-1.492325,-1.263923,0.075489,-1.345694,1.687572,1.809559,-0.490353,-0.144274,1.402140,-0.359468,0.339967,1.438687,1.292210,2.108579,0.779108,1.779458,0.989895,-0.717108,1.298053,0.180793,0.534541"
DB01509,"0.943466,-0.430267,1.188454,1.287506,1.080021,0.838615,-0.069466,-1.650661,0.980817,-1.752939,-1.518749,-0.678790,0.963210,0.928230,-0.068136,-1.106908,-2.030032,-0.997947,0.043643,2.054208,0.802113,-0.085726,0.486070,-1.436591,0.523476,0.733372,0.810921,1.136702,-0.958821,-1.605296,-1.291104,-0.460380,0.714292,0.205277,-1.075989,0.869647,-2.011396,-1.613508,-1.495323,-0.198618,0.715337,0.597650,1.163050,-1.179554,-1.024359,0.320365,-1.120014,1.626166,1.683447,0.647294,-1.060591,0.997373,-1.345722,1.430439,1.175351,1.180068,1.773137,0.748472,0.870260,0.563392,-1.183789,1.089236,0.841628,-0.697576"
DB11145,"0.888930,0.597473,0.162659,1.284590,0.000011,-1.068211,1.567775,-0.069933,-0.226684,-1.050251,-1.063790,-0.531930,0.834963,0.529212,-1.180371,-0.084030,-0.412808,-0.024381,-0.834357,0.499325,0.231682,-1.131848,-1.326250,-0.397660,0.782476,0.224564,1.172200,0.836586,-1.426777,0.722231,-0.274676,1.685704,-0.357393,0.604216,-0.054067,0.610453,0.266324,-0.641853,0.519026,0.070975,-0.662597,1.654288,0.185063,0.493408,-0.050792,1.766275,-0.196123,0.111155,0.243667,1.187636,-1.192750,1.352092,-0.181391,-0.060249,0.278399,-0.376161,-0.136309,-1.875948,0.918869,-1.179406,0.512219,0.099662,0.115420,0.113420"
DB09186,"1.301916,0.672107,0.215555,-0.262133,0.023578,0.335551,-0.526971,-2.581921,1.314491,-1.923297,-0.087213,-0.064554,0.245095,-0.070393,-0.797607,-0.028823,-1.416530,1.100865,-0.890572,1.401763,0.537251,0.335686,0.823852,-0.791864,1.216490,1.819341,0.093055,-0.706520,-0.057355,-1.873135,-0.345213,-0.827708,0.159147,-0.763264,-0.010021,-0.191263,-1.401669,-1.314115,-1.081357,-0.965286,-0.562332,0.562019,0.168064,-0.643862,0.060552,0.385284,-0.060236,1.343236,1.410649,0.054167,-1.738431,1.175027,-0.753651,0.320997,0.210422,1.886487,1.511250,0.002146,1.227768,0.166264,-2.234179,-0.005503,-0.616668,-1.181313"
DB04665,"-0.902109,-1.201884,0.464977,-0.643765,0.578948,0.544404,-1.416099,1.032395,-1.142067,0.137089,1.290622,1.274020,1.924092,0.360853,0.739427,-0.485760,-0.050470,-0.113484,1.616271,0.100098,2.176083,2.502125,1.294139,-0.256723,2.079825,-1.653081,-0.442954,-0.311450,1.167752,-0.650256,-0.258728,-0.137303,-0.096223,2.068932,-0.576603,0.723218,0.081259,1.907809,0.231461,2.481319,0.217821,0.022125,0.465507,-1.114912,-0.566650,0.811293,-0.446114,0.263359,-0.226964,-0.315856,-0.145537,-0.360589,-0.834117,-3.034272,0.322347,-0.769273,-0.084813,0.452565,-1.978395,1.616205,1.080335,0.636044,1.127104,0.210470"
DB06731,"-0.928549,0.903002,0.975506,-0.449704,0.952330,0.861988,-0.599980,-1.068727,-1.433389,0.235972,0.184078,-0.473322,0.405255,0.361018,1.506302,-1.028768,-1.708305,-1.637736,1.150318,1.543803,2.005501,-0.013699,1.929478,-0.270231,0.491748,0.067686,0.338296,0.292336,0.210210,-0.146899,-0.798358,0.025929,-0.431005,0.489444,-1.089518,1.026440,-0.159056,-0.105115,0.172019,0.387791,0.620707,-0.991970,0.968934,0.442194,-1.007283,-0.387268,-0.742826,-0.452426,0.062768,-2.442620,0.302714,0.907973,-0.805878,-0.062602,0.738238,-1.119951,0.773854,1.668502,1.124406,-0.033445,-0.843917,1.014925,0.556062,-0.244194"
DB13064,"1.204198,0.278337,0.080748,1.539069,-0.022791,-1.087673,1.382248,-0.502138,0.024321,-1.450918,-0.987439,-0.618845,-0.010377,0.366516,-0.940749,0.019226,-0.350307,-0.211041,-0.160165,0.496908,-0.398697,-0.846671,-1.758504,-0.384096,-0.771958,-0.356193,0.628915,1.018370,-1.282663,0.212080,-0.216237,1.213865,0.224880,0.769257,0.031099,-0.363268,0.232339,-0.220643,0.106290,0.551393,-0.004577,1.433511,0.096318,0.200659,0.041741,0.913222,-0.135367,0.367140,0.460130,1.470772,-0.678211,0.507190,0.279689,0.980537,0.235397,0.293160,-0.304393,-0.994080,0.403695,-0.902091,0.084299,-0.005594,0.495653,-0.444412"
DB01484,"0.928675,-0.437605,1.075048,1.159950,0.962618,0.661782,0.019625,-1.465627,0.787696,-1.767507,-1.317042,-0.642804,1.006905,0.804869,-0.022086,-0.991977,-1.750478,-0.932048,0.031470,1.960925,0.539406,-0.280029,0.475774,-1.321985,0.537891,0.642020,0.584307,1.318187,-0.957746,-1.482400,-1.191211,-0.393626,0.729774,0.067784,-0.958540,0.847699,-1.507232,-1.593440,-1.482684,-0.157809,0.437629,0.616855,1.052064,-1.016078,-0.906856,0.427266,-1.008157,1.583007,1.648550,0.948866,-0.913903,1.005616,-1.221638,1.202906,1.070296,1.086579,1.667933,0.629270,0.868215,0.600812,-1.070893,0.970420,0.776610,-0.824258"
DB01650,"-0.550688,1.126927,-1.338404,-0.913776,-1.375887,-1.280640,0.761431,0.473521,0.011178,-0.104567,0.671279,0.749500,-0.845735,-1.279118,-0.260220,1.358221,0.959211,1.035867,-0.692516,-0.797328,-0.155496,-0.346793,-0.417537,1.250766,0.045681,0.552540,-0.764358,-0.676405,0.848870,0.984818,1.304288,0.749451,-1.159204,-0.510355,1.361549,-1.013334,0.797080,0.391373,1.087109,0.411900,-1.327448,0.223832,-1.342354,1.276394,1.365235,0.345132,1.355819,-1.027429,-0.948265,-0.231128,-0.675395,0.334797,0.279661,-0.884632,-1.327303,-0.417508,-1.036683,-0.671861,0.647295,-1.197239,-0.655592,-1.362712,-1.312894,-0.846910"
DB09174,"0.166017,-0.511173,0.303849,-0.277975,0.271215,1.005620,-0.857569,-1.462191,0.806310,-0.262881,-0.363708,0.018475,-0.061928,0.016547,0.462153,-0.265679,-1.033733,-0.143034,0.251121,1.176405,0.741737,0.365627,1.486749,-0.481758,0.007201,1.750850,-0.185910,-0.381620,0.496075,-1.480720,-0.311509,-1.051146,-0.142143,-0.931781,-0.243817,0.351404,-2.236251,-1.297299,-1.206873,-0.711092,0.609858,-0.500497,0.233863,-0.771983,-0.216851,-0.805070,-0.213979,0.809141,0.979724,-0.518679,-0.493688,0.296224,-1.646019,1.196929,0.199701,1.181009,1.216933,1.802023,0.685205,0.588930,-1.716150,0.231343,-0.156715,-1.058213"
DB01428,"1.021363,0.668332,0.147814,1.322229,-0.016605,-1.139179,1.595831,-0.082154,-0.178528,-1.251258,-1.010075,-0.508783,0.817617,0.525484,-1.334493,-0.059706,-0.394770,0.026199,-0.837469,0.584882,0.308639,-1.195628,-1.458009,-0.425853,0.713481,0.213853,1.123341,0.990444,-1.610873,0.714847,-0.271295,1.713294,-0.298879,0.710215,-0.030700,0.464611,0.377180,-0.605269,0.545026,0.042899,-0.687373,1.821959,0.174269,0.531626,-0.025128,1.834519,-0.180210,0.172036,0.265483,1.358081,-1.290223,1.310734,-0.249405,-0.082459,0.275815,-0.284582,-0.182804,-1.986933,0.851921,-1.236317,0.450468,0.075665,0.155146,0.080987"
DB03575,"0.158044,0.534926,-0.010835,-0.456405,-0.149956,0.155743,-0.349996,-1.902386,0.685709,-1.236768,0.182035,0.203883,0.257516,-0.370898,-0.149487,0.115039,-0.923532,0.591891,-0.502175,1.051208,0.744771,0.217604,1.110347,-0.280256,1.109552,1.605367,-0.303095,-0.414943,0.520544,-1.199853,-0.065273,-0.614859,-0.406834,-0.933946,0.125171,0.113901,-1.085891,-1.049585,-0.794293,-0.446014,-0.673042,-0.000458,-0.065448,-0.290301,0.194647,0.216314,0.161456,0.737766,0.808263,-0.040469,-1.043124,0.948749,-0.932729,0.089689,-0.089015,1.297583,1.205969,0.552004,1.054357,0.227857,-2.063654,-0.144202,-0.623028,-1.480471"
DB07996,"-0.529183,0.575295,-1.155306,-0.563823,-1.141744,-0.917083,0.633782,0.290324,-0.103535,-0.179631,0.305974,0.567689,-0.816940,-0.876465,0.138911,1.160464,0.864840,0.925593,-0.579928,-0.931827,-0.150512,0.070804,-0.539577,1.011176,-0.296489,0.114540,-0.643260,-0.387993,1.065882,0.744685,1.124979,0.556227,-0.828518,-0.355948,1.169099,-0.980066,0.378493,0.384865,0.859214,0.276413,-0.914685,-0.007643,-1.166730,0.971001,1.153900,-0.117352,1.129642,-0.862501,-0.795481,-0.069813,-0.655824,-0.031410,0.572292,-0.575472,-1.132179,-0.389629,-0.957180,-0.278129,0.357500,-0.927094,-0.581254,-1.172547,-1.128862,-0.761459"
DB12803,"-0.514418,1.164331,-1.353725,-0.923851,-1.400270,-1.311060,0.792932,0.355370,0.121392,-0.063578,0.741057,0.752328,-0.841926,-1.322556,-0.307803,1.381037,0.969453,1.074651,-0.663065,-0.801613,-0.230838,-0.361879,-0.444131,1.239787,0.060803,0.531534,-0.750713,-0.772364,0.867022,0.990893,1.309185,0.795816,-1.195749,-0.464551,1.386681,-1.025056,0.897059,0.403403,1.129516,0.480338,-1.329578,0.236320,-1.354396,1.305171,1.389862,0.355649,1.367813,-1.031543,-0.984402,-0.294877,-0.703808,0.404204,0.326976,-0.928877,-1.333812,-0.350972,-1.068737,-0.686049,0.652077,-1.277660,-0.677399,-1.383608,-1.365626,-0.833364"
DB04325,"1.290561,0.560839,0.194102,-0.338624,0.008973,0.371791,-0.574644,-2.610310,0.982716,-1.784049,0.046151,-0.019138,0.181630,-0.169564,-0.493529,-0.013684,-1.238087,1.040864,-0.719371,1.313419,0.468942,0.272160,0.905530,-0.736099,1.137119,1.788801,-0.060602,-0.618433,0.125782,-1.899115,-0.325340,-0.953889,0.166933,-0.958064,0.001894,-0.093526,-1.264050,-1.229670,-1.197163,-0.965761,-0.621918,0.383237,0.145073,-0.665663,0.071584,0.302927,-0.032583,1.335696,1.477369,0.007625,-1.417082,1.114506,-0.664527,0.484554,0.183818,2.024690,1.550707,0.264029,1.140050,0.363991,-2.213362,-0.022069,-0.518988,-1.365610"
DB00132,"-0.514957,1.164713,-1.354131,-0.924253,-1.400426,-1.313603,0.791905,0.350427,0.124606,-0.060438,0.741053,0.752859,-0.840818,-1.322758,-0.307259,1.381258,0.972958,1.078916,-0.669307,-0.802600,-0.233116,-0.363609,-0.444420,1.239528,0.058090,0.533079,-0.745199,-0.773962,0.863897,0.992731,1.309140,0.794061,-1.197940,-0.469871,1.386955,-1.026066,0.895242,0.401698,1.127998,0.478181,-1.328866,0.239446,-1.354462,1.303197,1.390097,0.355806,1.367831,-1.032094,-0.983505,-0.292618,-0.703439,0.409189,0.325372,-0.925632,-1.333869,-0.353529,-1.068528,-0.687924,0.651323,-1.276836,-0.678169,-1.383856,-1.358678,-0.832162"
DB01467,"-0.383863,-0.188553,0.206918,1.130782,0.209910,-0.103342,0.809351,0.365177,0.450217,-0.298461,-1.364250,-0.408799,0.185681,0.338855,0.224550,-0.240274,-0.860414,-1.237547,0.258059,0.637428,0.154649,-0.321218,-0.504560,-0.105371,-0.533429,-0.155064,0.480261,1.040029,-0.619282,0.370807,-0.211696,0.661626,-0.162522,0.739617,-0.223626,0.249075,-0.953309,-0.286183,0.034444,0.695562,0.672867,0.440931,0.190726,0.062317,-0.216549,0.096738,-0.243769,-0.062151,0.035865,0.870028,-0.008665,0.199504,-1.068787,0.653461,0.185142,-0.629729,0.050506,0.313758,0.385719,-0.341668,0.022031,0.245822,0.471606,-0.288408"
DB06707,"0.898074,-0.203939,0.101258,1.160641,0.094212,-0.348011,1.047736,0.218102,1.513057,-0.564959,-0.978785,-0.664244,-0.058096,0.118785,-0.385456,-0.094359,0.050680,-0.917608,-0.220080,0.450906,-0.893599,-0.948005,-1.444557,-0.243792,-0.772845,-0.497405,0.480373,1.136347,-0.590206,0.197880,-0.172067,0.554549,0.328738,0.246029,-0.061104,0.373373,0.115870,-0.060911,-0.141620,-0.570962,0.574502,1.047547,0.107185,-0.129212,-0.076243,0.438525,-0.180046,0.261929,0.339775,0.873913,0.034512,-0.030896,-0.386312,1.142712,0.203455,0.132667,-0.069068,-0.200956,0.036567,-0.150870,0.444399,0.095299,0.811177,-0.481606"
DB13174,"-0.739317,1.362097,-0.566593,-0.930931,-0.637924,-1.055388,0.239237,0.047713,-0.432658,1.036933,1.509342,0.744245,-0.889325,-0.553041,-1.635066,0.593281,0.390385,1.113725,0.784833,-0.865895,-0.034697,0.121966,0.253688,0.853406,-0.066239,0.291225,-0.416821,-1.441903,0.415365,0.399028,0.621825,0.280050,-0.642121,0.241987,0.546030,-0.884865,0.976257,1.103266,0.826906,0.659886,-1.090029,-0.469960,-0.564214,0.906110,0.584787,0.350482,0.629201,-0.679102,-1.098357,-0.487345,1.131678,-0.334994,0.927694,-0.737215,-0.555328,0.630848,-0.967623,-0.661191,-0.093406,-0.215554,-0.398873,-0.575625,-0.960955,0.097400"
DB12111,"0.646442,0.492983,0.198150,-0.451090,0.045844,0.352399,-0.512573,-2.264503,0.739275,-1.533940,0.048485,0.241149,0.462500,-0.207953,-0.117222,-0.069375,-1.123215,0.702463,-0.656118,1.205166,0.833075,0.263464,1.168835,-0.588406,1.336149,1.730629,-0.131671,-0.416300,0.389375,-1.612035,-0.296903,-0.851314,-0.142440,-0.990175,-0.054080,0.211925,-1.323884,-1.192924,-1.026333,-0.735959,-0.665480,0.189751,0.155021,-0.520160,0.011730,0.306254,-0.037122,1.087096,1.167959,-0.276372,-1.377659,1.129579,-0.918959,0.196860,0.132588,1.558040,1.525181,0.446202,1.171287,0.373508,-2.138603,0.040564,-0.459196,-1.339781"
DB03419,"-0.523777,1.145913,-1.348163,-0.932867,-1.393281,-1.306480,0.773962,0.361733,0.083662,-0.071233,0.740049,0.747388,-0.824050,-1.322597,-0.266976,1.374635,0.971518,1.067436,-0.661902,-0.796777,-0.211354,-0.347254,-0.433431,1.234821,0.066534,0.530467,-0.758965,-0.759209,0.875809,0.989319,1.304711,0.786710,-1.188803,-0.441049,1.380443,-1.017325,0.896330,0.401082,1.126942,0.487802,-1.324063,0.237522,-1.349173,1.291825,1.384326,0.353684,1.362342,-1.027056,-0.973745,-0.269224,-0.709648,0.408566,0.317079,-0.947638,-1.329267,-0.369947,-1.064556,-0.675713,0.648655,-1.256852,-0.670288,-1.378157,-1.354595,-0.824616"
DB12184,"0.701110,-0.754053,0.748127,-0.274265,0.753702,1.213418,-2.181413,-1.426811,0.585272,-1.359512,0.688180,-0.045134,0.992294,0.427146,1.066794,-0.639176,-0.577455,0.317426,-0.630119,0.370593,0.505173,1.491193,1.460917,-1.099979,0.259996,0.873417,-0.516392,0.184674,-0.092795,-2.097528,-0.900396,-1.811076,1.017133,0.239136,-0.654644,-0.035034,-0.081796,-0.426363,-1.791110,-0.307918,-0.218984,-1.377438,0.711267,-1.160314,-0.644066,-0.746522,-0.637684,1.640258,1.351960,-0.362074,0.080621,-0.440392,0.637142,-0.421265,0.719563,1.747683,1.725279,1.187160,-0.421585,1.830592,-1.102898,0.590257,-0.274884,0.138742"
DB02282,"-0.492930,1.037895,-1.300617,-0.933412,-1.340303,-1.228155,0.663499,0.238776,0.031612,-0.126946,0.761965,0.752945,-0.792896,-1.295582,-0.171448,1.325494,0.982809,1.041855,-0.555363,-0.771318,-0.146878,-0.228895,-0.378077,1.181220,0.093134,0.505021,-0.779524,-0.742764,0.920075,0.880657,1.256935,0.686732,-1.125087,-0.430396,1.329410,-0.997372,0.879897,0.501964,1.046391,0.547811,-1.269341,0.182395,-1.299910,1.196313,1.332518,0.343126,1.314826,-0.946222,-0.890691,-0.279027,-0.716455,0.361304,0.321950,-0.927235,-1.286577,-0.298600,-0.980068,-0.590782,0.523599,-1.180894,-0.707576,-1.323994,-1.306863,-0.842096"
DB12967,"-0.489909,1.040445,-1.302685,-0.929772,-1.342343,-1.227050,0.669658,0.247442,0.049636,-0.130607,0.765497,0.747042,-0.791801,-1.296969,-0.173700,1.328030,0.984616,1.041603,-0.562151,-0.773008,-0.155399,-0.228612,-0.384320,1.181843,0.085496,0.503528,-0.779985,-0.735327,0.924425,0.882635,1.258292,0.692830,-1.125075,-0.423635,1.332040,-1.000355,0.882462,0.495960,1.049803,0.553327,-1.265076,0.182154,-1.302146,1.203149,1.334995,0.340067,1.316820,-0.950090,-0.894380,-0.279834,-0.719956,0.360503,0.329506,-0.934939,-1.287993,-0.301769,-0.986423,-0.592935,0.538580,-1.185337,-0.707554,-1.326873,-1.314097,-0.839487"
DB08059,"1.712231,-0.247101,0.581521,0.402476,0.491711,1.093636,-0.905906,-2.079385,0.932674,-1.910187,-0.369513,-0.321734,0.723407,0.705220,-0.060682,-0.420151,-1.370410,0.586829,-1.619878,1.039364,0.357944,1.274050,0.887014,-1.261385,1.109022,0.524786,0.176658,0.326111,0.225111,-2.167212,-0.702660,-0.668804,0.594519,-0.597581,-0.401926,0.045923,-1.998537,-1.214787,-1.187535,-0.206151,0.103677,-0.216795,0.505144,-1.416902,-0.357722,-0.297219,-0.509614,1.602831,1.575711,-0.119370,-1.493925,0.578647,-0.004098,0.601461,0.611957,1.368766,1.666315,0.496733,0.585188,0.598687,-1.700745,0.375021,-0.482010,-0.692669"
DB00886,"2.026448,-0.497278,0.038494,0.334546,0.033690,0.070602,0.268664,0.796470,1.528062,-0.035345,-0.577711,-0.945001,0.084651,-0.743763,-0.192016,-0.085760,0.652097,-0.971947,-1.181574,0.194967,-3.458591,-2.195357,-1.193466,-0.380471,-0.153589,0.082878,-0.160160,-0.298936,-0.584557,-0.105946,-0.198203,-0.701755,1.624153,-1.422320,0.029539,1.007259,2.128842,-1.053535,-1.243486,-1.895850,-0.304909,0.947060,0.106115,-1.004456,-0.005654,0.614715,-0.183473,0.857107,1.194149,1.946560,0.777520,0.652184,-0.479018,0.493838,0.215243,1.154050,0.815324,-0.968044,-0.173986,0.688882,1.016946,0.016965,1.054320,0.009359"
DB08927,"0.597162,0.500326,0.202824,-0.441226,0.050425,0.273546,-0.446147,-2.356817,0.611227,-1.554435,0.057818,0.263492,0.443673,-0.160336,-0.134026,-0.080034,-1.194048,0.706541,-0.654156,1.204411,0.868867,0.294932,1.232403,-0.583834,1.336355,1.654673,-0.201438,-0.404431,0.313037,-1.601981,-0.301002,-0.831110,-0.191404,-1.034569,-0.067177,0.204950,-1.348205,-1.138754,-1.017231,-0.697246,-0.688040,0.198883,0.162322,-0.455853,0.000754,0.309168,-0.041125,1.062086,1.150249,-0.269951,-1.419063,1.094060,-0.922266,0.169709,0.132826,1.557597,1.541555,0.453954,1.002806,0.374213,-2.195087,0.050895,-0.396069,-1.433990"
DB09201,"-1.262145,-1.641678,-0.179729,0.354596,0.061394,0.750036,-0.150578,0.156644,-1.412569,0.202527,-1.756165,-0.130158,-1.478565,0.935808,1.683386,0.043373,0.838418,0.415031,1.107822,-1.071209,1.259512,1.493534,0.099013,0.293549,-1.853113,-1.395864,-0.379063,1.576469,1.527124,0.117043,0.319339,-1.248402,0.831936,-0.197610,0.056453,-1.004402,-2.082277,0.056905,-0.376823,-0.924647,1.625934,-0.730586,-0.234764,-0.453444,-0.038111,-2.154198,0.006506,-0.410046,0.138869,0.937055,0.267415,-2.233400,0.647294,2.075680,-0.230432,-0.779048,-0.812605,1.797379,-0.794971,0.719632,0.585789,-0.048336,1.097081,-0.360131"
DB03880,"-0.486550,1.034172,-1.299375,-0.930738,-1.338900,-1.221277,0.659816,0.240083,0.041078,-0.127351,0.764476,0.750911,-0.789504,-1.294947,-0.167269,1.324701,0.982891,1.039709,-0.558679,-0.771397,-0.149540,-0.222749,-0.378279,1.178603,0.091364,0.498696,-0.779282,-0.735510,0.922515,0.877409,1.255165,0.685264,-1.120103,-0.423527,1.328673,-0.997452,0.882052,0.504011,1.044026,0.545899,-1.262642,0.183164,-1.298707,1.195400,1.331470,0.340090,1.313404,-0.944578,-0.886059,-0.284731,-0.716408,0.358871,0.326296,-0.932118,-1.284937,-0.296826,-0.980916,-0.586198,0.526776,-1.176615,-0.703257,-1.323326,-1.308558,-0.838166"
DB12461,"-0.454423,0.427594,-1.102514,-0.490247,-1.076502,-0.819917,0.590318,0.316644,-0.110547,-0.273875,0.279366,0.523332,-0.708851,-0.807978,0.307489,1.107468,0.880592,0.857424,-0.704594,-0.949915,-0.179715,0.213395,-0.593441,0.938231,-0.296731,-0.045736,-0.626624,-0.306939,1.120764,0.673758,1.074787,0.539763,-0.735246,-0.296651,1.115142,-0.977028,0.312315,0.401014,0.823466,0.427375,-0.815453,-0.052817,-1.119555,0.848678,1.097255,-0.198437,1.071618,-0.806953,-0.741990,-0.071366,-0.671192,-0.077045,0.621706,-0.572792,-1.077355,-0.449871,-0.923960,-0.240090,0.283958,-0.826378,-0.536960,-1.120576,-1.096823,-0.735773"
DB03701,"-0.764490,1.225225,-1.150093,-0.979349,-1.181312,-1.107166,0.649056,0.395960,-0.004055,0.402251,0.760986,0.642643,-0.955131,-1.169107,-0.147527,1.148310,0.836339,0.734347,-0.215322,-0.627312,-0.013264,-0.472183,-0.196649,1.212251,-0.181357,0.389103,-0.662436,-0.641712,0.753966,1.105431,1.147848,0.743189,-1.204356,-0.488241,1.143082,-0.906063,0.920226,0.454064,1.199914,0.626041,-0.962562,0.030534,-1.137544,1.340088,1.146006,0.154913,1.179715,-1.195073,-1.077359,-0.697634,-0.384342,0.435174,0.328328,-0.740947,-1.162834,-0.627447,-1.090331,-0.445079,0.667900,-1.289522,-0.501119,-1.145841,-1.088014,-0.681007"
DB04725,"-0.237239,-0.131083,0.011057,-0.256911,0.100638,0.703715,-1.036580,0.453672,2.286704,1.625455,0.382224,1.395851,-1.086211,0.138386,-1.654513,-0.103597,0.567498,0.190708,2.312259,-0.159444,-0.364527,0.920198,0.653316,0.203931,-0.142795,-1.792835,-0.377730,0.600745,1.041585,-0.560136,0.145157,-1.322006,0.731827,-0.340620,-0.117513,0.468221,0.119320,1.718350,-0.429976,-2.888583,1.151674,-0.073191,0.055719,-0.630299,-0.118133,-0.271517,-0.081608,0.090806,-0.099418,-0.043767,1.030223,-1.317029,0.178794,-0.046390,-0.013968,0.807468,-0.152987,0.599270,-1.896448,1.437961,0.533660,0.164969,1.378135,-0.343692"
DB11366,"-0.497992,0.989452,-1.285770,-0.903134,-1.318362,-1.166956,0.649553,0.262291,0.148834,-0.131237,0.739295,0.731367,-0.797059,-1.275906,-0.134167,1.307348,0.978221,0.993117,-0.515976,-0.761562,-0.163240,-0.187573,-0.397097,1.166226,0.034384,0.457084,-0.787948,-0.706212,0.980397,0.857125,1.243819,0.673151,-1.089749,-0.376788,1.311780,-0.963820,0.876019,0.534896,1.036049,0.437329,-1.188773,0.177029,-1.286539,1.179655,1.313823,0.304944,1.296842,-0.940991,-0.882663,-0.303339,-0.748523,0.318388,0.343138,-0.924411,-1.271417,-0.313132,-0.984624,-0.539998,0.517412,-1.151092,-0.702828,-1.307166,-1.301627,-0.849812"
DB01524,"-0.479936,1.000939,-1.298999,-0.864576,-1.330609,-1.197116,0.743673,0.397085,0.083233,-0.089575,0.698001,0.742675,-0.789550,-1.245846,-0.157137,1.321737,0.966226,0.998842,-0.697875,-0.805326,-0.227607,-0.240716,-0.426630,1.183839,0.030391,0.403911,-0.745671,-0.624615,0.902035,0.928981,1.262019,0.762193,-1.119860,-0.425689,1.325913,-1.006080,0.776161,0.436880,1.082511,0.536743,-1.202185,0.193556,-1.304261,1.190715,1.325658,0.269677,1.305586,-0.989757,-0.939535,-0.294052,-0.713667,0.323207,0.334678,-0.858150,-1.280504,-0.413194,-1.044501,-0.593147,0.545623,-1.172773,-0.614864,-1.323219,-1.307746,-0.819495"
DB04881,"-0.730595,0.769583,-1.186340,-0.902708,-1.201457,-1.023934,0.299950,0.628793,-0.356676,-0.016242,0.712343,1.342806,-1.011572,-1.401388,-0.224816,1.179404,0.938445,1.051928,-0.170243,-0.649316,-0.111615,-0.037577,0.025793,1.199898,0.414872,0.197991,-1.089251,-0.585777,0.330429,0.745950,1.217962,0.161439,-1.030052,-1.004656,1.165346,-1.000656,0.293633,0.555166,0.826630,0.520565,-0.696442,0.227435,-1.182467,0.870552,1.191901,0.182111,1.210010,-0.835018,-0.812006,0.388671,-0.344391,0.126887,-0.572578,-0.629957,-1.226515,-0.394584,-0.846282,-0.585291,0.020081,-0.960210,-0.657504,-1.152945,-0.830008,-0.961340"
DB04975,"-0.946428,1.122386,-1.144795,-0.955535,-1.158570,-1.143176,0.561985,0.399919,-0.509813,0.147737,0.634402,0.717709,-1.041241,-1.259696,0.120650,1.123274,0.826461,0.602004,-0.202489,-0.660264,0.127053,-0.269506,-0.040708,1.255818,-0.095724,0.542595,-0.868834,-0.305208,0.779022,1.098808,1.162068,0.565177,-1.245012,-0.406379,1.116521,-0.909205,0.738607,0.531984,1.102647,0.549790,-0.977349,-0.133404,-1.148544,1.345072,1.132938,0.201865,1.185520,-1.231630,-1.038772,-0.341332,-0.328347,0.221682,0.118045,-0.747658,-1.198529,-0.706775,-0.937916,-0.287982,0.577610,-1.153146,-0.649958,-1.122926,-1.057673,-0.828051"
DB00981,"-0.643124,-0.077313,-0.972454,-0.422624,-0.894405,-0.497072,0.548938,0.181218,0.450781,0.193315,0.258189,0.351988,-1.049482,-0.623305,0.524085,0.931438,0.956873,0.413539,-0.236358,-0.868758,-0.433414,0.187224,-0.300105,0.912026,-1.112480,0.213588,-0.667891,-0.553685,0.998923,0.673071,0.991767,0.621270,-0.870085,-0.190447,0.940700,-0.757977,-0.050358,0.538572,0.787196,0.206779,0.074170,-0.249175,-1.006548,0.746978,0.907345,-0.715474,0.904892,-0.934951,-1.031118,-0.603971,-0.676117,-0.579494,0.177375,0.278162,-0.962760,-0.517412,-1.061001,0.418178,-0.113589,-0.922396,-0.329649,-0.945595,-1.107316,-0.685702"
DB05107,"-0.485727,0.998818,-1.299444,-0.863922,-1.330737,-1.196922,0.744142,0.395047,0.083910,-0.091563,0.695399,0.744260,-0.793034,-1.244657,-0.151523,1.321745,0.969267,0.996530,-0.692188,-0.806097,-0.224926,-0.238801,-0.426334,1.185142,0.022500,0.404435,-0.745430,-0.616218,0.902963,0.930290,1.262490,0.761525,-1.120415,-0.423758,1.326016,-1.007546,0.774211,0.437314,1.082553,0.536776,-1.199808,0.189309,-1.304716,1.194916,1.325730,0.265147,1.306048,-0.991640,-0.941998,-0.297255,-0.718367,0.321828,0.338732,-0.854130,-1.281250,-0.414468,-1.044486,-0.589999,0.544481,-1.174734,-0.620312,-1.323432,-1.311754,-0.821689"
DB11871,"1.168186,-0.088918,0.184393,1.480994,0.143125,-0.574019,1.121560,-0.274861,1.075005,-0.798326,-1.024691,-0.805272,-0.052386,0.392543,-0.689365,-0.136865,-0.145458,-0.719178,-0.284078,0.414172,-0.750434,-0.830871,-1.646716,-0.423122,-0.878558,-0.467217,0.696522,0.862352,-0.941146,0.161052,-0.282278,0.840184,0.315145,0.541344,-0.115087,0.095782,0.014195,-0.091948,-0.073451,0.072316,0.545595,1.187154,0.191265,-0.183815,-0.124626,0.529596,-0.266366,0.366958,0.446967,0.958760,-0.175092,0.059522,-0.128037,1.298568,0.315483,0.348550,-0.119602,-0.478077,0.006836,-0.454737,0.396503,0.144921,0.779925,-0.332335"
DB12222,"-0.501681,1.030246,-1.299118,-0.932371,-1.337958,-1.220198,0.660474,0.242895,0.043582,-0.123761,0.763929,0.759589,-0.788295,-1.295825,-0.160910,1.323420,0.983412,1.036165,-0.550923,-0.771479,-0.141664,-0.221010,-0.372312,1.181793,0.094796,0.499059,-0.780809,-0.736190,0.922100,0.881240,1.255941,0.684774,-1.124213,-0.419329,1.327310,-0.994242,0.876992,0.507670,1.044941,0.542103,-1.258851,0.184789,-1.298491,1.195746,1.329981,0.338325,1.312971,-0.947992,-0.891591,-0.294114,-0.722046,0.356401,0.317166,-0.930772,-1.285751,-0.302988,-0.982082,-0.583897,0.520942,-1.176482,-0.700469,-1.321721,-1.307398,-0.838789"
DB12137,"-0.513665,1.164746,-1.354093,-0.924213,-1.400308,-1.312357,0.792315,0.348400,0.120729,-0.062822,0.742150,0.753043,-0.840532,-1.322680,-0.305445,1.381257,0.971818,1.075722,-0.662394,-0.802051,-0.234681,-0.361614,-0.443324,1.240264,0.057309,0.531659,-0.746311,-0.776169,0.865591,0.992941,1.309310,0.794263,-1.197700,-0.472221,1.386870,-1.024950,0.894688,0.403640,1.129603,0.475562,-1.325991,0.238552,-1.354558,1.304935,1.390035,0.355828,1.368009,-1.033045,-0.985889,-0.294842,-0.704990,0.409112,0.329189,-0.926588,-1.334047,-0.354331,-1.070734,-0.686926,0.653496,-1.278158,-0.679068,-1.383811,-1.358388,-0.834057"
DB11984,"0.344245,-0.599286,-0.555024,-0.376061,-0.439262,0.279548,-0.206205,1.230119,-0.289256,-0.169941,0.218721,0.557386,0.427869,-0.511013,1.069894,0.549209,0.607271,0.212592,-0.838240,-0.549433,0.444542,1.363828,-0.209042,0.328241,0.698157,-1.423173,-0.739889,0.055869,1.539990,-0.006322,0.587036,0.258210,0.037849,0.444753,0.544660,-0.273607,-0.177149,0.910617,0.552809,0.640103,0.049720,0.078768,-0.582882,-0.248811,0.508904,-0.057693,0.483620,-0.216226,0.080993,-0.402308,-0.502045,-0.313659,0.219183,-1.595023,-0.541771,-1.008500,-0.633141,0.262000,-0.543070,0.399032,0.459052,-0.523052,-0.050981,-0.194212"
DB09084,"1.934899,-0.535162,1.305401,2.540894,1.220434,0.440034,1.895748,0.212980,2.779062,-0.822041,-2.203663,-1.982888,1.695473,1.681549,-1.484993,-1.279638,-0.814459,-1.966334,-0.135542,1.845185,0.021105,-1.692570,-2.607114,-1.556981,0.529947,-0.905915,2.372743,2.379060,-2.014737,0.313525,-1.382470,1.365332,0.739233,2.171598,-1.210567,2.382614,-0.021886,-0.337339,-0.269766,-3.107300,1.247407,2.930087,1.339015,-0.364954,-1.245300,2.242986,-1.412746,0.956654,1.386122,1.601507,-0.846789,0.542745,-2.002907,0.638560,1.444782,-0.146646,0.442259,-1.222090,0.038278,0.115489,1.787233,1.309353,2.064988,0.423015"
DB02424,"-0.550263,1.001963,-1.293041,-0.940785,-1.327607,-1.218540,0.658136,0.278026,-0.039788,-0.145222,0.746455,0.772075,-0.791992,-1.295562,-0.108466,1.313551,0.978061,1.010679,-0.538083,-0.763559,-0.100133,-0.209834,-0.360235,1.189779,0.095955,0.500857,-0.804334,-0.693226,0.919990,0.884629,1.254668,0.669517,-1.125880,-0.421534,1.316121,-1.000010,0.842014,0.523465,1.043343,0.562462,-1.248939,0.170161,-1.293214,1.177937,1.320227,0.335902,1.308278,-0.949665,-0.895072,-0.252792,-0.721218,0.346593,0.277214,-0.903768,-1.284969,-0.348184,-0.979030,-0.570519,0.495117,-1.164294,-0.711827,-1.310996,-1.282377,-0.861366"
DB05465,"0.677129,-0.174527,-0.438145,-0.247789,-0.334387,-0.060040,-1.499179,1.271762,0.700963,-0.910209,1.048820,0.558713,0.055146,-0.199446,-0.112870,0.530231,0.869799,1.848046,-1.487691,-1.844271,-1.029954,1.703897,-0.366176,-0.108631,-0.627498,-0.295891,-0.878369,0.149679,0.247596,-0.807756,0.249839,-1.103984,1.048269,0.163108,0.516629,-1.544837,0.898093,0.388169,-0.558886,0.576171,-0.896503,-1.433420,-0.425477,-0.326594,0.454994,-0.556812,0.360847,0.637193,-0.080458,1.029144,0.555182,-1.506466,2.748489,-1.598506,-0.276362,1.032255,-0.064521,-0.655274,-1.092905,1.120308,0.071092,-0.555127,-0.720260,1.097638"
DB07780,"0.773014,-0.124481,-0.433294,-0.264261,-0.333783,-0.070037,-1.539404,1.308421,0.868182,-0.879993,1.105575,0.541022,0.074694,-0.179249,-0.263789,0.532597,0.906679,1.910968,-1.546224,-1.864656,-1.071175,1.669692,-0.401620,-0.139118,-0.655823,-0.269264,-0.895950,0.142495,0.194925,-0.839975,0.230449,-1.107150,1.098020,0.131043,0.519939,-1.558632,1.018112,0.411114,-0.570401,0.524070,-0.970883,-1.447235,-0.415959,-0.314131,0.456569,-0.521331,0.356799,0.682951,-0.088110,0.946070,0.589682,-1.522738,2.904669,-1.699159,-0.258072,1.112914,-0.045256,-0.729826,-1.120312,1.148973,0.082303,-0.559791,-0.737589,1.188686"
DB13876,"1.251306,-1.047642,0.846766,0.077853,0.814008,1.906626,-1.411093,-1.426390,1.664623,-1.162172,-0.794828,-0.538015,1.306324,0.279014,0.932292,-0.773952,-1.201269,-0.412781,-1.093155,1.061737,-0.652180,0.331977,0.785103,-1.287239,1.319869,1.232816,0.394263,-1.003454,0.843793,-2.290454,-0.930317,-1.788127,1.546159,-1.134096,-0.713777,1.016716,-1.409528,-2.127657,-2.154729,-1.033738,0.146445,-0.158446,0.794118,-2.037021,-0.698306,-0.607197,-0.785630,1.778631,1.767964,-0.035372,-0.660984,0.931307,-0.913161,0.454566,0.830812,1.588622,2.251980,1.047669,1.149006,1.533516,-0.945879,0.695933,0.039214,-0.135017"
DB06194,"-0.517647,0.842435,-1.266209,-0.844856,-1.280475,-1.079968,0.697936,0.506296,0.183969,-0.062476,0.574316,0.766250,-0.819805,-1.171156,-0.048741,1.272472,0.922991,0.864664,-0.575308,-0.731755,-0.192861,-0.193705,-0.421488,1.183668,-0.069143,0.330033,-0.710313,-0.408561,0.953821,0.884298,1.247878,0.693907,-1.049162,-0.392070,1.277787,-0.943273,0.627487,0.510449,1.023744,0.268142,-1.075029,0.184459,-1.273549,1.142626,1.274948,0.195857,1.267112,-0.984567,-0.913334,-0.248436,-0.731973,0.231127,0.231601,-0.724291,-1.256973,-0.494577,-1.018520,-0.461159,0.400703,-1.050195,-0.623727,-1.276938,-1.195633,-0.872098"
DB04253,"-0.498652,1.039239,-1.300667,-0.934038,-1.340235,-1.224926,0.663533,0.244817,0.040052,-0.120294,0.765717,0.755507,-0.789228,-1.295306,-0.169805,1.325307,0.983176,1.035207,-0.554403,-0.771981,-0.142918,-0.228435,-0.374909,1.182621,0.095013,0.500534,-0.781088,-0.734907,0.920018,0.885757,1.256764,0.689789,-1.127237,-0.423444,1.329224,-0.995074,0.886612,0.506026,1.051212,0.546785,-1.266260,0.185113,-1.299880,1.201031,1.332124,0.343200,1.314868,-0.950215,-0.894366,-0.293076,-0.718012,0.358332,0.321327,-0.933454,-1.286806,-0.302463,-0.982861,-0.587332,0.524284,-1.183004,-0.702539,-1.323846,-1.310708,-0.838096"
DB12948,"-0.497294,1.040069,-1.302637,-0.932460,-1.342121,-1.229836,0.669951,0.248404,0.048167,-0.126977,0.763984,0.750939,-0.791643,-1.296812,-0.174092,1.327330,0.983461,1.039700,-0.556718,-0.770832,-0.149520,-0.231600,-0.382025,1.183626,0.089110,0.505934,-0.779373,-0.739046,0.922561,0.885178,1.259004,0.694405,-1.128116,-0.425723,1.331320,-0.997568,0.880712,0.497931,1.050803,0.549781,-1.268365,0.184312,-1.301992,1.201707,1.334311,0.341923,1.316754,-0.950885,-0.896986,-0.282039,-0.723155,0.361132,0.320835,-0.933090,-1.288508,-0.304942,-0.985715,-0.593920,0.533571,-1.185726,-0.708437,-1.326007,-1.312591,-0.840357"
DB03395,"-0.492357,1.146561,-1.349908,-0.923233,-1.394512,-1.302091,0.783722,0.354420,0.112107,-0.058330,0.726230,0.740351,-0.851930,-1.313960,-0.316345,1.376125,0.965360,1.069254,-0.668066,-0.799287,-0.244150,-0.374007,-0.454373,1.236661,0.038496,0.531132,-0.727376,-0.791644,0.874493,0.981692,1.306746,0.785284,-1.178188,-0.468920,1.382232,-1.021575,0.895462,0.408382,1.115716,0.437363,-1.331559,0.252746,-1.349811,1.288372,1.384697,0.358082,1.362548,-1.024337,-0.963680,-0.314269,-0.715691,0.408371,0.341077,-0.923007,-1.329962,-0.348094,-1.060335,-0.692822,0.620531,-1.268280,-0.670567,-1.379387,-1.352492,-0.829742"
DB08633,"-0.507271,0.975427,-1.284925,-0.910349,-1.316456,-1.159269,0.656882,0.279294,0.137462,-0.130010,0.734264,0.742958,-0.796454,-1.272246,-0.126567,1.305010,0.968845,0.982865,-0.499624,-0.745441,-0.142885,-0.189790,-0.388207,1.171248,0.032080,0.456320,-0.783602,-0.677785,0.983166,0.852493,1.245612,0.671491,-1.083145,-0.379039,1.309359,-0.963566,0.845280,0.535057,1.030962,0.429865,-1.187331,0.185739,-1.285620,1.181609,1.311183,0.300389,1.296088,-0.941320,-0.883283,-0.295020,-0.759186,0.315533,0.326581,-0.906315,-1.271715,-0.322971,-0.986483,-0.523076,0.502228,-1.141959,-0.703176,-1.304928,-1.288939,-0.857814"
DB06433,"-0.502327,1.033077,-1.299649,-0.933139,-1.338680,-1.221159,0.661240,0.245088,0.039912,-0.120966,0.766678,0.760361,-0.787076,-1.296408,-0.161923,1.324041,0.982850,1.033998,-0.552445,-0.771964,-0.141179,-0.223569,-0.370846,1.182618,0.096453,0.496926,-0.780875,-0.733977,0.920747,0.885112,1.256272,0.687773,-1.126172,-0.417021,1.327904,-0.994480,0.882617,0.508712,1.050054,0.544559,-1.260774,0.186017,-1.298989,1.199182,1.330635,0.339956,1.313573,-0.950112,-0.894044,-0.295510,-0.721131,0.357724,0.318400,-0.934163,-1.286132,-0.305318,-0.985048,-0.583994,0.520641,-1.180654,-0.698544,-1.322392,-1.310474,-0.836614"
DB06741,"-0.524299,1.167032,-1.355281,-0.937038,-1.402107,-1.326770,0.763421,0.303161,0.011142,-0.075406,0.752496,0.743297,-0.857383,-1.314003,-0.290516,1.383682,0.963531,1.095341,-0.656313,-0.811823,-0.222645,-0.353688,-0.436984,1.243251,0.075931,0.543202,-0.776283,-0.728602,0.865590,0.984834,1.310204,0.754848,-1.191771,-0.443343,1.389189,-1.046983,0.899687,0.391710,1.110001,0.498517,-1.354645,0.247560,-1.355637,1.302179,1.394953,0.346888,1.370048,-1.029313,-0.959107,-0.237134,-0.678949,0.404905,0.347074,-0.928984,-1.336858,-0.353227,-1.048491,-0.677970,0.635627,-1.258274,-0.670509,-1.388899,-1.375171,-0.831700"
DB04872,"0.598382,0.554384,0.165212,-0.434834,0.007739,0.264669,-0.422424,-2.280195,0.715487,-1.447181,0.076426,0.229743,0.429191,-0.186636,-0.196091,-0.038549,-1.185127,0.682463,-0.707837,1.180190,0.790905,0.254790,1.216687,-0.532809,1.316832,1.637457,-0.174598,-0.475818,0.362852,-1.531214,-0.265795,-0.721975,-0.198027,-0.982068,-0.025154,0.206944,-1.253623,-1.150803,-0.942880,-0.742694,-0.717016,0.179822,0.121259,-0.392785,0.042935,0.285610,-0.005284,1.008867,1.109391,-0.354301,-1.360375,1.132892,-0.823284,0.139745,0.103109,1.500393,1.458113,0.446375,1.135055,0.293904,-2.150144,0.006285,-0.543247,-1.331668"
DB06635,"0.315745,-0.569183,-0.558916,-0.341746,-0.443081,0.295590,-0.199951,1.224517,-0.325570,-0.145467,0.187606,0.552583,0.423902,-0.484432,1.087310,0.552007,0.595963,0.207103,-0.880168,-0.600369,0.432404,1.373097,-0.188238,0.334159,0.694331,-1.438653,-0.715765,0.127853,1.570178,0.019705,0.588014,0.236885,0.018810,0.404460,0.547958,-0.280857,-0.213629,0.874664,0.550665,0.662399,0.033093,0.024772,-0.588320,-0.240598,0.511532,-0.075801,0.487060,-0.241505,0.069371,-0.387754,-0.423734,-0.322492,0.291873,-1.593822,-0.548503,-0.999182,-0.607854,0.274356,-0.509552,0.414052,0.456567,-0.527055,-0.064401,-0.192988"
DB03849,"-0.512285,1.162989,-1.352267,-0.922475,-1.398267,-1.309800,0.790609,0.353565,0.123382,-0.064364,0.741976,0.753049,-0.841165,-1.321803,-0.310783,1.379263,0.971523,1.078183,-0.663684,-0.802350,-0.231172,-0.362917,-0.443931,1.238931,0.057992,0.533412,-0.747837,-0.775639,0.865286,0.989909,1.307924,0.794990,-1.196116,-0.470056,1.384695,-1.025791,0.894082,0.406358,1.127095,0.481158,-1.328884,0.240000,-1.352770,1.303753,1.387653,0.356558,1.366195,-1.030733,-0.981016,-0.296835,-0.704979,0.403877,0.328227,-0.928032,-1.332530,-0.351013,-1.068823,-0.685816,0.651229,-1.277476,-0.676769,-1.381298,-1.361017,-0.831750"
DB06739,"-1.134041,1.163947,-0.303400,-0.910188,-0.361703,-0.597969,-0.277431,0.100787,-0.175595,1.525481,1.440725,1.867730,-1.177869,-0.459738,-1.867338,0.267984,0.400690,0.841583,2.077663,-0.131271,0.330586,0.304286,1.005238,0.792470,0.761222,-1.156012,-0.911627,0.514055,-0.383511,0.414837,0.463180,-0.202426,-0.857739,-1.427545,0.204555,-0.156708,0.449261,1.576867,0.635117,-0.220994,0.153296,-0.178141,-0.230340,0.820309,0.268571,0.339604,0.389456,-0.860703,-1.224493,-0.616885,0.932119,-0.198407,0.364745,-0.787062,-0.395914,-0.040233,-0.478590,-0.174040,-1.006404,-0.135322,0.016541,-0.181143,0.492417,-0.475087"
DB12693,"0.572103,-0.836789,0.877098,0.018896,0.857988,1.194982,-0.663899,-1.958502,-0.547356,-1.161495,-0.391705,-0.750889,0.831033,0.558130,1.182291,-0.800694,-1.366083,-0.347109,-0.393457,1.204047,1.412499,0.635439,1.028720,-1.081624,0.468144,1.255759,0.090077,-0.700288,0.616120,-1.813126,-0.899519,-1.081523,0.679312,0.368279,-0.802275,0.478756,-1.956116,-1.415166,-1.355076,-0.616233,0.253219,-0.362219,0.792811,-1.125527,-0.773266,-0.734271,-0.756992,1.277417,1.524641,-0.649242,-0.529070,0.183725,-0.806697,0.724578,0.795335,1.313124,1.458809,1.637779,0.591069,1.176042,-1.467435,0.752867,0.139030,-0.397572"
DB11869,"-0.892748,0.519086,-1.075164,-0.829980,-1.064036,-0.752752,0.070162,0.768143,-0.371531,0.123045,0.433401,1.788150,-1.157477,-1.275455,-0.136227,1.030378,1.001545,0.993048,0.130392,-0.611348,0.076645,0.185945,0.242935,1.159286,0.608164,-0.147547,-1.133597,-0.368499,0.204550,0.628688,1.155283,-0.235806,-0.896042,-1.551642,1.011339,-0.890758,-0.242127,0.610929,0.588141,0.209620,-0.301325,0.249808,-1.065834,0.501502,1.038848,0.058376,1.087951,-0.737658,-0.700105,0.382896,-0.299552,-0.020474,-0.949609,-0.191012,-1.145986,-0.461569,-0.692546,-0.538420,-0.551143,-0.649834,-0.534667,-0.984716,-0.324419,-1.126338"
DB12308,"1.087599,0.583309,0.167748,-0.349332,-0.011445,0.295857,-0.498062,-2.557745,0.998218,-1.828445,0.077651,0.037122,0.266322,-0.145823,-0.469271,-0.001562,-1.174549,0.987471,-0.729163,1.256763,0.588291,0.302192,0.935883,-0.680180,1.202160,1.694585,-0.028125,-0.540850,0.196165,-1.782310,-0.291221,-0.853659,0.051876,-0.897589,0.013235,-0.035403,-1.180384,-1.136852,-1.095400,-0.896943,-0.681014,0.384031,0.121507,-0.589453,0.082479,0.383156,-0.008138,1.248241,1.326907,-0.007465,-1.487734,1.106538,-0.665801,0.365642,0.144376,1.896972,1.521517,0.206093,1.050427,0.314169,-2.243028,-0.031290,-0.542211,-1.429738"
DB04888,"0.209346,0.411455,0.139682,-0.530807,0.009187,0.224819,-0.361151,-2.101043,0.189704,-1.145096,0.158671,0.415088,0.421251,-0.265987,0.177081,-0.049573,-1.010123,0.443734,-0.437563,1.071191,0.984445,0.189383,1.425155,-0.385086,1.248341,1.506811,-0.396803,-0.339989,0.547483,-1.371723,-0.220597,-0.744662,-0.394214,-1.141306,-0.040948,0.361528,-1.248251,-1.022532,-0.917808,-0.581229,-0.732943,-0.043040,0.099633,-0.268676,0.023806,0.173105,0.020904,0.832891,0.979681,-0.555684,-1.102342,1.016188,-0.907640,0.173131,0.044226,1.327043,1.396454,0.802214,0.975164,0.404428,-2.110907,0.021167,-0.398663,-1.519834"
DB06191,"-0.660542,0.861677,-1.231085,-0.897371,-1.252964,-1.080791,0.470893,0.644262,-0.195697,-0.042933,0.682653,1.166936,-0.982134,-1.365106,-0.253125,1.233781,0.961868,1.034387,-0.328646,-0.685721,-0.132096,-0.131563,-0.164220,1.211333,0.294032,0.274428,-1.004366,-0.576160,0.494026,0.805484,1.243374,0.346986,-1.047089,-0.868195,1.224450,-1.026564,0.443310,0.509393,0.898401,0.498708,-0.856414,0.244911,-1.229578,0.959698,1.243829,0.225720,1.251921,-0.889951,-0.849409,0.160946,-0.456332,0.190786,-0.329150,-0.640947,-1.252723,-0.427440,-0.923793,-0.606608,0.234246,-1.040250,-0.648548,-1.214911,-0.953707,-0.940694"
DB06512,"0.479863,-0.190952,0.400372,-0.782560,0.298718,0.424522,-0.780960,-2.443388,-0.935679,-0.968600,0.472277,-0.123060,0.182840,-0.291078,0.956020,-0.312199,-0.730886,0.298288,0.152090,1.067866,1.030094,0.067334,1.359459,-0.552450,0.756870,1.932416,-0.537980,-0.751667,0.597005,-1.716602,-0.454132,-1.401472,0.155562,-0.905503,-0.322611,0.193950,-0.939043,-0.827795,-1.431800,-0.368715,-0.733048,-0.354069,0.341113,-0.801712,-0.259973,-0.160057,-0.215238,1.152561,1.409554,-0.565238,-0.220909,0.562481,-0.794889,1.060474,0.297908,2.000612,1.558300,1.316102,0.437750,1.072380,-2.009271,0.279675,-0.004805,-1.379130"
DB00409,"-0.080397,0.418713,0.463636,-0.779494,0.350428,0.154513,-0.458831,-1.450157,-0.677898,0.002552,0.305429,-0.353527,0.373478,-0.201682,0.159747,-0.401499,-1.212798,0.127029,-0.309379,0.942842,1.112447,-0.369460,1.408650,-0.369759,0.495691,2.154205,-0.204185,-1.946996,0.610688,-1.099404,-0.482121,-0.657501,0.043512,-0.490669,-0.414013,0.340761,-1.101486,-1.552955,-0.776648,-0.141093,-0.832054,-0.563485,0.405437,-0.135711,-0.359183,-0.377104,-0.290157,0.604796,0.699230,-1.463700,0.030633,0.697696,-0.199732,0.598951,0.372936,1.477955,1.084762,0.977697,1.123449,0.629307,-1.611633,0.344068,-0.309026,-0.054085"
DB00875,"2.500659,-1.921820,1.767795,1.542648,1.793222,2.190496,-2.111270,-1.187904,2.247613,-1.625974,-0.692343,-1.576729,1.696017,1.478920,0.442045,-1.632658,-1.544928,-0.814291,-1.137793,1.104166,-1.012215,1.216605,0.378788,-2.483080,-0.224965,0.314636,0.631745,0.565780,-1.501893,-2.761804,-1.987073,-1.552328,2.349575,1.138677,-1.592961,0.730032,-0.917379,-1.629404,-2.615266,-0.410251,1.474468,-0.801672,1.728307,-2.604705,-1.609783,-0.937136,-1.807498,2.756012,2.400037,0.964320,0.130295,-0.458657,-0.038285,0.621766,1.900338,2.268804,2.285794,1.083032,-0.192321,1.958421,-0.172876,1.557521,0.516729,1.417958"
DB00914,"-1.063828,-1.509607,0.110048,0.086189,0.323523,0.349699,-0.230106,-0.179150,-2.472942,0.694287,-0.641602,-1.234287,-0.842042,0.712517,1.896659,-0.188051,0.261391,0.123731,0.249431,-1.396662,0.422157,0.624988,-0.442613,0.042352,-2.522638,0.725039,0.046791,-1.821323,1.094652,0.157263,-0.005968,-0.847905,0.896645,0.946563,-0.210497,-1.280534,-1.436423,-0.870351,-0.248771,1.152987,0.670834,-1.332469,0.040806,-0.456376,-0.296672,-2.455076,-0.216070,-0.353520,-0.337815,0.480322,1.203929,-2.033968,0.919610,1.448470,0.094818,0.245119,-0.678910,1.317121,-0.818252,0.559222,0.411125,0.133142,0.201660,1.215766"
DB04828,"1.451690,-0.526914,1.315350,2.285588,1.264955,0.675845,1.782606,0.240676,2.485633,-0.186820,-2.053819,-2.060357,1.621776,1.553895,-1.010595,-1.332573,-0.791625,-2.262775,0.158982,1.710177,0.021136,-1.606018,-2.290977,-1.346428,0.390995,-1.066278,2.442859,1.848821,-1.458644,0.454090,-1.332967,1.330395,0.548941,2.290134,-1.273129,2.517475,-0.038666,-0.149749,-0.198189,-3.102357,1.430582,2.454334,1.340289,-0.253290,-1.311286,1.876020,-1.412193,0.610385,1.231712,0.651508,-0.332203,0.415185,-1.931117,0.791578,1.394872,-0.555900,0.332650,-0.644899,0.334386,0.203449,1.929656,1.364767,2.053394,0.573206"
DB06268,"1.660452,0.528745,0.682062,0.402711,0.491196,-0.685799,-0.171873,-0.210295,0.529765,0.253417,1.220875,0.265919,1.356268,0.145174,-2.206101,-0.565329,-0.402880,-0.026744,0.076958,0.136224,-3.041761,-1.327789,-0.331793,-0.698445,1.426052,-1.444634,0.529970,-0.814171,-0.931234,-0.877867,-0.799513,0.121470,1.242726,-1.369538,-0.570204,1.284549,2.668029,0.033675,-0.987578,0.881492,-1.497625,0.742672,0.795016,-0.937345,-0.517293,1.575232,-0.660501,1.109502,0.302625,0.325244,1.430436,1.646388,2.159970,-0.913696,0.857265,1.776953,1.010176,-1.861812,-0.189601,1.083996,1.145501,0.596865,0.986654,0.534803"
DB00866,"1.037271,-2.660907,1.708111,0.325675,1.782015,2.208136,-1.156273,-1.524065,-0.946560,1.168802,-1.795257,-3.154660,0.754140,1.191635,1.556307,-1.740130,-1.724261,-1.581291,-0.083172,1.048457,-0.996586,-1.291236,0.442389,-1.674206,-1.311583,3.133352,1.645053,-3.189394,-0.683170,-1.590301,-1.626839,-1.779593,2.071875,0.418518,-1.679920,1.097912,-2.342071,-3.377723,-2.453904,-1.429131,1.282694,-0.666706,1.624640,-2.267377,-1.722773,-2.322223,-1.756216,1.607278,1.900752,0.403396,1.774126,-0.661346,-2.565461,3.107833,1.684518,1.693957,1.668791,2.228014,0.853518,1.317064,0.238062,1.623898,0.991766,2.395272"
DB01463,"1.061406,0.612348,0.158711,-0.330830,-0.020630,0.290630,-0.470424,-2.496250,0.970379,-1.684270,0.062588,0.087198,0.205024,-0.173848,-0.536447,0.006562,-1.253776,0.971744,-0.719674,1.276593,0.553338,0.273604,0.982208,-0.654435,1.177355,1.711497,-0.118526,-0.581634,0.156921,-1.745559,-0.280947,-0.814419,0.028685,-0.947361,0.021453,-0.055781,-1.301376,-1.223817,-1.057335,-0.917577,-0.622380,0.357934,0.111204,-0.528376,0.091163,0.294174,-0.003083,1.194528,1.311496,-0.033931,-1.474542,1.108053,-0.675983,0.330905,0.138272,1.847768,1.448392,0.266432,1.157136,0.256809,-2.196729,-0.041444,-0.577874,-1.346251"
DB01228,"0.308460,-0.365485,0.040412,-0.654370,0.156164,-0.151527,-1.400152,1.299301,-0.366809,0.433555,1.085847,-0.463290,-0.231778,0.039843,-0.443245,0.007964,0.399230,1.613110,-0.641226,-1.694321,-0.965056,0.479071,-0.333029,-0.253421,-1.886957,1.495156,-0.506411,-2.285076,-0.179165,-0.640842,-0.116476,-1.282253,1.485451,0.566554,-0.027689,-1.577545,0.637516,-0.722967,-0.668593,0.753506,-0.777040,-1.418235,0.038307,-0.389505,-0.099913,-1.167569,-0.103040,0.516788,-0.395105,0.608369,1.493167,-2.047508,2.262908,-0.537976,0.181203,1.704675,-0.184463,-0.536359,-1.367370,1.219971,0.449890,-0.057769,-0.100751,2.289744"
DB04898,"0.254017,-0.098195,0.062429,-0.468803,0.067152,-0.010928,-0.997983,0.862278,-0.288787,1.004877,1.607138,1.126220,1.122649,0.198463,-1.203271,0.011018,0.065902,0.656317,0.450362,-0.569849,0.242275,1.592413,0.574503,-0.069256,1.625247,-1.786203,-0.095090,-1.083411,0.851239,-0.498199,0.014457,0.316518,-0.053838,0.747637,-0.061056,0.352321,0.831886,1.701549,0.506243,1.890443,-0.468989,-0.126262,0.085798,-0.774544,-0.046935,0.740647,-0.062900,0.236145,-0.315445,-0.918857,0.842168,-0.193952,0.744891,-2.415777,0.088905,-0.000114,-0.335377,-0.425813,-1.437531,0.975126,1.009578,0.096233,0.382787,0.614660"
DB06594,"1.045843,0.891400,0.586514,-0.295139,0.368840,0.484876,-0.829787,-2.905275,1.106885,-0.974999,1.094360,0.460196,0.371415,0.364977,-1.926069,-0.413878,-1.413962,1.140189,0.894203,1.214388,0.538918,0.799385,1.293143,-0.799883,1.568809,0.310571,0.114515,-0.818715,-0.265424,-2.188393,-0.658385,-0.836999,0.327947,-0.659996,-0.443503,0.240106,-0.229294,0.387970,-1.003519,-1.113915,-0.674262,0.177942,0.581454,-0.463583,-0.327081,0.611484,-0.395616,1.474260,1.012671,-0.858231,-0.330139,0.751749,0.206340,-0.079684,0.615576,2.398508,1.314834,0.133837,0.211635,0.690613,-2.087396,0.406139,-0.604804,-0.905783"
DB04821,"1.365436,0.620778,0.197779,-0.301766,0.008619,0.261215,-0.481429,-2.663243,1.230714,-2.007835,0.029393,-0.005305,0.189034,-0.087701,-0.791308,-0.009911,-1.296096,1.176944,-0.854288,1.366772,0.489359,0.329995,0.857207,-0.787378,1.171597,1.784151,-0.025186,-0.616402,-0.064403,-1.942959,-0.330184,-0.892545,0.165699,-0.844503,0.006802,-0.192740,-1.312804,-1.260872,-1.177261,-1.019552,-0.584601,0.566177,0.152418,-0.645058,0.075342,0.422005,-0.042161,1.373636,1.444362,0.181165,-1.681742,1.100599,-0.730244,0.360638,0.191197,2.003976,1.535317,0.028540,1.066787,0.278801,-2.255084,-0.022654,-0.489839,-1.396177"
DB06144,"-0.165221,0.233956,0.596383,-0.852797,0.507954,0.286315,-0.586994,-1.654880,-1.434858,0.166908,0.282484,-0.513210,0.168175,-0.171140,0.705154,-0.558301,-1.229612,-0.185897,0.083710,1.089897,1.295406,-0.483045,1.682120,-0.403461,0.126844,2.147508,-0.305557,-1.719115,0.446340,-1.070194,-0.587756,-0.915170,0.063569,-0.589250,-0.577816,0.326375,-1.133630,-1.564541,-0.907133,0.034712,-0.477653,-0.719692,0.542489,-0.251008,-0.525319,-0.626344,-0.411869,0.555775,0.849382,-1.440558,0.338887,0.615248,-0.429586,1.042202,0.468767,1.408900,1.156370,1.363415,0.906762,0.716127,-1.554750,0.502153,0.116116,-0.245215"
DB09215,"2.152228,-0.539547,1.341462,2.713008,1.239445,0.436720,1.881245,0.017968,2.919337,-0.909284,-2.132865,-2.085916,1.721346,1.710336,-1.519681,-1.299008,-0.777854,-1.934468,-0.039913,1.826922,-0.158346,-1.717379,-2.745494,-1.662639,0.449725,-0.923251,2.363724,2.327567,-2.050060,0.259404,-1.449902,1.373374,0.866963,2.154095,-1.229604,2.401684,0.243505,-0.332813,-0.332929,-2.958973,1.315388,3.048538,1.380096,-0.456225,-1.261550,2.278199,-1.459092,1.076183,1.480694,1.728377,-0.869476,0.591535,-1.769634,0.736885,1.509675,0.151364,0.469830,-1.331915,0.059465,0.067231,1.840063,1.328590,2.058450,0.428568"
DB03783,"-1.317733,1.424914,0.116788,-1.069839,0.072696,-0.524482,-0.401830,0.158748,-0.266395,2.571005,1.741309,0.780616,-0.947610,0.047974,-2.140186,-0.145454,-0.160515,0.740542,2.264250,-0.529940,0.443985,0.001839,0.961970,0.561838,-0.502925,-0.095623,-0.198025,-1.701676,0.104606,0.161885,0.026312,-0.295527,-0.194792,0.148860,-0.230460,-0.582107,0.768110,1.285886,0.603974,0.638575,-0.463545,-0.891131,0.165362,0.624268,-0.182723,-0.046857,-0.031289,-0.504783,-1.186711,-1.319698,2.522789,-0.706942,1.159817,-0.317359,0.084843,0.996232,-0.778232,-0.281962,-0.778183,0.490939,0.000985,0.189707,0.051942,0.871551"
DB09023,"0.445898,-0.807523,0.336115,0.099034,0.344176,1.401368,-0.758130,-1.563588,2.431660,-0.696798,-0.298712,-0.349343,-0.186197,0.135793,0.497950,-0.288326,-0.807145,-0.381038,0.253678,1.199087,0.365899,0.795340,0.964046,-0.585591,-0.577634,1.361384,-0.033609,-0.502765,0.648203,-1.605321,-0.337812,-0.811332,0.075122,-0.161993,-0.264496,0.311211,-2.084224,-0.811377,-1.055784,-0.914734,1.482529,-0.272569,0.241401,-0.804910,-0.253495,-1.105920,-0.280152,0.767231,0.707329,-1.131799,-0.998387,-0.117124,-1.186623,1.360230,0.272162,1.114248,0.908903,1.883899,0.603669,0.422896,-1.526446,0.248590,-0.576477,-0.934455"
DB08951,"2.331813,-0.507695,1.347167,2.792482,1.245932,0.372875,1.872948,-0.038067,2.935211,-0.992810,-2.164515,-2.027137,1.628743,1.763821,-1.762717,-1.299065,-0.827590,-1.919659,0.001827,1.917337,-0.133263,-1.788904,-2.833730,-1.707450,0.311641,-1.018439,2.358726,2.600607,-2.279428,0.212339,-1.461665,1.301665,0.972682,2.191932,-1.230321,2.269504,0.221589,-0.278912,-0.389227,-3.191288,1.328545,3.198232,1.391449,-0.473436,-1.262359,2.306328,-1.468427,1.164326,1.580320,1.962882,-0.849811,0.461889,-1.871104,0.809568,1.527156,0.322829,0.488331,-1.356957,-0.235958,0.128678,1.799145,1.329459,2.290664,0.346146"
DB08950,"2.333587,-0.307010,0.079802,0.511269,0.034532,-0.074838,0.195234,0.543774,1.766401,-0.624819,-0.353205,-0.576982,0.070740,-0.717148,-0.297257,-0.082429,0.707360,-0.668007,-1.188558,0.165320,-3.592829,-2.057236,-1.061780,-0.551143,0.210591,-0.420022,-0.422505,0.202224,-0.797028,-0.368119,-0.326329,-0.855641,1.939750,-1.618287,0.029890,0.718867,2.416833,-1.194447,-1.451297,-0.797401,-0.569019,1.078045,0.170879,-1.197894,0.000851,0.846518,-0.227421,1.183300,1.388594,2.129379,0.348710,0.991120,0.296729,0.519008,0.322723,1.769548,0.921404,-1.225809,-0.453560,0.763423,1.144878,0.018257,1.198355,-0.249689"
DB04829,"1.684770,0.200646,1.495833,0.813091,1.289762,0.259678,-0.249268,-2.029088,-1.159299,-0.965965,-0.853024,-1.801962,0.819568,0.765995,-0.231153,-1.346913,-2.337938,-0.632975,-0.345536,1.862319,0.171806,-1.124172,0.500244,-1.597644,-0.004183,1.687846,0.920093,-1.426822,-1.254648,-1.576307,-1.627554,-0.357727,1.431463,0.373109,-1.342414,0.524008,-0.805794,-2.686023,-1.537292,0.836552,-0.225578,0.142764,1.480797,-1.044755,-1.278708,0.011459,-1.368564,1.634690,2.011964,-0.218585,-0.027213,1.558578,0.369969,1.822339,1.558205,2.148021,1.704949,0.108849,1.691269,0.513032,-0.853092,1.278332,0.695148,0.873045"
DB08980,"0.127076,-2.008165,0.204590,0.207266,0.451381,0.737639,-1.222062,0.661832,-0.039441,0.727691,-0.146046,-1.235481,-0.359628,1.008504,0.819059,-0.271405,0.420454,0.354126,0.212762,-1.443057,-1.393985,0.816349,-0.519554,-0.455360,-2.464569,0.633686,0.265856,-0.524446,-0.095679,-0.359459,-0.176283,-0.837538,1.077894,1.145688,-0.255771,-0.648618,-0.062756,-0.451416,-0.763402,-0.675532,0.746725,-1.541106,0.180085,-0.587262,-0.368406,-1.982295,-0.406155,0.225777,-0.067492,1.781651,1.143938,-2.508549,-0.035492,0.543909,0.293042,0.316468,-0.577688,0.771740,-1.353143,0.644295,0.669005,0.209611,0.028928,1.738699"
DB08955,"2.061724,-0.469688,1.267457,2.628720,1.178093,0.403789,1.943642,0.021911,2.805235,-0.885341,-2.013239,-2.054085,1.653636,1.651275,-1.568818,-1.227415,-0.753015,-1.915170,-0.022988,1.807454,-0.061272,-1.683713,-2.781425,-1.557934,0.373142,-1.000390,2.375386,2.204707,-1.913211,0.303826,-1.358670,1.470269,0.756369,2.446308,-1.164106,2.257231,0.170010,-0.201060,-0.241674,-3.115428,1.255955,2.989980,1.299823,-0.338952,-1.196275,2.223638,-1.376854,0.963403,1.406013,1.472532,-0.831034,0.437913,-1.800966,0.671189,1.419947,0.055742,0.344258,-1.202622,0.098610,0.045914,1.748646,1.259888,1.974630,0.426947"
DB12130,"-0.752880,1.370455,-0.764590,-1.096324,-0.795683,-0.920985,0.465843,0.034096,-0.200545,0.657543,1.045946,0.574107,-1.060545,-0.904921,-0.010230,0.720459,0.872273,0.156841,0.503141,-0.181040,0.232672,-0.518694,0.029498,1.078455,-0.041070,-0.345857,-0.890397,-0.033259,0.325220,1.273903,0.831269,0.760322,-1.028288,-0.877672,0.691959,-0.472732,1.605382,0.785913,1.317948,0.461941,-0.432678,-0.192116,-0.719978,1.673523,0.728718,0.006310,0.861820,-1.423411,-1.189514,-1.763589,-0.362771,0.474782,0.564872,-1.012693,-0.832468,-1.057792,-0.885885,-0.170983,0.169642,-1.267878,-0.361121,-0.723089,-0.663981,-0.389357"
DB08901,"-0.869323,-0.350408,0.435405,-0.691122,0.572065,0.676713,-1.028402,0.995946,-1.179389,2.279780,0.637532,0.947804,-1.485305,0.299447,-0.414167,-0.587680,0.547207,0.106644,1.717959,-0.017058,1.027194,0.691788,1.684334,0.170896,-0.691334,-1.375859,-1.004508,0.509117,-0.478639,0.092197,-0.190214,-1.262632,0.479512,-1.208618,-0.656666,-0.474803,-1.235887,0.339104,0.051743,0.666089,2.021461,-0.926575,0.487223,-0.467037,-0.665333,-1.368807,-0.455193,-0.493449,-0.543613,-0.850190,1.610198,-1.517357,0.296560,1.192542,0.320968,-0.227888,-0.297806,0.851774,-2.327733,0.820734,1.103140,0.654456,1.868913,0.838516"
DB01422,"-0.514580,1.131327,-1.343244,-0.920869,-1.385963,-1.285590,0.777606,0.371811,0.144353,-0.075708,0.736372,0.748781,-0.819016,-1.315016,-0.271762,1.368671,0.973053,1.058666,-0.652326,-0.789815,-0.212741,-0.337122,-0.445722,1.230270,0.053546,0.517817,-0.755704,-0.755442,0.888744,0.977286,1.300838,0.792665,-1.177811,-0.439608,1.373809,-1.012933,0.882312,0.412323,1.119678,0.475345,-1.301113,0.242193,-1.344332,1.287780,1.376311,0.345599,1.356299,-1.023820,-0.973655,-0.300457,-0.729543,0.395650,0.314436,-0.938728,-1.324043,-0.367560,-1.068610,-0.667666,0.642240,-1.253284,-0.667919,-1.370625,-1.348550,-0.826744"
DB12789,"-0.357924,0.850586,-1.150874,-0.740662,-1.169548,-0.951588,0.881102,0.462497,0.774789,0.033648,0.566303,0.472879,-0.714105,-1.150012,-0.277301,1.158593,1.020885,0.664067,-0.479732,-0.570581,-0.269377,-0.446474,-0.680571,1.047768,-0.079251,0.326599,-0.618344,-0.575172,0.861310,0.918254,1.117257,0.714081,-0.994733,-0.216636,1.174464,-0.598881,0.858160,0.550011,0.991287,-0.324694,-0.853856,0.451470,-1.153225,1.182227,1.165851,0.378002,1.147735,-0.907779,-0.805313,-0.416712,-0.646755,0.167047,0.022908,-0.793394,-1.128749,-0.367615,-1.010613,-0.451196,0.428610,-0.998633,-0.410760,-1.160200,-1.027074,-0.796881"
DB03604,"-0.902402,-0.273859,-0.944898,-0.520053,-0.832918,-0.479000,0.525497,0.830262,-0.474426,-0.772417,-0.001636,0.536629,-0.691806,-0.774246,1.296749,0.904693,0.830988,0.339642,-0.221599,-0.611351,0.509041,0.623996,-0.460726,0.963742,-0.701817,-0.278662,-0.868137,0.355736,1.382348,0.410811,0.986822,0.278060,-0.443116,0.067955,0.898445,-0.994163,-0.298869,0.699454,0.639534,0.652116,-0.175156,-0.224486,-0.974484,0.564769,0.878685,-0.546866,0.924612,-0.714142,-0.728775,0.098349,-0.786253,-0.413962,0.189038,-0.159677,-0.971379,-1.086723,-0.954354,0.470008,0.149822,-0.386299,-0.579284,-0.909386,-0.791363,-0.983109"
DB04209,"-0.525021,1.023548,-1.301499,-0.937696,-1.338616,-1.228027,0.676789,0.305278,0.041566,-0.119266,0.765344,0.760814,-0.763887,-1.301332,-0.150096,1.324086,0.971233,1.026251,-0.559461,-0.762093,-0.132849,-0.225096,-0.374004,1.189320,0.109973,0.501762,-0.786310,-0.746232,0.922768,0.905809,1.262320,0.718164,-1.139017,-0.390550,1.327536,-0.987415,0.868303,0.486172,1.072518,0.580424,-1.255051,0.201152,-1.301710,1.204692,1.330614,0.344367,1.314740,-0.967275,-0.918921,-0.269999,-0.750107,0.371623,0.274439,-0.971316,-1.289675,-0.352347,-1.008836,-0.603071,0.537767,-1.189649,-0.681948,-1.321915,-1.311306,-0.820515"
DB09183,"-1.234999,0.606569,-0.345055,-0.958878,-0.281909,-0.372523,-0.291706,1.117632,-0.462860,1.633019,0.193511,0.817756,-2.150446,-0.716649,-0.868060,0.222295,0.775364,0.687053,1.549398,-0.189876,0.855311,-0.287739,0.933743,0.874984,-0.955443,0.263976,-1.164243,-0.301514,0.118350,0.550584,0.530843,-1.224808,0.047372,-1.253217,0.186945,-0.986761,-0.933386,-0.118211,0.149791,-0.735892,0.882283,-0.278974,-0.334341,0.365768,0.193436,-0.789814,0.360676,-0.807839,-0.570196,0.178302,1.320046,-1.130851,-0.340713,1.324484,-0.461741,0.152542,-0.822580,0.263318,-0.600553,0.297430,0.148066,-0.193458,1.254488,0.073252"
DB05383,"-0.524460,1.167572,-1.354545,-0.928043,-1.400409,-1.321973,0.781517,0.342742,0.119256,-0.063054,0.741307,0.754922,-0.844220,-1.321384,-0.294522,1.381768,0.979128,1.082900,-0.666207,-0.804027,-0.234964,-0.356809,-0.442865,1.243398,0.057598,0.540727,-0.756479,-0.753888,0.865383,0.995244,1.309945,0.789191,-1.199722,-0.472096,1.386448,-1.027408,0.891422,0.402069,1.128041,0.491609,-1.333763,0.231218,-1.355486,1.309956,1.390591,0.352936,1.369115,-1.038494,-0.984291,-0.293865,-0.697963,0.403126,0.334569,-0.931450,-1.335103,-0.359703,-1.068830,-0.687475,0.654751,-1.264641,-0.674753,-1.384560,-1.354820,-0.833667"
DB02134,"-0.961184,0.489355,-0.703459,-0.842220,-0.677334,-0.050210,0.058503,-0.084886,0.478012,0.367124,1.021483,1.342292,-1.050702,-0.662582,-0.183906,0.662748,0.849117,0.624416,1.412844,-0.480082,0.326307,0.606079,0.383666,0.884015,0.142388,-0.634134,-1.233218,0.479291,0.861885,0.077444,0.736137,-0.469440,-0.413905,-0.736335,0.636830,-0.749668,0.454041,1.709931,0.434834,-0.538464,-0.177061,-0.206680,-0.691981,0.520975,0.671886,-0.098197,0.731806,-0.344984,-0.598209,-0.123137,0.303858,-0.631710,0.044486,-0.242556,-0.716274,-0.042964,-0.764742,0.472264,-0.630956,-0.111178,-0.603734,-0.635488,-0.563020,-1.153735"
DB12124,"-0.497336,1.031411,-1.299401,-0.933154,-1.338486,-1.220838,0.660200,0.245405,0.039186,-0.123212,0.767677,0.758826,-0.786679,-1.297265,-0.162826,1.324070,0.982586,1.036371,-0.553187,-0.770917,-0.143284,-0.222427,-0.372322,1.181190,0.096923,0.496942,-0.781720,-0.736563,0.921147,0.881902,1.255921,0.686289,-1.123582,-0.418540,1.327930,-0.995299,0.881313,0.506471,1.047983,0.547315,-1.260232,0.186619,-1.298679,1.196654,1.330702,0.339530,1.313288,-0.947462,-0.890699,-0.291628,-0.721243,0.358099,0.318263,-0.935659,-1.285642,-0.302682,-0.984127,-0.585336,0.521618,-1.179291,-0.699711,-1.322395,-1.308898,-0.836295"
DB12625,"-0.642965,-1.821205,-0.321738,0.773832,-0.085981,0.564420,0.039187,-0.256115,-1.245661,-0.322013,-1.276452,-0.596317,-0.619587,0.854794,1.967065,0.252711,0.473930,0.249307,-0.284392,-1.573562,-0.059880,1.573777,-0.974463,0.079728,-1.761620,-0.950057,0.010053,-0.005051,1.726287,-0.096467,0.360075,-0.327067,0.506672,0.463923,0.270252,-0.861813,-1.536016,0.040695,-0.176443,0.090529,0.763811,-1.126269,-0.386203,-0.429527,0.177943,-2.112251,0.142272,-0.271868,-0.109837,0.859413,-0.006908,-1.729135,0.962357,0.852954,-0.296047,-0.512583,-0.622715,1.332545,-0.648818,0.180096,-0.081563,-0.299225,-0.275013,-0.061271"
DB12279,"-0.503350,1.038222,-1.303700,-0.936242,-1.343607,-1.229165,0.664358,0.245633,0.037078,-0.121134,0.765614,0.757774,-0.788126,-1.296239,-0.157451,1.328262,0.981271,1.031112,-0.561566,-0.769968,-0.139200,-0.222771,-0.369951,1.186554,0.101114,0.501847,-0.777622,-0.723394,0.915000,0.891162,1.259632,0.689439,-1.131873,-0.419056,1.332609,-0.992826,0.885743,0.503084,1.055688,0.544990,-1.260725,0.179721,-1.303085,1.200206,1.335830,0.344123,1.317813,-0.955069,-0.903175,-0.285683,-0.713284,0.366202,0.310623,-0.929895,-1.289852,-0.308393,-0.985610,-0.585922,0.523926,-1.181111,-0.701529,-1.328028,-1.312320,-0.840148"
DB13097,"-0.521921,0.849413,-1.271394,-0.856280,-1.286500,-1.089104,0.702685,0.516309,0.179597,-0.069561,0.588427,0.765401,-0.823043,-1.180290,-0.059661,1.278213,0.923945,0.869867,-0.567899,-0.722773,-0.182399,-0.199832,-0.419467,1.189264,-0.061789,0.347751,-0.724136,-0.403986,0.954826,0.885925,1.252371,0.696367,-1.048411,-0.371579,1.283370,-0.948684,0.644311,0.510196,1.027435,0.261571,-1.091692,0.195830,-1.278399,1.154408,1.281265,0.205969,1.273276,-0.983130,-0.911494,-0.231090,-0.745836,0.231752,0.224450,-0.740086,-1.261990,-0.493346,-1.027127,-0.466562,0.412271,-1.060038,-0.628646,-1.282785,-1.204561,-0.870804"
DB12327,"1.303739,0.624778,0.214403,-0.286203,0.023825,0.424466,-0.618172,-2.583672,1.148460,-1.736988,-0.076582,-0.080292,0.209720,-0.119456,-0.608798,-0.030616,-1.374561,1.015061,-0.797291,1.365825,0.501874,0.294323,0.843432,-0.763935,1.163293,1.829309,0.066896,-0.751584,0.067269,-1.870831,-0.347633,-0.881960,0.188665,-0.849042,-0.012682,-0.129033,-1.351413,-1.279854,-1.131877,-0.947823,-0.591113,0.409710,0.165803,-0.686704,0.058040,0.290959,-0.055242,1.348654,1.492668,-0.101432,-1.527339,1.182590,-0.692205,0.462413,0.209939,1.967057,1.547479,0.189867,1.242376,0.246840,-2.204029,-0.007076,-0.627360,-1.153842"
DB11795,"-0.498668,1.036780,-1.300228,-0.933169,-1.339600,-1.224641,0.662536,0.240955,0.041517,-0.124030,0.763393,0.755143,-0.791330,-1.294842,-0.168185,1.324764,0.983790,1.037155,-0.553382,-0.771616,-0.143657,-0.226867,-0.375260,1.182021,0.091994,0.503274,-0.780243,-0.735986,0.920698,0.882221,1.256463,0.687012,-1.125758,-0.424211,1.328706,-0.995585,0.881778,0.506732,1.046143,0.542506,-1.266065,0.183343,-1.299454,1.197450,1.331554,0.341646,1.314435,-0.947701,-0.891907,-0.289871,-0.718430,0.357422,0.320518,-0.928659,-1.286549,-0.299780,-0.979888,-0.586825,0.523373,-1.179196,-0.705304,-1.323299,-1.308650,-0.841284"
DB12480,"-0.431301,0.854566,-1.162812,-0.773745,-1.174122,-0.938342,0.856718,0.533650,0.785000,0.086462,0.540390,0.532750,-0.726877,-1.157684,-0.280106,1.162090,0.954289,0.613532,-0.469871,-0.535767,-0.237575,-0.432873,-0.616072,1.090189,-0.058919,0.333356,-0.607446,-0.431442,0.881861,0.928629,1.144256,0.699081,-1.030949,-0.191520,1.177677,-0.586735,0.756208,0.543210,0.992291,-0.435156,-0.852364,0.400036,-1.167390,1.220646,1.169326,0.349597,1.162456,-0.957976,-0.825542,-0.348751,-0.597767,0.147653,-0.120972,-0.835145,-1.154367,-0.440808,-1.009190,-0.389046,0.440985,-0.958103,-0.474594,-1.165333,-1.000072,-0.814176"
DB12416,"-0.490026,1.145444,-1.346520,-0.920631,-1.390346,-1.292694,0.781372,0.362434,0.139072,-0.032222,0.718472,0.731480,-0.848522,-1.315230,-0.320636,1.371474,0.965398,1.049843,-0.659133,-0.797796,-0.260632,-0.376977,-0.461275,1.234095,0.033333,0.536320,-0.721236,-0.798930,0.876206,0.982128,1.304065,0.779379,-1.179052,-0.470521,1.378167,-1.007215,0.900100,0.417266,1.113963,0.403058,-1.317034,0.250505,-1.346228,1.285815,1.380414,0.354212,1.358737,-1.024874,-0.962145,-0.315904,-0.696833,0.401198,0.317244,-0.922154,-1.327135,-0.357382,-1.054654,-0.687453,0.629382,-1.266637,-0.674001,-1.374825,-1.345646,-0.823377"
DB11950,"-0.624501,-1.789465,-0.346168,0.725146,-0.116006,0.498458,0.068035,-0.224490,-1.184327,-0.324445,-1.224471,-0.597419,-0.634830,0.797963,1.872945,0.276952,0.482232,0.266955,-0.278875,-1.540108,-0.139881,1.470316,-1.025469,0.104417,-1.749713,-0.856011,0.002997,-0.135747,1.644927,-0.077610,0.387324,-0.274982,0.455989,0.415225,0.295107,-0.846370,-1.438278,0.042691,-0.159543,0.016676,0.709287,-1.046519,-0.407994,-0.398396,0.205030,-2.051285,0.169644,-0.292759,-0.151840,0.855969,-0.069561,-1.675279,0.844462,0.854187,-0.319608,-0.515695,-0.639128,1.245178,-0.621959,0.111714,-0.107488,-0.324238,-0.298212,-0.081743"
DB04863,"-0.514849,1.164475,-1.353266,-0.923181,-1.399499,-1.311726,0.790607,0.349713,0.120496,-0.064925,0.741878,0.750933,-0.841045,-1.322086,-0.307208,1.380556,0.970341,1.077985,-0.664850,-0.802065,-0.230149,-0.362127,-0.444313,1.238778,0.060666,0.530987,-0.746761,-0.776451,0.865865,0.990202,1.308325,0.793975,-1.196720,-0.468934,1.386141,-1.027373,0.894052,0.402863,1.127697,0.482930,-1.329971,0.241133,-1.353604,1.302740,1.389246,0.355341,1.367051,-1.030660,-0.982210,-0.295836,-0.703034,0.406370,0.327993,-0.927347,-1.333106,-0.350635,-1.068245,-0.686369,0.653568,-1.276887,-0.677666,-1.382947,-1.361738,-0.831581"
DB12174,"0.844093,-0.248051,-0.407930,-0.270707,-0.306135,-0.034618,-1.691678,1.172644,0.745004,-1.002291,1.177951,0.541182,0.136488,-0.201730,-0.081051,0.509381,0.948981,1.851068,-1.565883,-1.814018,-0.996661,1.839017,-0.358582,-0.174317,-0.575865,-0.326499,-0.970712,0.123122,0.182787,-0.925245,0.199908,-1.119255,1.118419,0.285932,0.495908,-1.555535,1.125433,0.591404,-0.635057,0.586497,-0.926628,-1.487871,-0.388782,-0.400765,0.432732,-0.506300,0.333905,0.755230,0.041750,0.866656,0.510516,-1.506168,2.832993,-1.756813,-0.237430,1.113461,0.010420,-0.643379,-1.182843,1.187900,0.056912,-0.535526,-0.797741,1.192625"
DB12638,"-0.498107,1.032966,-1.299017,-0.932708,-1.338229,-1.222412,0.658557,0.238391,0.037844,-0.125404,0.764037,0.757330,-0.788955,-1.295764,-0.163508,1.323610,0.983418,1.038013,-0.553565,-0.771463,-0.142608,-0.222364,-0.373401,1.180778,0.096060,0.501175,-0.780373,-0.741210,0.920733,0.880526,1.255542,0.684605,-1.124394,-0.422079,1.327486,-0.994775,0.880778,0.508083,1.044704,0.544469,-1.262576,0.183805,-1.298350,1.194239,1.330287,0.341247,1.313035,-0.946445,-0.889613,-0.290024,-0.719444,0.358490,0.318457,-0.929318,-1.285462,-0.299598,-0.980448,-0.585750,0.520324,-1.176873,-0.701380,-1.321937,-1.307457,-0.839225"
DB12920,"-0.496379,1.034802,-1.300254,-0.929224,-1.339387,-1.219748,0.665294,0.246178,0.049128,-0.124285,0.761131,0.754321,-0.790542,-1.295105,-0.167771,1.324986,0.980871,1.037286,-0.552675,-0.771424,-0.147107,-0.223659,-0.377982,1.181473,0.088727,0.500370,-0.777739,-0.735077,0.926467,0.881465,1.256825,0.688716,-1.123505,-0.422625,1.328946,-0.995673,0.874213,0.501123,1.047156,0.545450,-1.258867,0.184123,-1.299791,1.198362,1.331649,0.337846,1.314063,-0.949698,-0.893445,-0.286819,-0.721687,0.358001,0.323895,-0.931290,-1.286200,-0.302648,-0.984659,-0.584755,0.530500,-1.179072,-0.701632,-1.323520,-1.309850,-0.839618"
DB13005,"-0.498555,1.036989,-1.301035,-0.934365,-1.340414,-1.226423,0.663591,0.249451,0.037469,-0.123881,0.769825,0.756719,-0.786728,-1.298678,-0.168409,1.325771,0.982695,1.036571,-0.558463,-0.771031,-0.144853,-0.227520,-0.374539,1.182764,0.098211,0.500047,-0.783679,-0.737721,0.918440,0.885937,1.257372,0.690935,-1.127403,-0.418892,1.329609,-0.996492,0.886443,0.503819,1.052316,0.550761,-1.265212,0.187125,-1.300287,1.199920,1.332598,0.342920,1.315152,-0.949718,-0.894122,-0.287342,-0.720805,0.359787,0.316447,-0.938546,-1.287219,-0.305057,-0.985825,-0.590663,0.525618,-1.184506,-0.701471,-1.324183,-1.311426,-0.835878"
DB11891,"0.841734,-0.259561,-0.404641,-0.257074,-0.303506,-0.040120,-1.678945,1.135377,0.718023,-0.982816,1.135715,0.525806,0.145465,-0.203569,-0.064759,0.505318,0.891975,1.858629,-1.585101,-1.836847,-1.065422,1.825998,-0.378461,-0.182879,-0.555805,-0.335932,-0.929242,0.065775,0.216765,-0.921737,0.200647,-1.147042,1.127618,0.244453,0.492569,-1.529991,1.060549,0.519297,-0.644017,0.530761,-0.907420,-1.481712,-0.388013,-0.402871,0.429513,-0.518492,0.326764,0.739370,0.054825,0.930760,0.534009,-1.505198,2.837773,-1.728796,-0.236971,1.135917,0.038500,-0.646355,-1.218422,1.195456,0.057093,-0.531895,-0.736735,1.189925"
DB13104,"-0.499235,1.032040,-1.299567,-0.929728,-1.338433,-1.217792,0.662182,0.246749,0.049873,-0.123008,0.763226,0.757002,-0.787920,-1.295118,-0.163079,1.324073,0.981617,1.034405,-0.551574,-0.771371,-0.144788,-0.220909,-0.374663,1.181405,0.090234,0.497288,-0.778895,-0.731603,0.925204,0.881839,1.256137,0.687292,-1.123116,-0.417311,1.328036,-0.994590,0.876969,0.504804,1.046843,0.542433,-1.256997,0.184524,-1.298999,1.198494,1.330638,0.336659,1.313314,-0.949502,-0.892723,-0.292090,-0.723039,0.356298,0.322319,-0.934488,-1.285851,-0.303772,-0.983856,-0.582961,0.526998,-1.177843,-0.700301,-1.322577,-1.310336,-0.837486"
DB04348,"-0.829724,0.369607,-1.064809,-0.768400,-1.012455,-0.681412,0.168910,1.232275,-1.053146,-0.284055,0.010281,1.086418,-0.744565,-1.067076,0.610083,1.014617,0.769785,0.507421,-0.519192,-0.651012,0.373120,0.135763,-0.011040,1.198568,0.226325,0.202199,-0.957352,0.220952,0.697217,0.748208,1.148529,0.089550,-0.675762,-0.834530,0.998079,-0.830423,-0.192358,0.477126,0.574125,-0.227341,-0.898058,0.042581,-1.105013,0.586287,1.013011,0.101759,1.089172,-0.815435,-0.396063,0.394425,-0.255075,-0.213579,-0.437735,-0.420545,-1.144797,-0.918059,-0.652080,-0.308011,0.216151,-0.213902,-0.367130,-1.015236,-0.652232,-0.975920"
DB12582,"-0.540618,0.932661,-1.001746,-1.111210,-1.055639,-0.885655,0.334316,0.496306,0.501961,0.445787,1.309294,1.288032,-0.944037,-1.205298,-0.922564,1.017591,0.942158,1.105753,0.071858,-0.422961,-0.453986,-0.173843,-0.038925,1.032465,0.586212,-0.233079,-1.000945,-0.922866,-0.009878,0.664425,1.039885,0.349440,-1.089051,-1.370877,0.994959,-0.696589,0.704555,0.857400,0.990458,0.437181,-0.458391,0.345796,-0.960016,0.890609,1.022014,0.350974,1.058297,-0.876302,-1.149022,-0.383606,-0.429123,0.437614,-0.026520,-1.150917,-1.022101,-0.470269,-0.813918,-0.895398,-0.381048,-1.040007,-0.372036,-0.975760,-0.797637,-0.749778"
DB12890,"-0.705487,1.112259,-1.296039,-0.932768,-1.339011,-1.262519,0.739248,0.360351,0.024184,0.056134,0.675450,0.689753,-0.718723,-1.275439,-0.258027,1.311252,0.788166,0.921771,-0.683675,-0.702945,-0.177088,-0.322433,-0.198821,1.228235,0.110920,0.607497,-0.881095,-0.697689,0.834516,0.985761,1.262715,0.728981,-1.223325,-0.593107,1.315970,-0.895047,0.727016,0.299709,1.054196,0.525966,-1.259014,0.129767,-1.303655,1.283515,1.325655,0.276215,1.320255,-1.042051,-0.969375,-0.200307,-0.538584,0.341694,0.092803,-1.075326,-1.304467,-0.440771,-0.900296,-0.543643,0.628750,-1.112732,-0.705725,-1.316629,-1.277406,-0.829703"
DB12725,"0.914884,0.418852,0.263196,-0.436943,0.104523,0.392923,-0.600081,-2.576662,0.515607,-1.660638,0.028814,0.176382,0.357787,-0.138223,-0.044609,-0.123048,-1.158145,0.768195,-0.568862,1.250459,0.862161,0.315471,1.144448,-0.702962,1.254190,1.733236,-0.108883,-0.450577,0.243541,-1.798024,-0.373888,-1.015829,-0.020144,-1.009598,-0.109756,0.131550,-1.332117,-1.104260,-1.186639,-0.809948,-0.652064,0.220708,0.223693,-0.634569,-0.043233,0.314593,-0.096022,1.244734,1.397109,-0.330595,-1.400813,1.112860,-0.868939,0.438348,0.208500,1.820771,1.648665,0.501702,0.919979,0.461606,-2.233448,0.094059,-0.338666,-1.447350"
DB12637,"-0.497028,1.033962,-1.298170,-0.933020,-1.337348,-1.219052,0.657283,0.239734,0.041710,-0.120569,0.763365,0.756812,-0.787494,-1.294039,-0.162835,1.322770,0.982496,1.034010,-0.551473,-0.771018,-0.139247,-0.221898,-0.371580,1.179999,0.093732,0.498643,-0.779525,-0.738442,0.922447,0.881114,1.254351,0.685615,-1.123022,-0.419361,1.326695,-0.992597,0.884435,0.510408,1.045953,0.542471,-1.261449,0.185603,-1.297417,1.196137,1.329305,0.340924,1.312250,-0.946729,-0.889653,-0.300957,-0.719597,0.356707,0.322747,-0.931302,-1.284465,-0.299015,-0.980126,-0.580728,0.520739,-1.175360,-0.698477,-1.321214,-1.308871,-0.837451"
DB03523,"0.201835,0.090462,-0.892201,-0.222979,-0.834929,-0.504513,0.257682,0.521655,-0.593455,-0.203259,0.481392,0.576225,-0.493368,-0.443262,0.383675,0.908314,0.925099,0.752782,-1.280823,-1.104843,-0.372485,0.793856,-0.215558,0.584418,-0.079908,-0.812684,-0.891044,0.512173,1.000292,0.385489,0.838624,0.651663,-0.571660,-0.498887,0.910673,-0.894748,0.043313,0.503041,0.774170,1.186701,-0.502558,-0.574519,-0.913376,0.323926,0.888753,-0.350347,0.818789,-0.523845,-0.510747,-0.046577,-0.511905,-0.318401,1.122567,-0.615466,-0.827187,-0.535469,-0.732196,-0.073669,-0.306591,-0.620622,-0.245741,-0.914966,-0.985430,-0.492051"
DB12341,"-0.527033,0.938547,-1.282376,-0.850695,-1.306230,-1.177390,0.696954,0.385783,0.113278,0.111683,0.604211,0.663403,-0.916295,-1.170709,-0.227322,1.292499,0.900970,0.944743,-0.536900,-0.786641,-0.258509,-0.341135,-0.377309,1.185378,-0.195225,0.546814,-0.699559,-0.742983,0.802781,0.946252,1.255428,0.762589,-1.146858,-0.497542,1.300099,-0.975645,0.661204,0.358498,1.050511,0.367496,-1.098462,0.135713,-1.286608,1.206562,1.295339,0.134054,1.278951,-1.019811,-0.969157,-0.264967,-0.597703,0.222207,0.161278,-0.673564,-1.265870,-0.381954,-1.064900,-0.469916,0.505814,-1.230906,-0.633418,-1.299374,-1.259812,-0.768558"
DB13058,"-0.638192,-0.053771,-0.975921,-0.423107,-0.898865,-0.500310,0.553983,0.180292,0.502797,0.173534,0.272254,0.355335,-1.037530,-0.638619,0.516388,0.936067,0.960649,0.419425,-0.269530,-0.869781,-0.444821,0.188092,-0.302086,0.914462,-1.088888,0.207117,-0.664482,-0.552290,1.018218,0.677713,0.994755,0.616955,-0.873736,-0.169058,0.945056,-0.747185,-0.020600,0.551715,0.797201,0.198389,0.073613,-0.228845,-1.010516,0.747970,0.912108,-0.689759,0.909601,-0.938295,-1.034144,-0.610209,-0.693131,-0.571675,0.186719,0.258016,-0.967034,-0.507697,-1.055944,0.391995,-0.104549,-0.911993,-0.322068,-0.949477,-1.110884,-0.696125"
DB06195,"-0.500039,1.037054,-1.300343,-0.930233,-1.339501,-1.221962,0.664280,0.240561,0.048930,-0.123660,0.757684,0.754969,-0.793502,-1.292452,-0.167394,1.324691,0.983371,1.035280,-0.551969,-0.772715,-0.143431,-0.226160,-0.376854,1.182559,0.085853,0.501755,-0.777121,-0.730890,0.923484,0.882769,1.256601,0.687233,-1.125221,-0.424318,1.328708,-0.995651,0.878631,0.506645,1.046050,0.539363,-1.262871,0.181094,-1.299684,1.200247,1.331377,0.338454,1.314405,-0.949929,-0.894101,-0.294127,-0.719053,0.356305,0.325839,-0.924008,-1.286656,-0.301339,-0.980356,-0.583148,0.526079,-1.178578,-0.705371,-1.323362,-1.309381,-0.842722"
DB05482,"-0.553976,1.106617,-0.883653,-1.279829,-0.946566,-0.907902,0.475626,0.265228,0.014730,0.755826,1.330516,0.672824,-0.761352,-0.916702,-0.528578,0.910003,0.660089,0.744292,0.129695,-0.382213,-0.165005,-0.444735,-0.170388,1.015001,0.284104,-0.113633,-0.685274,-0.996424,0.395221,0.840068,0.905421,0.751313,-1.117829,-0.915464,0.884152,-0.527829,1.287727,1.135256,1.255556,0.484254,-0.964356,0.132699,-0.836507,1.185482,0.899219,0.427336,0.962616,-1.038982,-1.169926,-1.395740,-0.415773,0.626526,0.868772,-1.387970,-0.890599,-0.709395,-0.844160,-0.649432,-0.009482,-1.104923,-0.293767,-0.887053,-1.093343,-0.582485"
DB11830,"0.854438,-0.256592,-0.406803,-0.270932,-0.305162,-0.046665,-1.693249,1.186263,0.715136,-1.003343,1.164407,0.534339,0.148191,-0.192732,-0.066235,0.509035,0.929330,1.855066,-1.599438,-1.820402,-1.018260,1.829229,-0.362484,-0.180193,-0.568846,-0.347243,-0.953471,0.155204,0.180805,-0.921715,0.198449,-1.127499,1.130093,0.248467,0.495784,-1.556265,1.099658,0.542483,-0.634957,0.616324,-0.933002,-1.503429,-0.387671,-0.400372,0.432034,-0.516324,0.332146,0.754244,0.049552,0.900778,0.507420,-1.500109,2.866105,-1.756196,-0.236292,1.101444,0.031398,-0.654245,-1.210955,1.189748,0.052132,-0.535694,-0.777789,1.199611"
DB11903,"0.270821,-0.375992,0.170653,-0.196044,0.131890,0.908801,-0.602956,-1.698914,1.736207,-1.096887,0.085178,0.113674,-0.033293,-0.201760,0.375207,-0.094394,-0.661486,0.106391,0.150759,1.174258,0.599702,0.629920,1.128683,-0.444958,0.047994,1.420080,-0.411975,-0.029508,0.664329,-1.581033,-0.208717,-0.942948,-0.032146,-0.425942,-0.079248,0.156305,-1.621533,-0.854050,-1.123681,-0.742512,0.713885,-0.152481,0.091130,-0.620917,-0.051260,-0.569764,-0.071407,0.829971,0.798350,-0.393671,-1.025082,0.167384,-1.128227,0.827828,0.093986,1.319830,1.021534,1.530876,0.717077,0.597714,-1.709050,0.068358,-0.449616,-1.467314"
DB12914,"-0.754012,0.762083,-1.136755,-0.857186,-1.139563,-0.917982,0.416657,0.756690,0.273210,0.334225,0.170532,1.026714,-1.508346,-0.949306,-0.720275,1.103043,1.191847,1.134707,0.162455,-0.541475,0.239681,-0.069934,0.159437,1.193472,-0.065570,-0.006583,-1.014697,0.347711,0.654175,0.782220,1.181297,-0.080733,-0.705008,-1.184420,1.107602,-0.972622,-0.070591,0.358001,0.609372,-0.743233,-0.429964,0.308639,-1.145344,0.888294,1.107825,0.041221,1.130046,-0.882777,-0.598438,0.194773,-0.365079,-0.379194,-0.105833,0.133252,-1.164431,-0.419533,-0.994548,-0.284222,0.049481,-0.546517,-0.284648,-1.088290,-0.304804,-1.018233"
DB12445,"2.147710,-1.324701,1.291280,2.481282,1.309133,0.972615,1.724729,0.441269,2.181962,-0.686626,-1.948359,-2.360844,1.819660,1.821080,-0.688091,-1.275098,-0.536972,-2.099644,-0.452826,1.355534,-0.237514,-0.922277,-2.749029,-1.561757,0.219372,-2.018605,2.316185,2.236404,-1.196247,0.030935,-1.308225,1.425012,0.901771,2.657750,-1.219944,2.049967,-0.435664,0.238487,-0.199822,-2.953137,1.692519,2.248340,1.276797,-0.816429,-1.278446,1.412043,-1.431471,0.891383,1.346521,0.803700,-0.304660,-0.253182,-1.448208,0.687629,1.422421,-0.840603,0.159280,-0.434746,-0.018969,0.445995,1.872568,1.302120,1.802164,0.726029"
DB06819,"-0.285816,0.947455,-0.884451,-1.057588,-0.920715,-1.310605,0.559941,0.471678,-0.640970,0.404157,0.945747,0.068870,-0.805185,-1.117338,-0.442204,0.912686,0.643764,1.008459,-0.846565,-0.779842,-0.209075,-0.641767,-0.437868,0.927516,-0.547507,1.314079,-0.592287,-2.194592,0.611461,0.715559,0.892304,0.453735,-0.462058,0.159831,0.896201,-1.172850,0.598791,-0.185374,0.834818,0.757631,-1.249491,0.001463,-0.911036,0.901741,0.889808,-0.063796,0.917649,-0.789729,-0.830596,-0.424064,0.129568,-0.139688,0.675609,-0.416238,-0.861191,0.373438,-0.923710,-0.749391,0.278669,-0.577063,-0.361192,-0.941427,-0.958758,0.240049"
DB01933,"-0.502756,1.034336,-1.300029,-0.933001,-1.339017,-1.222356,0.664252,0.245646,0.038015,-0.121538,0.763405,0.759490,-0.790502,-1.295938,-0.164617,1.324260,0.982385,1.035734,-0.548747,-0.771759,-0.140600,-0.225331,-0.372702,1.182815,0.093533,0.499819,-0.780943,-0.733816,0.923116,0.883611,1.256760,0.686523,-1.125933,-0.423982,1.328154,-0.994546,0.876503,0.504163,1.048555,0.545323,-1.262291,0.184498,-1.299344,1.198710,1.331000,0.339229,1.313991,-0.949674,-0.894445,-0.291868,-0.720651,0.357322,0.320129,-0.930014,-1.286490,-0.303187,-0.983000,-0.584470,0.522493,-1.180172,-0.703226,-1.322645,-1.307984,-0.840551"
DB12923,"-0.083358,-2.081806,0.170635,0.228786,0.420625,0.806987,-1.117155,0.592248,-0.243293,0.789770,-0.270121,-1.229525,-0.391995,1.039023,1.011909,-0.250413,0.408435,0.222331,0.417095,-1.460659,-1.349732,0.837195,-0.524405,-0.372219,-2.457250,0.611622,0.300045,-0.634706,0.024155,-0.246846,-0.119929,-0.743189,0.962838,1.094392,-0.234148,-0.604540,-0.163249,-0.472791,-0.696941,-0.609342,0.816008,-1.536492,0.136176,-0.518717,-0.344838,-2.058890,-0.370923,0.079142,-0.110251,1.634813,1.063472,-2.470685,-0.194453,0.615428,0.241382,0.095425,-0.642451,0.926039,-1.227708,0.512329,0.681908,0.186813,-0.059312,1.587065"
DB12427,"1.262360,0.547092,0.231016,-0.340029,0.049533,0.345078,-0.547430,-2.707256,0.926032,-1.912658,0.050006,0.051482,0.257476,-0.116193,-0.471841,-0.057375,-1.252541,1.039423,-0.734615,1.324828,0.609495,0.324554,0.956143,-0.780088,1.231581,1.755360,-0.058650,-0.545290,0.087284,-1.924352,-0.360864,-0.959412,0.131174,-0.952029,-0.041642,-0.052437,-1.307334,-1.179821,-1.193866,-1.011206,-0.630414,0.445961,0.188792,-0.669270,0.026943,0.380779,-0.070580,1.353528,1.465978,-0.028050,-1.589554,1.123815,-0.699691,0.402507,0.212767,2.002753,1.597977,0.201349,1.040826,0.359918,-2.259414,0.024774,-0.448123,-1.407754"
DB12935,"-0.551033,-1.640774,-0.391398,0.778875,-0.171476,0.483114,0.078260,-0.225957,-1.122578,-0.535255,-1.109937,-0.397094,-0.567770,0.750730,1.869548,0.336222,0.528755,0.363323,-0.394995,-1.549514,-0.070542,1.628268,-1.023447,0.104477,-1.578249,-1.118081,-0.143967,0.246091,1.683855,-0.113192,0.404803,-0.224911,0.447022,0.281350,0.351561,-0.921752,-1.410155,0.076572,-0.117756,0.278478,0.606337,-1.082846,-0.449431,-0.326392,0.267724,-1.986142,0.223953,-0.257161,-0.159267,0.823222,-0.176809,-1.586991,1.212823,0.614861,-0.350764,-0.444871,-0.603402,1.199168,-0.578674,0.141567,-0.182863,-0.382666,-0.420370,-0.196829"
DB05814,"-0.259409,1.189318,-1.066606,-1.199599,-1.147596,-1.118023,0.629334,0.339953,0.378224,0.588389,1.317471,0.762341,-0.809575,-1.007058,-1.078660,1.114517,0.801379,1.136448,-0.165233,-0.437899,-0.333231,-0.482999,-0.302647,1.053763,0.246939,0.020841,-0.741131,-1.083495,0.292925,0.801388,1.052927,0.884973,-1.101483,-0.916181,1.103405,-0.658839,1.165542,0.870975,1.221390,0.254233,-1.098627,0.323757,-1.021902,1.318945,1.110457,0.459077,1.122309,-0.970290,-1.164056,-1.164355,-0.621324,0.536713,0.911083,-1.454576,-1.030009,-0.383295,-0.944788,-0.807427,0.074705,-1.183652,-0.351177,-1.100826,-1.255276,-0.533712"
DB13029,"-0.511929,1.163488,-1.352743,-0.922607,-1.398774,-1.310194,0.790453,0.350664,0.124098,-0.062803,0.742629,0.753872,-0.840631,-1.321986,-0.309817,1.379812,0.972260,1.078069,-0.662455,-0.801500,-0.233738,-0.362418,-0.444568,1.239198,0.058399,0.532270,-0.748722,-0.775715,0.865499,0.990345,1.308235,0.795101,-1.196299,-0.471428,1.385253,-1.025579,0.895980,0.406890,1.127801,0.479970,-1.327205,0.239663,-1.353181,1.303312,1.388225,0.356195,1.366550,-1.031212,-0.982661,-0.297228,-0.706633,0.404902,0.329150,-0.928386,-1.332803,-0.350601,-1.069851,-0.685945,0.650483,-1.277922,-0.676597,-1.381893,-1.359326,-0.832176"
DB12681,"-0.496930,1.035355,-1.300791,-0.935675,-1.340225,-1.227589,0.662294,0.243342,0.037361,-0.125281,0.769786,0.757984,-0.788269,-1.298499,-0.167023,1.325530,0.985204,1.039282,-0.556115,-0.771485,-0.145556,-0.228070,-0.375435,1.182559,0.098689,0.501045,-0.782566,-0.740397,0.916623,0.883639,1.257144,0.689526,-1.126715,-0.421223,1.329377,-0.996868,0.887624,0.507162,1.049537,0.549811,-1.267369,0.186478,-1.299980,1.197880,1.332339,0.343255,1.314905,-0.947577,-0.892379,-0.289418,-0.720361,0.360544,0.314986,-0.932923,-1.286846,-0.303315,-0.984800,-0.591130,0.522033,-1.183554,-0.702593,-1.323926,-1.309859,-0.837833"
DB12026,"-1.418910,0.436203,-0.614089,-0.677963,-0.570527,0.080680,-0.612862,0.646983,0.513869,0.969414,0.519482,2.463932,-2.049181,-0.835774,-1.128741,0.491872,1.199516,0.979561,2.190834,-0.172303,0.453920,0.805241,1.221775,1.002236,0.654148,-1.305917,-1.695111,1.212936,-0.401964,0.292104,0.802746,-1.471830,-0.382749,-2.230092,0.454223,-0.769115,-0.781345,1.132217,0.113339,-1.171669,1.305023,-0.064430,-0.584323,0.214761,0.513425,-0.378068,0.626148,-0.578507,-0.594592,1.158096,0.755781,-0.996887,-1.431657,0.597969,-0.738846,-0.189135,-0.657405,0.170087,-1.557645,0.053156,-0.104457,-0.407104,0.830462,-1.121476"
DB04796,"-0.528761,0.859878,-1.277694,-0.856592,-1.292494,-1.092129,0.709217,0.517216,0.252398,-0.068899,0.584439,0.764721,-0.827557,-1.187735,-0.070477,1.283461,0.923324,0.865544,-0.552739,-0.714658,-0.197738,-0.216953,-0.437296,1.196465,-0.082264,0.352977,-0.713166,-0.404757,0.966186,0.887946,1.259283,0.701218,-1.051807,-0.377938,1.289181,-0.939993,0.653748,0.511959,1.029232,0.211993,-1.082292,0.208018,-1.284473,1.170495,1.286835,0.205917,1.279819,-0.989962,-0.920699,-0.238044,-0.758499,0.235617,0.210565,-0.732783,-1.268150,-0.491064,-1.031026,-0.471355,0.425973,-1.061754,-0.646232,-1.288896,-1.206726,-0.885912"
DB12057,"-0.516349,0.978250,-1.299895,-0.883750,-1.317567,-1.158588,0.736046,0.508257,0.338713,-0.071992,0.607056,0.744470,-0.882357,-1.201718,-0.218462,1.308460,0.912020,0.903912,-0.545569,-0.681136,-0.102976,-0.240131,-0.416069,1.222692,-0.110325,0.384643,-0.756469,-0.388177,0.981638,0.870764,1.274725,0.719507,-1.067787,-0.429665,1.314001,-0.946518,0.648501,0.522397,1.042383,0.252986,-1.111917,0.180649,-1.302083,1.239362,1.312812,0.231215,1.306434,-0.995625,-0.949211,-0.249235,-0.694379,0.204596,0.257217,-0.764821,-1.287021,-0.454119,-1.065515,-0.429191,0.496283,-1.083991,-0.686939,-1.315097,-1.180929,-0.898980"
DB11904,"-0.556474,1.118731,-1.339140,-0.922074,-1.379282,-1.288179,0.772761,0.398015,0.031140,-0.087126,0.713234,0.780601,-0.843327,-1.321252,-0.241112,1.361805,0.954277,1.047357,-0.643748,-0.790876,-0.184885,-0.335613,-0.422090,1.241214,0.064579,0.516724,-0.767267,-0.728127,0.864983,0.978297,1.301425,0.761109,-1.181048,-0.463645,1.365679,-1.028334,0.839884,0.426465,1.111126,0.489908,-1.304486,0.227875,-1.340476,1.268736,1.369741,0.342377,1.353610,-1.021580,-0.967710,-0.247119,-0.699134,0.384940,0.274536,-0.889152,-1.325308,-0.392478,-1.058191,-0.659669,0.616865,-1.246062,-0.680594,-1.362437,-1.322864,-0.855621"
DB09280,"-1.915113,1.808784,-0.058227,-0.895454,-0.030434,-0.418949,-0.147183,0.542128,-0.908536,1.991973,0.827887,0.681869,-1.698644,-0.605393,-0.020906,-0.093465,0.114882,-0.748036,2.196829,0.297204,0.956646,-0.449747,1.390570,1.055434,-0.845926,-0.893398,-0.585607,0.907464,-0.017073,1.415536,0.313545,0.301452,-1.118948,-0.546920,-0.167818,-0.124100,0.966576,0.770300,1.245237,0.916512,1.178651,-1.168792,0.009366,1.754350,-0.119454,-0.589900,0.195053,-2.005941,-1.511422,-1.945047,1.261279,0.174815,-0.024204,0.068523,-0.284226,-1.746713,-0.892755,0.836056,0.596800,-1.002383,0.088762,0.128939,0.793414,-0.160541"
DB12229,"1.324427,0.536515,0.210685,-0.349681,0.026004,0.347635,-0.539325,-2.643319,1.043452,-1.906987,0.090658,-0.041678,0.291169,-0.136394,-0.539315,-0.030322,-1.187792,1.036103,-0.803239,1.328616,0.498474,0.279647,0.924382,-0.768018,1.200170,1.790234,-0.040191,-0.640697,0.141941,-1.931217,-0.341954,-0.918408,0.156244,-0.924567,-0.013613,-0.037981,-1.190194,-1.213175,-1.206908,-1.029508,-0.644745,0.455954,0.163910,-0.682693,0.054284,0.390998,-0.050331,1.364227,1.467859,-0.013534,-1.521583,1.121484,-0.677791,0.385465,0.196235,1.990577,1.573106,0.171919,1.133904,0.364656,-2.225532,-0.003425,-0.506130,-1.380129"
DB12515,"-0.549751,1.249821,-0.495069,-1.484383,-0.599305,-0.704511,0.204374,0.367547,0.627713,1.569220,2.098330,0.866054,-0.324791,-0.572112,-1.570588,0.544941,0.191824,0.734995,0.546382,-0.011305,-0.415442,-0.554074,0.190724,0.751495,0.795803,-0.714403,-0.356155,-1.481636,-0.199895,0.524633,0.566533,0.849029,-1.131472,-1.265554,0.486909,0.045583,1.540465,1.586700,1.304400,0.486343,-0.866147,0.367621,-0.399434,0.955183,0.514469,0.734163,0.626593,-0.867521,-1.472163,-2.070889,-0.024228,0.888346,1.151444,-2.014292,-0.507879,-0.616659,-0.568806,-1.077501,-0.629878,-0.797584,0.106331,-0.483341,-0.813454,-0.302657"
DB12085,"-0.491932,1.035968,-1.299550,-0.930513,-1.339031,-1.221937,0.660834,0.238598,0.040792,-0.127885,0.762178,0.751680,-0.789958,-1.294826,-0.167992,1.324589,0.982557,1.039140,-0.557030,-0.771656,-0.146460,-0.222749,-0.378259,1.179662,0.091285,0.501741,-0.778579,-0.740494,0.923991,0.878400,1.255618,0.685403,-1.121853,-0.424978,1.328534,-0.996616,0.879800,0.504163,1.044054,0.546630,-1.263474,0.182727,-1.298915,1.194751,1.331377,0.340861,1.313657,-0.945513,-0.888132,-0.285237,-0.717478,0.358896,0.325467,-0.930868,-1.285508,-0.297230,-0.979275,-0.587491,0.526033,-1.177019,-0.704423,-1.323140,-1.307890,-0.840260"
DB12235,"-0.881787,-0.907709,-0.100889,-0.935142,0.050838,0.400562,-0.193292,0.657870,0.365313,1.109776,0.765955,-0.127727,-0.173019,-0.132499,1.323985,-0.011218,0.432790,-0.878851,1.182026,0.029873,-0.039002,0.110773,-0.118961,0.436312,-0.254149,-0.631512,-0.224907,0.054208,0.728805,0.507548,0.276146,0.119178,-0.335949,0.599290,-0.033741,0.320982,0.803120,1.506609,0.674601,-0.118895,0.593355,-0.234282,-0.072498,0.049142,-0.056109,-0.459117,0.097873,-0.678737,-0.675766,-0.770415,-0.068715,-0.508506,-0.989995,-0.713780,-0.206372,-1.594476,-0.646368,0.577616,-1.007818,-0.086239,0.307668,0.037274,-0.066676,0.036236"
DB01685,"0.305843,0.585935,0.495832,0.829809,0.320217,-0.909083,1.062677,-0.098658,-1.345299,-0.448970,-0.270302,0.046489,0.952288,0.467158,-1.633879,-0.437861,-0.757469,0.033512,-0.182588,0.738918,0.223441,-0.766346,-0.302535,-0.354418,1.588570,-0.549393,1.033981,0.530474,-2.061344,0.553998,-0.464849,1.280382,-0.566190,0.107600,-0.454486,1.001417,-0.040062,-0.132473,0.487368,-0.054605,-0.274239,1.361532,0.536414,0.492973,-0.401655,1.739660,-0.434559,-0.050143,-0.162381,0.827562,-0.488368,1.287079,-0.257834,-0.704156,0.489049,-0.689751,0.264706,-1.747772,0.222287,-0.717153,0.708391,0.498493,0.480968,0.411841"
DB12036,"-0.503987,1.032318,-1.299492,-0.930669,-1.338250,-1.217950,0.663039,0.246515,0.047549,-0.121614,0.761165,0.759252,-0.789013,-1.295189,-0.161861,1.323672,0.981482,1.033700,-0.548812,-0.771822,-0.141568,-0.221826,-0.372981,1.182576,0.090618,0.499154,-0.778238,-0.732782,0.925297,0.882713,1.256409,0.686004,-1.124975,-0.420285,1.327596,-0.993632,0.873407,0.505576,1.046398,0.542636,-1.257346,0.184746,-1.298908,1.197991,1.330187,0.337092,1.313341,-0.950528,-0.894616,-0.295096,-0.722151,0.355798,0.319811,-0.930878,-1.286196,-0.304258,-0.982526,-0.582312,0.524703,-1.177019,-0.700589,-1.322049,-1.308274,-0.840009"
DB01791,"-0.512467,1.163815,-1.352892,-0.922835,-1.399014,-1.310458,0.790983,0.348465,0.122597,-0.063723,0.742700,0.753436,-0.840576,-1.321566,-0.308928,1.380038,0.971722,1.078233,-0.663601,-0.801686,-0.232716,-0.362145,-0.444512,1.239086,0.059448,0.531898,-0.748996,-0.776646,0.865170,0.990199,1.308253,0.794412,-1.195954,-0.470816,1.385513,-1.026108,0.895350,0.405950,1.127789,0.479995,-1.327996,0.239985,-1.353307,1.303448,1.388549,0.355577,1.366678,-1.031105,-0.982984,-0.296035,-0.705662,0.405292,0.329811,-0.928201,-1.332912,-0.350732,-1.069680,-0.685436,0.651655,-1.277870,-0.677210,-1.382220,-1.359848,-0.831970"
DB05137,"-0.530192,0.604596,-1.211429,-0.758588,-1.208028,-0.995492,0.760861,0.315190,0.310884,-0.067497,0.553568,0.556095,-0.904017,-1.033961,-0.008608,1.213106,0.949426,0.856754,-0.426571,-0.778486,-0.305638,-0.176404,-0.509669,1.109176,-0.402077,0.391542,-0.700994,-0.651606,0.976115,0.804849,1.193984,0.726191,-0.979053,-0.310824,1.220374,-0.928596,0.570055,0.497949,0.961652,0.116735,-0.854987,0.186142,-1.221591,1.116086,1.209254,-0.031131,1.193532,-0.954588,-0.957963,-0.283517,-0.836296,0.015909,0.252785,-0.479001,-1.189042,-0.429575,-1.119820,-0.284547,0.372074,-1.133874,-0.581653,-1.223182,-1.232682,-0.812467"
DB12459,"-0.500667,1.030660,-1.298488,-0.935920,-1.337561,-1.221930,0.657695,0.240595,0.030287,-0.120370,0.766546,0.763533,-0.787332,-1.296365,-0.160624,1.322813,0.983784,1.036214,-0.550737,-0.771412,-0.137320,-0.222712,-0.368344,1.181576,0.101865,0.496934,-0.782780,-0.738441,0.917826,0.882295,1.255253,0.683625,-1.124703,-0.421885,1.326616,-0.993800,0.881924,0.511192,1.047013,0.544965,-1.262633,0.186717,-1.297697,1.194972,1.329413,0.341375,1.312436,-0.946618,-0.890067,-0.298471,-0.719106,0.357624,0.315259,-0.929666,-1.285076,-0.302075,-0.981968,-0.583420,0.512599,-1.177541,-0.698018,-1.320965,-1.305266,-0.837685"
DB13044,"-0.588738,0.266138,-1.035241,-1.134209,-1.022237,-0.898023,0.154294,0.210230,-0.725509,-0.184566,0.899021,0.968962,-0.484066,-1.200474,0.723456,1.027602,1.073596,0.789308,-0.126818,-0.683852,0.265732,0.269371,0.036747,0.996963,0.568551,0.237219,-1.034537,-0.272102,0.835505,0.613293,1.041325,0.134426,-0.865000,-0.326049,1.018755,-0.869802,0.693984,0.931921,0.776088,1.105452,-0.921012,0.083725,-1.030592,0.671430,1.024522,0.245294,1.052291,-0.657167,-0.577050,-0.283638,-0.669624,0.071957,-0.319954,-0.974043,-1.077093,-0.529745,-0.696760,-0.269023,-0.305920,-0.661641,-0.549724,-1.002173,-0.795908,-0.789679"
DB05708,"-0.932811,0.801048,-0.839766,-0.798602,-0.846617,-0.324202,0.193864,0.017626,0.781497,0.706168,1.102785,1.392486,-1.186393,-0.683971,-0.836941,0.808979,0.864247,0.912261,1.185785,-0.715824,-0.148062,0.532065,0.173931,0.986702,0.177286,-0.617529,-1.007268,-0.177094,0.467786,0.413290,0.879234,-0.091300,-0.738305,-0.698131,0.784946,-0.855209,0.663075,1.608637,0.788238,-0.466137,-0.245162,-0.131098,-0.821463,0.845736,0.822750,0.021159,0.845308,-0.655684,-1.004873,-0.128404,0.345646,-0.460290,0.142718,-0.536804,-0.830580,-0.003606,-1.035072,-0.105423,-0.588192,-0.561519,-0.469946,-0.779127,-0.934131,-0.796473"
DB12361,"2.570326,0.416981,1.176591,1.486192,0.895762,0.232449,-0.145858,-2.863768,0.565639,-2.988896,-1.380256,-0.914085,1.141085,0.971955,-1.142406,-0.930537,-2.397839,0.261023,-0.857884,2.118560,-0.036580,-0.333166,-0.043633,-1.950023,1.154304,1.065354,0.918492,0.748214,-1.789564,-2.131427,-1.445040,-0.364393,1.336885,-0.279188,-0.891305,0.288300,-1.026307,-2.170904,-1.719734,-0.012399,-0.393874,1.415122,1.184853,-1.405704,-0.807128,1.176905,-1.078356,2.388628,2.462720,1.630080,-2.038588,1.959616,-0.186496,0.896454,1.316807,2.370772,2.262749,-0.968535,1.376712,0.224053,-1.450675,0.895437,0.408613,-0.575212"
DB12054,"2.087826,-0.133388,0.008246,0.579573,-0.060629,-0.307225,0.367444,0.481953,1.265907,-0.933894,-0.311355,-0.458544,0.230093,-0.731985,-0.252717,0.012809,0.604561,-0.385995,-1.246106,0.083953,-3.369257,-1.895141,-1.034509,-0.466371,0.380688,-0.350839,-0.499035,0.515513,-0.755878,-0.270746,-0.258041,-0.520924,1.681175,-1.659567,0.110137,0.601809,2.375516,-1.238629,-1.247563,-0.258318,-0.789924,1.100343,0.089870,-0.985363,0.091870,0.997462,-0.133981,1.038463,1.128270,2.156000,0.102981,1.144686,0.684112,0.250600,0.244772,1.523947,0.877830,-1.407190,0.033457,0.559194,1.076047,-0.065973,0.894374,-0.350010"
DB04879,"-0.552622,1.123111,-1.341257,-0.921472,-1.382039,-1.289778,0.778621,0.398225,0.036333,-0.084461,0.712435,0.772500,-0.846627,-1.317218,-0.250146,1.364597,0.958830,1.051463,-0.645296,-0.792765,-0.184586,-0.338985,-0.430091,1.241735,0.062809,0.519792,-0.772865,-0.723103,0.868262,0.980443,1.302505,0.765410,-1.179294,-0.465651,1.368594,-1.031683,0.844113,0.422866,1.111292,0.482613,-1.308926,0.227845,-1.342882,1.270352,1.372572,0.343651,1.355631,-1.021849,-0.964997,-0.250737,-0.695776,0.382297,0.283814,-0.888927,-1.326373,-0.390426,-1.062481,-0.659369,0.627656,-1.247818,-0.677812,-1.365433,-1.326701,-0.852998"
DB12730,"-0.491267,1.038395,-1.299823,-0.931684,-1.339491,-1.224467,0.661309,0.237553,0.034890,-0.126927,0.761232,0.751736,-0.791710,-1.294953,-0.169556,1.324914,0.982073,1.039667,-0.556742,-0.771618,-0.145441,-0.226362,-0.377801,1.180096,0.091006,0.502235,-0.778309,-0.742929,0.922222,0.880097,1.255780,0.686552,-1.122594,-0.427218,1.328856,-0.997302,0.883273,0.503925,1.046141,0.548003,-1.267201,0.183276,-1.299199,1.195922,1.331791,0.342165,1.314074,-0.945697,-0.888740,-0.286103,-0.715930,0.360620,0.327561,-0.927928,-1.285585,-0.297108,-0.980181,-0.587047,0.525516,-1.178900,-0.704476,-1.323530,-1.309052,-0.840969"
DB12843,"-0.343641,0.448497,-1.188745,-0.744445,-1.154843,-0.861005,0.529730,0.950483,0.750058,0.152460,0.341935,0.657371,-0.942943,-0.885391,-0.255160,1.151359,0.677520,0.561593,-0.401114,-0.534597,-0.459519,-0.280775,-0.480705,1.118493,-0.446898,0.330793,-0.557773,0.082470,0.850884,0.745844,1.215491,0.706397,-0.881371,-0.308181,1.163410,-0.700172,0.395716,0.518841,0.847356,-0.830095,-0.835974,0.217516,-1.191519,1.033264,1.153789,0.010191,1.152538,-0.936704,-0.851996,0.246264,-0.802334,-0.122024,-0.260502,-0.395759,-1.178732,-0.588029,-0.977806,-0.297420,0.007835,-0.923597,-0.693066,-1.179361,-0.916272,-0.806671"
DB11662,"-0.499831,1.037230,-1.300070,-0.932188,-1.339470,-1.224276,0.660433,0.237266,0.043088,-0.126463,0.763272,0.754913,-0.790088,-1.295482,-0.164857,1.324649,0.985045,1.036300,-0.557703,-0.773590,-0.144586,-0.225391,-0.376374,1.181951,0.092679,0.503814,-0.779076,-0.737101,0.919264,0.882641,1.256225,0.685739,-1.126940,-0.422664,1.328583,-0.995946,0.885148,0.510275,1.045282,0.540203,-1.265387,0.182838,-1.299379,1.196757,1.331366,0.342573,1.314397,-0.948434,-0.892064,-0.292131,-0.717431,0.358367,0.320255,-0.928457,-1.286660,-0.300435,-0.978609,-0.588036,0.524142,-1.178542,-0.704347,-1.323180,-1.309866,-0.841469"
DB12013,"-0.517203,0.945278,-1.283888,-0.853059,-1.308730,-1.182618,0.700244,0.378616,0.122533,0.110026,0.610724,0.656971,-0.914097,-1.173390,-0.237375,1.295056,0.902814,0.951718,-0.548184,-0.788402,-0.264399,-0.347251,-0.383332,1.184621,-0.193439,0.550913,-0.698539,-0.759582,0.802084,0.945873,1.256140,0.766050,-1.144955,-0.499478,1.302602,-0.979103,0.671059,0.355922,1.052752,0.368864,-1.103329,0.144574,-1.288150,1.208087,1.297866,0.136816,1.280644,-1.018024,-0.966971,-0.266985,-0.597149,0.224425,0.163510,-0.677431,-1.266369,-0.376013,-1.069199,-0.478112,0.513663,-1.236237,-0.631852,-1.302070,-1.261033,-0.765982"
DB12381,"-0.512108,1.034753,-1.301329,-0.934814,-1.340183,-1.225448,0.666278,0.251754,0.035687,-0.119941,0.767898,0.764789,-0.787639,-1.299192,-0.162497,1.325212,0.983307,1.033562,-0.551434,-0.772684,-0.138535,-0.227180,-0.370155,1.186006,0.099904,0.499035,-0.783315,-0.735330,0.920499,0.890336,1.258490,0.690050,-1.131607,-0.417669,1.328987,-0.994908,0.878935,0.504934,1.055024,0.551014,-1.263252,0.186777,-1.300651,1.201905,1.331921,0.340304,1.315291,-0.953938,-0.900023,-0.293291,-0.724271,0.359025,0.312913,-0.935777,-1.288343,-0.310465,-0.987766,-0.589013,0.520358,-1.186154,-0.700405,-1.323397,-1.310702,-0.837818"
DB04468,"-0.511255,1.048165,-1.306763,-0.937289,-1.346855,-1.241325,0.675665,0.246377,0.026103,-0.119736,0.765097,0.758336,-0.798643,-1.298556,-0.174796,1.330908,0.985808,1.038070,-0.553791,-0.775303,-0.146206,-0.239442,-0.374340,1.190765,0.093376,0.509527,-0.785458,-0.733864,0.914692,0.899844,1.262756,0.695279,-1.139814,-0.430110,1.334919,-0.997269,0.888379,0.498891,1.061222,0.540908,-1.272733,0.179494,-1.306101,1.209322,1.338644,0.347486,1.321392,-0.958664,-0.906947,-0.274653,-0.718046,0.366159,0.317584,-0.926120,-1.293197,-0.310842,-0.988459,-0.597216,0.526959,-1.196051,-0.712994,-1.330097,-1.311566,-0.847922"
DB11674,"-0.619131,0.863162,-1.273913,-0.913436,-1.288119,-1.129881,0.685808,0.605783,-0.089215,-0.234834,0.612488,0.727884,-0.691657,-1.254775,0.089313,1.282057,0.908464,0.891319,-0.605580,-0.682529,-0.028296,-0.160290,-0.348619,1.209371,0.017778,0.450756,-0.824283,-0.396524,0.966116,0.926657,1.261052,0.698793,-1.038086,-0.263334,1.283790,-0.974880,0.711040,0.424375,1.050184,0.521044,-1.119720,0.179258,-1.285056,1.159950,1.286707,0.252961,1.288892,-0.992384,-0.903984,-0.094905,-0.746427,0.301700,0.134218,-0.980206,-1.278459,-0.562374,-1.024155,-0.495974,0.530177,-1.017733,-0.606331,-1.284710,-1.207451,-0.844572"
DB05786,"-0.490381,1.039433,-1.301212,-0.933404,-1.341016,-1.225504,0.663068,0.243037,0.032344,-0.125031,0.769352,0.752972,-0.792382,-1.297729,-0.170059,1.326455,0.984264,1.037990,-0.556586,-0.772538,-0.147818,-0.230444,-0.376536,1.181628,0.092388,0.499997,-0.781966,-0.733534,0.917786,0.883563,1.256752,0.688872,-1.125177,-0.424081,1.330344,-0.999188,0.891256,0.505446,1.051665,0.550872,-1.267822,0.184353,-1.300333,1.200634,1.333386,0.342490,1.315473,-0.947936,-0.891763,-0.285306,-0.714602,0.360448,0.325624,-0.932194,-1.286619,-0.298841,-0.984480,-0.588703,0.526272,-1.186801,-0.705413,-1.325124,-1.312609,-0.838801"
DB11669,"-0.501198,1.031769,-1.298755,-0.931758,-1.337686,-1.218675,0.659503,0.240815,0.046770,-0.122048,0.761348,0.758524,-0.788658,-1.293947,-0.162330,1.323008,0.982790,1.034286,-0.549793,-0.771165,-0.140592,-0.221000,-0.372755,1.181364,0.092650,0.499365,-0.778587,-0.735640,0.923109,0.880845,1.255456,0.685360,-1.123767,-0.420582,1.326955,-0.992855,0.877825,0.509586,1.044262,0.538557,-1.259577,0.184214,-1.298100,1.195798,1.329547,0.338791,1.312646,-0.947925,-0.891473,-0.298023,-0.721560,0.355873,0.319766,-0.929394,-1.285364,-0.301831,-0.979961,-0.582296,0.520621,-1.175304,-0.700791,-1.321427,-1.307670,-0.839630"
DB12100,"1.332896,-0.204945,0.252010,1.510029,0.221388,-0.396797,0.966910,-0.218696,1.540865,-0.664972,-1.030016,-0.866882,-0.082079,0.402660,-0.648674,-0.212998,-0.094856,-0.868679,-0.305626,0.435036,-1.046794,-0.891844,-1.582841,-0.512099,-0.892808,-0.564705,0.676117,0.835462,-0.879802,0.052900,-0.361243,0.621248,0.527214,0.407606,-0.182869,0.277804,0.096195,-0.168058,-0.271366,-0.042327,0.685642,1.115418,0.263619,-0.402676,-0.199118,0.448275,-0.348324,0.497947,0.580156,0.979398,-0.030781,0.024571,-0.143651,1.426317,0.395492,0.592798,0.005460,-0.360452,-0.198510,-0.213956,0.546341,0.215569,0.956791,-0.297878"
DB12579,"-0.526238,1.155658,-1.349839,-0.927085,-1.395103,-1.309700,0.774906,0.354913,0.107430,-0.060058,0.729654,0.741726,-0.844738,-1.321616,-0.301008,1.376487,0.964026,1.070816,-0.645379,-0.792085,-0.214735,-0.357806,-0.437039,1.240662,0.045926,0.545005,-0.766375,-0.732244,0.854049,0.994986,1.307058,0.784255,-1.192922,-0.471113,1.381562,-1.029872,0.878440,0.396751,1.118936,0.480753,-1.321873,0.227181,-1.351153,1.308512,1.385192,0.350649,1.365143,-1.037030,-0.976097,-0.281705,-0.689908,0.389811,0.315728,-0.947255,-1.332487,-0.362213,-1.058558,-0.675523,0.648255,-1.261609,-0.673815,-1.378475,-1.359745,-0.822442"
DB12071,"0.737327,0.447005,0.228959,-0.424497,0.077915,0.373002,-0.565278,-2.378057,0.531071,-1.533464,0.029445,0.222992,0.322734,-0.178848,-0.061286,-0.098128,-1.152752,0.671883,-0.520672,1.256347,0.946529,0.271607,1.171381,-0.622223,1.213199,1.713669,-0.133235,-0.362934,0.226134,-1.655464,-0.329772,-0.926853,-0.106827,-0.890454,-0.086117,0.105949,-1.355156,-1.114937,-1.078276,-0.780860,-0.625681,0.180950,0.187345,-0.547004,-0.019233,0.268954,-0.064302,1.138125,1.281861,-0.304668,-1.360880,1.086798,-0.959212,0.394594,0.167733,1.682897,1.532557,0.558974,0.972851,0.369118,-2.192898,0.069768,-0.411252,-1.387254"
DB09199,"-1.231950,-1.558599,-0.184899,0.417757,0.053343,0.733179,-0.163058,0.080362,-1.269028,0.120984,-1.594762,-0.139762,-1.373868,0.895997,1.702658,0.055894,0.834182,0.373306,0.965631,-1.122431,1.070095,1.543167,0.033119,0.268719,-1.785425,-1.420914,-0.365280,1.541330,1.517244,0.119335,0.310381,-1.161622,0.753436,-0.148639,0.066659,-0.998003,-1.944971,0.078387,-0.315132,-0.625239,1.576915,-0.863405,-0.239720,-0.430301,-0.022625,-2.130636,0.019105,-0.419495,0.049596,0.980249,0.289953,-2.168976,0.738817,1.857262,-0.230622,-0.768491,-0.759973,1.708524,-0.780741,0.648065,0.496266,-0.062848,0.903947,-0.351010"
DB06370,"-0.439243,0.668808,0.679160,0.346401,0.550913,-0.620527,0.641945,-0.270359,-1.504208,1.279270,0.543642,-0.275892,1.123663,1.087950,-1.879907,-0.627845,-1.127388,-0.146989,0.720189,-0.007424,0.558054,-0.312773,0.023021,-0.183616,0.728610,-0.481999,1.616806,-1.432158,-0.271896,0.224991,-0.571109,1.504615,-0.498546,1.303564,-0.690609,0.840080,0.258823,0.619080,0.674785,0.960919,-0.811056,0.095388,0.698689,0.317961,-0.660659,0.951163,-0.607967,-0.279374,-0.736357,-1.576078,1.052229,0.649637,1.183971,-0.645394,0.660184,-0.305670,-0.211247,-0.813857,0.538792,-0.196922,0.584844,0.685261,-0.036966,1.316720"
DB09027,"0.382794,0.093474,0.319237,1.164418,0.208198,-0.596660,0.956326,0.331044,-1.202673,-0.895737,-1.176221,0.554054,0.634602,0.366742,-0.949930,-0.306164,-0.404558,0.018060,-0.262607,0.612837,0.569791,-0.662653,-0.547478,-0.341600,1.392910,-0.343708,0.743745,0.989277,-2.119474,0.499382,-0.313358,0.786638,-0.231326,-0.292550,-0.300251,0.566391,-0.789487,-0.390293,0.181599,-0.062955,0.094810,1.675864,0.349347,-0.052952,-0.272689,1.466746,-0.340165,0.257843,0.337333,1.625885,-0.865938,1.004249,-1.364986,0.337273,0.337143,-0.655779,0.157898,-1.735485,-0.105062,-0.725276,0.616839,0.364639,0.870318,-0.082719"
DB08382,"-0.609906,-1.793945,-0.342224,0.723695,-0.113390,0.489692,0.077841,-0.251951,-1.184865,-0.296349,-1.215922,-0.630920,-0.631228,0.802109,1.845918,0.273828,0.478040,0.280432,-0.307476,-1.551415,-0.182301,1.437201,-1.043750,0.097630,-1.754953,-0.815500,0.013417,-0.246797,1.625735,-0.076120,0.384778,-0.264334,0.458114,0.398636,0.292254,-0.844317,-1.436675,0.013391,-0.169154,-0.014528,0.711058,-1.027296,-0.405149,-0.395931,0.201694,-2.056681,0.164329,-0.293929,-0.143836,0.847191,-0.050259,-1.682667,0.796686,0.885422,-0.314059,-0.498008,-0.659380,1.228767,-0.626441,0.092415,-0.086154,-0.322073,-0.288773,-0.056407"
DB11694,"-0.504794,1.040271,-1.302066,-0.932953,-1.341544,-1.228671,0.666414,0.246035,0.049977,-0.127291,0.769464,0.753162,-0.788279,-1.299136,-0.168750,1.326683,0.984998,1.037182,-0.562033,-0.773312,-0.148321,-0.228874,-0.376798,1.184473,0.094917,0.508625,-0.781400,-0.741593,0.918285,0.888315,1.258478,0.693895,-1.133115,-0.415917,1.330521,-0.996044,0.887547,0.505757,1.051175,0.548916,-1.265426,0.185291,-1.301472,1.200716,1.333399,0.345261,1.316454,-0.953118,-0.899192,-0.287681,-0.723004,0.360545,0.312132,-0.936302,-1.288783,-0.305417,-0.984789,-0.595118,0.531311,-1.185558,-0.702956,-1.325085,-1.315070,-0.838799"
DB06235,"-0.880270,1.165193,-0.934727,-0.914083,-0.973367,-0.581770,0.164711,-0.052489,0.718155,0.599803,1.299631,1.447019,-1.079931,-0.901638,-1.054979,0.922170,0.929438,1.047917,0.997445,-0.681484,-0.070530,0.396030,0.145707,1.037772,0.468005,-0.444832,-1.095770,-0.244167,0.411293,0.529329,0.945151,0.021800,-0.883609,-0.784029,0.899142,-0.863826,1.070757,1.526383,0.894322,-0.114662,-0.604108,-0.111921,-0.904054,1.010623,0.947348,0.308577,0.965446,-0.697788,-1.037559,-0.270507,0.223982,-0.152475,0.236033,-1.005874,-0.923715,0.104008,-0.919575,-0.387381,-0.452109,-0.715679,-0.621254,-0.892453,-1.071787,-0.784731"
DB12307,"-0.555843,1.122807,-1.340411,-0.924397,-1.381163,-1.292156,0.773845,0.397358,0.030737,-0.086096,0.714972,0.780924,-0.841607,-1.320507,-0.245325,1.363351,0.958126,1.052527,-0.648514,-0.795055,-0.185999,-0.336111,-0.422891,1.241654,0.071132,0.521063,-0.772270,-0.732027,0.859975,0.980894,1.302198,0.762232,-1.184410,-0.470229,1.367218,-1.030589,0.842869,0.425009,1.112071,0.498073,-1.308260,0.228134,-1.341851,1.270647,1.371375,0.345768,1.354901,-1.022995,-0.969782,-0.249894,-0.692981,0.383786,0.273700,-0.892298,-1.326556,-0.391676,-1.058775,-0.664061,0.620295,-1.248647,-0.678352,-1.363797,-1.321852,-0.853008"
DB05129,"-0.497164,1.041556,-1.301219,-0.932616,-1.340930,-1.227624,0.666016,0.244207,0.039905,-0.124839,0.763958,0.751944,-0.788942,-1.296030,-0.172952,1.326081,0.981456,1.037634,-0.558805,-0.771190,-0.144454,-0.228556,-0.378028,1.182424,0.093303,0.504556,-0.778997,-0.743701,0.922142,0.885777,1.257470,0.693697,-1.128132,-0.423803,1.329976,-0.996029,0.883460,0.501533,1.052204,0.553577,-1.267348,0.184499,-1.300661,1.200505,1.332968,0.344505,1.315500,-0.950758,-0.896202,-0.286612,-0.720164,0.361855,0.322791,-0.934274,-1.287218,-0.303160,-0.984207,-0.590416,0.529303,-1.184288,-0.703368,-1.324627,-1.312612,-0.838340"
DB12526,"-0.726555,-0.354008,-0.754972,-0.271845,-0.617160,0.168245,0.157110,0.575718,1.392843,1.019463,-0.252825,0.127547,-1.035285,-0.554459,0.841113,0.651001,0.640200,-0.671303,-0.218074,-0.573465,-0.633790,0.108499,-0.160138,0.875535,-1.545462,0.353714,-0.347755,-0.591778,1.151207,0.653998,0.854459,0.368388,-0.823297,-0.349232,0.666985,-0.286620,-0.772366,0.506330,0.681319,-0.323159,0.992421,-0.529777,-0.815755,0.330683,0.629163,-1.202686,0.684395,-1.000105,-0.999979,-0.943126,0.191694,-0.835094,-0.701215,0.643508,-0.815995,-0.898802,-0.767108,1.087755,0.034711,-0.539436,-0.238372,-0.676350,-0.885544,-0.458971"
DB12290,"-0.514978,1.164784,-1.353141,-0.923061,-1.399307,-1.311582,0.791340,0.349306,0.120652,-0.065028,0.742552,0.751587,-0.840919,-1.321637,-0.307810,1.380404,0.970235,1.078172,-0.663341,-0.801962,-0.230846,-0.361852,-0.443936,1.238763,0.060274,0.530723,-0.747185,-0.775993,0.866070,0.990216,1.308241,0.794133,-1.196530,-0.469236,1.385959,-1.027386,0.894544,0.403649,1.127788,0.482936,-1.329475,0.240642,-1.353494,1.302930,1.389049,0.355554,1.366902,-1.030661,-0.982312,-0.296129,-0.703601,0.406359,0.329118,-0.927510,-1.333000,-0.351047,-1.068830,-0.686433,0.653155,-1.276975,-0.677515,-1.382752,-1.361441,-0.831718"
DB11805,"-0.342188,0.987761,-1.022517,-1.277095,-1.092456,-1.052349,0.499787,0.355176,0.113158,0.530957,1.299610,0.728612,-0.665639,-0.980514,-0.837705,1.066692,0.718978,1.115253,-0.118126,-0.447932,-0.248441,-0.330676,-0.221125,1.009159,0.350364,0.030413,-0.743006,-1.301868,0.413466,0.677652,1.016018,0.771776,-1.068846,-0.903959,1.052985,-0.636868,1.055968,0.971050,1.143168,0.510145,-1.127860,0.301293,-0.980037,1.090800,1.061775,0.522158,1.076664,-0.848854,-1.057846,-1.011193,-0.569557,0.544563,0.763802,-1.475555,-1.001008,-0.412902,-0.853696,-0.800013,-0.069009,-1.027854,-0.380144,-1.046111,-1.189847,-0.586888"
DB05095,"2.249959,-0.593006,1.280660,2.611187,1.207040,0.525780,1.872608,0.207918,3.086025,-0.936047,-2.076052,-2.053832,1.556059,1.616662,-1.577220,-1.251338,-0.662231,-2.031358,-0.005143,1.917919,-0.165781,-1.787831,-2.858033,-1.603368,0.219658,-1.097333,2.251723,2.543683,-2.101939,0.243288,-1.379872,1.227686,0.963424,2.229380,-1.179664,2.290700,0.256470,-0.130629,-0.366836,-3.442014,1.422643,3.071101,1.322536,-0.444451,-1.216206,2.212096,-1.398819,1.085253,1.525041,1.777843,-0.727322,0.310881,-1.999574,0.762335,1.445360,0.203419,0.448736,-1.164027,-0.302871,0.252987,1.765826,1.278885,2.230829,0.301040"
DB11651,"-0.492862,1.033231,-1.299172,-0.932677,-1.338386,-1.220691,0.659034,0.240917,0.040660,-0.124647,0.767438,0.756839,-0.788399,-1.296015,-0.163017,1.324088,0.984615,1.036922,-0.555457,-0.772349,-0.143975,-0.222295,-0.373985,1.180181,0.093602,0.496323,-0.781910,-0.733686,0.920355,0.879874,1.255060,0.684795,-1.122069,-0.420174,1.327992,-0.996497,0.885216,0.509477,1.045905,0.544675,-1.260808,0.185211,-1.298344,1.197222,1.330686,0.339534,1.313183,-0.946087,-0.888708,-0.295719,-0.718244,0.356843,0.323451,-0.931824,-1.285090,-0.299235,-0.982544,-0.583222,0.522715,-1.178206,-0.700815,-1.322558,-1.308795,-0.837302"
DB13070,"0.272317,-0.325162,0.192833,-0.192982,0.140952,0.876174,-0.566357,-1.805895,1.516622,-1.100764,0.101822,0.052385,0.050797,-0.166968,0.440045,-0.113235,-0.731438,0.090475,0.108627,1.162202,0.615807,0.602519,1.196097,-0.453720,0.155296,1.410021,-0.333049,-0.164308,0.679421,-1.557522,-0.235034,-0.848159,-0.067035,-0.424617,-0.099754,0.221602,-1.559767,-0.887895,-1.094393,-0.666190,0.569601,-0.198840,0.112339,-0.588064,-0.066182,-0.525068,-0.085744,0.823731,0.819321,-0.533533,-0.993439,0.279628,-1.028513,0.817477,0.116113,1.305885,1.056069,1.499616,0.803851,0.553648,-1.758550,0.083602,-0.548108,-1.422226"
DB05424,"-0.561852,0.997839,-1.290722,-0.939698,-1.324792,-1.214150,0.650866,0.284879,-0.065952,-0.139990,0.746589,0.798482,-0.788438,-1.301278,-0.100391,1.310089,0.970100,1.012039,-0.533960,-0.769740,-0.099192,-0.202222,-0.344171,1.191228,0.119602,0.491679,-0.803793,-0.705837,0.909105,0.886892,1.254766,0.658141,-1.131358,-0.424962,1.312228,-0.998704,0.827841,0.525549,1.046042,0.576820,-1.243915,0.174539,-1.290596,1.172962,1.316790,0.335323,1.305283,-0.951277,-0.898480,-0.239219,-0.714589,0.345908,0.252412,-0.907657,-1.284547,-0.353501,-0.977026,-0.578916,0.477612,-1.168074,-0.705108,-1.306278,-1.272343,-0.860406"
DB08811,"0.864382,0.731016,0.121776,-0.332900,-0.061023,0.199852,-0.351952,-2.419550,1.138811,-1.710838,0.022279,-0.060878,0.362210,-0.172415,-0.582328,0.040486,-1.288600,0.902321,-0.909808,1.280303,0.588811,0.261654,0.909488,-0.596424,1.299999,1.690548,0.037671,-0.651357,0.176314,-1.572336,-0.238960,-0.600921,-0.059554,-0.702656,0.059161,-0.042162,-1.163817,-1.231977,-0.866983,-0.827760,-0.738898,0.433020,0.072330,-0.417330,0.132767,0.366253,0.033011,1.087490,1.105507,-0.129733,-1.568913,1.173104,-0.707110,0.086744,0.099248,1.537955,1.369214,0.060702,1.333085,0.083549,-2.189415,-0.082313,-0.770515,-1.198178"
DB01645,"-1.019241,0.750070,-0.339608,-1.092603,-0.385499,-0.158439,-0.648527,0.320531,0.267582,1.386187,2.050544,2.320456,-1.023915,-0.683645,-2.053015,0.311487,0.533732,1.072601,2.172374,-0.088782,-0.035997,0.687203,1.063223,0.708112,1.403406,-1.449299,-1.450308,-0.269423,-0.836717,-0.019444,0.490508,-0.722437,-0.664660,-1.860405,0.237561,-0.349549,0.598722,2.070083,0.567337,-0.064389,0.438092,0.128931,-0.254709,0.263282,0.331407,0.421605,0.424462,-0.330265,-1.080557,0.169014,1.063026,-0.267683,-0.557746,-1.235870,-0.411893,0.193516,-0.465559,-0.518977,-1.878447,-0.113768,-0.122871,-0.203188,0.176132,-0.564364"
DB13036,"0.333392,-0.105665,-0.692651,-0.231612,-0.606984,-0.023572,0.182568,1.031949,0.121139,-0.136268,0.233974,0.383796,0.016167,-0.446302,0.462338,0.696512,0.725653,0.369751,-1.012975,-0.712631,0.056234,0.896136,-0.457858,0.423789,0.324580,-1.168186,-0.690845,0.209662,1.354707,0.228484,0.682368,0.507045,-0.230896,0.117638,0.702094,-0.371250,0.020053,0.757564,0.681602,0.221552,-0.158687,-0.015986,-0.717122,0.099755,0.668802,-0.021325,0.622568,-0.384085,-0.185585,-0.322330,-0.432861,-0.335679,0.542318,-1.231412,-0.648434,-0.795270,-0.733829,0.068060,-0.228478,-0.031528,0.214384,-0.688377,-0.355005,-0.350291"
DB11860,"-0.537941,1.116695,-1.341203,-0.934006,-1.383292,-1.296257,0.771468,0.369768,0.040458,-0.075619,0.731465,0.768715,-0.832318,-1.316719,-0.248942,1.364998,0.975695,1.061814,-0.637206,-0.797551,-0.184199,-0.331244,-0.433625,1.237249,0.081881,0.527104,-0.780171,-0.739860,0.854578,0.984898,1.301800,0.775592,-1.185687,-0.471675,1.369287,-1.027440,0.860148,0.426285,1.114042,0.501537,-1.310268,0.229772,-1.342229,1.275821,1.373493,0.350981,1.355130,-1.021350,-0.965613,-0.275707,-0.698669,0.394212,0.275499,-0.925784,-1.325726,-0.388027,-1.065608,-0.671041,0.617706,-1.254703,-0.674790,-1.365792,-1.330299,-0.830100"
DB12752,"-0.828617,-1.863217,0.202529,-0.286322,0.434032,0.254310,0.002575,0.219768,-2.281563,1.627504,-0.746634,-1.843004,-1.036456,0.555802,1.461708,-0.339084,0.121253,-0.487817,0.334743,-0.969644,-0.350824,-0.683195,-0.376253,0.176291,-3.211130,2.294895,0.629498,-3.011538,0.073781,0.441036,0.023695,-0.497596,0.488059,0.942770,-0.352704,-0.820264,-1.502466,-1.052926,-0.319902,-0.002774,1.010092,-0.903159,0.120309,-0.434533,-0.448077,-2.299279,-0.323034,-0.576890,-0.570608,0.370038,1.931691,-2.289391,-1.434323,2.436531,0.142377,-0.156725,-0.895456,1.378905,-0.871796,0.203818,0.757369,0.289253,0.551285,1.542861"
DB04847,"-0.845908,0.657074,-1.108981,-0.844355,-1.098742,-0.852397,0.299652,0.919316,-0.083883,0.333282,0.019222,1.121609,-1.487838,-0.911090,-0.563067,1.065619,1.093065,1.063858,0.260526,-0.531803,0.462273,-0.004538,0.268786,1.219944,-0.023097,-0.012555,-1.044228,0.444311,0.589316,0.729037,1.169625,-0.178123,-0.672514,-1.196735,1.065679,-0.964012,-0.249439,0.441405,0.538637,-0.769856,-0.442095,0.273261,-1.120292,0.827285,1.063993,0.004898,1.101009,-0.854973,-0.525187,0.275514,-0.232694,-0.467100,-0.224810,0.267591,-1.151190,-0.482214,-0.930290,-0.163239,0.059191,-0.453919,-0.271122,-1.047416,-0.202286,-1.046331"
DB11841,"0.933094,-0.237866,-0.410903,-0.286438,-0.311142,-0.087870,-1.725469,1.291143,0.728948,-1.041961,1.211237,0.539836,0.164512,-0.212882,-0.148833,0.517934,0.938602,1.886672,-1.715766,-1.823474,-1.043078,1.821011,-0.396117,-0.187540,-0.570981,-0.320297,-0.989528,0.120462,0.090074,-0.950952,0.196826,-1.098876,1.145203,0.232954,0.504872,-1.578123,1.149262,0.542120,-0.649816,0.659351,-0.965892,-1.514900,-0.388567,-0.410404,0.440025,-0.484327,0.338874,0.781455,0.049516,0.851722,0.489369,-1.493465,2.883157,-1.803402,-0.234062,1.106430,0.058046,-0.717802,-1.223606,1.193199,0.049023,-0.547655,-0.792085,1.247290"
DB05501,"-0.532542,-0.097857,0.099765,-0.750737,0.216229,0.418234,-1.571910,1.357068,0.648520,0.841536,1.210878,0.679306,-0.584011,-0.044899,-0.466902,-0.114976,0.804682,1.046094,0.537154,-1.111027,-0.310535,0.818336,0.414573,-0.035171,-1.166917,0.005323,-0.814378,-1.008424,-0.377069,-0.425250,-0.093659,-1.611473,0.957884,-0.419069,-0.168978,-1.103681,0.491897,0.286656,-0.271692,0.829149,0.332113,-1.226438,0.140815,-0.410233,-0.204689,-1.047960,-0.097332,0.218307,-0.820156,0.017923,1.362286,-1.537507,1.824294,-0.619993,0.129020,0.790731,-0.095931,-0.363676,-1.929192,1.081127,0.567172,0.128908,0.284683,1.369618"
DB12193,"-0.005114,-0.264935,0.129122,-0.214353,0.084637,0.837177,-0.514231,-1.557608,1.690811,-0.879610,0.122160,0.094401,0.099913,-0.236325,0.398317,-0.063822,-0.686398,-0.019085,0.044849,1.090601,0.609441,0.562881,1.197614,-0.331286,0.199903,1.393206,-0.392001,-0.257737,0.803452,-1.347159,-0.160422,-0.706773,-0.200295,-0.414369,-0.049865,0.282436,-1.516616,-0.899313,-0.922223,-0.531601,0.578246,-0.265966,0.043901,-0.478517,-0.016874,-0.584311,-0.027760,0.654192,0.605074,-0.618749,-0.922092,0.260960,-1.064629,0.663414,0.042050,1.090592,0.928053,1.532715,0.927039,0.448603,-1.640480,0.034542,-0.656762,-1.289591"
DB12005,"-1.361957,1.165445,0.058883,-0.943157,0.050065,-0.446493,-0.490592,0.538124,-0.253983,2.287907,1.352382,1.275357,-1.555810,-0.283655,-1.965691,-0.134070,0.181169,0.689708,2.239439,-0.223104,0.589495,-0.004585,1.272661,0.624892,-0.462581,-0.346003,-0.662524,-0.956123,-0.188926,0.240872,0.134875,-0.684320,-0.248737,-0.763544,-0.211122,-0.459151,-0.132041,0.879601,0.460777,0.377652,0.501699,-0.755193,0.118324,0.498860,-0.165819,-0.342775,0.024520,-0.685889,-1.146326,-0.834048,1.973234,-0.727226,0.550839,0.172713,-0.045092,0.680329,-0.620888,-0.123159,-1.086719,0.349877,-0.009301,0.195337,0.814029,0.479240"
DB11999,"-0.485737,1.038194,-1.299340,-0.927249,-1.339034,-1.219021,0.659592,0.234845,0.042538,-0.126959,0.755582,0.748272,-0.795094,-1.291081,-0.170839,1.324542,0.981204,1.039175,-0.555658,-0.772527,-0.149627,-0.223295,-0.380081,1.178365,0.082975,0.501880,-0.775645,-0.733278,0.924418,0.876144,1.254983,0.682793,-1.119375,-0.429792,1.328652,-0.996745,0.878169,0.504166,1.040939,0.535233,-1.262711,0.178784,-1.298734,1.195755,1.331445,0.338702,1.313479,-0.944934,-0.886097,-0.282086,-0.711641,0.357604,0.334246,-0.925085,-1.284964,-0.291950,-0.975276,-0.583125,0.528303,-1.174417,-0.707197,-1.323454,-1.307624,-0.843081"
DB12218,"-0.961153,1.014974,-1.076788,-0.997634,-1.082867,-1.009574,0.345671,0.595561,-0.611764,0.157035,0.698030,0.820361,-0.950565,-1.242062,0.072086,1.056542,0.732237,0.621326,-0.124235,-0.591051,0.134935,-0.254265,0.045952,1.230155,-0.010528,0.432249,-0.899912,-0.414210,0.564653,0.953016,1.113731,0.400633,-1.153546,-0.702098,1.037043,-0.880606,0.606078,0.583007,0.993452,0.653815,-0.853779,-0.082085,-1.071668,1.153503,1.058258,0.177741,1.131388,-1.093089,-0.953743,-0.148302,-0.226771,0.210624,-0.048963,-0.757688,-1.142305,-0.727288,-0.813238,-0.380908,0.494964,-0.998158,-0.600561,-1.050494,-0.945200,-0.829470"
DB04960,"-0.500167,1.032727,-1.298943,-0.933082,-1.337972,-1.220746,0.659722,0.241496,0.039687,-0.123726,0.764299,0.758772,-0.788154,-1.295896,-0.162395,1.323373,0.982753,1.035563,-0.551305,-0.771138,-0.139902,-0.222183,-0.372250,1.181305,0.095075,0.499806,-0.780819,-0.738302,0.921729,0.881285,1.255507,0.685457,-1.123995,-0.420257,1.327243,-0.994169,0.880651,0.508483,1.045979,0.544177,-1.261360,0.185151,-1.298252,1.195511,1.329986,0.340134,1.312962,-0.947236,-0.891179,-0.295129,-0.720789,0.357228,0.319264,-0.930827,-1.285420,-0.301317,-0.981066,-0.583599,0.520722,-1.177402,-0.700912,-1.321720,-1.308035,-0.838974"
DB05187,"-0.379472,1.058663,-1.051906,-1.253424,-1.127344,-1.093870,0.520066,0.320548,0.097610,0.597990,1.367050,0.895194,-0.797795,-1.095203,-0.920449,1.094244,0.798223,1.168464,-0.110921,-0.506912,-0.322936,-0.335413,-0.112085,1.048146,0.492403,0.020523,-0.860587,-1.199998,0.260714,0.776013,1.051327,0.673993,-1.146230,-1.002651,1.078647,-0.710801,1.032799,0.934004,1.179087,0.479693,-1.008309,0.345890,-1.011455,1.131539,1.095406,0.499935,1.104391,-0.902632,-1.109316,-0.814645,-0.473758,0.515369,0.529021,-1.457764,-1.036713,-0.381172,-0.932171,-0.820509,-0.147110,-1.126541,-0.341139,-1.067902,-1.130047,-0.582937"
DB12340,"-0.487125,1.035769,-1.299496,-0.930460,-1.339056,-1.221760,0.660181,0.239717,0.041289,-0.128281,0.765266,0.750460,-0.789177,-1.295528,-0.168117,1.324870,0.982915,1.039474,-0.560105,-0.771569,-0.148579,-0.222502,-0.378365,1.178693,0.091221,0.499163,-0.780121,-0.738212,0.922806,0.877973,1.255166,0.686415,-1.120421,-0.423083,1.328817,-0.997787,0.883789,0.504027,1.044843,0.547893,-1.262803,0.183538,-1.298840,1.195623,1.331642,0.340457,1.313585,-0.944779,-0.886694,-0.286387,-0.717364,0.359082,0.327846,-0.933344,-1.285040,-0.296572,-0.981182,-0.586696,0.528087,-1.177851,-0.703317,-1.323505,-1.309907,-0.837924"
DB11960,"-0.439070,-1.071932,-0.445262,-0.369100,-0.289629,-0.150095,0.128607,0.694882,-0.280816,1.599333,-0.631699,-1.099753,-1.101567,0.151195,0.430328,0.305673,0.228395,-0.428871,0.206143,-0.480867,-0.972556,-0.799116,-0.652993,0.558429,-1.926710,1.038437,0.270652,-1.348884,0.293277,0.778800,0.614850,0.421396,-0.413064,0.181202,0.339007,-0.163125,-0.203939,-0.264574,0.302621,-1.541317,0.506331,-0.326068,-0.474278,0.293585,0.277640,-1.236002,0.311573,-0.905244,-0.459115,0.502592,0.573870,-1.051232,-2.074094,1.228618,-0.482838,-0.952506,-1.019229,0.645610,-0.424210,-0.815820,-0.005437,-0.361365,0.024840,0.320947"
DB09048,"-2.101105,1.636054,0.756955,-1.311776,0.737638,0.211893,-0.643625,0.693133,-0.220640,4.359364,1.923823,0.523112,-1.135502,0.510438,-1.645279,-0.872254,-0.710259,-0.737776,3.472150,0.556664,1.026773,-0.700812,1.708949,0.495730,-0.940952,-1.137347,0.149208,-1.351003,-0.551283,0.704290,-0.457299,0.270614,-0.719429,-0.678442,-0.996472,0.408776,0.829627,1.372221,1.179574,1.604208,1.132365,-1.212070,0.894348,0.925334,-0.964389,-0.681605,-0.583151,-1.433199,-1.851569,-3.826375,2.698228,0.253660,1.222760,-0.179707,0.584744,-0.845396,-0.729665,0.392567,-0.464760,-0.198291,0.794109,0.951825,1.021546,1.077989"
DB12671,"-0.502921,0.986462,-1.289128,-0.909771,-1.321448,-1.168202,0.667880,0.287884,0.151819,-0.133882,0.741844,0.738203,-0.799083,-1.274673,-0.140207,1.310118,0.973215,0.988391,-0.501140,-0.750921,-0.150287,-0.196717,-0.393585,1.173857,0.029126,0.456798,-0.784075,-0.677280,0.980738,0.858948,1.248645,0.687094,-1.090425,-0.378175,1.314482,-0.967391,0.862645,0.532378,1.041154,0.446854,-1.193686,0.182092,-1.289626,1.191371,1.316291,0.303174,1.300331,-0.946176,-0.891212,-0.300304,-0.763434,0.322490,0.333877,-0.913390,-1.274558,-0.329699,-0.998272,-0.530336,0.522949,-1.158538,-0.704697,-1.310221,-1.301993,-0.855106"
DB00616,"2.103541,-0.126826,-0.006575,0.507114,-0.069581,-0.234007,0.330668,0.528296,1.503029,-0.876438,-0.285304,-0.432080,0.224786,-0.784343,-0.243627,0.022476,0.669418,-0.439050,-1.252197,0.104063,-3.386866,-1.923178,-1.061772,-0.446597,0.419370,-0.375122,-0.507197,0.380757,-0.688852,-0.273240,-0.240786,-0.570198,1.696586,-1.690498,0.123496,0.631830,2.392604,-1.193446,-1.235414,-0.358923,-0.755995,1.077667,0.075563,-0.988489,0.104028,0.956091,-0.118594,1.034078,1.118007,2.036238,0.145555,1.161668,0.614544,0.224806,0.226195,1.501243,0.850893,-1.355505,0.060518,0.576599,1.054662,-0.078357,0.873182,-0.298801"
DB09223,"0.490593,0.330955,1.317801,1.282279,1.116257,0.422093,0.505519,-1.606533,-0.141306,-1.431828,-1.513835,-0.651968,1.900245,1.264690,-0.686314,-1.232635,-2.486504,-0.898120,-0.567896,2.192839,1.825242,-0.509090,0.738568,-1.387865,1.798734,1.142070,1.582865,0.756698,-1.491840,-0.816292,-1.377526,0.725703,-0.178075,0.731031,-1.210663,1.529371,-1.860066,-1.887087,-0.648444,-0.435321,-0.039303,1.024053,1.293879,-0.379348,-1.145593,1.238978,-1.195461,1.084072,1.295995,0.079810,-1.618050,1.981772,-1.719872,0.360772,1.247970,0.121548,1.612790,-0.286119,1.823124,-0.256513,-0.912294,1.220768,0.338315,0.006334"
DB09232,"0.242154,-1.377934,-0.240319,-0.318015,-0.074844,0.311301,-0.075269,0.763930,0.226016,1.627523,-0.724469,-1.432358,-0.791969,0.063929,0.393323,0.098509,0.317257,-0.726057,-0.151359,-0.550116,-2.072357,-1.186557,-0.992551,0.265624,-1.759638,1.045753,0.548271,-2.336843,0.286320,0.368703,0.387542,-0.172638,0.380445,-0.133964,0.157292,0.229026,0.197777,-0.586386,-0.405442,-2.196997,0.515486,-0.189303,-0.245027,-0.355826,0.077530,-1.283377,0.087608,-0.505992,-0.101028,0.640110,0.916668,-0.927149,-2.118856,1.194972,-0.241319,-0.478858,-0.526591,0.493378,-0.418591,-0.248711,0.408083,-0.172820,0.364430,0.735098"
DB06199,"-0.556267,0.987789,-1.280222,-0.955433,-1.311087,-1.235520,0.580641,0.370188,-0.238194,-0.149510,0.685141,0.795332,-0.867719,-1.298804,-0.124167,1.294227,0.994301,0.987720,-0.566176,-0.767515,-0.091631,-0.231840,-0.298118,1.208165,0.070268,0.574468,-0.853143,-0.661011,0.819257,0.887083,1.254003,0.587186,-1.126637,-0.587144,1.293884,-1.007614,0.734782,0.509707,0.994507,0.506583,-1.261504,0.143280,-1.283721,1.159798,1.303000,0.341716,1.303817,-0.947931,-0.856611,-0.160630,-0.642370,0.260554,0.209048,-0.839758,-1.286378,-0.371528,-0.920865,-0.581020,0.478504,-1.094721,-0.712981,-1.294228,-1.251657,-0.892519"
DB04849,"-0.555756,0.997972,-1.286568,-0.938030,-1.320226,-1.209662,0.645376,0.278106,-0.077492,-0.146069,0.736573,0.784028,-0.794807,-1.294801,-0.092023,1.306101,0.967251,1.006040,-0.526667,-0.762557,-0.090010,-0.202510,-0.346068,1.187353,0.106612,0.492406,-0.801935,-0.690862,0.916065,0.878371,1.250158,0.652211,-1.120726,-0.421100,1.308294,-0.997531,0.829356,0.529276,1.035519,0.563231,-1.246919,0.163330,-1.286540,1.165979,1.312704,0.333867,1.301897,-0.943753,-0.886446,-0.233102,-0.702547,0.341560,0.260212,-0.891009,-1.280000,-0.348495,-0.968708,-0.561247,0.481139,-1.153737,-0.709283,-1.302828,-1.266620,-0.866676"
DB12645,"0.437984,-0.151069,-0.431381,-0.371524,-0.334551,0.038531,-1.392081,1.173041,0.780356,-0.610975,1.153926,0.569916,-0.019844,-0.157969,-0.131478,0.507296,0.947760,1.616281,-0.928188,-1.663526,-0.900012,1.520359,-0.219138,-0.029190,-0.688248,-0.280951,-0.851479,0.301440,0.237845,-0.589775,0.269632,-1.006661,0.875303,0.093106,0.492060,-1.389791,0.984231,0.459065,-0.338177,0.511399,-0.715547,-1.323465,-0.413789,-0.195110,0.436528,-0.563952,0.371014,0.449484,-0.334012,0.819075,0.451883,-1.417312,2.655254,-1.676410,-0.286347,0.866104,-0.142410,-0.542422,-1.120173,0.950059,0.123596,-0.527454,-0.836510,1.023731"
DB09200,"-1.231722,-1.585158,-0.168756,0.397556,0.069838,0.738449,-0.173912,0.012460,-1.399530,0.159182,-1.670297,-0.247817,-1.380104,0.909776,1.746404,0.039180,0.838424,0.370248,0.972796,-1.139078,1.109864,1.526514,0.028409,0.266063,-1.821640,-1.379515,-0.327974,1.339161,1.552623,0.141448,0.300384,-1.209768,0.805258,-0.130477,0.050273,-1.002531,-1.933768,0.028914,-0.338007,-0.710395,1.603708,-0.849736,-0.227763,-0.461043,-0.039870,-2.152224,0.001763,-0.421183,0.119170,0.922561,0.361787,-2.170782,0.740017,1.903495,-0.217127,-0.782286,-0.768185,1.719718,-0.767606,0.679011,0.552048,-0.047024,0.974026,-0.300762"
DB13874,"-2.456399,0.912449,0.497034,-1.085309,0.544848,0.646609,-1.208238,0.478485,-0.354822,3.217489,1.687875,2.356929,-1.695210,-0.010419,-1.467338,-0.675077,-0.090667,-0.013469,4.183499,0.206143,1.218561,0.538472,2.126791,0.590124,0.359159,-1.741584,-1.215992,0.005573,-0.930947,0.116646,-0.193330,-1.486450,-0.457770,-2.007095,-0.796127,0.021446,-0.429163,2.222181,0.461270,0.125538,1.541362,-0.938394,0.628530,0.234554,-0.703073,-0.585884,-0.373713,-0.699572,-1.443728,-1.014954,2.615286,-0.895660,-0.182392,0.076114,0.283588,0.105246,-0.223532,0.510413,-2.158937,0.533550,0.172202,0.796016,1.374015,0.043614"
DB11723,"-0.519213,-1.764565,-0.359988,0.724881,-0.135137,0.480763,0.093508,-0.232115,-1.112917,-0.369098,-1.167373,-0.589980,-0.587873,0.768468,1.814507,0.296643,0.486452,0.282000,-0.380968,-1.518579,-0.222862,1.437431,-1.100467,0.097319,-1.718957,-0.876743,-0.011135,-0.160832,1.592650,-0.096816,0.395252,-0.228906,0.470844,0.313882,0.315289,-0.854342,-1.394274,0.012784,-0.172255,0.032785,0.673091,-1.000497,-0.420067,-0.369803,0.226496,-2.026149,0.187155,-0.277921,-0.149620,0.802259,-0.087771,-1.631906,0.861936,0.777304,-0.326375,-0.479398,-0.627698,1.193152,-0.619155,0.108807,-0.124961,-0.346542,-0.333978,-0.074923"
DB12185,"-0.501920,1.030147,-1.298609,-0.933215,-1.337507,-1.218913,0.658616,0.243362,0.039466,-0.120856,0.765047,0.761729,-0.786424,-1.295952,-0.159531,1.322920,0.982815,1.034522,-0.550820,-0.771519,-0.139197,-0.220546,-0.369659,1.181562,0.097939,0.496472,-0.780941,-0.735999,0.921305,0.882299,1.255400,0.684545,-1.124099,-0.418338,1.326781,-0.993392,0.879036,0.509436,1.046524,0.543226,-1.259057,0.186280,-1.297943,1.195767,1.329426,0.339023,1.312472,-0.948033,-0.891093,-0.298405,-0.721154,0.356634,0.317198,-0.932707,-1.285269,-0.303221,-0.982292,-0.582654,0.517875,-1.176388,-0.697690,-1.321168,-1.307389,-0.837182"
DB12412,"-0.604609,-1.792019,-0.346759,0.724529,-0.119215,0.494388,0.085540,-0.276980,-1.186459,-0.314934,-1.196027,-0.615270,-0.624463,0.797320,1.866846,0.279740,0.493712,0.283931,-0.309598,-1.559623,-0.187396,1.441923,-1.036747,0.100742,-1.757024,-0.812848,0.015142,-0.188501,1.605281,-0.064439,0.387586,-0.257045,0.447214,0.391697,0.297629,-0.854609,-1.424948,0.024144,-0.158894,0.040081,0.719017,-1.025164,-0.409676,-0.392897,0.207292,-2.058851,0.169897,-0.297776,-0.165658,0.842615,-0.052216,-1.685105,0.809541,0.869778,-0.318128,-0.491184,-0.652830,1.232149,-0.616402,0.087107,-0.085004,-0.327263,-0.319316,-0.061531"
DB11708,"0.156747,0.201556,-0.941233,-0.236980,-0.888945,-0.588210,0.363298,0.598903,-0.514422,-0.183160,0.433080,0.616933,-0.545965,-0.494893,0.310117,0.956253,0.920958,0.778218,-1.342200,-1.112623,-0.418575,0.654519,-0.274370,0.657356,-0.109322,-0.763740,-0.832006,0.461963,0.934222,0.472096,0.894723,0.708600,-0.623239,-0.552545,0.959491,-0.921577,0.037576,0.447377,0.821127,1.079695,-0.558243,-0.493886,-0.964384,0.417023,0.937899,-0.334996,0.871150,-0.594557,-0.583928,-0.073785,-0.486530,-0.274251,1.042909,-0.531529,-0.876058,-0.591290,-0.804742,-0.153366,-0.202755,-0.677480,-0.242988,-0.965181,-1.001584,-0.534062"
DB03619,"-0.432972,0.744816,-1.203381,-0.820223,-1.206965,-0.993684,0.544265,0.661803,-0.292696,-0.187510,0.476039,0.765398,-0.644221,-1.136788,0.113200,1.208234,0.899236,0.862292,-0.745181,-0.765774,-0.043354,-0.026426,-0.362611,1.123527,0.125204,0.216238,-0.769675,-0.473375,0.957037,0.822161,1.196700,0.596923,-0.888509,-0.449438,1.209725,-0.919056,0.545488,0.454311,0.931642,0.341588,-1.100082,0.167834,-1.219043,0.958194,1.209911,0.251808,1.206331,-0.893077,-0.694203,-0.213759,-0.602164,0.208269,0.247839,-0.878187,-1.202528,-0.603504,-0.934713,-0.510404,0.391000,-0.821533,-0.455841,-1.211840,-1.055395,-0.772576"
DB08486,"-0.495799,1.034457,-1.301076,-0.932099,-1.340272,-1.223896,0.664084,0.245196,0.047078,-0.125625,0.767495,0.756482,-0.790110,-1.296774,-0.166498,1.325830,0.985738,1.037827,-0.556413,-0.772467,-0.147929,-0.225675,-0.377330,1.182336,0.091683,0.498609,-0.782237,-0.731026,0.919787,0.882958,1.257158,0.689125,-1.124687,-0.419669,1.329779,-0.997940,0.883994,0.505623,1.048310,0.543280,-1.262245,0.184700,-1.300379,1.200433,1.332546,0.338560,1.314957,-0.949004,-0.892730,-0.291141,-0.721574,0.357321,0.321882,-0.932191,-1.286910,-0.303584,-0.986048,-0.587100,0.527495,-1.182515,-0.702696,-1.324424,-1.311483,-0.837791"
DB12151,"-0.615420,1.041241,-1.312769,-0.909101,-1.340037,-1.229921,0.686394,0.546251,-0.109182,-0.090368,0.561766,0.813480,-0.897873,-1.268167,-0.192433,1.320706,0.956069,0.971912,-0.647178,-0.785699,-0.138816,-0.319348,-0.354237,1.263424,0.031603,0.541439,-0.805995,-0.567554,0.808302,0.975589,1.294190,0.641166,-1.129972,-0.612241,1.322205,-1.007604,0.662621,0.408095,1.009965,0.267186,-1.276110,0.204817,-1.321608,1.219497,1.328660,0.314695,1.331752,-1.019202,-0.897314,-0.157419,-0.624395,0.238588,0.204509,-0.758008,-1.316390,-0.475496,-0.989117,-0.622917,0.566746,-1.079669,-0.633103,-1.325747,-1.228435,-0.897970"
DB11712,"-1.205750,1.058646,-0.880502,-0.799918,-0.850257,-0.756135,0.166951,0.663918,-0.131119,0.563331,0.341334,0.997035,-1.542636,-1.144591,-0.036591,0.787705,0.964971,0.468694,0.739528,-0.348285,0.296913,-0.167141,0.516988,1.213757,-0.342482,-0.022962,-0.975227,0.411630,0.377919,1.125095,0.997803,-0.039552,-0.976574,-1.079965,0.770597,-0.842749,0.197183,0.241813,0.789864,0.345828,0.230398,-0.289531,-0.871911,1.182866,0.793459,-0.282722,0.915469,-1.335596,-0.959834,-0.047351,0.139188,-0.135850,-0.671665,0.038209,-0.997222,-0.914091,-0.961431,0.051329,0.359969,-0.825287,-0.327186,-0.770107,0.004131,-0.769096"
DB03566,"-0.535684,1.164298,-1.355166,-0.928959,-1.401782,-1.323551,0.774128,0.327793,0.109139,-0.073286,0.750181,0.749335,-0.849643,-1.323861,-0.299425,1.382160,0.983622,1.083763,-0.660440,-0.811288,-0.238063,-0.360913,-0.429845,1.248749,0.057692,0.549821,-0.750764,-0.737456,0.869276,0.997767,1.312445,0.779841,-1.203630,-0.476791,1.386445,-1.031438,0.874861,0.410823,1.125613,0.486212,-1.333225,0.228948,-1.357841,1.312644,1.391215,0.364292,1.370670,-1.046721,-0.983330,-0.261748,-0.693312,0.392301,0.342114,-0.920678,-1.337864,-0.362211,-1.071778,-0.689659,0.648575,-1.259027,-0.667280,-1.385525,-1.375744,-0.834834"
DB12025,"0.146984,0.071650,-0.889807,-0.257546,-0.830951,-0.494809,0.239326,0.542316,-0.624338,-0.210703,0.486922,0.610261,-0.443304,-0.470940,0.450162,0.902778,0.916143,0.730512,-1.229119,-1.084653,-0.297512,0.815677,-0.185274,0.599476,-0.030604,-0.794370,-0.888859,0.483593,1.000740,0.392886,0.841371,0.631316,-0.577343,-0.447558,0.904421,-0.888511,0.051260,0.522352,0.775777,1.248660,-0.499094,-0.547365,-0.910231,0.332180,0.882406,-0.333124,0.818669,-0.534131,-0.522155,-0.082441,-0.513368,-0.298545,1.051665,-0.670825,-0.832367,-0.575550,-0.727930,-0.063111,-0.307013,-0.605141,-0.231079,-0.906946,-0.961560,-0.476558"
DB11672,"-2.266342,1.768008,0.102160,-1.057870,0.149448,0.057450,-0.114655,0.413826,-0.595704,2.587813,0.999108,0.171658,-1.786059,-0.352987,0.366840,-0.268725,0.044739,-1.147722,2.471674,0.223645,0.951183,-0.677372,1.123488,1.008544,-1.543149,-0.619779,-0.456120,0.077593,0.127374,1.403435,0.145278,0.199663,-0.968075,-0.285263,-0.350187,-0.287618,1.160640,1.000723,1.415842,0.740616,1.219605,-1.410102,0.164802,1.640220,-0.310154,-0.951102,0.045288,-2.002797,-1.672934,-2.588619,1.781417,0.178447,0.682003,0.330885,-0.100635,-1.780515,-1.060776,0.857193,0.661287,-1.075277,0.101588,0.285727,0.277897,0.080853"
DB04892,"-0.660898,-0.074218,-0.972100,-0.421115,-0.893617,-0.483265,0.545021,0.177954,0.475341,0.183426,0.258971,0.369413,-1.042178,-0.633248,0.553039,0.930699,0.960646,0.408156,-0.228023,-0.865552,-0.420456,0.202395,-0.288934,0.915394,-1.099695,0.196846,-0.671402,-0.528511,1.026233,0.676680,0.991986,0.604729,-0.870240,-0.168996,0.939700,-0.748990,-0.049610,0.554985,0.790667,0.200195,0.091886,-0.241650,-1.006784,0.743793,0.906437,-0.709302,0.905190,-0.938504,-1.031238,-0.611883,-0.692777,-0.576000,0.186257,0.270730,-0.964619,-0.512898,-1.055162,0.423881,-0.112480,-0.902357,-0.321879,-0.943771,-1.108296,-0.699232"
DB11907,"-0.501073,1.034084,-1.299638,-0.931664,-1.338591,-1.218764,0.662086,0.246172,0.043175,-0.119816,0.760993,0.759608,-0.790053,-1.293961,-0.163860,1.323904,0.981457,1.033262,-0.547870,-0.771924,-0.141083,-0.223801,-0.373043,1.182350,0.090497,0.496689,-0.778384,-0.729263,0.923617,0.882824,1.256213,0.685502,-1.124048,-0.422993,1.327870,-0.994432,0.877114,0.506920,1.047721,0.541792,-1.260348,0.184381,-1.298879,1.199628,1.330536,0.337509,1.313525,-0.949720,-0.893504,-0.295131,-0.719195,0.355822,0.323103,-0.930009,-1.286044,-0.303687,-0.982161,-0.581375,0.522458,-1.178593,-0.701956,-1.322410,-1.307716,-0.840031"
DB05016,"-0.557300,1.127219,-1.338585,-0.919390,-1.374179,-1.287578,0.753617,0.509194,-0.054460,-0.117351,0.661470,0.736826,-0.861138,-1.262682,-0.233740,1.357419,0.976915,1.025778,-0.718808,-0.810866,-0.141304,-0.334306,-0.409645,1.256966,0.038425,0.567941,-0.772109,-0.643199,0.850445,0.983921,1.306085,0.726185,-1.153376,-0.527934,1.360077,-1.015227,0.764705,0.389488,1.076867,0.411170,-1.336641,0.211418,-1.343215,1.269964,1.365023,0.342200,1.358328,-1.029252,-0.941826,-0.204186,-0.664314,0.318156,0.276683,-0.873102,-1.329260,-0.448747,-1.038891,-0.675724,0.656114,-1.170056,-0.649586,-1.364928,-1.294335,-0.861945"
DB12062,"-0.503664,1.034500,-1.301020,-0.929944,-1.339812,-1.220753,0.667232,0.248389,0.052635,-0.123655,0.761675,0.757693,-0.791122,-1.295830,-0.165274,1.325222,0.982610,1.034873,-0.549370,-0.772007,-0.145379,-0.225262,-0.377151,1.183759,0.087573,0.500940,-0.778824,-0.729734,0.925240,0.883974,1.257829,0.688891,-1.126020,-0.421147,1.329188,-0.995535,0.874360,0.502730,1.047912,0.542110,-1.259095,0.183990,-1.300468,1.200544,1.331876,0.336254,1.314815,-0.951717,-0.896912,-0.290277,-0.723358,0.356094,0.320425,-0.930315,-1.287439,-0.305875,-0.984948,-0.585029,0.530076,-1.180889,-0.703809,-1.323756,-1.310317,-0.841006"
DB06712,"-0.501803,-1.191343,1.293228,0.274123,1.480384,1.256709,-0.848934,0.464806,-1.869986,1.963331,-0.857956,-2.648651,-0.367924,1.171691,1.776372,-1.449054,-0.056461,-1.731796,1.516297,-0.234151,-0.695113,-1.087269,0.128429,-0.630755,-3.173186,0.499731,1.233613,-0.354808,-0.745395,0.550149,-1.120126,-1.153248,1.679566,1.387232,-1.451206,-0.017112,0.830033,-1.527781,-0.791163,0.574277,1.987156,-1.475572,1.312079,-0.616303,-1.542333,-2.220749,-1.376774,-0.387837,0.151660,0.318215,2.853342,-1.189847,0.023202,2.195493,1.242691,-0.813235,-0.281873,1.271334,0.483098,0.547583,2.149594,1.395752,1.871774,2.622615"
DB06685,"-0.761507,1.230974,-1.167146,-0.960640,-1.195512,-1.144628,0.672187,0.388012,-0.143878,0.330471,0.693832,0.603526,-0.955806,-1.198587,-0.044654,1.162149,0.842098,0.713403,-0.250367,-0.654983,0.021995,-0.460787,-0.184575,1.231666,-0.205786,0.419248,-0.663742,-0.618930,0.810160,1.143976,1.164513,0.754532,-1.200915,-0.418155,1.158780,-0.922605,0.941125,0.408668,1.201389,0.656183,-0.969934,0.003549,-1.158568,1.378817,1.161811,0.145067,1.194416,-1.220886,-1.043631,-0.672742,-0.400439,0.426110,0.288054,-0.708086,-1.183169,-0.670132,-1.109553,-0.406769,0.737997,-1.306600,-0.525592,-1.163059,-1.077394,-0.676214"
DB12866,"-0.528127,1.127996,-1.341925,-0.917739,-1.380610,-1.288947,0.765747,0.455536,0.016341,-0.099182,0.683178,0.740519,-0.850725,-1.274938,-0.272641,1.363689,0.975264,1.050859,-0.701629,-0.803178,-0.162297,-0.349806,-0.428460,1.248684,0.039680,0.550909,-0.758313,-0.699413,0.859902,0.984392,1.305504,0.758593,-1.157048,-0.501963,1.367260,-1.014738,0.812811,0.396793,1.094360,0.426841,-1.333736,0.225491,-1.344770,1.281864,1.370513,0.346600,1.358921,-1.024771,-0.947725,-0.256566,-0.693878,0.344874,0.302166,-0.893109,-1.327893,-0.409131,-1.049007,-0.680034,0.636846,-1.212331,-0.655777,-1.368639,-1.321286,-0.838986"
DB11992,"-0.553342,-1.735518,-0.364815,0.710624,-0.143033,0.453620,0.095802,-0.258054,-1.102589,-0.347890,-1.154221,-0.621598,-0.582672,0.744476,1.777125,0.302436,0.475859,0.299705,-0.383769,-1.533385,-0.244634,1.398859,-1.111621,0.106751,-1.711495,-0.789257,0.018135,-0.283035,1.582577,-0.072456,0.402791,-0.219694,0.443890,0.359144,0.320553,-0.854943,-1.342525,0.000849,-0.156217,0.033797,0.656477,-0.974714,-0.426339,-0.361253,0.232104,-1.999606,0.193343,-0.298393,-0.163885,0.812605,-0.073780,-1.623261,0.781090,0.771878,-0.333210,-0.478491,-0.645678,1.152168,-0.583008,0.070090,-0.115757,-0.351639,-0.338806,-0.063793"
DB12823,"-0.504225,1.130484,-1.346380,-0.911293,-1.388867,-1.281578,0.777828,0.362939,0.178439,-0.064742,0.726337,0.741041,-0.838950,-1.301392,-0.290934,1.372225,0.972902,1.058568,-0.642161,-0.789491,-0.220263,-0.330176,-0.450258,1.229426,0.025363,0.506163,-0.753534,-0.713025,0.894657,0.971230,1.301211,0.788629,-1.171395,-0.445381,1.378400,-1.017287,0.884833,0.413560,1.115058,0.436624,-1.281344,0.223851,-1.347014,1.294202,1.380501,0.334908,1.357328,-1.022727,-0.973864,-0.309939,-0.733050,0.383532,0.342313,-0.926175,-1.324051,-0.363921,-1.075284,-0.644634,0.645521,-1.251038,-0.671434,-1.376184,-1.348608,-0.831480"
DB11957,"1.372162,0.606080,0.221538,-0.296447,0.031919,0.351267,-0.554444,-2.674500,1.117456,-1.906260,-0.020452,-0.040887,0.208486,-0.099961,-0.666048,-0.035559,-1.341419,1.101552,-0.808784,1.369588,0.512312,0.324812,0.859906,-0.798820,1.177014,1.811083,0.006860,-0.684693,0.010061,-1.942986,-0.355113,-0.918449,0.195141,-0.875928,-0.018261,-0.147489,-1.341566,-1.255893,-1.175300,-1.004916,-0.585511,0.506209,0.175722,-0.686358,0.051393,0.365800,-0.063719,1.380470,1.490776,0.021316,-1.632327,1.142999,-0.690288,0.416921,0.216521,2.010440,1.567481,0.114161,1.140911,0.285238,-2.241515,0.000907,-0.529819,-1.295676"
DB06077,"-0.094628,0.471872,0.306649,-0.653610,0.195763,0.446239,-0.658908,-1.886218,-0.138462,-0.664421,0.167378,0.302233,0.305722,-0.205407,0.492894,-0.251304,-1.063479,0.048907,-0.026408,1.161622,1.128984,0.165870,1.643616,-0.350422,1.168324,1.379276,-0.306485,-0.148113,0.385361,-1.133528,-0.330100,-0.873946,-0.438014,-1.096607,-0.252809,0.455669,-1.076658,-0.852634,-0.788433,-0.331044,-0.384531,-0.308287,0.277099,-0.247797,-0.180418,0.020336,-0.125481,0.614762,0.830599,-0.909652,-0.640721,1.028434,-1.061844,0.252016,0.165321,0.848583,1.371921,0.999862,0.907632,0.351682,-1.827981,0.230227,-0.176499,-1.214679"
DB12323,"-0.547348,1.127620,-1.342554,-0.924622,-1.384105,-1.294248,0.773002,0.394655,0.038610,-0.084350,0.716797,0.776488,-0.842752,-1.319945,-0.251350,1.366549,0.958620,1.056455,-0.654067,-0.794803,-0.192110,-0.339086,-0.427712,1.240197,0.067315,0.519028,-0.768075,-0.730971,0.860785,0.979486,1.303261,0.764036,-1.181007,-0.466998,1.370716,-1.031509,0.847476,0.419061,1.112006,0.493158,-1.309254,0.230689,-1.343730,1.270937,1.374821,0.343995,1.356943,-1.020897,-0.967652,-0.248628,-0.697014,0.388783,0.279081,-0.894518,-1.327040,-0.386347,-1.058967,-0.667215,0.621690,-1.248654,-0.678285,-1.367879,-1.326599,-0.850535"
DB11698,"-0.604538,-1.706587,-0.359424,0.822693,-0.134053,0.536548,0.045889,-0.245904,-1.347849,-0.533847,-1.178428,-0.437425,-0.543954,0.811057,2.008271,0.305290,0.524748,0.341344,-0.370899,-1.601141,0.034609,1.720244,-0.991067,0.078242,-1.586635,-1.141785,-0.123151,0.210374,1.741044,-0.124046,0.371475,-0.280026,0.494504,0.357023,0.318551,-0.951857,-1.517775,0.013655,-0.147247,0.472594,0.632471,-1.204469,-0.420075,-0.389775,0.232644,-2.066010,0.190721,-0.239058,-0.109909,0.867710,-0.069335,-1.621727,1.271304,0.634010,-0.321244,-0.462495,-0.591369,1.288337,-0.571122,0.185208,-0.150042,-0.349996,-0.401746,-0.128426"
DB04977,"-0.548264,1.076733,-1.320935,-0.968531,-1.363036,-1.285248,0.663528,0.166117,-0.056007,-0.118936,0.763694,0.758670,-0.822218,-1.304192,-0.165801,1.345829,1.005650,1.046849,-0.596406,-0.794204,-0.160500,-0.254405,-0.390344,1.203864,0.112646,0.552196,-0.808311,-0.686745,0.896547,0.927359,1.273879,0.665375,-1.165357,-0.423970,1.350036,-1.013344,0.900448,0.496237,1.055667,0.486176,-1.302193,0.174658,-1.319584,1.212475,1.358521,0.360431,1.335430,-0.979072,-0.919404,-0.262518,-0.708409,0.379795,0.335037,-0.903470,-1.307544,-0.341834,-0.976999,-0.612057,0.507285,-1.180706,-0.714077,-1.349113,-1.307353,-0.854725"
DB11730,"-1.757605,0.692762,0.655113,-1.006722,0.773151,1.047116,-1.428445,1.063919,0.230353,2.822190,1.414637,-0.117987,-0.778058,0.586087,0.431836,-0.761964,-0.063026,-0.783641,2.260799,-0.139438,0.584858,0.128732,1.180803,0.185987,-1.790845,-0.932906,0.010796,0.033785,-0.354726,0.580370,-0.485517,-0.615620,0.024129,-0.074277,-0.853986,-0.322073,1.328534,1.015514,0.687776,1.700375,1.327703,-1.885394,0.756953,0.413505,-0.883545,-1.423402,-0.559750,-1.051196,-1.430058,-2.453817,2.144586,-0.449922,1.780960,-0.426313,0.544236,-1.289441,-0.565136,0.731900,-0.551251,0.168061,1.162175,0.793895,0.539877,1.331063"
DB04690,"-0.583976,0.938251,-1.257669,-0.969281,-1.288422,-1.197531,0.492955,0.360039,-0.434038,-0.156376,0.753187,0.877256,-0.864296,-1.333133,-0.105743,1.272683,0.942104,1.029830,-0.442466,-0.748194,-0.058840,-0.149493,-0.226982,1.192868,0.202871,0.528750,-0.963412,-0.708340,0.696789,0.837020,1.238916,0.477680,-1.094710,-0.611960,1.268490,-1.028046,0.710072,0.549508,0.964896,0.615523,-1.153658,0.139479,-1.258692,1.089524,1.284563,0.311168,1.281367,-0.894260,-0.809704,0.077314,-0.526416,0.248284,0.034993,-0.872144,-1.269784,-0.335506,-0.895823,-0.541687,0.412418,-1.099858,-0.721704,-1.267340,-1.181355,-0.871827"
DB11763,"-0.666729,0.866764,-1.236017,-0.977462,-1.256079,-1.181938,0.397846,0.527822,-0.549931,-0.204288,0.714969,0.921053,-0.867103,-1.352350,0.014886,1.241793,0.940614,0.941325,-0.467311,-0.716200,-0.053730,-0.136699,-0.178396,1.219929,0.206935,0.552155,-1.009219,-0.515026,0.594772,0.840497,1.236565,0.402361,-1.083222,-0.687042,1.232674,-1.043629,0.613618,0.549746,0.916512,0.663691,-1.131374,0.105507,-1.244617,1.045034,1.253035,0.282390,1.269988,-0.903283,-0.787362,0.207539,-0.466746,0.162154,-0.172683,-0.810483,-1.267502,-0.444903,-0.841933,-0.541163,0.428931,-0.987400,-0.732377,-1.238147,-1.152296,-0.918022"
DB12781,"-1.247381,-1.620621,-0.164659,0.399218,0.078662,0.790868,-0.200207,0.103070,-1.323810,0.216177,-1.696839,-0.143181,-1.432759,0.937254,1.727376,0.030128,0.828663,0.363425,1.099642,-1.098881,1.182680,1.561678,0.087123,0.264741,-1.836188,-1.452541,-0.374895,1.557365,1.567973,0.105638,0.297550,-1.233533,0.816922,-0.153668,0.041995,-0.984782,-2.030248,0.095445,-0.352097,-0.800711,1.654916,-0.852489,-0.218968,-0.470030,-0.049925,-2.176999,-0.008044,-0.400563,0.118765,0.942180,0.323765,-2.211409,0.723727,1.947874,-0.212671,-0.784182,-0.777624,1.803345,-0.834134,0.701860,0.545033,-0.035640,1.027834,-0.335798"
DB08892,"0.772544,0.600549,0.103882,-0.383960,-0.064328,0.295858,-0.465281,-2.131776,1.088573,-1.381279,0.120231,0.103494,0.357275,-0.246800,-0.445032,0.044204,-1.142798,0.742559,-0.763229,1.235797,0.561301,0.172386,1.029888,-0.511557,1.203135,1.732931,-0.110828,-0.684968,0.318377,-1.518228,-0.210535,-0.619133,-0.104250,-0.819874,0.059872,0.066282,-1.143892,-1.273177,-0.918992,-0.698954,-0.637836,0.205184,0.050639,-0.432870,0.125276,0.220566,0.049192,1.026309,1.144517,-0.256287,-1.292097,1.124699,-0.837605,0.169370,0.065214,1.542191,1.318667,0.367297,1.348916,0.181463,-2.045894,-0.080423,-0.729277,-1.158541"
DB11832,"-0.547885,1.002454,-1.289037,-0.942019,-1.323928,-1.216017,0.645306,0.276543,-0.090685,-0.138634,0.734985,0.788477,-0.795422,-1.293225,-0.108494,1.309024,0.965426,1.014107,-0.527700,-0.764262,-0.090227,-0.209499,-0.348251,1.187230,0.115679,0.491890,-0.800508,-0.707849,0.912179,0.878890,1.252311,0.652622,-1.123246,-0.442173,1.311323,-0.997988,0.831025,0.525722,1.040835,0.573386,-1.258373,0.170220,-1.288596,1.166651,1.316091,0.340167,1.304023,-0.942258,-0.886868,-0.230840,-0.701429,0.349343,0.264153,-0.891007,-1.281930,-0.341322,-0.967505,-0.572396,0.469338,-1.162223,-0.712629,-1.305607,-1.264312,-0.866346"
DB12146,"-0.509158,1.042302,-1.304851,-0.931384,-1.344041,-1.231553,0.677301,0.257521,0.055063,-0.125389,0.763533,0.754556,-0.791483,-1.299184,-0.175580,1.328944,0.981144,1.037674,-0.554498,-0.771205,-0.150194,-0.235175,-0.383019,1.187936,0.088589,0.509912,-0.778036,-0.739200,0.923963,0.892188,1.262121,0.700358,-1.134720,-0.422445,1.332886,-0.997365,0.875347,0.493638,1.056786,0.553032,-1.267560,0.186381,-1.304375,1.206370,1.335951,0.341091,1.318811,-0.957762,-0.907102,-0.276720,-0.729471,0.363005,0.313941,-0.936710,-1.291314,-0.313471,-0.991052,-0.598583,0.538745,-1.192591,-0.708279,-1.327538,-1.315851,-0.841024"
DB09296,"-1.067850,0.271380,-0.935871,-0.768253,-0.898703,-0.491728,-0.186396,1.002125,-0.364339,0.488054,-0.057530,1.921798,-1.710647,-0.968227,-0.503271,0.854464,1.090220,1.075221,0.814180,-0.397049,0.528141,0.382605,0.703452,1.142656,0.407041,-0.504823,-1.321993,0.567956,0.107178,0.486313,1.071173,-0.865507,-0.513339,-1.909426,0.837845,-0.890957,-0.959636,0.576829,0.233450,-0.787243,0.344987,0.242811,-0.934273,0.263854,0.857623,-0.214582,0.927668,-0.642535,-0.399222,0.788635,0.005500,-0.633083,-1.126291,0.648268,-1.031501,-0.446115,-0.684508,-0.079948,-0.898648,-0.126876,-0.237607,-0.798649,0.429768,-1.248834"
DB06193,"-0.506473,1.044069,-1.303403,-0.934643,-1.343200,-1.232255,0.669485,0.244196,0.037962,-0.120436,0.762880,0.760052,-0.793986,-1.298023,-0.174386,1.327743,0.983587,1.039579,-0.557816,-0.774031,-0.144456,-0.235232,-0.376713,1.186954,0.096979,0.505574,-0.780127,-0.744728,0.914761,0.891207,1.260066,0.692322,-1.132541,-0.428034,1.331659,-0.997328,0.883703,0.503192,1.053208,0.541169,-1.271743,0.187155,-1.302775,1.202593,1.334737,0.343830,1.317623,-0.953212,-0.899083,-0.290822,-0.717678,0.361461,0.316411,-0.927247,-1.289825,-0.305162,-0.985290,-0.594793,0.524278,-1.188075,-0.703655,-1.326240,-1.311083,-0.841405"
DB12108,"-0.494708,1.033593,-1.298850,-0.932231,-1.338144,-1.219996,0.659827,0.241609,0.036722,-0.124571,0.764658,0.755991,-0.787689,-1.296126,-0.164551,1.323751,0.981193,1.037298,-0.553638,-0.770961,-0.142755,-0.221952,-0.374071,1.180007,0.095694,0.499279,-0.779180,-0.740293,0.923502,0.879579,1.255282,0.685006,-1.122445,-0.423153,1.327596,-0.995332,0.879086,0.505813,1.045932,0.550939,-1.261510,0.185504,-1.298175,1.194072,1.330379,0.340962,1.312889,-0.946078,-0.889122,-0.289557,-0.718275,0.359058,0.321129,-0.932420,-1.285010,-0.299374,-0.981405,-0.584927,0.522436,-1.177084,-0.700391,-1.322061,-1.306972,-0.838624"
DB12273,"0.562508,0.534805,0.146483,-0.473306,-0.008814,0.257744,-0.390019,-2.270605,0.611070,-1.366822,0.144833,0.204831,0.460361,-0.238796,-0.089655,-0.023687,-1.108111,0.634965,-0.672667,1.135555,0.746324,0.196484,1.239440,-0.491364,1.318502,1.597189,-0.229484,-0.506005,0.504925,-1.510218,-0.246165,-0.705527,-0.211965,-1.071032,-0.010966,0.284723,-1.151950,-1.102770,-0.935179,-0.764446,-0.790890,0.147935,0.101025,-0.358272,0.057124,0.261971,0.015420,0.973619,1.083232,-0.466590,-1.251532,1.115734,-0.725388,0.121307,0.083005,1.475480,1.441026,0.511898,1.184394,0.337996,-2.122954,-0.010298,-0.560655,-1.370291"
DB04885,"1.104060,0.523722,0.211335,-0.363104,0.037920,0.305808,-0.512981,-2.623377,0.827899,-1.833004,0.081943,0.096507,0.275038,-0.134026,-0.384155,-0.049681,-1.192418,0.949932,-0.691475,1.287661,0.660258,0.307321,1.002012,-0.719461,1.213986,1.729002,-0.113156,-0.495633,0.141381,-1.829092,-0.333168,-0.913245,0.047304,-0.929842,-0.035103,-0.008231,-1.257268,-1.145603,-1.152674,-0.938213,-0.639603,0.366015,0.169052,-0.607804,0.032778,0.365468,-0.051211,1.273892,1.397596,-0.038706,-1.520452,1.098573,-0.770494,0.348600,0.180663,1.901987,1.552212,0.281241,1.013221,0.357675,-2.245020,0.018001,-0.439815,-1.441611"
DB11828,"-0.715074,0.882439,-0.573211,-1.383527,-0.635137,-0.583894,-0.139345,0.488077,0.457951,1.187221,1.868117,1.479876,-0.547602,-0.905814,-1.248543,0.580368,0.490361,0.887745,0.631396,-0.070101,-0.320571,-0.151059,0.450534,0.807578,1.073427,-0.734439,-0.750916,-1.362601,-0.509455,0.449463,0.679276,0.232684,-1.099608,-1.639693,0.525237,-0.196495,0.983886,1.400973,1.051693,0.949612,-0.209725,0.409699,-0.482671,0.653178,0.562963,0.522638,0.674139,-0.776154,-1.335874,-1.110967,-0.083471,0.661455,-0.060383,-1.591076,-0.636415,-0.613708,-0.504485,-1.036687,-1.176491,-0.799051,0.022893,-0.499580,-0.317671,-0.490894"
DB12399,"0.119633,-0.564373,-0.568641,-0.084544,-0.382479,0.908746,0.005205,0.923536,3.305317,0.388271,-0.623949,-0.086759,-0.582017,-0.544184,0.924748,0.448935,0.887989,-0.987617,0.095498,-0.304544,-1.034310,0.343653,-1.095589,0.462200,-1.227733,-0.959555,-0.296067,0.076068,2.335188,0.028617,0.634687,-0.312694,0.432364,0.254094,0.499055,0.649111,0.287715,1.246123,0.089540,-3.630876,1.083087,0.021174,-0.600576,-0.169723,0.445308,-0.650997,0.462804,-0.390242,-0.116924,-0.540763,-0.152147,-0.955753,0.027121,-0.380597,-0.580100,-0.490163,-0.256682,0.901094,-0.236748,0.780470,-0.062495,-0.484875,-0.064056,-0.809746"
DB11689,"-1.747693,1.129826,-0.125150,-0.725100,-0.120735,0.008527,-0.762367,-0.128253,0.284495,1.777913,1.226687,2.311543,-1.680539,-0.363859,-1.748066,0.006855,0.613780,0.744496,3.378288,-0.068590,0.799484,0.803539,1.623956,0.799549,0.528948,-1.781641,-1.180221,1.175313,-0.323846,0.311979,0.336900,-1.108829,-0.517306,-1.582080,-0.061584,-0.299057,0.185832,1.836273,0.434157,-0.406982,1.282678,-0.534550,-0.043242,0.649611,0.017679,-0.160846,0.183538,-0.763710,-1.076467,0.091865,1.488331,-0.745299,-0.358078,-0.027000,-0.266293,0.036376,-0.611634,0.365200,-1.451295,0.087182,0.019429,0.093668,1.134405,-0.596975"
DB12048,"-0.556932,1.124526,-1.341130,-0.923602,-1.381806,-1.293905,0.777785,0.396382,0.031819,-0.086088,0.712920,0.773638,-0.845776,-1.318525,-0.245081,1.364465,0.957842,1.052409,-0.646576,-0.792912,-0.182185,-0.337184,-0.424905,1.241172,0.064250,0.517816,-0.772488,-0.726686,0.869899,0.979455,1.302228,0.764150,-1.181976,-0.461256,1.368532,-1.031271,0.840627,0.421446,1.112469,0.493498,-1.309928,0.225366,-1.342450,1.270942,1.372523,0.343268,1.355612,-1.021117,-0.968367,-0.246834,-0.696532,0.385722,0.282942,-0.891336,-1.326397,-0.391395,-1.061413,-0.661202,0.623866,-1.247121,-0.680004,-1.365310,-1.325568,-0.853718"
DB12874,"-0.529582,-0.150758,-0.273812,-0.360531,-0.129150,0.286335,-1.491513,1.208855,0.099959,-0.286236,0.649038,0.986345,-0.626584,-0.384403,0.579300,0.231207,0.971977,0.862434,0.143274,-1.146844,-0.249427,1.346381,0.411456,0.246236,-0.768285,-0.378528,-0.989833,0.835899,0.007441,-0.155779,0.274362,-1.465465,0.547366,-0.532296,0.198574,-1.279078,0.276967,0.303490,-0.352886,0.906204,0.290784,-1.355322,-0.261039,-0.224922,0.176650,-0.943849,0.250530,-0.052226,-0.452843,1.013884,0.806358,-1.357314,1.050824,-0.579591,-0.295397,0.102890,-0.121425,0.015515,-1.100358,0.854000,0.179789,-0.224927,0.107196,0.480042"
DB11774,"0.192176,-1.280171,0.262209,0.353553,0.481999,1.513401,-2.009382,0.960965,1.084204,-0.375416,0.478657,0.408934,0.246280,0.976952,0.552245,-0.246042,0.871269,0.952601,0.282327,-1.671812,-0.048311,3.001430,-0.050907,-0.647541,-0.802739,-1.865385,-0.713656,1.277785,0.824242,-1.260495,-0.382502,-1.856167,1.822166,1.156523,-0.269180,-1.041234,0.312763,1.380571,-0.845568,-0.022964,0.504981,-1.884499,0.259687,-1.206751,-0.337809,-1.214521,-0.392794,1.108525,0.355226,0.999741,1.197590,-2.509164,2.848243,-1.335448,0.404674,0.815797,0.034176,0.587203,-2.126204,2.143059,0.686595,0.247898,-0.135965,1.287759"
DB12881,"-0.514321,1.039251,-1.303031,-0.936417,-1.342027,-1.228807,0.671160,0.255505,0.039907,-0.117004,0.768752,0.764392,-0.789141,-1.299077,-0.167422,1.326729,0.983653,1.032136,-0.548084,-0.772392,-0.138811,-0.233755,-0.372261,1.188314,0.097006,0.500478,-0.782984,-0.732129,0.919773,0.894483,1.260073,0.695486,-1.134718,-0.419107,1.330563,-0.995003,0.883610,0.504638,1.059958,0.550768,-1.266934,0.188411,-1.302217,1.207626,1.333551,0.341612,1.317060,-0.956957,-0.905420,-0.295940,-0.725817,0.359416,0.313136,-0.935492,-1.289777,-0.313884,-0.991150,-0.590010,0.523803,-1.192348,-0.702829,-1.325092,-1.313994,-0.838657"
DB06694,"1.226514,-0.764187,0.146927,1.226462,0.173408,-0.316988,0.858852,0.134312,1.056664,-0.415803,-1.069496,-1.007968,-0.323438,0.343322,-0.312432,-0.162091,0.082128,-0.849821,-0.252727,0.295108,-1.600699,-1.066746,-1.560491,-0.394889,-1.291217,-0.395968,0.430208,1.222756,-1.027231,0.139925,-0.204695,0.488147,0.525386,0.161092,-0.110624,0.248984,0.217055,-0.300068,-0.318891,-1.162157,0.702482,0.903115,0.147967,-0.253509,-0.138896,0.054006,-0.275891,0.335150,0.499310,1.584643,0.071182,-0.424703,-0.632092,1.405648,0.273721,0.181147,-0.084626,-0.243896,-0.329039,-0.242713,0.392428,0.131549,0.696144,-0.329823"
DB02789,"-0.764295,1.235697,-1.156694,-0.959699,-1.186854,-1.112841,0.654995,0.388124,-0.031910,0.372594,0.732878,0.656522,-0.957474,-1.187555,-0.123777,1.152398,0.838901,0.728681,-0.198839,-0.635220,-0.001333,-0.451808,-0.185222,1.219400,-0.175079,0.366073,-0.677438,-0.612133,0.779485,1.107887,1.154224,0.745398,-1.202549,-0.489182,1.147773,-0.897918,0.924147,0.451553,1.191372,0.595854,-0.950705,0.025249,-1.144403,1.365057,1.151682,0.155608,1.185032,-1.204639,-1.064259,-0.712061,-0.395949,0.429511,0.315351,-0.736596,-1.170755,-0.639901,-1.089765,-0.422335,0.695334,-1.296736,-0.523752,-1.150515,-1.071021,-0.695270"
DB02901,"-0.444830,0.369722,-1.091389,-0.531917,-1.060685,-0.773702,0.531576,0.393095,-0.160054,-0.326316,0.299734,0.557146,-0.624842,-0.856014,0.438186,1.094527,0.869088,0.777487,-0.704846,-0.870958,-0.114941,0.270879,-0.534606,0.939024,-0.245176,-0.069485,-0.660549,-0.241369,1.128663,0.649572,1.071298,0.523997,-0.704647,-0.209196,1.100800,-0.946194,0.315220,0.418829,0.823125,0.476899,-0.762315,-0.034188,-1.110246,0.808785,1.085168,-0.184961,1.065516,-0.789773,-0.724867,-0.085410,-0.690235,-0.050714,0.550122,-0.658010,-1.072000,-0.527770,-0.889999,-0.197828,0.258338,-0.733507,-0.507127,-1.106315,-1.090258,-0.734643"
DB12457,"-1.088238,0.754024,-0.939462,-0.901996,-0.927339,-0.744875,0.014875,0.635579,-0.561622,0.382561,0.630438,1.577357,-1.248857,-1.265815,-0.061749,0.877369,0.847726,0.713349,0.420707,-0.467920,0.113952,0.082107,0.461390,1.158303,0.405572,-0.148881,-1.128518,-0.227240,0.082237,0.838086,1.043512,-0.163515,-1.046061,-1.347279,0.852111,-0.802451,0.067726,0.658619,0.769575,0.461932,-0.034638,-0.022414,-0.918945,0.746825,0.888224,-0.015450,0.976996,-0.986212,-0.916808,0.212635,-0.045729,0.060040,-0.898858,-0.387098,-1.044782,-0.700946,-0.707806,-0.332518,-0.435038,-0.812098,-0.477868,-0.834763,-0.227150,-0.959338"
DB12015,"-0.998502,1.238516,-0.097320,-1.093629,-0.196082,-0.484628,-0.247834,-0.051384,0.521440,1.952729,2.170765,1.667116,-0.803293,-0.388873,-2.316247,0.097220,-0.016709,0.732241,1.964696,0.354229,-0.159519,-0.081359,0.951875,0.610290,0.972502,-1.523787,-0.769137,-0.539736,-0.708003,0.211086,0.263243,0.167940,-0.976525,-1.761191,0.009441,0.293643,0.883518,1.821195,0.903810,0.026502,0.156935,0.055252,0.022262,0.873711,0.087994,0.424184,0.246672,-0.805685,-1.565614,-1.448247,0.747869,0.377316,0.842939,-1.675089,-0.193293,-0.071177,-0.205774,-0.586895,-1.315619,-0.365576,0.004797,0.004782,0.176471,-0.308433"
DB09198,"-1.439967,-1.103470,0.084690,0.251797,0.285083,0.965060,-0.727982,-0.363708,-1.053142,0.463415,-0.612299,0.657884,-1.375929,0.771952,0.960876,-0.219421,0.795741,0.299924,2.214827,-0.925344,1.036207,1.863912,0.643379,0.235117,-1.054801,-1.850118,-0.534759,1.637250,0.841733,-0.017104,0.098571,-1.625777,0.670155,-0.348397,-0.247073,-0.761831,-1.241006,0.951276,-0.296054,-0.673066,1.900343,-1.031396,0.063462,-0.540273,-0.276387,-1.763671,-0.187535,-0.322380,-0.207996,1.105264,0.995258,-2.129194,0.476846,1.252730,0.003557,-0.394819,-0.549334,1.547822,-1.450897,0.856528,0.556701,0.256049,1.065599,-0.274051"
DB09073,"-0.452077,-0.233195,-0.100836,-0.867227,-0.039479,0.306689,-0.799414,0.822309,-0.783277,1.070084,1.553922,1.484940,-0.126476,-0.249396,-0.002212,0.062883,0.468969,0.302482,0.441069,-0.314497,0.038566,1.073130,1.069997,0.315883,1.149278,-1.897936,-0.886129,-0.180269,-0.432796,0.045864,0.242012,-0.122889,-0.610995,-1.469892,-0.004361,0.012807,0.022637,1.495185,0.732615,1.982391,0.709340,-0.378884,-0.028083,-0.198037,0.013414,-0.143619,0.137158,-0.462516,-0.928104,-1.029169,0.226368,-0.108771,0.200476,-1.397351,-0.183966,-1.113149,-0.121872,-0.211252,-2.003344,-0.054105,0.616172,0.027134,0.156152,-0.070416"
DB11757,"-1.970533,1.288640,0.041442,-0.825116,0.059691,-0.255907,-0.595335,0.302788,-0.784117,2.244642,0.915078,1.202450,-1.600860,-0.293831,-1.059846,-0.173475,0.143381,0.096116,2.805720,-0.148300,0.962816,0.232438,1.580006,0.843402,-0.599596,-0.581577,-0.711200,0.182965,-0.076338,0.560983,0.193323,-0.700204,-0.421698,-0.467353,-0.247488,-0.453184,0.004815,1.078330,0.521219,-0.025462,0.679178,-1.089931,0.066303,0.926858,-0.188035,-0.524939,0.048976,-1.057933,-1.085148,-0.596135,2.266885,-0.950033,0.126530,0.482828,-0.118715,0.035752,-0.683880,0.567759,-0.389888,0.363988,-0.007267,0.211839,0.617990,0.088026"
DB12371,"2.359138,0.365285,1.308461,1.407253,1.058743,-0.832794,-0.132336,-0.668323,-0.525356,0.253332,1.114833,0.062622,1.339321,1.687533,-3.414577,-1.067831,-1.388718,0.384411,0.659515,0.579332,-1.723116,-0.340188,-0.649148,-1.507012,1.051783,-2.581180,1.152858,-0.119283,-2.533345,-1.214691,-1.428615,1.035925,1.076477,-0.342802,-1.147805,0.564052,1.503541,0.724829,-0.494228,3.003186,-0.575808,1.242818,1.446773,-1.303086,-1.092543,1.713021,-1.286070,1.484719,0.507844,0.164191,0.825667,1.324269,2.693076,-0.355831,1.561245,1.532348,0.604377,-2.178739,-1.408591,0.531164,1.633613,1.177346,1.626822,0.925553"
DB11653,"-0.512712,1.164739,-1.353336,-0.923577,-1.399663,-1.312744,0.791870,0.352274,0.119800,-0.065666,0.742547,0.751944,-0.841693,-1.322537,-0.307146,1.380657,0.968175,1.076882,-0.665025,-0.802959,-0.231993,-0.360537,-0.442704,1.238535,0.060999,0.531945,-0.747211,-0.777331,0.863898,0.989438,1.308435,0.792909,-1.196433,-0.466748,1.386259,-1.026034,0.895099,0.403081,1.127035,0.479716,-1.330256,0.240233,-1.353739,1.302345,1.389446,0.356742,1.367229,-1.030394,-0.981375,-0.294671,-0.702730,0.407888,0.329015,-0.927339,-1.333184,-0.349917,-1.068313,-0.686380,0.655707,-1.275704,-0.677199,-1.383123,-1.360387,-0.832745"
DB12500,"-2.512327,0.710599,0.023297,-0.661896,0.197719,0.226487,-0.543618,0.984375,-1.907344,1.484209,-0.075384,0.961248,-2.052670,-0.539732,1.614335,-0.284736,0.400908,-1.191274,2.254794,-0.000323,1.488136,0.097294,1.508051,1.045247,-1.126523,-0.768596,-0.723952,1.439425,0.156693,1.367921,0.305819,-0.878110,-0.790846,-0.899800,-0.355801,-0.479801,-0.401806,0.520910,0.722408,0.957441,1.907395,-1.372514,0.067446,0.736438,-0.319908,-1.195422,0.055385,-1.823700,-1.213172,-0.705570,1.424514,-0.475291,-1.199871,1.388518,-0.291067,-2.096045,-0.663490,1.214110,-0.405484,-0.488104,0.101024,0.332640,1.539021,-0.454403"
DB12887,"-0.877839,0.912756,-0.548370,-1.327627,-0.596851,-0.499400,-0.128493,0.622368,0.205103,1.238914,1.800918,1.693247,-0.733396,-0.889806,-1.143756,0.532445,0.498460,0.807391,0.849720,-0.091878,-0.184324,-0.083076,0.671873,0.858680,1.184602,-0.911530,-0.867330,-1.032161,-0.619938,0.506006,0.677530,0.100352,-1.111147,-1.862830,0.472760,-0.143592,0.635417,1.388210,1.002859,0.649498,-0.066109,0.304336,-0.454194,0.658260,0.518564,0.430021,0.653784,-0.823585,-1.314687,-0.951498,0.098512,0.506175,-0.226109,-1.451198,-0.632937,-0.717143,-0.494209,-0.911396,-1.142932,-0.713414,0.032998,-0.449976,-0.198153,-0.534629"
DB11652,"-2.378533,1.441135,-0.117204,-0.920256,-0.012449,-0.116375,-0.357100,0.810347,-1.538224,1.964716,0.208843,0.634252,-1.929308,-0.740613,1.124579,-0.112796,0.238635,-1.199107,2.443783,0.289741,1.448501,-0.369358,1.637661,1.204695,-1.198825,-0.689663,-0.818488,1.351511,0.191220,1.654660,0.398634,-0.172110,-1.146788,-0.753294,-0.174679,-0.310509,0.563142,0.625649,1.133482,0.850823,1.571269,-1.343245,-0.059477,1.595569,-0.134314,-0.940740,0.221370,-2.133275,-1.331531,-1.656198,1.329015,-0.016799,-0.790690,0.688779,-0.402294,-2.260788,-0.902131,1.342958,0.610147,-0.997967,0.010437,0.143097,1.096818,-0.376467"
DB11791,"-1.213428,0.786631,-0.764787,-0.944386,-0.762630,-0.464993,-0.322261,0.184913,-0.105186,0.580249,1.250127,1.827557,-1.202607,-1.241382,-0.422006,0.705502,0.793623,0.720709,1.142519,-0.328396,-0.048772,0.304103,0.645327,1.040865,0.629053,-0.565443,-1.302822,-0.190027,-0.216595,0.584016,0.873778,-0.464170,-0.955616,-1.382245,0.662588,-0.753350,0.522244,1.246834,0.770483,0.440526,0.243045,-0.073713,-0.723276,0.669266,0.729045,0.011926,0.825081,-0.786672,-1.010729,0.408627,0.304774,0.000039,-0.903909,-0.717039,-0.866059,-0.385044,-0.620158,-0.338414,-0.873620,-0.744986,-0.570217,-0.648296,-0.336689,-0.929966"
DB06448,"-2.003172,1.823938,0.160403,-1.057243,0.175243,-0.325955,-0.380109,0.547770,-1.173485,2.601637,1.115276,0.660231,-1.330884,-0.363600,-0.067909,-0.303377,-0.207743,-0.955303,2.506785,0.342317,1.043112,-0.566616,1.564574,0.953504,-0.710044,-1.011377,-0.258840,0.293427,-0.077961,1.395819,0.118230,0.387146,-1.148013,-0.589915,-0.393012,0.125164,1.258132,1.052587,1.372227,1.534718,1.055814,-1.226665,0.245273,1.571642,-0.344191,-0.496929,-0.000930,-1.945810,-1.619370,-2.538589,1.622329,0.478207,0.119878,-0.222931,-0.072127,-1.833500,-0.844197,0.726319,0.316810,-0.889839,0.301759,0.351820,0.908966,0.102200"
DB11693,"-0.385541,-0.198270,-0.630567,-0.320096,-0.536321,-0.122002,-0.264715,0.889883,-1.038237,0.194826,0.299957,1.427100,-0.849238,-0.522649,0.541068,0.573168,0.881388,0.526426,-0.359505,-0.797428,0.024014,0.950984,0.445829,0.642263,0.253550,-1.238422,-1.037203,0.642356,0.261710,0.331256,0.714493,-0.150202,-0.481246,-1.237344,0.549372,-0.789572,-0.612525,0.656202,0.520599,1.223463,0.487857,-0.494068,-0.630521,-0.080683,0.549107,-0.584109,0.579837,-0.549587,-0.534669,0.147948,-0.084511,-0.440076,-0.161816,0.096006,-0.671128,-0.899689,-0.548605,0.035849,-1.165858,-0.344317,-0.010073,-0.534793,0.011707,-0.659607"
DB11800,"-0.928780,0.461998,-1.013286,-0.943112,-0.999323,-0.800835,-0.104865,0.626714,-0.748071,-0.093788,0.823045,1.748256,-1.049529,-1.451748,-0.041697,0.967983,0.949795,0.949932,0.251656,-0.504601,0.001167,0.287425,0.426048,1.123839,0.765863,-0.053329,-1.363003,-0.399083,-0.068262,0.604156,1.105983,-0.353701,-0.961645,-1.402157,0.940529,-0.932241,0.029052,0.734193,0.616373,0.684423,-0.135074,0.169293,-0.998217,0.466705,0.988575,0.130035,1.046838,-0.704471,-0.770151,0.914897,-0.161754,-0.020421,-1.309434,-0.588896,-1.115503,-0.497453,-0.575146,-0.529247,-0.686813,-0.732627,-0.652077,-0.915444,-0.312756,-1.045156"
DB11796,"-0.388188,-0.437524,-0.263169,-0.338113,-0.118901,0.445167,-1.675004,1.367491,0.204056,-0.219320,0.697157,1.453189,-0.562155,-0.315410,0.208030,0.240917,1.049500,1.228198,0.126290,-1.284349,-0.258731,1.646500,0.572533,0.147107,-0.397520,-0.748696,-1.064473,0.706177,-0.180620,-0.492446,0.254498,-1.768206,0.763343,-0.827583,0.204186,-1.274897,-0.133712,0.479917,-0.503933,0.726513,0.379239,-1.204301,-0.242496,-0.541350,0.177864,-0.913096,0.222619,0.304446,-0.284934,1.183012,0.809617,-1.532265,1.119331,-0.650784,-0.258452,0.371702,-0.024795,-0.201141,-1.713421,1.084337,0.225982,-0.212004,0.157429,0.487991"
DB11761,"-0.514414,1.166528,-1.356657,-0.925634,-1.403271,-1.317933,0.793773,0.347279,0.113469,-0.063165,0.744406,0.750589,-0.842660,-1.321060,-0.299626,1.383903,0.971928,1.074095,-0.662874,-0.801035,-0.236698,-0.360114,-0.443301,1.242910,0.057591,0.530945,-0.744776,-0.770875,0.863642,0.997442,1.311460,0.793474,-1.199692,-0.475567,1.389850,-1.023148,0.898733,0.398593,1.132656,0.470625,-1.324599,0.238343,-1.357165,1.306534,1.393264,0.355855,1.370719,-1.036863,-0.988766,-0.287195,-0.700845,0.415352,0.326269,-0.924866,-1.336637,-0.358584,-1.072018,-0.689247,0.661675,-1.277323,-0.681302,-1.387358,-1.356839,-0.837611"
DB12978,"-0.916580,1.170310,-0.739636,-1.281487,-0.794102,-0.772589,0.297254,0.317528,-0.118139,0.899808,1.540930,0.822901,-0.737949,-0.872109,-0.693510,0.750636,0.359209,0.676859,0.353637,-0.262745,-0.129283,-0.405116,0.180791,0.979146,0.433619,-0.164600,-0.803917,-0.834520,0.153075,0.761528,0.800571,0.481219,-1.208085,-1.085197,0.708666,-0.394091,1.073350,1.258318,1.202070,0.425810,-0.770572,0.130332,-0.681101,1.074178,0.743925,0.435516,0.844167,-1.027821,-1.355577,-0.917971,-0.030050,0.561024,0.693470,-1.609805,-0.795699,-0.716430,-0.628323,-0.702408,-0.178321,-0.932160,-0.263563,-0.714858,-0.836046,-0.621780"
DB12612,"-0.401009,-0.283758,-0.741339,-0.291544,-0.653695,-0.128394,-0.149642,0.872836,-0.666075,0.286146,-0.229530,1.265628,-1.329559,-0.349065,0.072867,0.686977,1.078243,0.830279,-0.009771,-0.736441,0.245648,0.910719,0.479485,0.733453,-0.154669,-1.141088,-1.171854,1.301337,0.546898,0.267307,0.816254,-0.421725,-0.144456,-1.279698,0.681502,-0.921327,-1.037068,0.544032,0.231534,-0.298719,0.460298,-0.296548,-0.772370,-0.006943,0.666243,-0.701817,0.664260,-0.444009,-0.182865,0.421446,-0.094934,-1.028985,0.200801,0.703296,-0.755810,-0.579716,-0.678384,0.396072,-0.929367,0.057172,0.086172,-0.662109,0.094131,-0.865536"
DB11986,"-0.121477,-0.283323,0.075524,-0.704766,0.167844,0.632322,-1.776561,1.126511,1.044542,0.531946,1.773152,1.135664,-0.085061,0.132352,-0.657802,-0.044044,0.677207,1.198557,0.433567,-1.000601,-0.680298,1.501866,0.490581,-0.176543,-0.162096,-1.141861,-0.835143,0.089304,-0.604788,-0.723655,-0.103035,-1.283445,0.688012,-0.741574,-0.102020,-0.791976,0.878471,1.217548,-0.237616,0.811840,0.204295,-1.163450,0.156671,-0.539446,-0.127619,-0.578299,-0.069330,0.419856,-0.716880,0.028439,0.844946,-1.160872,2.085482,-1.805794,0.131717,0.432781,0.099915,-0.529463,-2.198515,1.021301,0.534802,0.090219,-0.144541,0.962113"
DB12016,"0.002829,-0.747082,-0.072915,0.107786,0.139889,0.584545,-1.407789,1.220268,-0.413087,-0.235525,0.637552,0.083393,-0.238969,0.416747,1.125636,0.045215,0.780010,0.434019,-0.656618,-1.684507,-0.734124,1.651120,0.125413,-0.135223,-1.499871,-0.472514,-0.593736,1.270621,0.212392,-0.152361,0.027346,-0.754448,0.690375,0.565336,0.021102,-1.260745,0.474841,0.169472,-0.150046,1.777932,0.383798,-2.043126,-0.090832,-0.471000,-0.044380,-1.492656,-0.037344,-0.022849,-0.487621,0.998645,0.747052,-1.868355,1.723267,-0.447039,-0.005146,-0.237904,-0.328601,0.427770,-1.053636,0.578653,0.538119,-0.082060,-0.396208,1.080704"
DB12941,"-1.110415,0.443739,-0.865422,-0.911177,-0.838176,-0.572008,-0.262446,0.672308,-0.721217,0.325331,0.590943,1.761388,-1.208571,-1.247096,0.080624,0.794973,0.888294,0.708129,0.689054,-0.396907,0.245518,0.255329,0.550537,1.100867,0.570816,-0.297560,-1.190887,-0.255885,-0.029048,0.603741,0.990672,-0.482157,-0.876406,-1.598057,0.762999,-0.787019,-0.146222,0.784829,0.575728,0.528899,0.107627,0.036832,-0.843319,0.457231,0.802909,-0.069412,0.903098,-0.788392,-0.714421,0.417521,0.006589,-0.032046,-1.148838,-0.160368,-0.986806,-0.637285,-0.565313,-0.315509,-0.678829,-0.595461,-0.496028,-0.741223,-0.071154,-1.018712"
DB00636,"-0.689090,0.891987,-0.961165,-1.220708,-1.002803,-1.005176,0.439760,0.352242,-0.637850,0.341693,1.080199,0.878030,-0.819543,-1.123365,-0.113814,0.954208,0.803370,0.659025,-0.057514,-0.501405,-0.265659,-0.301341,-0.054453,1.126098,0.431946,0.013957,-0.871334,-0.479366,0.212328,0.993761,1.021778,0.530516,-1.135125,-1.016187,0.932289,-0.649592,0.914511,0.922302,1.085834,0.078219,-0.892000,0.132752,-0.948711,1.107256,0.964899,0.470594,1.037447,-1.103253,-1.005049,-0.677856,-0.396006,0.351213,0.293773,-1.167182,-1.011978,-0.879682,-0.759581,-0.660876,-0.059298,-0.861092,-0.327458,-0.941750,-1.071652,-0.743155"
DB01019,"-0.511868,0.621928,-1.217241,-0.779222,-1.214954,-0.996543,0.734471,0.366972,0.353343,-0.025779,0.521123,0.564742,-0.898351,-1.047215,-0.033000,1.216898,0.909787,0.817366,-0.450325,-0.737009,-0.287541,-0.202832,-0.513855,1.123798,-0.378428,0.391464,-0.668407,-0.644817,0.967523,0.804326,1.203781,0.702258,-0.971823,-0.337471,1.224665,-0.923001,0.546522,0.493227,0.959326,0.081547,-0.871644,0.207319,-1.226755,1.110544,1.214457,-0.015859,1.201735,-0.957030,-0.935358,-0.273224,-0.771036,0.038578,0.187163,-0.488361,-1.198810,-0.444433,-1.095387,-0.290189,0.359135,-1.096905,-0.598203,-1.228561,-1.184570,-0.814936"
DB00899,"1.429320,-1.189283,0.972955,0.434922,0.934671,1.673627,-0.876100,-0.770316,1.799027,0.312521,-1.311565,-1.325502,0.467876,0.328034,0.033138,-0.965753,-1.328846,-1.396475,-0.294765,1.735181,-1.121138,-0.896943,0.719485,-1.221220,-0.182836,1.808461,0.462890,-0.651509,-0.384246,-1.570992,-1.024677,-1.154982,1.006103,-1.200872,-0.876597,1.409370,-1.597123,-2.272199,-1.834372,-1.970090,1.143012,-0.012997,0.922566,-1.693681,-0.858827,-0.705206,-0.977802,1.495470,1.831317,0.242415,0.282946,0.648799,-2.077111,1.771562,0.968464,1.281463,1.832725,1.332959,1.073815,0.790367,-0.682566,0.883091,0.497357,0.160869"
DB01039,"0.379637,0.602800,0.868872,0.807784,0.678135,-0.708931,0.966979,-0.128487,-0.959269,0.468356,0.105121,0.159971,1.080549,0.938508,-2.264755,-0.814972,-0.940240,-0.160152,0.691100,0.967784,0.096987,-0.942103,-0.215946,-0.514567,1.580334,-1.297301,1.447369,0.800867,-2.199425,0.322894,-0.776218,1.363376,-0.409772,-0.112647,-0.861278,1.318253,0.047815,0.316757,0.310338,-0.553293,-0.186042,1.414173,0.938890,0.334145,-0.812015,1.815223,-0.789263,-0.016228,-0.136112,-0.408166,0.126412,1.155428,0.255188,-0.323049,0.867840,-0.721750,0.235304,-1.661920,0.059410,-0.261005,1.217412,0.909929,1.080813,0.608697"
DB01132,"-1.166842,-1.427717,-0.243421,0.291986,-0.020477,0.593774,-0.125210,0.141985,-1.103527,0.170143,-1.582027,-0.109600,-1.487368,0.814367,1.445491,0.113844,0.880232,0.487564,0.985920,-1.052187,1.043219,1.356580,0.051089,0.335844,-1.746950,-1.304621,-0.382091,1.520615,1.397129,0.184211,0.375833,-1.141918,0.700177,-0.268924,0.128065,-0.985048,-1.818917,0.083129,-0.284971,-0.944007,1.514851,-0.645980,-0.295103,-0.353519,0.041054,-1.985826,0.078862,-0.458695,0.044878,0.976502,0.225268,-2.117656,0.541842,1.953112,-0.287539,-0.743968,-0.824970,1.570036,-0.726859,0.591472,0.509670,-0.120676,1.010732,-0.419556"
DB00514,"-1.102726,0.317147,0.770335,-0.326619,0.749179,0.660192,-0.763503,-0.792096,-0.756723,1.613205,0.392585,-0.111518,-0.234877,0.492975,-0.003235,-0.827722,-1.360915,-1.107497,1.644403,1.038016,1.437382,0.082083,2.175218,-0.131800,-0.556984,0.799803,0.016697,-0.759046,0.267489,-0.391489,-0.609716,-0.177083,-0.360174,0.073573,-0.875703,0.645308,-1.117598,-0.547470,-0.163651,0.686735,0.861767,-1.355205,0.729997,0.096474,-0.817380,-1.144249,-0.632015,-0.251977,-0.159050,-1.992729,1.216416,-0.015240,-0.619290,0.971377,0.593118,0.341882,0.365483,1.951673,0.576563,0.303862,-0.817616,0.806758,0.178971,0.339603"
DB01200,"1.054504,-2.080710,1.665446,1.435908,1.745526,2.529065,-1.139970,-1.499665,2.089149,-0.723946,-2.183274,-1.884223,1.204039,1.433774,1.323702,-1.672365,-1.609008,-1.941831,-0.377406,1.538328,-0.283894,0.359658,0.192100,-1.916229,-0.556420,0.715755,1.170876,-0.200461,-0.020902,-1.973926,-1.686966,-1.571125,1.789071,0.227870,-1.601889,1.466939,-2.337038,-2.290887,-2.237361,-0.836139,2.395486,-0.329836,1.598146,-2.387061,-1.621542,-1.524399,-1.701088,1.794741,1.920987,0.029578,0.092123,-0.007425,-1.617036,1.984310,1.622476,1.105762,2.145694,1.991801,0.721415,1.542722,-0.194073,1.595340,1.265993,0.589726"
DB00497,"-0.704849,-0.252972,0.635905,-0.582454,0.644787,0.800386,-0.747233,-0.811487,-1.571407,1.497838,-0.217504,-1.081967,-0.463211,0.113952,1.262968,-0.701895,-1.149394,-1.191245,0.977783,1.106921,1.428847,-0.552366,1.979704,-0.142499,-1.267877,2.077180,-0.149743,-1.424114,0.529757,-0.356552,-0.523722,-0.607614,-0.082332,-0.169043,-0.715383,0.338695,-1.603992,-1.751018,-0.575244,0.421742,0.794465,-1.405115,0.562377,-0.020057,-0.691610,-1.746640,-0.519181,-0.162347,0.477919,-1.840949,1.135186,-0.036011,-1.026622,1.860638,0.465372,0.482432,0.491034,2.530842,1.121415,0.291092,-0.942615,0.628776,0.221644,0.496236"
DB00145,"-0.504322,1.152690,-1.350146,-0.918541,-1.394460,-1.298891,0.782112,0.376830,0.147009,-0.060000,0.733238,0.755604,-0.843017,-1.312795,-0.315731,1.375671,0.958924,1.067594,-0.660230,-0.793337,-0.236623,-0.362215,-0.445119,1.237135,0.052711,0.527622,-0.741355,-0.741513,0.864261,0.984918,1.307211,0.791262,-1.186777,-0.464682,1.381340,-1.015891,0.890173,0.408467,1.121693,0.447435,-1.322480,0.243350,-1.350320,1.300572,1.384119,0.353563,1.363161,-1.027956,-0.973932,-0.280181,-0.709219,0.393778,0.309181,-0.924713,-1.330643,-0.354446,-1.065688,-0.681980,0.639972,-1.267184,-0.679824,-1.378379,-1.350562,-0.832302"
DB00146,"-0.533212,0.848809,-1.266010,-0.858090,-1.279982,-1.083086,0.707837,0.507976,0.194135,-0.065826,0.584332,0.759698,-0.820989,-1.181383,-0.042794,1.271508,0.925491,0.852149,-0.550130,-0.716852,-0.170647,-0.204680,-0.420628,1.190459,-0.078132,0.342173,-0.714600,-0.420661,0.960368,0.889205,1.248675,0.700642,-1.050115,-0.371663,1.276422,-0.942428,0.645324,0.517740,1.029038,0.265158,-1.079221,0.192734,-1.272635,1.155819,1.273996,0.198963,1.268576,-0.989011,-0.919767,-0.273503,-0.743173,0.236431,0.227885,-0.731451,-1.258031,-0.506956,-1.027749,-0.456322,0.419516,-1.059942,-0.628741,-1.275766,-1.201083,-0.869737"
DB00153,"-0.525568,0.838873,-1.268583,-0.851544,-1.282317,-1.081763,0.706435,0.507127,0.197329,-0.069309,0.581861,0.764364,-0.818862,-1.177975,-0.040519,1.274660,0.925558,0.858781,-0.558474,-0.721664,-0.183908,-0.198005,-0.425376,1.187550,-0.076143,0.333812,-0.716677,-0.400228,0.962093,0.884602,1.250172,0.699704,-1.048194,-0.374743,1.279962,-0.944147,0.638821,0.515740,1.027879,0.258624,-1.074581,0.188952,-1.275648,1.149651,1.277210,0.196893,1.269850,-0.984806,-0.917891,-0.245166,-0.749605,0.233242,0.228307,-0.728436,-1.259281,-0.501874,-1.027437,-0.457530,0.410429,-1.056647,-0.630492,-1.279132,-1.201991,-0.873347"
DB02300,"-0.511671,1.161853,-1.352534,-0.923282,-1.398472,-1.310671,0.789993,0.350577,0.119671,-0.060935,0.742232,0.753452,-0.841429,-1.321644,-0.308432,1.379342,0.971964,1.076778,-0.660022,-0.802712,-0.232800,-0.364236,-0.443202,1.239445,0.057262,0.532303,-0.749406,-0.768357,0.864887,0.992507,1.308012,0.794054,-1.196890,-0.471440,1.384865,-1.026287,0.898124,0.407063,1.128292,0.474964,-1.326109,0.240488,-1.353039,1.305323,1.387882,0.357217,1.366358,-1.031943,-0.978737,-0.296358,-0.704910,0.404626,0.327087,-0.927181,-1.332769,-0.350093,-1.069386,-0.683421,0.649434,-1.277329,-0.677734,-1.381434,-1.358675,-0.832235"
DB00508,"-0.315854,-1.428254,0.450740,-0.053016,0.526015,1.516529,-0.771613,-1.338038,1.364719,-0.203141,-0.385974,-0.102396,0.114651,0.204475,1.428986,-0.482306,-0.704302,-0.918158,0.483343,1.062840,0.509695,0.819626,1.546167,-0.478052,-0.586714,1.153675,-0.385737,0.001554,0.997590,-1.551041,-0.397758,-1.108588,-0.084143,-0.705186,-0.465195,0.726897,-2.555857,-0.848373,-1.332366,-0.694776,1.522627,-0.841570,0.346130,-0.961803,-0.458401,-1.471774,-0.395134,0.664629,0.656873,-0.934175,-0.251436,-0.477393,-1.674275,1.532722,0.296083,0.698438,1.173395,2.699518,0.215976,1.113417,-1.412458,0.445916,-0.031090,-1.256907"
DB00721,"-0.206250,-4.232180,1.616444,-0.011008,1.862264,3.980169,-3.545497,-2.704002,0.669250,-1.320025,-0.565016,-0.564295,1.816408,0.890386,4.745379,-1.735622,-0.265259,-2.311503,2.104417,1.131726,1.455370,3.637182,2.032849,-1.755489,0.578281,0.156000,-0.378499,-0.050935,2.873366,-3.375095,-1.536892,-3.487013,1.877502,0.370930,-1.719539,1.715176,-2.247268,0.971763,-2.902313,0.693401,2.816832,-1.795426,1.528152,-3.659942,-1.727976,-1.690734,-1.604166,2.224097,2.078412,-0.994907,-0.568875,-1.191734,-1.225735,1.004436,1.344989,1.258163,3.160041,4.112732,-2.105524,3.188760,-1.096345,1.755833,0.888206,-0.535406"
DB00298,"-0.516718,1.170801,-1.358197,-0.933791,-1.405808,-1.317848,0.782059,0.334474,0.109929,-0.064376,0.735823,0.742985,-0.843892,-1.322287,-0.293092,1.386626,0.969445,1.072085,-0.662063,-0.801647,-0.239529,-0.364517,-0.452936,1.242307,0.063629,0.530969,-0.751412,-0.768328,0.872464,0.994088,1.312840,0.787042,-1.193626,-0.464088,1.392945,-1.027190,0.905656,0.393851,1.128218,0.475121,-1.334822,0.235816,-1.358949,1.302889,1.397016,0.354014,1.372817,-1.032228,-0.982628,-0.282391,-0.699444,0.410536,0.337798,-0.923381,-1.337611,-0.349376,-1.061930,-0.690658,0.642459,-1.268493,-0.675653,-1.391399,-1.373167,-0.834151"
DB00692,"2.287420,-0.423476,0.078765,0.449073,0.046809,-0.035298,0.174457,0.635034,1.829089,-0.525301,-0.315324,-0.643140,0.063448,-0.697645,-0.206782,-0.088799,0.749258,-0.653574,-1.164296,0.108895,-3.658621,-2.093250,-1.018400,-0.543722,0.171612,-0.333371,-0.390673,0.239258,-0.788294,-0.357014,-0.313512,-0.909529,1.944463,-1.595212,0.023035,0.757471,2.376616,-1.235163,-1.477472,-0.914418,-0.543228,1.042199,0.168269,-1.190029,-0.011414,0.738755,-0.229269,1.164253,1.334596,2.185228,0.397768,0.837674,0.123331,0.527148,0.318791,1.733043,0.876056,-1.151844,-0.464000,0.787441,1.160632,0.023580,1.181044,-0.201373"
DB00499,"0.030887,0.804166,0.589027,1.095545,0.451269,-0.541911,1.248353,-0.451358,-1.102046,-0.135550,-0.815361,-0.585986,0.521908,0.682423,-0.766144,-0.598727,-0.688021,-0.627844,0.748357,0.732485,0.661557,-0.825635,-0.425002,-0.298123,0.577331,-0.648609,1.020439,1.245754,-1.526355,0.906549,-0.587611,1.413234,-0.350218,0.756611,-0.598250,0.842391,0.525703,-0.015043,0.582668,-0.290322,0.076564,0.828925,0.619682,0.968888,-0.557349,1.222905,-0.569431,-0.335241,0.066961,0.085209,-0.170710,1.021965,0.103972,0.210928,0.610440,-0.921236,-0.177863,-0.864259,1.094777,-0.962590,0.676907,0.614222,0.395994,0.508715"
DB00665,"0.440432,0.541562,0.479883,1.252854,0.306774,-0.939377,1.134246,-0.326405,-1.003322,-0.577766,-0.798395,0.037165,0.666676,0.661373,-1.767370,-0.424507,-0.576795,0.106654,0.167487,0.652119,0.498263,-0.671904,-0.509747,-0.438588,1.147325,-0.498152,1.008974,0.998936,-1.690720,0.455141,-0.495914,1.193005,-0.261121,0.310162,-0.425985,0.798203,-0.267678,-0.291186,0.243500,-0.180330,-0.127177,1.399222,0.508335,0.349296,-0.389181,1.618705,-0.478838,0.120858,0.195037,1.087512,-0.524611,0.972735,-0.062792,0.208440,0.516959,-0.192653,0.125106,-1.508815,0.393408,-0.669579,0.684261,0.481347,0.844451,0.285037"
DB01210,"-0.515297,1.173630,-1.359652,-0.934970,-1.405707,-1.332397,0.788802,0.337072,0.091818,-0.063155,0.743773,0.747283,-0.847708,-1.322778,-0.287878,1.387256,0.969518,1.079565,-0.678504,-0.804810,-0.242369,-0.362167,-0.446911,1.244881,0.058602,0.533904,-0.745962,-0.749616,0.867675,0.998021,1.313922,0.784131,-1.201665,-0.457071,1.393684,-1.036958,0.912857,0.387361,1.127883,0.481999,-1.331644,0.236140,-1.360059,1.306980,1.398099,0.358849,1.373009,-1.037517,-0.978765,-0.286009,-0.698989,0.420859,0.339652,-0.921278,-1.338700,-0.359914,-1.067066,-0.691725,0.636637,-1.265803,-0.675578,-1.392843,-1.363085,-0.840832"
DB00187,"1.155436,-2.659913,0.955784,0.168043,1.192205,1.278269,-1.331263,0.780209,-0.036095,1.239105,-0.309551,-2.321096,0.112091,0.802471,0.830965,-1.036595,0.273953,-0.362017,-0.272423,-1.223055,-2.996538,-0.770542,-0.753125,-1.110392,-2.719467,1.974093,0.632260,-2.875268,-0.996384,-0.898163,-0.948816,-1.952903,2.566691,0.591367,-0.997434,-0.022521,0.137481,-1.643913,-2.017613,-1.131280,0.855241,-1.099945,0.942089,-1.833128,-1.123775,-2.005096,-1.176195,1.180816,0.589197,1.937928,2.675704,-2.625463,-0.294268,1.587981,1.101887,1.735754,0.437579,0.528762,-1.784026,1.800154,1.742725,0.949981,1.129332,2.968216"
DB00195,"0.165915,-2.483931,0.888297,-0.094718,1.108854,1.320209,-0.349017,-0.006799,-1.310100,2.478333,-0.974369,-2.427070,-0.844370,0.967057,1.003637,-1.073538,0.215905,-1.049433,1.014260,-0.748517,-1.907900,-1.342246,-0.409915,-0.503326,-2.769374,1.652011,0.899719,-3.195394,-0.510685,-0.190341,-0.691205,-1.672775,1.886053,0.317697,-1.037908,0.243860,-0.703025,-1.137761,-1.533832,-2.330579,1.444151,-0.787827,0.865979,-1.459687,-1.138344,-2.151739,-1.085704,0.351167,0.487643,1.238854,3.362479,-2.328950,-1.614394,3.010281,0.915414,0.868329,-0.176242,1.274923,-1.478341,1.321192,1.686729,1.005703,1.612119,2.176226"
DB04835,"-0.770301,1.240282,-1.178794,-0.949152,-1.207303,-1.155357,0.665108,0.383748,-0.108359,0.304777,0.686566,0.636796,-0.983267,-1.211360,-0.060647,1.173757,0.871294,0.728187,-0.255678,-0.659410,0.017290,-0.443613,-0.187011,1.235857,-0.199889,0.421174,-0.684965,-0.550176,0.803763,1.141060,1.175043,0.728586,-1.201349,-0.414069,1.171356,-0.939853,0.923431,0.395563,1.189706,0.634162,-0.957741,-0.006209,-1.170689,1.380230,1.175552,0.142347,1.205322,-1.218965,-1.050621,-0.612210,-0.404986,0.409519,0.253209,-0.689651,-1.194616,-0.654634,-1.105978,-0.403919,0.722039,-1.302689,-0.541113,-1.175959,-1.072157,-0.691506"
DB00391,"0.479505,-1.561473,0.769488,0.104473,0.849741,1.612275,-2.129225,-1.136379,1.270806,-1.432191,0.412699,0.032996,0.950490,0.613896,1.337332,-0.700085,-0.548051,0.084789,-0.512210,0.348418,0.305649,1.982978,1.578505,-1.158213,-0.182990,0.699552,-0.618575,0.662065,0.208958,-2.303835,-0.885901,-1.896173,1.068613,0.361024,-0.704824,0.099835,-1.106638,-0.541794,-2.000647,-0.460030,0.672449,-1.491785,0.698920,-1.469470,-0.716838,-1.249996,-0.724964,1.650172,1.234299,0.113071,-0.111635,-1.087272,0.183471,0.022829,0.729285,1.664199,1.654057,1.781763,-0.636590,2.137775,-1.043584,0.651095,-0.238373,-0.062985"
DB00408,"-0.172722,0.078658,0.215955,-0.572704,0.128281,0.397211,-0.644640,-1.680301,-0.007601,-1.238313,0.212133,0.956498,0.417196,-0.407449,0.320375,-0.162581,-0.863807,0.359723,-0.201216,1.106093,1.053450,0.424107,1.784230,-0.356283,1.519995,1.344607,-0.682876,0.040358,0.277375,-1.544169,-0.230243,-1.272815,-0.371234,-1.462416,-0.166810,0.390573,-1.652118,-0.926287,-1.180923,-0.388108,-0.275661,-0.042269,0.173896,-0.638682,-0.094215,0.117870,-0.050546,0.928092,0.919335,0.192757,-0.793464,0.687237,-1.770515,0.359318,0.053396,1.123998,1.584503,0.836712,0.520660,0.782244,-2.026142,0.158971,0.111230,-1.883717"
DB00502,"-1.476489,-0.698306,2.241792,0.614955,2.274837,1.920338,-1.017623,-0.480040,-2.392500,1.260328,-0.936876,-1.765959,2.039509,2.226575,2.136226,-2.324446,-2.170594,-2.499645,1.349644,1.087344,2.668343,0.243335,1.750202,-1.340219,0.046376,0.021840,2.218391,-0.165642,-0.706465,-0.094666,-2.098078,-0.106017,0.435590,2.461189,-2.381040,1.675304,-0.929216,-0.812661,-0.322294,1.392552,1.090537,-1.526673,2.226520,-0.681219,-2.377241,-0.835496,-2.101921,0.307472,0.536645,-2.815583,1.162453,0.480645,-0.008564,0.779266,2.043595,-1.324412,1.055386,1.602623,0.863377,0.803079,0.918730,2.317411,0.775129,2.524859"
DB00372,"0.761418,-0.022840,1.296499,1.224631,1.101484,0.606117,0.358527,-1.700772,0.124661,-1.335492,-1.730172,-0.819312,1.921880,1.343036,-0.580582,-1.201003,-2.343389,-0.743764,-0.730209,2.072312,1.463839,-0.418303,0.530961,-1.470270,1.829241,1.185348,1.649570,0.526868,-1.224554,-1.073270,-1.368306,0.455420,0.043018,0.507497,-1.169068,1.639317,-2.081920,-1.917532,-0.951655,-0.946010,-0.090067,0.979332,1.261777,-0.664928,-1.110973,1.134452,-1.187106,1.332366,1.563107,0.128537,-1.452797,1.770712,-1.710181,0.591317,1.241317,0.409975,1.832777,-0.122019,1.652069,0.137645,-0.868627,1.184121,0.358982,0.018916"
DB01100,"-0.267523,-0.210702,1.383436,-0.781695,1.402005,1.728969,-2.219942,-0.984628,0.027804,1.007787,1.189758,-0.260136,0.546618,0.929598,0.562565,-1.379789,-0.919599,-0.453799,1.393900,0.615091,1.296736,0.820265,2.069820,-1.013948,-0.464300,0.369669,-0.329695,-0.964105,-0.433296,-1.608440,-1.390333,-1.814542,1.163176,-0.189805,-1.445473,0.453271,0.228348,0.174559,-1.182808,-0.226649,0.493753,-1.821041,1.410376,-0.787310,-1.414436,-1.231966,-1.210647,1.107275,0.541906,-2.769549,1.574281,-0.638189,1.454328,0.086442,1.325550,1.426405,1.360280,1.614737,-0.969427,1.823961,-0.426457,1.345516,0.337641,1.253076"
DB01184,"-1.202990,0.210525,0.263248,-0.636779,0.422603,0.655447,-1.402838,1.085688,0.221928,1.511589,0.496594,0.100630,-1.326706,0.279679,-0.079099,-0.373966,0.776468,0.458347,1.884095,-0.871302,0.714006,0.751504,1.079698,0.173396,-2.158804,-0.035076,-0.849613,0.403861,0.159813,0.076553,-0.183647,-1.888996,1.151689,0.022530,-0.419192,-1.171915,0.163662,0.012746,-0.309642,-0.322371,1.143481,-1.615912,0.269795,0.041902,-0.452841,-1.555667,-0.286816,-0.261164,-0.544378,-0.004739,2.231898,-2.322743,1.520701,0.701675,0.241777,0.598876,-0.548284,0.925436,-1.034085,1.321453,0.852362,0.362016,0.958997,1.397075"
DB01623,"0.557719,-0.646602,0.902422,-0.257974,0.907817,1.538913,-2.439649,-1.654408,1.118392,-1.049972,0.951243,0.531246,0.917260,0.660375,0.341443,-0.817655,-0.517094,0.671694,0.293678,0.244206,0.731324,2.053850,1.691389,-1.194299,0.708544,0.083413,-0.760868,0.180025,-0.233871,-2.451509,-1.052996,-2.291945,1.257317,-0.165539,-0.843793,0.010615,-0.031690,0.407327,-1.926228,-0.854286,-0.045116,-1.392233,0.894259,-1.362918,-0.810655,-0.608807,-0.807048,1.976334,1.364323,-0.444905,0.546229,-0.844297,0.782367,-0.437699,0.912303,2.221994,1.727149,1.200047,-1.172531,2.251826,-1.065784,0.792126,-0.013012,0.143292"
DB01222,"-0.231127,-1.046746,0.799842,1.249064,0.893548,0.760682,0.828485,0.507669,-0.835157,-0.275052,-1.183770,-0.774664,1.165105,1.237542,1.264351,-0.881503,-0.535065,-1.476902,-0.587967,0.454832,0.522604,0.305233,-0.608465,-0.523139,0.435942,-1.531688,1.368354,2.006820,-0.486313,0.646469,-0.658299,1.083275,-0.205861,1.647724,-0.894151,0.946640,-1.132245,0.218815,0.402874,0.399287,1.227805,0.303400,0.761597,-0.315407,-0.917716,0.137566,-0.852450,-0.384110,-0.101863,-0.276998,-0.461731,-0.053905,-0.728971,0.576232,0.718976,-2.154842,-0.005956,0.225950,0.008794,0.142710,1.425364,0.914071,0.684442,0.573858"
DB00209,"-1.153071,-0.727505,-0.419584,-0.390395,-0.264343,0.068698,-0.002914,0.247239,-0.405508,1.416032,-0.007599,-0.241234,-1.429444,-0.142319,1.105453,0.311539,0.540177,-0.287056,0.508975,-0.812094,0.026423,0.109832,0.327085,0.684444,-2.385632,1.094863,-0.543267,-1.571900,0.797381,0.602628,0.537045,0.017010,-0.404589,0.394842,0.303508,-0.779781,-1.103799,-0.005404,0.458770,0.643460,1.092640,-0.960757,-0.488692,0.231403,0.243638,-1.829712,0.334599,-0.917792,-1.008729,-0.858547,0.555993,-1.532761,-0.204382,1.532266,-0.467467,-0.088853,-1.005281,1.427529,-0.675908,-0.316805,0.160881,-0.342492,-0.585816,0.281517"
DB01409,"-0.409459,-0.770736,0.920491,1.113473,0.968258,0.160194,0.738828,-0.127384,-1.176113,1.115710,-1.277817,-1.791028,0.037901,1.214625,0.347423,-0.992705,-0.726834,-1.365448,0.496591,0.353009,0.710189,-0.946635,-0.383696,-0.487225,-1.895093,1.019817,1.424811,-1.107375,-0.830317,0.675937,-0.813094,0.983556,0.105423,2.000630,-0.995647,0.442315,-1.401753,-1.073158,0.234470,0.644975,1.454885,-0.124120,0.865830,-0.057376,-1.045374,-0.852000,-1.000610,-0.315444,-0.163600,-0.578502,0.769696,-0.555234,-0.415993,2.422473,0.902503,-0.439087,-0.502197,0.638047,0.595957,-0.526536,1.089537,0.974863,0.532834,1.780813"
DB00177,"1.382412,0.140211,0.505693,0.410667,0.402599,-0.508937,-0.193307,0.243249,0.104647,0.737842,0.337508,-0.027983,0.862847,-0.066195,-1.851553,-0.476908,-0.140453,-0.495409,0.006031,0.112757,-2.645233,-1.552599,-0.301942,-0.461473,0.557567,-0.570810,0.727706,-0.795378,-0.684657,-0.483374,-0.551335,-0.193576,1.116000,-0.892640,-0.449638,1.200682,1.886277,-0.172857,-1.029797,-0.437550,-1.025725,0.642126,0.579694,-0.961569,-0.426428,1.161402,-0.535212,0.886892,0.567839,0.687807,1.770281,0.911154,0.689496,-0.151621,0.604810,1.365160,0.881244,-1.351497,-0.243115,1.107542,1.000145,0.490722,1.201809,0.584107"
DB01029,"1.507220,0.149823,0.740563,0.490076,0.611700,-0.306213,-0.337239,-0.000522,0.762917,0.899076,0.464983,0.408794,0.283018,0.176353,-2.572225,-0.709130,-0.058042,-0.081714,0.834559,0.498417,-2.567764,-1.248416,0.153771,-0.663396,0.785462,-1.545384,0.110686,0.349986,-1.275646,-0.801316,-0.777970,-0.720590,1.407706,-1.825720,-0.696528,1.182931,1.542979,-0.081573,-1.368445,-0.745041,-0.081400,0.774149,0.857718,-1.111377,-0.662487,1.066954,-0.776790,1.039457,0.614773,0.930105,1.749252,0.657240,1.089032,0.243610,0.853179,1.695681,1.042874,-1.132419,-0.933078,1.333411,1.356249,0.765671,2.143276,0.340629"
DB01070,"-0.529226,0.835877,-1.265926,-0.847190,-1.279061,-1.075041,0.703000,0.503371,0.203522,-0.063761,0.575021,0.766974,-0.824311,-1.174529,-0.037776,1.271126,0.923980,0.852643,-0.551491,-0.722241,-0.185700,-0.196232,-0.424492,1.186728,-0.082475,0.330567,-0.714159,-0.402405,0.964313,0.883576,1.248216,0.695628,-1.048984,-0.381031,1.276406,-0.939916,0.630043,0.520449,1.025007,0.248542,-1.065350,0.185881,-1.273066,1.146228,1.273567,0.191532,1.266795,-0.986547,-0.918251,-0.253810,-0.744882,0.229362,0.227311,-0.716733,-1.257148,-0.500116,-1.024893,-0.448853,0.403885,-1.052789,-0.628942,-1.275562,-1.196791,-0.876956"
DB00377,"0.411047,0.186748,1.520094,0.898632,1.341599,0.318960,0.335021,-1.524973,-1.575858,-0.414674,-1.322139,-1.540206,1.447483,1.145031,-0.211279,-1.452342,-2.531489,-1.055350,-0.196735,2.040126,1.911798,-1.038091,0.745597,-1.319948,0.696130,1.828408,1.610489,-0.797935,-1.353607,-0.612413,-1.533279,0.564460,0.229713,1.362122,-1.448241,1.135471,-1.717675,-2.348249,-0.598207,0.150077,-0.027376,0.433014,1.473776,-0.264003,-1.394943,0.394777,-1.389472,0.889031,1.340835,-0.752171,-0.543074,1.572802,-1.078823,1.284849,1.459748,0.504982,1.196805,0.268815,2.070578,-0.160522,-0.664939,1.409889,0.388490,1.140879"
DB00757,"1.158308,-0.541746,1.062759,-0.386445,1.045971,1.111297,-2.214172,-1.194969,0.388169,-0.949956,0.816710,-0.705029,0.749708,0.412828,0.351560,-0.917129,-0.987160,0.697478,-0.616428,0.427325,0.384786,0.851663,1.135686,-1.373063,-0.441592,1.773472,-0.259357,-1.565025,-0.467138,-2.373963,-1.199691,-2.032425,1.749224,0.452681,-0.948877,-0.341818,-0.287119,-1.258388,-1.963187,-0.267980,-0.189994,-1.257474,1.017016,-1.377250,-0.945714,-1.004917,-0.940507,1.881745,1.399874,-0.611255,0.641696,-0.670162,1.212260,0.294961,1.099113,2.687686,1.674676,0.843264,-0.339976,2.033047,-0.927254,0.848864,0.078574,1.147785"
DB00969,"0.402690,1.070456,0.928608,-0.294030,0.714040,0.512538,-1.022934,-2.850768,0.682530,-0.156271,1.260791,0.870248,0.650181,0.688622,-1.948708,-0.793831,-1.824350,0.674722,1.435532,1.312837,1.022585,0.765209,1.828459,-0.876812,1.865311,0.009629,0.299100,-0.652269,-0.313583,-1.980251,-0.938929,-0.700714,0.025448,-0.727391,-0.850304,0.763044,-0.437925,0.517251,-0.836960,-0.599821,-0.578016,-0.146973,0.954872,-0.428248,-0.721488,0.625061,-0.705695,1.264518,0.694173,-1.469258,0.077808,0.992890,0.180928,-0.359880,0.883871,2.152475,1.426924,0.334149,-0.027816,0.806324,-1.800880,0.816846,-0.025136,-0.563466"
DB00346,"0.314598,-0.612620,-0.130525,-0.277877,0.031724,0.663699,-1.472667,1.136464,0.914766,0.032891,0.565309,-0.119276,-0.032896,-0.095127,0.787299,0.120858,0.749747,0.354721,-0.778494,-1.481770,-1.588297,0.965381,-0.301381,-0.106153,-1.240637,0.058591,-0.433204,-0.424179,0.547715,-0.449510,0.045244,-1.211559,1.156948,0.021002,0.126754,-0.796302,1.016738,0.066342,-0.591861,0.283792,-0.032179,-1.543112,-0.130232,-0.581828,0.063731,-1.084664,0.048863,0.305386,-0.196619,0.542846,1.065847,-1.348821,1.747212,-0.916988,-0.043723,0.332470,0.027399,0.066999,-0.746941,1.029217,0.495425,-0.171862,-0.526527,1.197837"
DB01162,"2.183082,-0.425773,0.015504,0.299066,-0.011948,0.012317,0.103772,0.673029,1.813163,-0.454968,-0.323201,-0.568410,0.074339,-0.782934,-0.081817,-0.033075,0.824856,-0.596584,-1.277866,0.042239,-3.709143,-2.067447,-0.906751,-0.463433,0.253778,-0.249368,-0.530242,0.177853,-0.580180,-0.325573,-0.244041,-0.980232,1.943616,-1.864238,0.082279,0.798674,2.428933,-1.294763,-1.468062,-0.985504,-0.587162,0.954324,0.101490,-1.189841,0.047506,0.692071,-0.164909,1.102278,1.263480,2.120779,0.396405,0.894192,0.239736,0.363623,0.244750,1.635414,0.918288,-1.121578,-0.353935,0.849606,1.199286,-0.037055,1.076861,-0.203803"
DB00489,"0.243689,-3.012395,0.800866,-0.006363,1.118766,1.445017,-1.539252,0.863385,-1.383417,1.596516,-0.531444,-2.240771,-0.130010,1.052288,1.465094,-0.909154,0.160361,-0.193604,0.100650,-1.647409,-1.951953,-0.058187,-0.393186,-0.807855,-3.527494,2.378724,0.821544,-3.448316,-0.199927,-0.729789,-0.675025,-1.952115,2.208514,0.984663,-0.900844,-0.552238,-0.994065,-1.602875,-1.662642,-0.751347,1.201660,-1.612321,0.737774,-1.690005,-1.046023,-2.863410,-1.012130,0.650671,0.039300,1.512728,2.696480,-3.271245,-0.376440,1.704071,0.853668,1.069896,-0.028012,1.236625,-1.738723,1.712531,1.515566,0.828093,0.771495,3.146711"
DB00433,"0.473923,-0.961626,1.062809,-0.555809,1.121188,1.265630,-2.413718,-0.660471,-0.608325,0.046447,0.659922,-0.680187,0.662603,0.563243,1.014922,-0.998991,-0.767857,0.318041,-0.174669,0.033849,0.476906,0.895600,1.545934,-1.147931,-0.975498,1.556399,-0.638242,-1.392585,-0.188341,-2.029592,-1.165535,-2.328461,1.784302,0.083862,-1.035442,-0.283444,-0.400923,-1.058064,-2.026542,-0.007668,0.024372,-1.824863,1.029739,-1.396635,-1.051989,-1.529007,-0.976537,1.640941,1.266998,-0.707554,1.584792,-1.342665,1.071389,0.504787,1.059241,2.315451,1.593978,1.535443,-0.932944,2.492874,-0.426252,0.931610,0.594447,1.374892"
DB00477,"-0.625550,-2.657487,2.555650,1.162278,2.680122,3.018383,-1.209646,-0.679207,0.277159,1.032458,-1.273438,-1.876699,2.304511,2.451302,1.811786,-2.636492,-1.677541,-2.763670,1.332073,1.206868,1.391354,0.794082,1.496946,-1.988542,-0.449260,-0.132465,1.768661,-0.376663,-0.829140,-1.458317,-2.476216,-1.050674,1.467199,2.445759,-2.643462,2.206899,-1.943200,-0.787617,-1.654786,-0.315469,2.393113,-1.146094,2.494658,-1.752703,-2.680125,-1.467919,-2.542916,1.535057,1.153338,-2.364654,1.377418,-0.939385,-0.520449,1.612475,2.438787,-0.038905,1.576443,2.666411,-0.193059,2.047064,1.209854,2.619831,0.890583,2.491884"
DB01036,"-0.210577,-1.085051,1.655620,1.344153,1.739464,0.905416,-0.609622,0.267317,0.035549,1.194806,-0.367325,-1.271062,1.103999,2.155472,-0.601034,-1.669002,-0.867488,-0.704961,1.185281,-0.342942,0.371035,0.543862,0.089034,-1.328120,-1.392985,-0.109366,1.746552,-0.525989,-0.857623,-0.504394,-1.603082,-0.001120,1.116468,2.627528,-1.707931,0.888563,-0.700760,-0.199470,-0.539078,0.770447,1.386926,-0.837323,1.636811,-0.873055,-1.771373,-0.637437,-1.743360,0.711440,-0.110990,-0.744590,1.527295,-1.500924,1.330293,1.195762,1.710369,0.568427,0.050713,0.427284,-0.554039,1.163497,1.818302,1.694103,0.899414,2.836631"
DB00572,"0.594946,-1.784861,0.517353,1.073963,0.709164,1.118446,-1.067384,0.713060,1.227774,-0.003231,-0.569257,-0.818819,0.155694,0.796434,0.957260,-0.546268,0.240270,-0.717889,-0.101878,-0.715641,-1.491987,0.766032,-0.499763,-0.782170,-2.185918,-0.220758,0.206771,0.895517,-0.506987,-0.583841,-0.587772,-0.796755,1.299191,1.024996,-0.521492,-0.167549,-0.352468,-0.304325,-0.921175,-0.142825,1.497442,-1.106768,0.481502,-0.999991,-0.606585,-1.521393,-0.681481,0.739462,0.314224,1.131896,0.868369,-1.947142,0.632253,0.640450,0.623928,0.511463,0.184529,0.931201,-0.979202,1.002173,0.839303,0.504424,-0.019188,1.322569"
DB00590,"0.788450,0.499382,1.170525,-0.220632,1.070356,-0.079338,-0.421150,-0.027041,-0.271918,2.115285,1.089239,-0.903389,0.598465,0.498618,-1.464559,-1.164015,-0.849879,-0.930835,0.797146,0.294514,-2.346663,-1.825090,0.271871,-0.666778,-0.055697,-0.657162,0.751667,-2.224123,-0.841277,-0.513879,-1.171470,-0.355066,1.537111,-0.611719,-1.187677,1.188307,2.256412,-0.251970,-0.881263,0.692927,-0.765529,-0.254075,1.292506,-0.850141,-1.163399,0.385182,-1.128483,0.685187,0.192323,-1.158667,2.742499,0.918725,2.301407,0.038642,1.260664,1.529664,0.839074,-0.891645,-0.301680,1.300639,1.448020,1.160905,1.307999,1.681033"
DB00104,"-0.651018,0.928755,-1.424196,-1.131677,-1.483552,-1.803483,0.970805,1.081972,-0.023466,0.080013,0.639092,0.544314,-1.174693,-1.470855,0.033523,1.493044,0.469435,0.585563,-1.174713,-0.677182,0.092600,-0.022979,-0.043544,1.182928,0.182408,0.662454,-0.958809,-0.743480,0.805442,0.854853,1.339514,0.569269,-1.153685,0.173757,1.484287,-1.111869,0.569917,0.218111,0.892646,-0.595515,-1.578859,-0.108274,-1.426155,0.909731,1.509064,0.649626,1.439925,-1.071940,-1.014945,-0.463420,-0.729433,0.508582,0.333235,-0.783266,-1.352393,-0.672963,-0.859684,-0.945428,1.121253,-0.849114,-0.300277,-1.524726,-1.352558,-0.855948"
DB00450,"2.370168,-1.357695,1.638063,1.090296,1.596242,1.714682,-2.227821,-1.452312,1.377835,-1.678452,-0.505312,-1.091954,1.741048,1.148542,0.372321,-1.485283,-1.481895,-0.380242,-1.017716,0.990498,-0.777755,0.827522,0.602100,-2.291821,0.226787,0.586303,0.426523,0.250329,-1.436817,-2.775044,-1.916354,-1.937624,2.446722,0.519117,-1.449001,0.630313,-0.244068,-1.578065,-2.781288,-0.713930,0.334565,-0.654060,1.633107,-2.307401,-1.448666,-0.440228,-1.629117,2.903774,2.687759,0.699426,0.204588,-0.038339,0.536168,0.474761,1.777606,2.753968,2.511764,0.666002,-0.246083,2.187839,-0.373117,1.409891,0.643893,1.208560"
DB00836,"-0.324078,-1.318743,0.134704,-0.073950,0.344644,0.917729,-1.370478,1.355942,0.346869,0.820504,-0.322599,0.194894,-1.053936,0.558040,-0.056502,-0.233215,0.905410,0.775997,0.932261,-1.019319,-0.295339,1.104229,0.541943,-0.136702,-1.566438,-0.469432,-0.356032,0.997430,0.002156,-0.414593,-0.045850,-1.972047,1.309800,-0.051461,-0.232701,-0.759158,-0.731519,0.053401,-0.874254,-1.492374,1.390135,-0.944365,0.131608,-0.823910,-0.312203,-1.441320,-0.283641,0.316307,0.204145,1.816854,1.286158,-2.517755,0.113578,0.974630,0.140516,0.211576,-0.373516,0.587209,-1.908057,1.328966,0.980084,0.243569,1.275469,0.858684"
DB01065,"0.732664,0.452908,0.414448,-0.400491,0.257796,0.804462,-0.855844,-2.551086,1.080950,-0.970975,0.433347,0.346169,0.044434,0.096591,-0.746603,-0.295232,-1.158370,0.786870,0.544422,1.252307,0.618064,0.596120,1.273072,-0.650687,1.374892,0.831205,-0.243833,-0.223158,-0.093607,-1.872450,-0.477038,-1.248476,0.286310,-1.005195,-0.300018,0.112988,-0.835896,-0.277131,-1.150791,-1.649042,-0.296739,0.109273,0.378736,-0.624081,-0.203839,0.156571,-0.253170,1.309696,1.264225,-0.309936,-0.548013,0.645682,-0.711304,0.540943,0.395500,1.873141,1.351634,0.645173,0.431206,0.613569,-1.952822,0.272482,-0.431385,-1.135871"
DB00420,"-0.002121,-1.495287,1.997639,0.415293,2.063923,2.422778,-2.168035,-1.191812,0.996188,1.445977,0.099934,-1.173650,1.007954,1.482709,0.443612,-2.001052,-1.362741,-1.506347,1.899132,0.775951,0.433012,0.862991,1.963031,-1.629912,-1.241488,0.519106,0.634361,-1.312969,-0.409952,-2.068814,-1.992260,-1.961017,1.849256,1.487473,-2.024391,1.093659,-0.858974,-0.561971,-2.024073,-0.359173,1.815643,-1.726808,1.959591,-1.704564,-2.023954,-1.781262,-1.956508,1.756748,1.192321,-1.956428,2.440183,-1.284499,0.352341,1.458744,1.966101,2.109662,1.389154,2.594629,-0.430555,2.372179,0.336413,1.966239,0.733595,2.155274"
DB01598,"-0.451838,0.634147,-1.094314,-1.081508,-1.129167,-1.015602,0.377467,-0.186616,-0.188797,-0.091232,0.821148,0.536449,-0.578828,-1.209491,0.137672,1.112708,0.850149,0.929977,-0.439082,-0.568150,-0.310297,-0.166342,-0.006088,0.977277,0.252656,0.741265,-1.133072,-0.475063,0.927407,0.434465,1.046501,0.056471,-0.903020,-0.938470,1.116387,-0.756846,0.607768,0.430884,0.433440,0.317664,-1.155205,-0.003242,-1.102936,0.786837,1.128999,0.215971,1.138948,-0.588237,-0.420388,-0.182276,-0.310646,0.004108,-0.092897,-0.745335,-1.123578,-0.000908,-0.339082,-0.123969,0.331824,-0.411321,-0.822021,-1.114522,-0.859379,-1.063862"
DB00799,"-0.792489,0.765863,-1.114822,-0.876772,-1.120713,-0.873052,0.452901,0.652946,0.435369,0.461897,0.149999,1.012824,-1.604543,-0.914848,-0.877201,1.080969,1.205885,1.237468,0.409176,-0.505999,0.328689,-0.031973,0.241483,1.160713,-0.081321,-0.124260,-1.075785,0.396849,0.692404,0.783943,1.157316,-0.163034,-0.662149,-1.190758,1.088742,-0.967118,-0.125213,0.338329,0.605947,-0.876172,-0.223413,0.333451,-1.115545,0.891244,1.086842,0.003548,1.097526,-0.868509,-0.600817,0.239099,-0.313966,-0.419417,-0.081720,0.149898,-1.138728,-0.320835,-1.046170,-0.189944,-0.055643,-0.562037,-0.235803,-1.056493,-0.105857,-0.959736"
DB01078,"-0.334076,0.053227,-1.085930,-0.627693,-1.012027,-0.615643,0.402165,1.113431,0.877002,0.223346,0.154289,0.670323,-1.005875,-0.679724,-0.035482,1.018114,0.564515,0.317617,-0.229691,-0.435174,-0.541675,-0.149917,-0.389438,1.044958,-0.725880,0.156848,-0.485875,0.628909,0.861188,0.623064,1.144519,0.613224,-0.739114,-0.191064,1.033776,-0.599817,0.109850,0.614472,0.726482,-1.203146,-0.530883,0.132549,-1.096434,0.879159,1.015586,-0.223094,1.026157,-0.886925,-0.798789,0.444125,-0.839926,-0.396943,-0.478914,-0.071510,-1.085825,-0.721591,-0.945804,-0.014512,-0.300849,-0.727918,-0.676217,-1.052387,-0.778478,-0.872313"
DB01092,"-0.555237,0.280974,-1.130456,-0.743559,-1.066811,-0.723926,0.426492,1.392344,-0.252833,0.017229,-0.057422,0.808388,-1.041083,-0.845717,0.040056,1.066513,0.622851,0.396939,-0.479082,-0.565990,-0.061556,-0.230153,-0.261120,1.201876,-0.391085,0.442409,-0.655546,0.252128,0.785052,0.749142,1.205429,0.408571,-0.707656,-0.482954,1.066832,-0.729146,-0.047760,0.519361,0.623906,-1.225267,-0.923303,0.243212,-1.150250,0.775945,1.064143,0.022602,1.109170,-0.872742,-0.591536,0.429960,-0.623745,-0.338658,-0.404748,-0.044882,-1.166469,-0.862259,-0.835182,-0.251559,-0.054089,-0.595126,-0.531800,-1.092625,-0.639744,-0.935932"
DB01370,"-0.603031,1.141031,-1.335458,-0.937921,-1.378288,-1.313764,0.757390,0.363630,0.090961,-0.012459,0.731189,0.747422,-0.807836,-1.299335,-0.249592,1.356918,0.905193,1.002856,-0.696782,-0.763306,-0.230172,-0.338846,-0.335931,1.241794,0.082739,0.564735,-0.802869,-0.691213,0.846602,0.992976,1.294150,0.745328,-1.214834,-0.531666,1.360996,-0.971211,0.812818,0.364505,1.092537,0.470490,-1.286834,0.174231,-1.338518,1.271480,1.368076,0.326545,1.353180,-1.040931,-0.973588,-0.210859,-0.637019,0.387932,0.202431,-0.952951,-1.326897,-0.403501,-1.005138,-0.636160,0.634786,-1.180048,-0.683213,-1.362374,-1.276817,-0.845991"
DB01207,"0.320359,-0.126842,-0.690207,-0.209722,-0.601446,-0.004172,0.194866,1.016666,0.147661,-0.115445,0.224934,0.366009,-0.012608,-0.430272,0.488139,0.691395,0.761453,0.350604,-1.025782,-0.757187,0.000929,0.896963,-0.472893,0.421751,0.279917,-1.178441,-0.687914,0.199213,1.354821,0.239774,0.678720,0.509172,-0.250609,0.077321,0.697638,-0.357565,0.012816,0.775713,0.679558,0.234614,-0.129376,-0.068543,-0.715652,0.083081,0.663124,-0.063084,0.617166,-0.395244,-0.215844,-0.364744,-0.401649,-0.369852,0.583898,-1.163234,-0.645802,-0.793227,-0.720249,0.088547,-0.247178,-0.041281,0.216732,-0.684100,-0.377614,-0.354294"
DB00765,"2.475578,-0.140465,0.945091,0.501404,0.762831,1.195380,-0.743555,-1.363402,2.588874,-1.841628,-0.702945,-0.780285,1.387089,-0.119967,-0.391524,-0.807004,-1.250451,-0.349455,-1.441652,1.774521,-2.133607,-1.119873,0.446437,-1.591292,1.726458,1.138442,0.012824,0.105105,-0.532470,-2.150343,-1.220074,-1.383694,2.076562,-1.825142,-0.702814,1.309012,0.394138,-2.758503,-2.326809,-1.039886,-0.467677,0.897983,0.957009,-1.894690,-0.653265,0.670277,-0.906787,2.363609,2.334069,1.168614,-0.974379,2.018349,-0.269056,0.303721,1.094001,2.399299,2.513375,-0.443004,1.860087,1.182169,-0.509703,0.717870,0.232830,-0.213459"
DB00327,"0.472746,-0.231404,1.526507,1.266525,1.354769,0.712018,-0.093206,-1.344008,0.369033,-0.191918,-0.905051,-0.539843,1.872902,1.601843,-1.546254,-1.428962,-2.331511,-0.947830,0.433314,1.879572,1.413319,-0.097138,0.922725,-1.442214,1.409989,0.687200,1.956706,-0.092687,-0.922454,-1.249673,-1.496194,0.521314,0.015425,0.976237,-1.433010,1.825054,-2.126112,-1.246809,-0.790015,-0.175379,0.485081,0.587202,1.486953,-0.918071,-1.373517,0.758451,-1.424362,1.224953,0.981306,-0.658429,-0.405574,1.258828,-1.337551,0.748942,1.459987,0.678275,1.374501,0.307134,1.187425,0.309855,-0.544515,1.454734,0.563070,0.692549"
DB00805,"1.421839,-1.500415,1.619755,0.849254,1.600817,1.911120,-0.936653,-1.369550,0.270791,-0.419252,-1.298083,-2.089484,1.233331,0.931985,1.066582,-1.564942,-1.786003,-1.414190,-0.671736,1.378487,-0.661928,-0.396441,0.568178,-1.766121,-0.010528,1.344963,1.030526,-1.108287,-0.306527,-1.894598,-1.673896,-1.291005,2.028271,0.468603,-1.519632,1.077005,-1.632313,-2.687281,-2.075745,-0.245128,0.872068,-0.333731,1.542221,-2.140953,-1.509776,-1.119785,-1.603214,1.872186,1.981986,0.061438,0.646157,0.352451,-0.504905,1.812635,1.646474,1.725112,2.000929,1.375483,1.227731,1.453047,-0.095602,1.473914,0.580981,1.276512"
DB00679,"2.627005,-1.347879,2.086458,0.773724,2.026287,1.787632,-2.482442,-1.708911,0.371753,-1.497183,-0.510139,-1.615124,1.726032,1.202612,0.468282,-1.920947,-1.931216,-0.330997,-0.958261,1.183048,-0.780650,0.364393,0.822770,-2.582983,-0.072679,1.261226,0.526040,-0.955222,-1.680053,-3.189395,-2.342805,-2.504033,3.135999,0.468936,-1.901275,0.554690,-0.334873,-2.326056,-3.259607,-0.682022,0.140011,-0.748874,2.078385,-2.578415,-1.888011,-0.679705,-2.028491,3.210529,2.900520,0.059493,0.745543,0.002815,1.168442,1.195430,2.228351,3.480493,2.906873,0.769955,-0.197170,2.769355,-0.232623,1.825406,1.088236,1.920945"
DB00797,"1.979120,-0.283868,0.004216,0.365168,-0.031634,-0.069304,0.225921,0.645763,1.520601,-0.452100,-0.328013,-0.627446,0.092184,-0.813126,-0.102216,-0.020093,0.659961,-0.622548,-1.162603,0.086440,-3.484498,-1.982810,-0.893052,-0.402347,0.225982,-0.179189,-0.435929,0.203876,-0.626676,-0.210936,-0.221659,-0.730469,1.686439,-1.582926,0.087904,0.751052,2.285979,-1.203781,-1.296742,-0.838124,-0.629026,0.917338,0.083408,-1.006463,0.061309,0.761204,-0.138277,0.965387,1.160432,1.979531,0.385683,0.931675,0.227701,0.267299,0.216588,1.442686,0.866170,-1.118401,-0.085145,0.664466,1.069982,-0.043736,0.867805,-0.188829"
DB00925,"2.249957,-0.353517,-0.000664,0.235728,-0.023295,-0.002201,0.169642,0.824003,1.969158,-0.557689,-0.204291,-0.516244,0.028228,-0.873001,-0.105738,-0.017739,0.925061,-0.660063,-1.311162,0.099953,-3.704472,-2.115756,-0.979285,-0.442502,0.235104,-0.407434,-0.549574,0.213734,-0.757333,-0.318989,-0.232785,-1.017475,1.905292,-1.734533,0.096903,0.709038,2.489473,-1.071233,-1.422183,-1.008866,-0.556762,1.053552,0.087513,-1.094738,0.063288,0.762575,-0.135509,1.115936,1.257680,1.981658,0.381687,0.819354,0.068976,0.386826,0.229893,1.537797,0.851004,-1.132419,-0.528270,0.840182,1.130607,-0.049644,1.089204,-0.332447"
DB01214,"-0.058648,0.377877,-1.066202,-0.823470,-1.048356,-0.766950,0.315509,0.789178,0.459949,0.614086,0.173401,0.257649,-0.865165,-1.048367,-0.262511,1.026492,0.697018,0.404136,-0.711756,-0.638106,-1.202517,-0.781360,-0.509914,0.962268,-0.363482,0.784853,-0.364014,-1.159089,0.743082,0.725500,1.079098,0.287047,-0.559726,-0.630859,1.062885,-0.479053,0.771883,0.044898,0.503932,-1.054837,-0.964826,0.243792,-1.063941,0.634482,1.045321,0.027429,1.022835,-0.755371,-0.545102,0.200321,-0.277947,0.117705,-0.465485,-0.407107,-1.054157,-0.275589,-0.635605,-0.535192,0.115944,-0.720071,-0.370684,-1.063654,-0.840799,-0.413119"
DB01224,"-0.031008,-2.273181,2.463315,1.466985,2.565999,2.616693,-1.286195,-0.368700,0.086584,0.945441,-1.906868,-2.980237,2.217718,2.062647,1.754070,-2.518881,-2.122422,-2.669209,0.144907,1.136988,0.582920,0.005544,0.845187,-2.087529,-1.260918,1.399803,2.218966,-1.340654,-1.049920,-1.038115,-2.422768,-0.736408,1.828206,2.920046,-2.490948,1.903468,-1.772350,-2.628194,-1.711301,-0.035416,2.285771,-1.224158,2.378120,-1.584232,-2.546328,-1.845410,-2.500769,1.330164,1.359438,-1.398367,1.394714,-0.641826,-0.695861,1.775986,2.400855,0.380637,1.547041,2.220151,1.252242,1.479894,1.342333,2.432158,0.798174,3.621441"
DB00734,"1.750555,-1.288558,2.272772,1.002086,2.258588,1.938896,-2.211877,-1.539337,-0.277179,-0.767694,-0.976426,-2.304027,1.778601,1.550246,1.165641,-2.179504,-2.201008,-1.142562,-0.386021,1.205094,-0.168263,0.033935,0.802135,-2.459095,-0.662333,1.215115,1.057779,-1.259924,-1.201713,-2.423409,-2.438247,-1.927133,3.023091,1.201996,-2.165593,0.788686,-0.324038,-2.744863,-2.738306,0.155151,0.588626,-1.086754,2.256034,-2.180325,-2.171412,-1.306929,-2.229018,2.504038,2.526372,-0.593951,1.029581,0.027425,1.050725,1.440382,2.354492,2.582612,2.444387,1.253402,0.579311,2.217836,0.180902,2.067468,1.261779,2.593548"
DB01234,"-2.558043,-0.544887,0.274447,-0.228093,0.543761,1.050285,-0.484053,0.925199,-2.514746,1.040578,-1.006467,0.193305,-1.246114,0.205719,3.734939,-0.561497,0.370034,-2.065722,1.745048,-0.215267,1.603266,0.833296,1.272930,0.850166,-1.525403,-1.256469,-0.058305,2.821907,0.889310,1.480660,0.099159,-0.808045,-0.472077,0.425254,-0.619108,-0.292744,-0.972049,0.869808,0.550437,1.038596,2.485546,-1.679964,0.221026,0.281786,-0.638292,-1.651829,-0.264790,-1.891788,-0.807049,-0.952961,1.320879,-1.172114,-1.156901,2.092607,-0.055202,-3.063370,-0.654289,2.404087,-0.354223,0.406566,1.054266,0.588734,1.524310,-0.522487"
DB00370,"1.463335,-0.342014,1.950328,0.820711,1.858304,1.567878,-1.686729,-1.790802,0.782349,-0.736661,0.119147,-1.482965,1.255211,1.500215,-0.371305,-1.811859,-1.906634,-0.458483,0.604634,1.133552,-0.002664,0.493592,0.732298,-2.065282,-0.354535,0.440288,0.890363,-0.737159,-1.670184,-2.335520,-2.114831,-1.388478,2.164149,1.219520,-1.839721,0.492382,0.294471,-0.791166,-1.974586,-0.244183,0.293633,-0.800368,1.957454,-1.547994,-1.795935,-0.367966,-1.841001,2.308507,1.724230,-0.717123,1.079778,-0.017405,1.634461,0.671683,2.069343,2.510838,1.894653,0.491901,-0.034001,1.796701,-0.278218,1.755538,0.374949,1.609245"
DB00368,"0.729512,-0.111545,0.024286,0.974304,0.014967,-0.507687,1.103991,0.258053,0.871936,-0.765455,-0.780438,-0.628761,-0.058659,-0.094701,-0.155968,-0.006663,0.166650,-0.767841,-0.563018,0.304671,-1.027539,-0.983544,-1.307373,-0.123501,-0.732329,-0.392593,0.277813,0.959334,-0.614415,0.273236,-0.091713,0.552478,0.219033,0.314478,0.019240,0.149874,0.123834,-0.122668,-0.028993,-0.094124,0.358829,0.911835,0.013856,0.006647,0.016387,0.373016,-0.077547,0.155748,0.212214,0.931661,0.197631,-0.040349,-0.225251,1.092364,0.107425,-0.093352,-0.137870,-0.252346,0.269941,-0.205661,0.393063,0.003386,0.518789,-0.473949"
DB00422,"1.060560,0.504448,-0.077960,0.773031,-0.209999,-0.938790,0.961233,-0.029223,-0.362086,-1.418403,-0.698466,-0.549610,0.322275,-0.344161,-0.448184,0.168946,-0.255062,0.005788,-0.765009,0.451579,-1.200816,-1.126192,-1.168334,-0.287152,0.127486,0.162970,-0.307670,0.971023,-1.459226,0.227170,-0.113178,0.601250,0.422300,-0.482205,0.214742,-0.235926,1.073957,-0.806066,-0.142446,0.756046,-0.637038,1.209434,-0.047363,0.076497,0.244088,1.080249,0.061707,0.518543,0.575603,2.008058,-0.562890,1.050169,0.055600,-0.334278,0.066900,0.155383,0.330540,-1.456466,0.992179,-0.571974,0.090454,-0.189617,-0.017094,-0.405089"
DB00960,"0.524214,-2.105144,2.016821,1.065941,2.022417,1.801996,-0.065474,-0.893505,-1.512163,1.068779,-2.402500,-3.397328,1.625423,1.705622,1.044669,-2.058595,-2.334626,-2.228725,-0.231252,1.596676,0.263071,-1.495365,0.252344,-1.701651,-0.621540,2.656816,2.569670,-2.187086,-1.182506,-0.742522,-1.896986,-0.281305,1.286187,1.863262,-2.006611,1.885503,-2.582704,-3.203364,-1.529042,-1.270325,1.334994,-0.189100,1.925074,-1.544957,-2.034681,-1.227030,-2.041024,1.153164,1.665070,0.238340,1.374420,0.111681,-2.744253,2.622805,1.947002,0.270114,1.345736,1.491153,1.891397,0.665253,0.595088,1.972924,0.918516,2.780212"
DB00490,"0.885091,0.479082,2.048999,1.833822,1.801258,0.395244,0.484369,-1.712706,-1.804469,-0.874492,-2.177709,-2.500227,2.045459,1.607433,-0.020755,-1.955533,-3.526496,-1.820261,-0.344155,2.544202,1.412682,-1.279526,0.578432,-1.828155,0.692171,1.410113,2.350789,-0.310789,-1.963236,-0.511291,-2.119397,1.262302,0.742738,2.019216,-1.937341,1.556922,-1.237768,-3.101269,-0.672926,1.043141,0.130066,0.480733,2.016261,-0.260036,-1.860609,0.527554,-1.928729,1.073674,1.791852,-0.669480,-0.695011,2.395038,-0.440944,1.380454,2.043340,0.203558,1.543209,-0.027712,3.378381,-0.549581,-0.279134,1.883468,0.400408,1.943748"
DB00648,"-2.065736,1.842965,-0.152189,-1.090754,-0.111049,-0.263826,0.028470,0.362500,-1.130719,2.088616,0.697403,0.252954,-1.513164,-0.524873,1.058050,-0.011219,0.127292,-1.293658,1.919875,0.222447,1.145863,-0.736121,1.014613,1.143738,-1.052022,-0.692193,-0.527924,0.734512,0.368753,1.764960,0.366195,0.612432,-1.259276,-0.533026,-0.077299,-0.092242,1.425981,0.881083,1.566197,0.846342,0.744630,-1.310516,-0.085306,1.965813,-0.038636,-0.682652,0.300822,-2.201533,-1.554214,-2.891036,1.013920,0.533630,0.429500,-0.165510,-0.364895,-2.247057,-0.915309,1.022116,0.759853,-1.337288,-0.007561,0.018233,0.232978,-0.223090"
DB00831,"1.149935,-0.189871,1.258651,0.797196,1.107802,1.015863,-0.499031,-2.240992,0.746833,-0.713347,-0.699951,-0.386790,0.850501,0.734499,-0.446890,-1.201858,-1.644106,-0.803655,0.583576,1.733706,-0.304197,-0.300086,0.846016,-1.420911,1.226783,-0.054271,0.138589,0.643894,-1.104944,-1.811384,-1.392710,-1.175978,1.082733,-1.094510,-1.169571,1.251142,-0.633550,-0.958619,-1.824902,-1.366973,0.247150,0.319367,1.271347,-1.308903,-1.076651,0.345172,-1.179542,1.942146,2.063844,0.477010,0.234724,0.878026,-0.947292,1.289846,1.290925,1.926276,2.077738,0.722659,0.198034,1.127048,-0.964738,1.168888,0.956574,-0.692335"
DB01149,"-0.964530,-0.233150,2.297017,1.269132,2.253406,1.468496,0.348046,-0.706847,-3.081341,0.556034,-2.369839,-2.688986,2.062194,1.900226,2.288665,-2.389808,-3.215518,-3.266519,0.462847,2.169500,2.565347,-0.857390,1.455585,-1.330666,0.299639,0.474489,2.757321,0.303620,-0.793776,0.278395,-2.116441,0.875842,0.154953,2.533415,-2.405307,2.135329,-1.965714,-2.420062,-0.241670,1.036705,1.257719,-0.715738,2.257677,-0.133777,-2.365241,-0.471678,-2.151606,-0.071944,1.029469,-2.412021,0.530978,1.721794,-1.258470,1.557986,2.061704,-2.064911,1.171618,1.563981,3.195957,-0.101454,0.480062,2.351911,1.134682,2.200863"
DB01126,"1.655707,0.929264,0.138144,1.410404,-0.039754,-1.464592,1.200791,-0.755995,-1.042386,-1.871789,-0.670070,-0.967718,-0.189802,-0.013999,-0.511151,-0.014698,-0.490110,0.076511,-0.248354,0.455435,-1.508719,-1.207753,-1.430411,-0.433804,-0.589276,-0.579766,0.165229,1.085340,-1.638430,0.303587,-0.348860,1.225170,0.717409,0.285325,0.005779,-0.564673,1.652625,-1.021214,-0.202682,1.619623,-0.585519,0.906133,0.181772,0.478495,0.042860,0.981360,-0.159704,0.304678,0.831081,1.706888,-0.633720,1.346737,1.451895,0.621402,0.342715,0.550976,-0.136638,-1.383886,1.512823,-0.915101,0.258826,-0.017249,0.308948,-0.133803"
DB01216,"1.506964,0.971776,0.273206,1.416852,0.121908,-1.333271,1.021900,-0.638956,-0.937295,-1.515867,-0.796464,-0.948244,-0.188666,0.081124,-0.512142,-0.188911,-0.463755,-0.249675,-0.098843,0.500073,-1.329689,-1.299472,-1.215961,-0.443284,-0.636467,-0.654441,0.318604,1.140317,-1.517128,0.344476,-0.447993,1.018565,0.747277,0.189795,-0.171062,-0.366667,1.611367,-1.031758,-0.299287,1.663289,-0.373833,0.779021,0.326125,0.320487,-0.140190,0.932561,-0.298618,0.249257,0.811389,1.439286,-0.251495,1.264783,1.228851,0.979268,0.442510,0.480664,-0.023076,-1.200327,1.303380,-0.731182,0.456976,0.166741,0.837748,-0.091774"
DB00276,"0.439581,-0.319379,-0.719368,-0.092724,-0.626070,-0.162798,-0.011976,0.706068,-0.823267,-0.179295,0.357653,0.603100,-0.234534,-0.241755,0.673673,0.727459,0.807316,0.590263,-1.364876,-1.107244,-0.300270,1.223219,-0.064729,0.383590,0.079564,-1.272859,-0.862077,0.749916,1.107128,0.139614,0.685571,0.518116,-0.311366,-0.432571,0.727447,-0.739525,-0.291068,0.597611,0.611770,1.252382,-0.212173,-0.689512,-0.745707,-0.041393,0.696899,-0.462263,0.621570,-0.347139,-0.284892,-0.030959,-0.401703,-0.474827,1.157173,-0.685954,-0.654389,-0.686003,-0.601124,0.142639,-0.673054,-0.235323,0.005646,-0.729190,-0.677417,-0.339502"
DB00806,"0.593509,-0.967942,0.815800,1.041248,0.873713,1.421986,0.336181,0.462860,1.422036,0.187947,-0.897031,-0.506673,1.273685,0.975394,0.180171,-0.880798,-0.251977,-1.340715,0.314596,0.541597,-0.159134,0.262674,-0.635214,-0.746652,1.114009,-1.768088,0.902418,1.321370,0.172941,-0.291225,-0.763364,0.114766,0.819061,0.942098,-0.851646,1.620816,-0.282401,0.836729,-0.296290,-2.181872,1.206992,0.732481,0.808468,-0.910563,-0.867356,0.594741,-0.905872,0.608743,0.738573,0.313696,0.234678,-0.188789,-0.899576,0.038645,0.849261,-0.995383,0.223690,0.260039,-0.161285,0.811451,1.342494,0.902380,0.934116,0.413154"
DB02638,"0.746079,-0.157416,-0.443103,-0.249121,-0.342832,-0.065569,-1.519009,1.311602,0.784648,-0.890480,1.089805,0.546956,0.066004,-0.170172,-0.197923,0.541136,0.902867,1.867043,-1.549549,-1.839274,-1.040919,1.701277,-0.372337,-0.122376,-0.649306,-0.314579,-0.910532,0.218788,0.193796,-0.828632,0.241437,-1.061177,1.061188,0.147015,0.528455,-1.569863,0.970953,0.425757,-0.565028,0.558694,-0.964518,-1.465010,-0.426823,-0.308187,0.465652,-0.541091,0.367727,0.668661,-0.075954,0.939328,0.569884,-1.496812,2.880583,-1.694736,-0.271902,1.034093,-0.058790,-0.686631,-1.077904,1.121920,0.066587,-0.568396,-0.792692,1.149420"
DB00521,"-0.068859,0.429663,-1.098140,-0.821276,-1.083884,-0.776334,0.326790,0.885851,0.629079,0.452655,0.236788,0.380381,-0.841253,-1.116438,-0.271619,1.064648,0.732052,0.437431,-0.733130,-0.645158,-1.201219,-0.728657,-0.537600,0.987498,-0.275520,0.686277,-0.395305,-0.982648,0.783267,0.702885,1.105027,0.280789,-0.559286,-0.672266,1.097771,-0.503074,0.856851,0.103816,0.508564,-1.033578,-1.023933,0.313468,-1.093509,0.661120,1.082461,0.127790,1.062921,-0.761840,-0.585237,0.210531,-0.446931,0.184911,-0.304311,-0.490875,-1.082438,-0.264637,-0.594783,-0.622028,0.093622,-0.694525,-0.399671,-1.101326,-0.888395,-0.564776"
DB00668,"0.214240,-0.291033,0.411528,0.711369,0.390493,-0.252299,0.845264,0.252686,0.369554,0.027840,-0.012389,-0.544055,0.683449,0.418274,-0.615053,-0.366976,-0.156339,-0.763756,-0.024787,0.110621,-0.865942,-0.475484,-0.783305,-0.213487,-0.168791,-1.056188,0.864876,0.171545,-0.054209,-0.107098,-0.367143,0.636448,0.104075,0.585399,-0.388493,0.726643,-0.020642,0.551223,0.020910,0.211642,0.244214,0.550713,0.395268,-0.257039,-0.387957,0.357409,-0.394866,0.084983,-0.312015,-0.104644,1.038054,-0.094141,0.665168,0.284874,0.422313,-0.377074,-0.021148,-0.067962,0.372589,0.409962,0.728500,0.406364,0.543850,-0.017111"
DB00921,"-1.121114,-0.056642,1.013752,-0.430258,1.013003,1.166936,-1.239002,-0.919358,-0.993436,1.889316,0.217827,0.214579,-0.762168,0.509228,0.081805,-1.113970,-1.165871,-1.010276,2.661556,1.364705,1.791447,0.279317,2.794077,-0.293413,-0.279694,0.393556,-0.320477,0.281757,-0.221124,-0.750067,-0.800294,-1.200121,-0.127993,-0.949753,-1.162865,0.817579,-1.898728,-0.486193,-0.741867,-0.270558,1.679650,-1.382092,1.007854,-0.254164,-1.098624,-1.394022,-0.868239,-0.035299,0.177508,-1.657199,1.576552,-0.360578,-1.144507,1.622416,0.781988,0.493844,0.821457,2.453033,-0.009567,0.724296,-0.766204,1.123857,1.140511,0.121951"
DB01238,"0.709543,-2.157179,2.234240,0.694358,2.345945,2.652140,-2.192565,-1.044778,0.439429,0.517276,-0.804437,-2.205566,1.460307,1.592260,1.822853,-2.248874,-1.629396,-1.959083,0.424466,1.026613,-0.090948,0.289935,1.084361,-2.090649,-1.399377,0.927309,0.952691,-1.376301,-1.029481,-1.980222,-2.266934,-1.972279,2.507118,1.257182,-2.236935,1.116245,-0.934035,-2.178950,-2.416472,0.029983,1.955326,-1.608019,2.201485,-2.082641,-2.276450,-2.242249,-2.227668,1.864206,1.662544,-1.488206,1.621487,-0.826564,0.210080,1.761010,2.226860,1.673814,1.995782,2.429277,-0.045203,2.190435,0.677913,2.155478,1.042672,2.750137"
DB00320,"2.308450,0.392383,1.810065,0.998778,1.554673,0.981021,-0.441820,-2.387873,1.131163,-1.253433,-0.492719,-1.082737,1.411537,1.334214,-1.565902,-1.638568,-2.851540,-0.790108,-0.156907,2.627578,-0.535158,-0.856669,0.677025,-2.129340,1.592690,0.127049,1.215674,0.162399,-2.218666,-2.204621,-1.959679,-0.337135,1.302992,-0.755733,-1.624562,1.635713,-0.494641,-1.577403,-1.675830,-0.820247,0.090332,1.018963,1.879913,-1.582278,-1.535308,1.126896,-1.648701,2.199627,2.034257,-0.156610,-0.878490,2.204849,0.117543,0.365763,1.882416,1.949403,2.666275,-0.602117,0.693716,0.682992,-0.732677,1.615638,0.935760,-0.045657"
DB00246,"-0.626266,-1.451717,2.439745,0.377046,2.560796,3.070117,-2.085235,-0.212215,0.701926,1.953201,-0.151928,-1.756942,1.470107,2.229323,1.854002,-2.517238,-1.700514,-2.764769,2.049825,1.346485,1.133115,0.469076,1.852886,-1.731213,-1.412336,-0.682390,1.303572,-0.468442,-0.883665,-1.246671,-2.347969,-1.172109,1.473726,1.033952,-2.567491,1.658683,-0.345908,-0.585556,-1.255113,1.360751,2.566403,-1.846562,2.493526,-1.522327,-2.601780,-2.044330,-2.349196,0.936165,0.493132,-3.532241,1.944223,-0.142734,0.752469,0.957940,2.332787,-0.254046,1.354712,2.429572,-0.183876,1.623292,1.271666,2.502837,1.317534,2.409789"
DB00279,"-0.066726,-0.432006,0.304836,1.107959,0.322242,-0.184011,1.248277,1.181442,-0.971253,-1.344719,-1.781615,-0.359869,0.925697,0.602812,0.304145,-0.347972,-0.574679,-0.842429,-0.848916,0.720764,1.102110,-0.601039,-1.049409,-0.196488,0.391369,-0.206013,0.954828,1.760707,-1.018999,0.582385,-0.253207,0.978056,-0.007035,0.882854,-0.330154,0.595019,-1.045324,-0.285728,0.269020,-0.692054,0.148026,1.304717,0.284714,0.049118,-0.340752,0.956493,-0.329319,0.024844,0.233343,1.270550,-1.022901,0.430977,-1.247058,0.456395,0.282448,-1.645969,-0.003599,-0.805480,0.570829,-0.242255,0.571039,0.356773,0.616958,-0.113463"
DB00451,"-1.212713,-0.167697,-0.934344,-0.611130,-0.822952,-0.503947,0.376655,1.062301,-1.134989,-0.753676,-0.102258,0.814465,-0.872431,-0.906539,1.283862,0.867980,0.752607,0.279739,-0.231513,-0.592187,0.600919,0.586756,-0.100440,1.079742,-0.551367,-0.049257,-1.046122,0.545918,1.027593,0.551383,1.022905,-0.060662,-0.558128,-0.177159,0.856221,-1.064952,-0.510563,0.690508,0.575528,0.416729,-0.068998,-0.147990,-0.976995,0.462350,0.852760,-0.442085,0.933101,-0.829670,-0.763731,0.554871,-0.502757,-0.588060,-0.257132,0.041144,-1.018206,-1.242251,-0.772492,0.429267,0.020253,-0.260826,-0.454388,-0.866387,-0.510836,-1.195971"
DB00373,"0.820375,-2.610943,1.932881,1.625322,2.095622,1.515852,-0.406944,0.099789,-0.535865,0.625995,-1.424695,-3.355193,1.554327,2.087962,1.120186,-1.961861,-0.874462,-1.424496,-0.158159,-0.454741,-1.397041,-0.535014,-1.111623,-1.853547,-2.190192,0.879767,2.415496,-1.669890,-1.240107,-0.698509,-1.931559,-0.707652,2.405344,2.842092,-1.945673,0.907552,-0.683955,-1.912712,-1.639018,0.116103,1.396022,-0.837556,1.895272,-1.693444,-2.064987,-1.490750,-2.112452,1.302782,0.955867,1.062674,2.199782,-1.828595,0.437966,1.936552,2.048974,0.784491,0.625097,0.637603,-0.223823,1.571055,2.303405,1.907583,1.290174,3.682711"
DB00571,"0.110936,-1.728477,1.424434,0.834206,1.531725,1.052694,0.662426,-0.265248,-1.963116,1.871616,-1.633759,-3.131798,0.303380,1.391466,0.896522,-1.586978,-0.591919,-2.009348,0.649092,0.157696,-0.894335,-1.804486,-0.696712,-0.791670,-1.768199,1.197627,2.219269,-1.836990,-1.137207,0.441795,-1.214778,-0.182377,1.206956,1.851547,-1.554784,1.279621,-0.695977,-1.359709,-0.882169,-2.363590,1.423343,-0.263580,1.385871,-0.713063,-1.621496,-1.055482,-1.546086,0.017624,0.669689,0.676031,2.845471,-1.110262,-1.704804,2.871653,1.398303,-0.438890,-0.086778,0.781675,0.630947,0.587463,1.927330,1.528877,1.455371,2.578832"
DB01128,"-0.482810,1.311456,-0.491008,-1.437556,-0.604011,-0.765706,0.262892,0.329144,0.490811,1.530364,2.081541,0.840213,-0.321536,-0.543932,-1.682348,0.549683,0.149506,0.779251,0.513335,-0.050382,-0.439469,-0.570183,0.159358,0.752953,0.756465,-0.691099,-0.301795,-1.527090,-0.178237,0.511299,0.560922,0.912840,-1.135620,-1.245315,0.489829,0.053242,1.480536,1.546461,1.281564,0.364827,-0.940755,0.351456,-0.396941,1.012208,0.519778,0.771590,0.624596,-0.891901,-1.467455,-2.061196,0.024990,0.887369,1.364305,-1.963385,-0.496758,-0.561521,-0.583383,-1.085741,-0.489610,-0.766624,0.130344,-0.491843,-0.811643,-0.256506"
DB01183,"0.683648,0.458465,0.176453,1.253434,0.033678,-0.930237,1.457944,-0.061756,-0.645158,-0.832649,-1.173100,-0.589684,0.787824,0.540504,-1.032488,-0.117337,-0.507587,-0.123369,-0.789818,0.462415,0.305370,-1.093710,-1.160303,-0.348316,0.557764,0.345632,1.177674,0.581635,-1.466618,0.770398,-0.266594,1.646665,-0.383878,0.622304,-0.086850,0.533069,-0.002450,-0.710150,0.511409,0.108838,-0.504731,1.489479,0.191575,0.471901,-0.085543,1.463341,-0.214683,0.024901,0.166228,0.944841,-1.073578,1.228652,-0.262395,0.093005,0.271841,-0.543169,-0.118026,-1.633860,0.980448,-1.217195,0.531803,0.124967,0.042075,0.309792"
DB00201,"-1.043948,0.318666,-0.732491,-0.774389,-0.682609,-0.015832,-0.001537,0.225478,0.024751,0.121175,0.904473,1.438223,-1.173746,-0.757093,0.054167,0.684386,0.926582,0.635629,1.268002,-0.535526,0.409602,0.634760,0.437879,0.926350,0.197127,-0.491665,-1.391136,0.613423,0.754741,0.084375,0.785117,-0.690215,-0.362419,-0.851937,0.651928,-0.883716,0.143580,1.595499,0.345280,-0.390497,-0.069502,-0.144243,-0.730749,0.324439,0.691947,-0.187630,0.760963,-0.308000,-0.513843,0.533010,0.324113,-0.746560,-0.360864,-0.007529,-0.766284,-0.197367,-0.810521,0.451291,-0.612841,-0.119408,-0.537436,-0.653981,-0.399171,-1.256423"
DB00850,"-0.568287,0.093117,0.609617,-0.823137,0.545672,0.690631,-0.702392,-1.569062,-1.129305,0.547190,0.501688,0.068631,0.005752,0.081064,0.493453,-0.609259,-0.954895,-0.120021,1.116833,0.821910,1.325794,0.175885,1.883859,-0.308078,0.358826,1.144025,-0.678409,-1.002146,0.531176,-1.230281,-0.585509,-1.298363,0.122692,-0.884908,-0.639671,0.354579,-1.098127,-0.526339,-0.984872,-0.379099,-0.233585,-0.983733,0.570721,-0.322502,-0.568249,-0.648183,-0.439440,0.665840,0.757425,-1.261292,1.013537,0.019845,-0.403663,0.987598,0.488934,1.459982,1.038856,1.694226,0.266653,1.217907,-1.446199,0.575713,0.162914,-0.539330"
DB00675,"-1.603038,0.242366,0.957024,-0.980374,1.048777,1.136908,-2.199068,1.131343,0.695135,2.915001,2.197406,1.901618,-0.745323,0.745970,-2.296325,-1.056029,0.066087,0.781779,3.703677,-0.400083,0.574247,1.337404,2.021401,-0.258628,-0.192438,-1.624688,-0.759576,-0.194408,-1.193410,-0.746633,-0.758980,-2.137510,0.827088,-0.759105,-1.175108,-0.193272,0.396803,1.920861,-0.171846,0.660063,1.463743,-1.425615,1.095055,-0.724217,-1.142745,-0.669523,-0.899891,0.303376,-1.321560,-0.616959,2.900296,-1.840046,1.301766,-0.748289,0.886849,1.132297,0.119995,-0.008648,-3.451906,1.769216,1.030048,1.172951,1.528686,1.588782"
DB01396,"-0.188954,-1.057382,0.185211,-0.486305,0.366989,1.066663,-1.823549,1.635108,1.276506,0.792208,1.294116,1.366664,-0.402381,0.528732,-0.506802,-0.241293,0.622967,0.679463,0.968513,-0.718492,-0.592461,1.639799,0.779107,-0.214391,-0.544770,-1.414789,-0.798476,1.405041,-0.622647,-0.777086,-0.128649,-1.410598,0.853866,-0.653224,-0.291663,-0.565605,0.045418,1.149443,-0.408165,0.004747,0.833772,-1.163461,0.261288,-0.792687,-0.326219,-1.024295,-0.243900,0.427077,-0.675027,0.561155,0.608652,-1.812677,1.121934,-0.956066,0.214125,0.118891,0.056416,0.069700,-3.035867,1.183160,0.600893,0.285827,0.378896,0.837483"
DB01390,"-0.585745,1.034825,-1.318681,-0.932082,-1.353518,-1.283951,0.745800,0.419329,-0.017740,-0.100607,0.681394,0.697710,-0.829111,-1.258313,-0.088094,1.341897,0.932340,0.981963,-0.733752,-0.789374,-0.220627,-0.253485,-0.365103,1.216167,0.041579,0.507036,-0.834234,-0.535581,0.879053,0.950204,1.281826,0.679844,-1.136364,-0.450944,1.346757,-1.027890,0.755148,0.374683,1.043062,0.507408,-1.240593,0.150291,-1.326925,1.196373,1.353811,0.287365,1.335593,-1.011236,-0.922556,-0.159354,-0.627941,0.325626,0.254077,-0.889399,-1.309292,-0.448937,-1.000828,-0.598127,0.624289,-1.068677,-0.608450,-1.353278,-1.255496,-0.869256"
DB01161,"-1.105016,-2.050651,0.902524,-1.034456,0.938682,1.729850,-2.776497,-3.251068,-1.251622,-1.989899,0.688133,0.588828,1.639567,0.132945,3.378807,-0.929415,-0.051370,-0.872667,1.797946,1.243493,3.231957,2.913757,2.716424,-0.956248,2.288513,0.652608,-0.986268,0.340150,1.936292,-2.368396,-0.907504,-2.439805,0.311107,0.670709,-0.958669,0.946788,-0.721690,1.646121,-1.596205,1.360676,0.337997,-1.147172,0.863468,-1.960303,-0.897099,0.200237,-0.739653,1.731807,1.611593,-0.997782,-1.517964,-0.158420,-1.189394,-0.066926,0.609462,1.161357,2.597803,2.435601,-2.225115,1.780277,-1.996684,0.996698,0.185726,-1.439077"
DB00222,"-0.872378,-1.407127,0.284531,0.628426,0.477198,0.926499,-0.786899,-0.192342,-0.996132,0.297763,-0.261829,0.148554,0.029885,1.262079,1.052321,-0.331835,0.337046,-0.058022,1.228632,-1.208717,0.713282,2.187595,-0.008940,-0.216875,-0.764973,-1.904086,0.133757,0.411161,1.526234,-0.377912,-0.191438,-0.676070,0.620655,0.944594,-0.373997,-0.138132,-0.707586,1.175925,-0.102396,0.721933,0.910211,-1.297038,0.257073,-1.023702,-0.413004,-1.387678,-0.382790,0.113253,-0.236236,0.164480,0.939193,-1.722257,1.555095,-0.181052,0.274624,-0.176674,-0.221341,1.231810,-1.415868,1.134182,0.578267,0.369541,0.309390,0.305525"
DB00912,"-1.239859,-1.570682,-0.206259,0.301073,0.031388,0.707629,-0.263568,0.199649,-1.362425,0.206161,-1.658447,-0.120869,-1.401867,0.797711,1.761083,0.065102,0.848161,0.230416,0.968978,-1.076470,1.000323,1.387765,0.080537,0.358002,-1.774439,-1.203797,-0.265366,1.322106,1.387907,0.225434,0.361407,-1.221126,0.704982,-0.288871,0.075197,-0.957221,-1.899000,0.078248,-0.337382,-0.848283,1.532409,-0.759172,-0.268961,-0.477732,-0.010731,-2.052929,0.052367,-0.480631,0.112076,0.859971,0.321467,-2.104012,0.402811,1.950766,-0.276666,-0.916943,-0.722790,1.614662,-0.768646,0.693025,0.538569,-0.075801,0.947166,-0.390649"
DB01124,"-0.412429,-1.616653,1.071138,1.542122,1.185677,1.201776,-0.015011,-0.095209,-0.553944,0.353310,-1.656192,-0.462673,0.723609,1.933028,0.238178,-1.147216,-0.167254,-0.772746,1.423479,0.028157,1.308536,1.068462,-0.258342,-0.845404,0.033491,-2.007015,1.330421,1.798226,0.038087,-0.124665,-0.931914,-0.327516,0.828662,1.365212,-1.148238,1.062757,-1.600195,0.468563,-0.412930,-1.171497,1.830085,0.249393,1.046081,-1.061283,-1.198136,-0.362828,-1.199477,0.422187,0.549334,0.376949,0.488901,-1.215903,-0.096469,1.157016,1.044111,-0.660289,0.042432,0.779072,-0.839521,1.065693,1.651436,1.212651,1.674813,0.851530"
DB01033,"-0.138164,-1.210265,-0.427828,0.092179,-0.212645,0.682161,-0.147550,0.930286,-0.637147,-0.790479,-0.062016,0.444450,-0.172704,-0.004417,1.970495,0.365935,0.748738,-0.129654,-0.585627,-0.843635,0.263455,1.672774,0.049879,0.290820,-0.698514,-1.318454,-1.078854,1.711023,1.823638,-0.427364,0.455227,-0.132858,0.302679,-0.018919,0.355569,-0.531350,-1.048259,0.974051,-0.000044,0.591962,0.584731,-0.871849,-0.484691,-0.538177,0.313215,-1.074093,0.344531,-0.042960,0.038289,0.031966,-0.475696,-1.286800,0.840116,0.070040,-0.428124,-1.030835,-0.370098,1.232517,-0.562030,0.641190,-0.098828,-0.378494,-0.228626,-0.908799"
DB00861,"1.343787,-1.004740,1.196738,2.233670,1.216707,0.950618,1.788129,0.688387,2.553233,-0.559439,-2.307944,-1.954266,1.562257,1.574112,-0.772791,-1.232850,-0.660880,-2.287028,-0.172800,1.672941,0.161841,-1.366985,-2.493882,-1.288066,0.188101,-1.396870,2.291154,2.411506,-1.366507,0.318591,-1.192166,1.071328,0.741583,2.565362,-1.158961,2.283807,-0.584873,-0.046348,-0.191248,-3.910939,1.574572,2.376098,1.193138,-0.341713,-1.215254,1.470771,-1.311698,0.688397,1.227634,1.119226,-0.430457,-0.108449,-2.184490,0.714003,1.266768,-0.790960,0.284254,-0.379746,-0.017683,0.505119,1.666071,1.243049,1.891059,0.447408"
DB00864,"0.068315,-2.057575,1.457943,1.190885,1.685469,2.030864,-1.041611,1.201939,-0.031587,0.685631,-0.754243,-0.721897,1.336268,2.079622,0.942751,-1.567303,-0.334601,-1.345568,0.219541,-0.062328,0.209639,1.291831,0.108763,-1.301793,-0.427141,-2.084405,1.486880,2.097257,-0.916469,-0.348615,-1.336693,-0.549195,1.158087,1.639722,-1.587815,0.953188,-1.063610,0.179424,-0.487768,-0.063932,1.929708,-0.907315,1.470088,-1.445851,-1.665249,-0.935553,-1.577900,0.589806,0.226426,0.339950,0.843395,-1.520027,0.272235,0.241282,1.438549,-1.250298,0.486508,0.607594,-1.882365,1.511092,2.085960,1.600928,1.324329,2.048681"
DB00811,"0.800845,0.710986,0.100942,1.204252,-0.058732,-1.067957,1.592364,-0.015897,-0.202052,-1.068686,-0.949834,-0.487672,0.885313,0.463734,-1.268892,-0.021783,-0.444748,-0.014947,-0.871656,0.548111,0.328771,-1.164055,-1.350100,-0.319138,0.852265,0.216157,1.219453,0.811689,-1.386721,0.777497,-0.204329,1.762319,-0.451132,0.832871,0.005953,0.510053,0.271526,-0.589450,0.628240,-0.003768,-0.744082,1.686351,0.120712,0.578221,0.013095,1.773337,-0.124783,0.036837,0.146312,1.143954,-1.214882,1.367730,-0.338820,-0.181512,0.205931,-0.474880,-0.219616,-1.859326,1.079693,-1.254223,0.420566,0.035958,0.000531,0.170103"
DB00619,"-1.027893,-0.838540,0.959146,-0.273966,1.179585,1.593546,-2.453555,1.411903,-0.815726,1.928233,0.909735,1.402930,-0.770006,0.993997,-0.606918,-1.093121,0.291251,0.538569,2.565210,-0.925831,0.718624,2.159475,2.033391,-0.472081,-0.987937,-1.647668,-0.787193,1.085873,-0.592650,-0.907185,-0.767291,-2.658877,1.599275,-0.205641,-1.184059,-0.676066,-0.796380,1.031858,-0.764278,0.467530,2.035706,-1.942278,1.003889,-1.412929,-1.194858,-1.530456,-1.026493,0.534933,-0.423703,0.681866,2.919955,-2.838659,1.258762,0.497435,0.908585,0.877216,0.215014,0.913407,-3.422714,2.399035,1.381530,1.165950,1.944000,1.629774"
DB00852,"-0.877592,-0.298031,0.010147,0.706268,0.075086,0.099710,0.770651,0.747919,0.263862,-0.419598,-1.199570,-0.133275,0.468784,0.016891,0.745404,-0.076780,-0.318271,-1.129049,-0.180703,0.304378,0.290853,-0.183979,-0.493969,0.144277,-0.197667,-0.263494,0.067243,1.488912,0.089557,0.408431,0.022726,0.364389,-0.226925,0.270459,-0.052800,0.317987,-0.928200,-0.361071,0.085547,0.142386,0.512958,0.138352,-0.024319,0.160633,-0.055711,-0.187437,-0.038276,-0.274822,-0.280838,0.779453,0.263839,-0.104241,-1.081268,0.066804,-0.060557,-1.139341,0.066599,0.541390,0.953104,-0.032135,-0.057175,0.073283,0.249184,-0.411433"
DB00302,"-0.567393,1.096160,-1.339033,-0.943287,-1.378102,-1.304157,0.767318,0.400527,0.003279,-0.104001,0.728358,0.758710,-0.816077,-1.308746,-0.192880,1.361463,0.974744,1.047743,-0.648209,-0.786520,-0.137008,-0.308405,-0.441364,1.234548,0.095878,0.521313,-0.796850,-0.695671,0.861991,0.977583,1.300106,0.772855,-1.175491,-0.434004,1.365867,-1.034132,0.850420,0.420705,1.112894,0.556928,-1.317488,0.224626,-1.339430,1.259878,1.370886,0.341797,1.353188,-1.011227,-0.963315,-0.245966,-0.709398,0.398574,0.233605,-0.934410,-1.323976,-0.420509,-1.064402,-0.672837,0.610641,-1.234254,-0.683094,-1.364129,-1.314085,-0.825692"
DB00513,"-0.520194,1.171461,-1.356934,-0.925326,-1.404525,-1.322502,0.787254,0.350170,0.105017,-0.066530,0.740282,0.739800,-0.844730,-1.317357,-0.295081,1.385298,0.963144,1.079071,-0.670336,-0.800420,-0.222043,-0.355709,-0.446763,1.238157,0.068255,0.532058,-0.745560,-0.765931,0.855659,0.987718,1.310118,0.786765,-1.195958,-0.450227,1.391968,-1.032629,0.901748,0.388993,1.128399,0.496702,-1.340538,0.240146,-1.357069,1.301154,1.395500,0.350178,1.370934,-1.027551,-0.981471,-0.280939,-0.688001,0.410722,0.313068,-0.932562,-1.335342,-0.349501,-1.062807,-0.688621,0.663691,-1.267124,-0.681447,-1.389887,-1.364841,-0.829590"
DB00331,"-0.287654,-1.191719,0.385499,1.510629,0.491631,0.543894,0.866966,0.179005,-0.784193,-0.845961,-1.849957,-1.016208,0.920208,1.117154,1.026946,-0.434368,-0.376642,-0.827626,-0.788122,-0.086198,0.511674,0.177652,-1.178651,-0.447615,-0.566493,-0.523597,1.282646,0.924667,0.038258,0.420666,-0.353930,0.771903,0.234538,1.594869,-0.402701,0.373061,-1.338253,-0.551878,0.151200,-0.379781,0.723682,0.389332,0.329413,-0.185200,-0.458997,-0.454158,-0.495050,-0.037686,0.117037,0.850932,-0.673796,-0.368739,-0.329211,0.468823,0.378195,-1.219463,-0.123334,0.127701,0.690788,-0.216125,0.589591,0.412657,-0.019075,0.610398"
DB00470,"-0.955529,-0.046083,0.866231,-0.451526,0.842579,1.044483,-1.040172,-1.585564,-1.129535,1.154253,0.878327,0.380457,0.023829,0.418970,0.589144,-0.884025,-1.246038,-0.936419,2.107393,0.880243,1.346768,0.562218,2.294424,-0.295546,0.087906,0.394202,-0.115628,-0.403329,0.416250,-1.042032,-0.735186,-0.865743,-0.260711,-0.241707,-0.950793,0.814169,-0.972186,0.601459,-0.593995,0.324464,0.589166,-1.291131,0.844183,-0.430801,-0.873918,-0.778118,-0.688621,0.306376,0.052453,-1.903156,1.447731,-0.055649,-0.234195,0.694191,0.683049,0.799377,0.875578,2.085112,-0.235995,0.931000,-0.986425,0.903643,0.192827,-0.394844"
DB01046,"0.743422,-0.299093,0.305716,1.310354,0.264904,-0.233329,1.124349,0.194522,0.727126,-0.083500,-1.270513,-1.001625,0.403917,0.793216,-0.804429,-0.311251,-0.350423,-0.770625,-0.341061,0.573379,-0.135809,-1.107364,-1.221210,-0.437969,-0.396376,0.351376,1.120744,0.533546,-1.234674,0.641969,-0.337267,1.439984,-0.188633,0.714973,-0.265750,0.840893,-0.273319,-0.583381,0.375269,-0.868229,0.625995,1.112313,0.300628,0.198259,-0.294030,0.604417,-0.407912,0.004503,0.133284,0.809307,-0.633007,0.407785,-1.077125,0.830775,0.396569,-0.566322,-0.322905,-0.687558,0.561084,-1.092985,0.596083,0.298093,0.169638,0.485069"
DB01241,"-0.414966,0.232405,0.477671,0.916411,0.406938,-0.344666,0.851281,0.113916,-1.477700,-0.062201,-1.140794,0.435133,0.027884,0.432937,-0.898956,-0.540259,-0.372664,-0.230215,0.892459,0.703206,0.861113,-0.543006,0.211930,-0.102219,0.982916,-0.794229,0.674681,2.078036,-1.801385,0.700201,-0.373319,0.236766,-0.285018,-0.222818,-0.541086,0.741843,-1.083220,-0.166654,0.015593,-1.570798,0.552576,1.015643,0.494825,0.378540,-0.506337,1.061662,-0.472390,-0.208578,0.255086,1.248853,0.044377,0.332931,-1.054078,0.853929,0.416501,-0.956073,0.041975,-0.692408,0.007053,-0.130183,0.908378,0.599858,1.337021,-0.011789"
DB00910,"-0.767916,0.926427,-1.103776,-0.864919,-1.099898,-0.930766,0.602443,0.537894,0.005386,0.283324,0.538500,0.666388,-0.980346,-1.061212,0.162685,1.078330,0.832493,0.514199,-0.161069,-0.595001,0.046743,-0.293650,-0.211463,1.188384,-0.336442,0.236553,-0.651751,-0.182216,0.890603,1.029193,1.123202,0.657122,-1.061086,-0.335383,1.075297,-0.862753,0.674493,0.525357,1.093777,0.385487,-0.742043,-0.038201,-1.101121,1.228396,1.073613,-0.002110,1.117596,-1.167996,-0.995748,-0.584613,-0.475038,0.223957,0.189995,-0.476689,-1.127000,-0.773178,-1.057920,-0.201262,0.489620,-1.105286,-0.516580,-1.082935,-0.954480,-0.753581"
DB00988,"1.330951,0.147719,0.899035,2.367694,0.758034,-0.625705,1.762491,-0.010313,-0.011515,-1.686194,-2.120668,-1.300233,1.222538,1.155528,-1.221857,-0.821943,-1.331698,-1.071861,-0.778906,1.391342,0.221757,-1.423473,-1.906759,-1.093084,0.288403,-0.244906,1.915835,1.836205,-2.603301,0.416399,-1.010164,1.653902,0.318000,1.599479,-0.787154,0.850596,-0.472922,-0.904330,0.065994,-0.211158,0.239347,2.112097,0.918484,-0.069984,-0.770543,1.754006,-0.941648,0.728710,0.823903,2.000976,-0.981731,1.213218,-0.948851,0.923358,1.028922,-0.499621,0.320416,-1.682025,0.923426,-0.873273,0.715930,0.839134,0.962744,0.409441"
DB00318,"-0.734237,-0.205418,0.273273,-0.606983,0.282257,0.433461,-0.578530,-0.201705,-1.127206,1.025798,-0.011028,-0.563998,-0.442724,-0.240908,0.653363,-0.310675,-1.002425,-0.725506,0.299264,0.894700,0.929385,-0.516787,1.732005,0.070672,-0.917750,2.251661,-0.409525,-1.209412,0.237161,-0.372040,-0.168480,-0.607633,-0.287954,-0.298161,-0.323295,0.044799,-1.677496,-1.658489,-0.506681,0.415044,0.392499,-1.019394,0.189482,-0.085885,-0.296074,-1.365502,-0.171241,-0.123735,0.179857,-0.398901,1.005546,-0.154590,-1.436629,1.300131,0.114864,0.487755,0.411044,1.849013,0.881401,0.296761,-0.987132,0.251861,-0.062263,0.057305"
DB00093,"-0.513020,1.162770,-1.352900,-0.925392,-1.399175,-1.314095,0.791183,0.348518,0.120503,-0.061617,0.747215,0.750986,-0.844062,-1.322514,-0.309517,1.380364,0.967719,1.074406,-0.656085,-0.801835,-0.231133,-0.360284,-0.441257,1.237595,0.060286,0.532846,-0.752380,-0.765233,0.862700,0.988113,1.307553,0.789298,-1.195507,-0.459368,1.385880,-1.027297,0.901822,0.406715,1.123332,0.469525,-1.331856,0.239450,-1.353257,1.301011,1.389195,0.358466,1.366798,-1.029605,-0.974901,-0.299121,-0.700168,0.404741,0.328905,-0.931771,-1.332357,-0.351011,-1.066049,-0.686829,0.656239,-1.271846,-0.673965,-1.382945,-1.361565,-0.830757"
DB00604,"-0.165604,-0.289664,1.219959,-0.559645,1.254821,1.579637,-2.198209,-0.779975,0.217260,0.548879,0.672479,-0.226313,0.156510,0.816660,0.442950,-1.227089,-0.675249,-0.296554,1.186680,0.804127,1.353250,0.862668,2.076000,-0.966833,-0.514818,0.216863,-0.507214,0.013970,-0.471524,-1.429265,-1.210753,-1.928987,1.257624,-0.467773,-1.274900,0.273410,-0.204841,-0.387086,-1.282441,-0.563468,0.948434,-1.534028,1.234115,-0.826800,-1.254805,-1.314168,-1.078970,0.979467,0.703931,-1.811329,1.025225,-0.789674,1.075203,0.343970,1.138143,1.175040,1.334964,1.578932,-0.908444,1.706321,-0.287187,1.197442,0.826792,1.004577"
DB00388,"0.301053,0.226847,-0.043718,0.598151,-0.091218,-0.463761,1.136622,-0.301653,0.245291,-0.411920,-0.139660,-0.323901,-0.121500,-0.259994,-0.425628,0.060040,0.178408,-0.536478,0.208986,0.239481,-0.934367,-0.790433,-0.895475,0.090078,-0.447408,-0.518946,-0.007862,0.666839,-0.542767,0.287105,-0.006850,0.586029,0.014918,0.320178,0.074097,0.061267,0.672606,0.400746,0.180016,-0.726282,0.087076,0.603372,-0.055298,0.439506,0.103986,0.436295,0.035671,0.038393,0.118529,0.760423,0.499743,0.021643,-0.063132,0.404779,0.021780,-0.191258,-0.322750,-0.258870,0.526418,-0.395697,-0.067860,-0.065364,-0.144207,-0.583450"
DB00610,"1.312607,-0.018160,0.106641,1.363195,0.057013,-0.660794,1.160973,-0.172699,1.204025,-0.969734,-0.864442,-0.667249,-0.080474,0.176254,-0.692160,-0.055759,0.057278,-0.637953,-0.241348,0.441491,-1.041432,-1.057889,-1.711019,-0.387685,-0.799458,-0.539065,0.425919,1.152395,-0.994553,0.113518,-0.234341,0.703848,0.466559,0.206261,-0.025339,0.114747,0.458010,-0.120757,-0.176427,-0.175276,0.349953,1.275486,0.127057,-0.136612,-0.032570,0.675772,-0.187168,0.463304,0.509846,1.274573,-0.157260,0.152024,-0.023782,1.146501,0.262690,0.477707,-0.081688,-0.617460,0.002608,-0.362112,0.373814,0.058378,0.798368,-0.559219"
DB00968,"1.882396,-0.312683,0.829082,1.663750,0.711215,-0.282631,1.285499,0.441902,0.275175,-1.191767,-1.855768,-1.164463,1.260610,0.584547,-0.767586,-0.812191,-0.467568,-1.099904,-1.343423,1.039347,-1.588598,-2.112812,-1.478759,-1.074000,0.851639,-0.390976,1.232729,1.316116,-2.215170,0.174329,-0.987792,0.578393,1.191960,-0.003240,-0.718991,1.500964,0.789583,-1.427880,-0.810853,-1.351866,-0.271221,1.912037,0.877152,-0.607824,-0.729994,1.774309,-0.926011,1.051762,1.382653,2.026468,-0.480579,1.387654,-0.505829,0.778986,1.000930,0.093942,0.902796,-1.834788,0.462118,0.144807,1.465767,0.783342,1.328133,0.424539"
DB01253,"1.332526,0.031608,1.314094,1.304676,1.169176,0.863595,-0.266357,-1.714142,1.161984,-1.215225,-1.444720,-0.958891,0.904159,0.918835,-0.512468,-1.227971,-2.281316,-1.223022,-0.195122,2.164737,0.287045,-0.500592,0.591039,-1.542456,0.594562,0.908417,1.035961,0.647342,-1.247573,-1.513996,-1.422187,-0.327428,0.766491,-0.042286,-1.193291,1.118451,-1.548228,-1.991494,-1.460397,-0.168106,0.674821,0.439588,1.308160,-1.205941,-1.132523,0.349460,-1.234184,1.571770,1.792183,0.361787,-0.712352,1.405336,-1.269530,1.319927,1.315032,1.352157,1.951677,0.458474,1.260216,0.355549,-1.039239,1.191577,0.825102,-0.243396"
DB01364,"0.789346,-0.311325,-0.016197,0.940133,0.007279,-0.351685,1.040161,0.401610,1.291295,-0.614950,-0.903245,-0.576271,-0.214253,-0.056971,-0.105335,0.001001,0.255767,-0.968969,-0.398512,0.409975,-1.033167,-0.973935,-1.437967,-0.087562,-0.953148,-0.475171,0.215792,1.190659,-0.536941,0.249619,-0.036006,0.521493,0.292895,0.089003,0.035141,0.211994,0.147462,0.031324,-0.068400,-0.617651,0.550907,0.836465,-0.018703,-0.045458,0.022106,0.223991,-0.059252,0.165027,0.265524,0.878030,0.100324,-0.208086,-0.508704,1.154110,0.069378,-0.124113,-0.162195,-0.106898,0.035885,-0.152095,0.255612,-0.011249,0.573362,-0.586901"
DB00404,"0.424731,0.429879,1.427500,1.218192,1.238105,0.643096,0.414949,-1.735507,-0.726532,-0.941866,-1.693519,-1.051014,1.638313,1.190536,-0.038623,-1.381391,-2.534577,-1.184547,-0.154469,2.191573,1.611199,-0.608059,0.839851,-1.281825,1.365779,0.908062,1.747170,0.654083,-1.281617,-0.577628,-1.440495,0.745728,-0.098714,0.688497,-1.362261,1.742117,-1.626757,-1.935218,-0.653164,-0.685579,0.259344,0.494477,1.403030,-0.046513,-1.290067,0.822789,-1.288902,0.708156,1.326405,-0.814743,-1.104458,2.027263,-1.192155,0.767327,1.332394,-0.211795,1.584508,0.209330,2.336790,-0.169500,-0.645333,1.347318,0.413772,0.363169"
DB00842,"1.051594,0.343259,1.231520,1.391684,1.003832,0.464209,0.378574,-1.846912,0.323939,-1.760473,-1.651443,-0.739250,1.806649,1.222113,-1.082486,-1.102864,-2.477076,-0.522311,-0.812268,2.207207,1.483250,-0.480210,0.354171,-1.525839,1.747196,1.450191,1.640069,0.490102,-1.519222,-1.095989,-1.341592,0.577526,0.100601,0.508425,-1.067933,1.343445,-1.910277,-2.037855,-0.832079,-0.617186,-0.137605,1.214095,1.204270,-0.655691,-1.001125,1.313827,-1.120580,1.425889,1.570903,0.481643,-1.853524,2.023145,-1.548190,0.419917,1.218024,0.678333,1.791276,-0.578596,1.833988,-0.232552,-1.104735,1.081301,0.144089,-0.013484"
DB00841,"1.935831,-0.396733,1.154748,2.728602,1.028392,-0.349145,1.674958,-0.294128,0.902238,-1.417233,-2.163724,-1.616152,1.248481,1.487966,-1.147328,-1.079014,-1.100849,-1.418761,-0.607412,1.314930,-0.452843,-1.430792,-2.087281,-1.439441,0.051950,-0.723395,2.049041,1.826493,-2.391625,0.071442,-1.293322,1.379871,0.814154,1.327116,-1.035490,1.298375,-0.327619,-0.857484,-0.405131,-0.281427,0.730498,2.176347,1.179347,-0.651606,-1.043385,1.605384,-1.252813,1.075400,1.209068,1.870014,-0.613574,0.929177,-0.620008,1.575887,1.335310,0.145403,0.518868,-1.403909,0.293531,-0.335283,1.248289,1.095972,1.655168,0.359317"
DB00871,"1.916810,-1.554336,1.589756,2.804278,1.627504,0.857940,0.099977,0.129634,1.839144,-1.334397,-1.471105,-2.053060,1.710640,2.039599,-0.418397,-1.498223,-0.805485,-1.165748,-0.600840,0.385219,-0.844793,0.143264,-1.917248,-2.028992,-1.085987,-0.918937,2.003802,1.494713,-1.966175,-0.812688,-1.764742,0.370038,1.779733,2.731244,-1.477537,0.840787,-0.326360,-0.628682,-1.042059,0.072602,1.503854,0.608489,1.579185,-1.357799,-1.543586,0.224954,-1.742457,1.682798,1.208026,1.564269,0.139410,-0.867504,0.828432,1.082494,1.802978,0.740188,0.628199,-0.498296,-0.371199,0.809122,1.601711,1.499362,1.062619,1.965321"
DB00983,"0.520303,-0.460547,1.375645,1.042397,1.409224,0.454760,-1.272977,0.096543,0.438501,0.722732,0.562148,-0.764696,0.964688,1.453592,-1.223762,-1.290123,-0.764201,-0.097531,0.916814,-0.833942,-1.046437,0.704550,-0.144349,-1.268061,-1.306209,-0.537637,1.237128,-0.847747,-0.724326,-1.263756,-1.429416,-0.996868,1.820240,1.780717,-1.355502,0.040666,0.494543,0.195191,-1.182055,1.494092,0.235754,-1.048995,1.389028,-1.372802,-1.375904,-0.408357,-1.416784,1.362484,0.206477,0.190039,2.799826,-1.493387,2.602449,0.443701,1.508154,2.070586,0.548026,-0.171375,-1.154057,2.048446,1.303274,1.320676,1.082357,2.299181"
DB01001,"2.058361,-1.662015,1.644837,2.898837,1.682954,0.965845,-0.075875,0.214947,1.435519,-1.607258,-1.565229,-2.087338,1.968044,2.102335,-0.180800,-1.540196,-0.836259,-1.020976,-0.955662,0.280716,-0.938679,0.284760,-1.932185,-2.173327,-0.780533,-1.089584,1.988629,1.710881,-1.972977,-0.907604,-1.846722,0.201762,2.065564,2.715179,-1.512209,0.813859,-0.250144,-0.960207,-1.221171,0.334895,1.329051,0.540415,1.638092,-1.531590,-1.583627,0.191775,-1.804209,1.841543,1.393504,1.978222,0.121206,-0.773203,1.052480,0.760451,1.871629,0.840632,0.821342,-0.636243,-0.230448,1.018962,1.717352,1.531390,1.041679,2.142530"
DB01291,"1.532692,-0.190951,0.263861,1.557888,0.217350,-0.489436,0.972962,-0.273937,1.234119,-0.923858,-0.946671,-0.865064,-0.069885,0.404457,-0.632167,-0.205847,-0.057945,-0.735398,-0.394657,0.384594,-1.248293,-0.919118,-1.581932,-0.584102,-0.847864,-0.628586,0.597243,0.854947,-1.091378,-0.010422,-0.403866,0.642923,0.640799,0.358358,-0.176014,0.116018,0.280540,-0.261839,-0.336054,0.423584,0.541423,1.108098,0.283169,-0.462684,-0.188952,0.501769,-0.360379,0.612006,0.630500,1.148587,-0.128221,0.138914,0.122508,1.410793,0.432345,0.724090,0.041571,-0.543117,-0.183589,-0.284185,0.545912,0.207170,0.866448,-0.272293"
DB01408,"1.453100,-0.641631,0.256689,1.467602,0.270561,-0.089050,0.850886,-0.167161,1.685930,-0.600713,-1.076749,-1.072616,-0.349801,0.489637,-0.291929,-0.243171,0.157476,-1.041253,-0.315880,0.317208,-1.468480,-0.767769,-1.656818,-0.533654,-1.410260,-0.646006,0.457592,0.652621,-0.883084,-0.021725,-0.353612,0.576137,0.641026,0.125502,-0.205817,0.219286,0.012961,0.010066,-0.301689,-0.171617,1.150936,0.813003,0.256307,-0.569990,-0.230443,0.012699,-0.376888,0.502781,0.492965,0.818373,-0.000247,-0.327486,-0.044180,1.779906,0.410442,0.420551,-0.035866,-0.058276,-0.454665,-0.229133,0.541843,0.228915,0.711804,-0.274358"
DB00248,"1.803521,0.129242,1.739439,1.005009,1.508834,0.904175,-0.691177,-2.229283,0.305136,-1.531015,-0.620077,-0.373989,1.183254,1.124815,-1.063792,-1.593084,-2.554582,-0.504788,0.130476,2.435526,0.112614,-0.272400,1.047598,-1.994107,1.943867,0.054662,0.860460,0.340153,-2.517190,-2.130496,-1.838031,-0.811034,1.008107,-1.143559,-1.601931,1.246654,-1.129130,-1.384272,-1.664481,0.336325,0.556690,1.070848,1.810554,-1.692147,-1.500224,1.049996,-1.575000,2.105894,1.931801,0.409970,-1.006896,2.010638,-0.911635,0.780736,1.739525,1.559914,2.552402,-0.666288,0.063809,0.546433,-0.743043,1.618163,1.445175,-0.324300"
DB00933,"0.815041,-1.052273,1.101431,-0.477170,1.128689,1.241940,-2.363118,-1.121784,-0.396447,-0.640201,0.666518,-0.469899,0.880381,0.484105,0.945240,-1.004275,-0.827688,0.531877,-0.428414,0.230433,0.667020,1.087621,1.520813,-1.337791,-0.392856,1.611117,-0.590099,-1.321316,-0.261396,-2.420435,-1.235110,-2.380290,1.668445,0.041400,-1.033568,-0.165821,-0.662463,-1.039893,-2.225242,-0.283532,-0.182677,-1.530885,1.062287,-1.539219,-1.038297,-1.197303,-0.999030,1.954066,1.503001,-0.750576,0.953319,-1.015547,0.959857,0.498148,1.104454,2.631884,1.827742,1.459779,-0.811226,2.501696,-0.824070,0.944158,0.411283,1.047027"
DB00800,"2.159967,-0.207324,0.980961,2.027989,0.804961,-0.203809,1.255328,0.266493,0.629645,-1.395233,-1.604711,-1.263613,1.745576,0.630055,-0.857922,-0.914181,-0.751357,-1.104034,-1.289057,1.041534,-1.962516,-2.005844,-1.334467,-1.344005,1.219164,-0.300805,1.117411,1.532231,-2.158466,-0.068518,-1.214326,0.814820,1.346876,-0.370961,-0.822903,1.830435,1.242788,-1.823444,-0.943388,-0.209306,-0.284735,1.985702,1.040934,-0.835992,-0.826069,1.979243,-1.086199,1.262051,1.401081,2.526588,-0.507338,1.997862,0.061177,0.288250,1.201732,0.485575,1.154620,-2.067131,1.197357,0.019844,1.643255,0.887871,1.215139,0.489657"
DB00589,"1.622972,0.167565,1.595611,0.906825,1.392615,0.367547,-0.327702,-2.026312,-1.074439,-0.902532,-0.956923,-1.682552,0.991757,0.880562,-0.258912,-1.459080,-2.504773,-0.800487,-0.298846,1.928756,0.241730,-1.110391,0.609997,-1.687697,0.242332,1.568897,1.024261,-1.277173,-1.310856,-1.629776,-1.729062,-0.373009,1.420135,0.290294,-1.452475,0.724592,-0.897144,-2.678015,-1.613647,0.866867,-0.272190,0.168493,1.593190,-1.176492,-1.389062,0.107925,-1.470931,1.718688,2.040921,-0.320563,-0.125782,1.701964,0.299843,1.709425,1.648256,2.136589,1.891298,0.122826,1.601725,0.558027,-0.814844,1.395946,0.808806,0.896512"
DB01012,"-1.090942,1.262505,-0.492359,-1.043474,-0.508609,-0.662517,0.195037,0.178423,-0.232479,1.488052,1.123104,0.408974,-1.391316,-0.613373,-0.905678,0.449718,0.545542,0.674803,1.089408,-0.585060,0.304413,-0.255035,0.306145,0.906562,-0.792857,0.455933,-0.698465,-1.334531,0.345887,0.716291,0.568865,-0.017730,-0.482554,0.013908,0.410936,-1.052179,0.718049,0.614501,0.858163,0.435506,-0.354419,-0.596661,-0.480131,1.053873,0.431991,-0.353410,0.539490,-0.935056,-1.072791,-0.793360,1.178130,-0.509981,0.663603,-0.010651,-0.510434,0.298899,-1.100293,-0.115117,0.021906,-0.430157,-0.213712,-0.452946,-0.572699,0.279514"
DB00586,"-0.115848,-0.340480,1.518502,1.775035,1.451108,0.445809,1.115329,-0.148724,-0.253081,0.831416,-1.678481,-0.762778,1.356520,1.595548,-1.229502,-1.590120,-0.994556,-1.643085,1.682503,1.302751,0.729833,-0.809358,-0.459170,-0.902252,1.254071,-1.987471,2.314420,2.296751,-1.411480,0.344702,-1.355460,0.548171,0.317962,1.810031,-1.586963,2.441552,-0.866473,0.380447,-0.465943,-3.017260,1.276430,1.377187,1.522393,-0.155066,-1.576964,1.566776,-1.555904,0.276810,0.981278,0.292969,1.289543,-0.014296,-1.514757,1.513839,1.447096,-0.909552,0.383358,0.021780,0.101824,0.972937,2.094132,1.684373,2.768305,0.708302"
DB06802,"-0.444659,0.837710,-1.163813,-0.784354,-1.171846,-0.911665,0.847991,0.566319,0.813591,0.081220,0.541993,0.533703,-0.705329,-1.151084,-0.245816,1.160979,0.955103,0.604588,-0.469532,-0.527096,-0.220828,-0.418618,-0.614058,1.095742,-0.048577,0.322446,-0.599899,-0.402953,0.917395,0.927522,1.149125,0.702674,-1.026610,-0.155903,1.176647,-0.572864,0.751337,0.547807,0.998305,-0.446293,-0.838449,0.394276,-1.169160,1.219466,1.167094,0.337082,1.163107,-0.968108,-0.835859,-0.370333,-0.621874,0.141766,-0.147303,-0.859590,-1.157810,-0.463565,-1.015173,-0.371872,0.457007,-0.945537,-0.471762,-1.164353,-1.013512,-0.802779"
DB00396,"-1.890057,0.433287,0.212437,-1.029366,0.279617,-0.212576,-0.691151,0.043377,-2.388487,1.922672,1.003600,0.586292,-0.700057,-0.001218,0.442863,-0.322795,0.010740,-0.216704,2.111410,-0.525016,1.250298,0.290426,1.193888,0.569999,-0.482507,0.067043,-0.384462,-0.738623,0.341642,0.567560,-0.008339,-0.548593,-0.251954,0.424988,-0.404109,-0.429265,0.230445,1.136945,0.554937,1.563611,-0.019895,-1.190120,0.230664,0.285378,-0.375962,-0.595848,-0.129659,-0.767508,-0.924186,-1.047207,1.908304,-0.872885,0.408283,-0.017430,0.051808,-0.145606,-0.420961,0.573134,-0.932897,0.536026,0.188638,0.357531,0.428268,0.588838"
DB09206,"1.974482,-0.262839,-0.003691,0.374661,-0.040368,-0.075101,0.186006,0.652576,1.635543,-0.312506,-0.429398,-0.626034,0.073439,-0.703095,-0.231792,-0.012283,0.638680,-0.628896,-1.201231,0.060679,-3.441107,-1.923513,-0.955707,-0.383836,0.202782,-0.225081,-0.313739,0.024984,-0.550551,-0.210902,-0.195968,-0.675531,1.605360,-1.578060,0.093508,0.768350,2.114195,-1.139309,-1.263339,-0.973491,-0.571690,0.848650,0.070165,-1.014196,0.065899,0.698154,-0.131424,0.909205,1.100327,1.791161,0.471748,0.859929,0.176657,0.389892,0.197530,1.375891,0.850685,-1.065515,-0.124638,0.660955,1.054331,-0.049087,0.936949,-0.116781"
DB00896,"-0.551008,0.585258,-1.178374,-0.614060,-1.162079,-0.939968,0.615216,0.416125,-0.116859,-0.230969,0.295420,0.617256,-0.827107,-0.945605,0.181765,1.176995,0.856566,0.827640,-0.628078,-0.872445,-0.187722,0.037141,-0.523995,1.054818,-0.318742,0.180167,-0.693090,-0.252062,1.021166,0.776376,1.156563,0.547793,-0.877966,-0.395126,1.185144,-0.981030,0.371226,0.409033,0.865773,0.208897,-0.876458,0.003501,-1.191079,0.973657,1.175741,-0.082475,1.159506,-0.897857,-0.848839,-0.005357,-0.685603,-0.016168,0.498176,-0.564764,-1.164796,-0.450155,-0.922244,-0.277557,0.328240,-0.882019,-0.605225,-1.194628,-1.102131,-0.826397"
DB06736,"1.820946,-0.617417,1.268169,2.456918,1.202493,0.607520,1.885879,0.303825,2.955884,-0.596280,-2.153159,-1.988332,1.654051,1.616840,-1.404436,-1.258333,-0.732826,-2.103434,-0.043088,1.847536,-0.037501,-1.718322,-2.588500,-1.466314,0.434940,-0.980920,2.369791,2.335730,-1.832790,0.366927,-1.324761,1.302819,0.698095,2.288993,-1.186777,2.457307,-0.068747,-0.211455,-0.226055,-3.517937,1.427852,2.830099,1.293020,-0.298150,-1.225607,2.074668,-1.376371,0.852944,1.333853,1.396588,-0.649588,0.391360,-2.178363,0.652519,1.390603,-0.270044,0.362335,-0.964791,0.032539,0.172393,1.775582,1.285065,2.040045,0.443381"
DB11363,"-0.701808,1.079684,-0.725150,-1.455923,-0.789795,-0.845269,0.139220,0.311630,-0.161094,0.911954,1.768948,1.004872,-0.601955,-0.963030,-0.726948,0.739563,0.501171,0.745521,0.244135,-0.204078,-0.196247,-0.336880,0.358005,0.932846,0.769211,-0.332929,-0.844722,-1.162630,-0.202688,0.747011,0.789456,0.515180,-1.207428,-1.212361,0.694890,-0.311663,1.223232,1.291004,1.255991,0.642314,-0.683113,0.211119,-0.654006,1.067059,0.732994,0.515948,0.833747,-0.946130,-1.286379,-1.074295,-0.156786,0.616042,0.370367,-1.786955,-0.777827,-0.717422,-0.604744,-0.817770,-0.641401,-1.035397,-0.205485,-0.692049,-0.792371,-0.496571"
DB08912,"-2.390063,-0.437947,1.035520,-0.809895,1.249780,1.889728,-2.487940,1.343196,-0.045477,2.916934,1.034995,1.448822,-1.164145,0.955313,0.150738,-1.220283,0.367199,-0.279213,3.891345,-0.210445,1.475564,1.226554,2.220747,-0.095260,-1.066603,-1.961619,-0.340127,1.241986,-0.836739,-0.065713,-0.745632,-2.595593,0.690289,-0.994408,-1.331029,-0.373905,-0.123327,1.593507,-0.036222,1.689997,2.703484,-1.700461,1.162886,-0.966218,-1.352624,-1.690241,-0.997483,-0.310297,-1.175697,-0.489644,2.558743,-1.437963,0.443018,0.465635,0.842254,-0.807437,-0.172842,0.906360,-2.970223,1.252128,1.594493,1.343238,2.264960,1.043031"
DB04938,"-1.199897,1.417012,-0.193875,-1.030343,-0.253534,-0.956468,-0.117612,0.156763,-0.961506,2.025800,1.485746,0.816389,-0.760867,-0.258421,-1.534013,0.184415,-0.066652,0.530632,1.400077,-0.534747,0.446976,-0.204841,0.784435,0.751001,-0.224079,0.197322,-0.213799,-1.424204,0.279598,0.556493,0.314112,0.275321,-0.707148,0.044161,0.112726,-0.453258,0.759223,0.987647,0.854230,1.066498,-0.822624,-0.715063,-0.159888,0.873634,0.154575,0.129651,0.288280,-0.838663,-1.252469,-1.296316,1.737295,-0.160128,0.954358,-0.651073,-0.258030,0.444736,-0.761381,-0.294106,-0.349099,-0.075165,-0.121721,-0.146003,-0.120974,0.470927"
DB12230,"-0.376558,0.663088,-1.155560,-0.744477,-1.131653,-0.885119,0.531540,0.562653,0.653953,0.449732,0.143369,0.365969,-0.990834,-1.028863,-0.274797,1.121418,0.677624,0.420165,-0.615454,-0.670571,-0.560193,-0.417173,-0.612848,1.129870,-0.534548,0.605852,-0.343812,-0.991793,0.931569,0.816661,1.191823,0.588245,-0.983200,-0.543119,1.138237,-0.695919,0.328959,0.521932,0.890088,-0.667012,-0.713911,0.142621,-1.172569,0.880304,1.127435,-0.018620,1.135821,-0.989680,-0.854463,-0.343404,-0.174030,-0.021513,-0.359631,-0.348605,-1.167623,-0.651847,-0.890614,-0.288532,0.292682,-0.963137,-0.644941,-1.141287,-0.918101,-0.714367"
DB01037,"0.286797,-0.371113,1.726872,0.447183,1.650164,1.614945,-1.195876,-1.923915,-0.535903,0.581123,-0.350517,-0.489595,0.926776,1.228445,-0.163088,-1.723770,-1.787542,-1.051181,1.797187,1.509393,0.872880,0.307279,1.778341,-1.384711,1.074090,-0.441714,0.652066,0.221945,-0.567414,-1.578358,-1.674166,-1.323424,1.323699,0.116454,-1.735430,1.353368,-0.800760,-0.678288,-1.497989,-0.790440,0.876884,-0.355172,1.724595,-1.314861,-1.664235,-0.313280,-1.639740,1.394766,1.527226,-0.923306,1.203125,0.254524,-0.316536,1.131739,1.672765,1.319732,1.563591,1.445401,0.222502,1.499917,0.068182,1.719507,1.350725,0.702985"
DB06764,"1.243865,0.070935,0.129749,1.502539,0.057271,-0.822605,1.237588,-0.318851,0.594483,-1.160547,-0.958379,-0.698557,-0.063884,0.286328,-0.741120,-0.060820,-0.210815,-0.510064,-0.191801,0.459689,-0.792982,-0.925768,-1.684517,-0.399133,-0.805169,-0.468242,0.588991,1.044067,-1.118842,0.139140,-0.257629,0.907724,0.372827,0.518056,-0.041365,-0.072594,0.265439,-0.162708,-0.109348,0.249773,0.208084,1.277724,0.146622,-0.055037,-0.039865,0.757009,-0.197714,0.429674,0.527944,1.369945,-0.313891,0.289675,0.118723,1.185108,0.281087,0.438695,-0.124851,-0.729258,0.149468,-0.541507,0.258011,0.068962,0.704891,-0.495960"
DB06714,"-0.564493,0.936375,-1.231124,-0.859402,-1.247601,-1.090772,0.701970,0.349729,0.207839,0.249303,0.476675,0.451561,-0.796652,-1.214899,-0.164070,1.234600,0.857698,0.703734,-0.696077,-0.771974,-0.374850,-0.444781,-0.470521,1.181333,-0.198192,0.740083,-0.522173,-1.042077,0.917330,0.975621,1.221327,0.730811,-1.118559,-0.411099,1.244128,-0.867228,0.645300,0.298034,1.038018,0.245537,-1.060864,0.123846,-1.245009,1.114755,1.241907,0.122309,1.236561,-1.026767,-0.949385,-0.397599,-0.339207,0.240663,-0.012394,-0.731455,-1.234313,-0.553293,-0.981009,-0.460788,0.747069,-1.177250,-0.587346,-1.244139,-1.313439,-0.604423"
DB09205,"2.257672,-0.003579,0.989268,2.544961,0.800951,-0.626701,1.576764,-0.179125,0.351663,-1.794625,-2.009820,-1.474526,1.166713,1.210354,-1.381541,-0.884434,-1.073865,-0.912392,-0.722567,1.295483,-0.847512,-1.676945,-2.124777,-1.431307,0.496851,-0.514017,1.621483,2.055666,-2.903922,0.124587,-1.207439,1.389021,0.950925,0.667197,-0.826825,1.117754,0.472975,-1.081076,-0.445118,-0.123510,0.003076,2.231055,1.049358,-0.570871,-0.816153,2.119305,-1.074285,1.252605,1.376970,2.776221,-0.980931,1.496861,-0.207839,0.916320,1.225570,0.428899,0.752779,-2.197911,0.446540,-0.546965,1.085169,0.886531,1.204616,0.299939"
DB09285,"2.238675,-0.554426,1.335584,2.734750,1.245265,0.464254,1.823705,0.024213,3.040578,-0.918468,-2.196270,-2.059066,1.590920,1.732453,-1.642981,-1.294600,-0.784237,-1.967915,0.002211,1.882535,-0.133212,-1.717701,-2.825213,-1.678304,0.269829,-1.044002,2.344249,2.494450,-2.127232,0.209390,-1.442678,1.242169,0.973122,2.204131,-1.224616,2.278824,0.151352,-0.232559,-0.373910,-3.214153,1.404885,3.104485,1.377321,-0.500893,-1.259120,2.212603,-1.456148,1.135072,1.558188,1.811627,-0.867237,0.410532,-1.848717,0.826650,1.507741,0.261652,0.489294,-1.260915,-0.227360,0.161894,1.799989,1.323938,2.231039,0.373822"
DB00989,"-0.585643,-0.179494,-0.947411,-0.431449,-0.863139,-0.511997,0.450559,0.304615,0.342040,0.408602,0.137729,0.247125,-1.107578,-0.541384,0.442990,0.895148,0.798500,0.326354,-0.195574,-0.844399,-0.618092,0.041485,-0.333256,0.889882,-1.210986,0.384990,-0.529463,-0.685161,0.833067,0.663212,0.987718,0.606251,-0.861952,-0.243888,0.907680,-0.732377,-0.174682,0.384547,0.710052,-0.045661,0.031230,-0.267581,-0.981071,0.683722,0.874635,-0.777311,0.871206,-0.943767,-0.984171,-0.337593,-0.453219,-0.615156,-0.207281,0.410019,-0.940394,-0.583908,-1.039289,0.396052,-0.193027,-0.919856,-0.357114,-0.921214,-1.009297,-0.596006"
DB06697,"-0.762152,0.469461,0.093277,-0.518988,0.160663,0.032087,-1.602751,0.436363,-0.032827,0.583692,1.410647,0.853922,-0.085838,0.221137,-0.391376,-0.097295,0.439592,0.588385,0.995980,-1.036500,0.108714,1.315474,0.729527,0.100085,-0.467914,-0.702055,-0.590681,0.615635,-0.002739,-0.123386,-0.096046,-0.817565,0.475627,0.519517,-0.159721,-0.680088,1.571425,1.253903,0.018466,0.879801,-0.409776,-1.626347,0.129087,0.161380,-0.152782,-0.470581,-0.051722,-0.037482,-0.713350,-0.218891,1.370390,-1.312518,2.074845,-1.575827,0.086813,0.519428,0.022954,0.053336,-1.226798,1.021231,0.234382,0.107601,-0.234360,1.001794"
DB00727,"2.029187,-0.026402,0.044359,0.634722,-0.041685,-0.231431,0.439763,0.451881,1.333699,-0.843126,-0.464166,-0.767758,0.252134,-0.693043,-0.269478,-0.010550,0.379953,-0.539116,-1.210988,0.234793,-3.201259,-1.853794,-1.199393,-0.485657,0.302635,-0.292176,-0.221876,0.024877,-0.841738,-0.145043,-0.290046,-0.225652,1.519025,-1.124013,0.088076,0.527700,2.229738,-1.157288,-0.994861,-0.204201,-0.656683,1.058954,0.114189,-0.868293,0.082658,0.935421,-0.152159,0.982610,1.110039,1.839249,0.048131,1.318487,0.538551,0.237745,0.276100,1.207416,0.721614,-1.393967,0.456495,0.210198,0.884270,-0.049751,0.457843,-0.012225"
DB08906,"-0.774983,-1.127744,-0.003413,0.239695,0.230564,0.800864,-0.001066,0.500596,-0.413911,0.258743,-0.240789,-0.294150,-0.549910,0.382111,2.491978,-0.141433,0.761025,-1.237057,-0.004983,-0.564937,0.155150,1.112051,0.039659,0.281631,-1.366343,-1.327524,-0.340027,1.843965,1.043830,0.757550,0.147233,0.211072,-0.224913,1.022814,-0.157978,-0.177049,-0.424163,0.862406,0.615321,1.157435,1.782615,-1.203817,-0.061866,-0.043711,-0.206150,-1.490426,-0.085691,-1.002064,-0.685499,-0.784588,0.055959,-1.363940,0.119386,0.867335,-0.098145,-1.702461,-0.665475,1.653334,-0.787564,0.143866,0.784053,0.132346,0.107936,-0.065110"
DB06603,"-0.215998,-0.749931,0.662248,-0.633782,0.823924,1.068442,-2.107702,1.504150,-0.034492,1.420885,1.656294,0.684121,-0.105027,0.678376,-0.328716,-0.684187,0.493793,0.807188,0.619430,-1.079273,-0.270512,1.450862,0.998901,-0.558207,-0.872747,-0.979919,-0.729516,-0.595407,-0.782439,-0.824284,-0.617842,-1.693993,1.285593,-0.496794,-0.763788,-0.794279,0.140084,0.548494,-0.372490,1.956610,0.980265,-1.632953,0.725882,-1.188937,-0.813481,-1.337098,-0.690854,0.556517,-0.723291,-0.464277,1.762751,-1.903222,2.252251,-0.643206,0.708424,0.674033,0.224514,-0.083342,-3.028080,1.573001,1.293019,0.730150,0.745516,1.945486"
DB00624,"-0.324707,0.346779,0.910264,0.854726,0.794637,-0.428756,0.570215,-0.270552,-1.785656,0.193776,0.013650,0.142105,1.575206,0.969399,-0.808334,-0.889594,-0.973499,-0.506061,0.759923,0.466356,0.786850,-0.193607,-0.005647,-0.484440,1.841738,-1.323771,1.585235,0.555790,-1.306190,0.475270,-0.795404,1.258313,-0.466799,0.963462,-0.944375,1.300577,0.155536,0.569977,0.545936,1.142519,-0.160520,0.782741,0.952892,0.159631,-0.899252,1.354445,-0.843821,-0.147042,-0.277737,-0.376380,0.165919,1.039405,-0.094963,-0.626334,0.849805,-1.058354,0.154153,-1.065740,0.273794,-0.260035,1.111710,0.977033,0.851935,0.917480"
DB00357,"-0.516014,0.795716,-0.986919,-1.323156,-1.044079,-1.026606,0.441987,0.328437,-0.390953,0.550354,1.285037,0.793852,-0.681285,-1.053392,-0.345997,1.017264,0.782127,0.900812,-0.133979,-0.495731,-0.129357,-0.288280,-0.046501,1.029822,0.625014,0.077325,-0.937525,-0.925554,0.337841,0.860393,1.001721,0.560273,-1.175953,-0.906557,0.995832,-0.677267,1.066060,1.047061,1.199897,0.844549,-0.958020,0.294944,-0.953618,1.013633,1.013388,0.485886,1.043052,-0.952530,-1.097897,-0.779578,-0.476900,0.455678,0.290306,-1.405031,-1.007268,-0.635392,-0.814987,-0.616557,-0.323018,-1.076864,-0.265620,-0.983808,-0.972507,-0.597872"
DB00945,"0.957161,-0.944022,1.410344,1.925383,1.397458,0.900320,1.018624,0.300198,1.253861,0.276347,-1.000632,-1.294313,2.565194,1.822438,-1.372902,-1.384702,-0.933698,-1.761426,0.342651,1.019382,0.206544,-0.365895,-1.560545,-1.305004,1.220204,-2.049903,2.586483,1.170279,-0.470715,-0.169333,-1.315922,1.346814,0.490740,2.886488,-1.384888,2.388273,-0.246793,0.636028,-0.123685,-2.083370,0.878300,1.765560,1.395803,-0.830891,-1.408581,1.544375,-1.469639,0.704004,0.721273,-0.313190,0.435969,-0.001184,-0.984760,-0.487773,1.429705,-0.718571,0.296863,-0.348666,0.280681,0.967170,1.954510,1.462358,1.569846,1.178565"
DB01063,"0.143711,0.074177,0.163503,-0.496463,0.048860,0.395191,-0.532379,-1.799570,0.408091,-0.923585,0.020533,0.096772,0.516928,-0.204108,0.329063,-0.073594,-1.023909,0.313671,-0.478734,1.099692,0.638837,0.189470,1.324097,-0.388888,1.036298,1.638981,-0.369540,-0.522204,0.545644,-1.358479,-0.226553,-0.764987,-0.251476,-1.020502,-0.061990,0.374493,-1.296423,-1.309020,-1.056561,-0.487767,-0.545814,-0.228132,0.099249,-0.397170,0.000531,-0.139881,-0.011720,0.841922,1.025755,-0.238700,-0.737635,0.885815,-1.228633,0.318868,0.063074,1.189750,1.353574,1.044169,1.191415,0.567997,-1.892916,0.035527,-0.485588,-1.193774"
DB01624,"2.106889,-0.723132,2.292896,0.606510,2.175616,1.478060,-1.782031,-1.199266,0.375381,-0.169295,0.241566,-1.947504,1.776516,1.710202,-0.807363,-2.120084,-2.374758,-0.414008,-0.019520,1.335673,-0.622600,-0.169240,0.564904,-2.457434,-0.265109,0.625308,1.146053,-2.118363,-2.187963,-2.649985,-2.453096,-1.349531,2.620559,0.483629,-2.150304,0.889755,0.088612,-1.633604,-2.287642,0.456488,0.275856,-0.462718,2.346913,-2.163496,-2.136514,-0.338962,-2.182906,2.616221,1.857742,-1.206333,1.122457,0.391490,1.969184,0.608289,2.440771,2.809011,2.400846,-0.084682,-0.372680,2.139403,0.299133,2.072288,1.070859,2.417442"
DB01038,"-0.523287,1.153969,-1.350637,-0.928665,-1.396047,-1.306767,0.773056,0.349685,0.115072,-0.057572,0.732460,0.736080,-0.850928,-1.319831,-0.303319,1.377345,0.970699,1.076353,-0.631781,-0.792823,-0.221043,-0.359004,-0.442311,1.242027,0.045028,0.551747,-0.769389,-0.726482,0.863377,0.996638,1.308082,0.785819,-1.191758,-0.474571,1.382756,-1.028719,0.880481,0.402961,1.119362,0.473021,-1.322965,0.223057,-1.352365,1.315444,1.386509,0.353456,1.366459,-1.037373,-0.975790,-0.277354,-0.687434,0.387027,0.321942,-0.952927,-1.333291,-0.354234,-1.064059,-0.673161,0.641496,-1.258421,-0.672617,-1.379729,-1.357497,-0.821000"
DB06288,"1.102610,-0.859169,0.775954,-0.199502,0.784698,1.213664,-2.432171,-1.364693,0.905033,-1.717229,0.726225,0.134575,1.160294,0.474959,0.811731,-0.644152,-0.528523,0.736488,-0.987969,0.238293,0.562538,1.822688,1.460736,-1.295627,0.443371,0.747938,-0.654588,0.316332,-0.147570,-2.500594,-0.980980,-2.095056,1.330292,0.086440,-0.654195,-0.127824,-0.254372,-0.365583,-2.102489,-0.582280,-0.332482,-1.361093,0.746618,-1.436792,-0.654251,-0.592505,-0.686674,2.035700,1.610441,-0.214449,0.008406,-0.669115,0.974091,-0.530471,0.793208,2.234607,1.939453,1.062187,-0.750667,2.248621,-1.187054,0.598234,-0.119265,0.225184"
DB00631,"1.551165,-1.246067,0.778671,1.426410,0.797903,0.732548,0.320759,0.965480,-0.558925,-0.691006,-1.404646,-0.847649,1.569830,0.881831,0.339249,-0.789836,-0.340187,-0.979672,-1.563180,0.205988,-1.021417,-0.408129,-0.848859,-1.053628,1.132508,-0.814471,1.083308,0.870062,-0.939157,-0.186387,-0.818911,0.368809,1.064219,0.128684,-0.736723,1.364017,-0.231579,-0.728837,-0.572925,-0.182718,0.373723,0.928769,0.791412,-1.364221,-0.772312,0.790751,-0.908308,0.863868,0.930866,1.595583,-0.471365,0.651866,-0.459259,0.065049,0.876612,-0.684206,0.806487,-1.058117,-0.059324,0.356723,1.542662,0.782383,0.777549,0.833339"
DB01259,"-0.631566,-0.048272,-0.047152,-0.411607,0.098357,0.485692,-1.379955,1.229798,0.614553,0.152544,0.622806,0.760414,-1.061108,-0.024711,-0.361575,-0.007922,1.086088,1.045376,0.924802,-0.908540,0.161211,1.233233,0.685126,0.120765,-1.096823,-0.672720,-1.077208,1.578718,-0.162599,-0.183049,0.078771,-1.800230,0.904845,-0.611005,-0.042553,-1.216269,0.249676,0.270233,-0.400932,0.006619,0.919079,-1.187035,-0.013400,-0.130682,-0.073353,-1.061447,0.022605,-0.080112,-0.546206,1.078474,0.966416,-1.852903,1.417884,-0.349381,-0.062158,0.202734,-0.231920,0.168188,-1.268942,0.983102,0.548443,0.027998,0.811479,0.690321"
DB00783,"-1.070514,-0.232756,1.013703,0.771416,0.975413,0.221260,0.042562,-0.346998,-2.088011,0.693373,-0.638294,0.867729,0.813640,0.962384,-0.234909,-1.109787,-0.619975,-0.550293,2.161186,0.571235,1.519008,0.497639,0.920864,-0.368537,1.925684,-1.829428,0.889594,1.839441,-1.406025,0.365338,-0.820538,-0.001890,-0.177596,0.301063,-1.151449,1.299030,-0.950455,0.837054,-0.033514,-0.157753,0.970543,0.450401,1.051785,-0.112109,-1.105673,0.844553,-1.004514,-0.058189,0.194814,0.238287,0.663519,0.133742,-1.101436,0.525870,0.882272,-1.137151,0.243817,-0.021238,-0.656499,0.426233,1.371298,1.219641,1.848530,0.533425"
DB00294,"0.120897,-0.208824,0.503999,1.012468,0.462963,-0.186849,0.876056,0.116722,-0.831244,-0.534007,-1.108191,-0.473493,1.183530,0.780923,0.136874,-0.512121,-0.517277,-0.663511,-0.212389,0.534669,0.929130,-0.338152,-0.822262,-0.455548,1.010005,-0.430934,1.209684,0.904999,-0.843883,0.590024,-0.487128,1.171059,-0.230911,1.204283,-0.501475,0.818413,-0.295084,-0.080996,0.439385,0.527398,0.123879,1.037556,0.516235,0.023539,-0.510637,1.088071,-0.537506,0.010126,0.244869,0.357630,-0.852525,0.863076,-0.860172,-0.061399,0.498483,-1.236794,-0.034779,-0.893588,0.484696,-0.584185,0.810761,0.548195,0.564477,0.514035"
DB00823,"-1.040574,-0.228675,-0.681824,-0.877067,-0.590236,-0.365257,-0.175464,0.249909,-1.257280,0.027002,0.475145,0.895689,-0.473939,-0.739228,1.519328,0.610271,0.890888,0.275707,0.464829,-0.636311,0.750873,0.731563,0.280726,0.823423,0.209164,-0.310018,-0.874837,0.124226,0.988760,0.560549,0.756886,-0.104441,-0.609006,-0.064083,0.592547,-0.677903,0.209820,0.999945,0.639461,1.353145,-0.183979,-0.383849,-0.676241,0.399499,0.584719,-0.320685,0.675472,-0.704065,-0.526031,-0.454523,-0.482178,-0.203429,-0.334327,-0.531703,-0.770662,-0.986681,-0.645217,0.328587,-0.655397,-0.371036,-0.276603,-0.582493,-0.269669,-0.611656"
DB00830,"1.137251,0.277180,0.041580,1.482742,-0.058694,-1.049578,1.309598,-0.505802,0.188424,-1.315906,-0.852811,-0.653919,-0.025161,0.278710,-0.843914,0.056916,-0.247264,-0.224043,-0.184240,0.368881,-0.625792,-0.867538,-1.692231,-0.328934,-0.780538,-0.337211,0.633784,0.987419,-1.144011,0.226276,-0.176756,1.138153,0.210823,0.724626,0.067454,-0.363285,0.332163,-0.227252,0.089831,0.694469,-0.026720,1.317837,0.052980,0.183375,0.075932,0.801207,-0.093950,0.323906,0.403750,1.342792,-0.533051,0.423190,0.343769,0.982015,0.194124,0.354605,-0.278042,-0.917306,0.490874,-0.875197,0.113977,-0.044469,0.376855,-0.436382"
DB01041,"2.159136,-1.081659,1.558211,-0.156497,1.492373,2.086124,-2.036306,-1.254742,-0.018767,0.240949,0.791480,-0.520682,1.683817,1.121776,-0.167488,-1.484400,-1.390302,-0.756711,-0.305950,1.218602,-0.931619,0.834982,1.803934,-1.705556,2.096142,-0.725023,0.501851,-1.221385,-0.067208,-2.385556,-1.529674,-1.206007,1.544152,-1.122909,-1.488073,1.805128,0.009388,-0.547700,-1.677856,0.190441,0.500573,-0.675428,1.581363,-2.404220,-1.434018,-0.223517,-1.475559,1.767744,1.436488,-1.766535,0.384922,0.869509,0.243381,-0.355197,1.558906,1.242873,2.317515,0.792812,-0.907444,1.756909,0.146350,1.463831,0.754235,0.982482"
DB01202,"0.754759,-0.333934,0.328911,-0.794952,0.225302,0.666728,-1.016816,-2.846304,-0.360892,-1.484106,0.413635,0.348526,0.399843,-0.277544,1.070181,-0.232722,-0.374820,0.560926,0.211444,1.049472,0.974855,0.392627,1.466785,-0.673362,1.285748,1.563197,-0.588953,0.104247,0.841147,-2.155874,-0.432093,-1.830535,0.110414,-1.611593,-0.226471,0.436619,-0.998505,-0.436230,-1.821579,-0.865566,-0.736406,-0.181240,0.297396,-1.056880,-0.171966,0.199204,-0.155669,1.501885,1.740284,-0.573372,-0.591954,0.589445,-0.918165,1.085345,0.225106,2.147703,1.999779,1.351407,0.193316,1.353953,-2.145421,0.222833,0.322167,-2.090599"
DB06708,"-0.060688,-0.033241,-0.085256,-0.796369,0.010302,-0.084018,-1.467276,1.047564,-0.109652,0.462422,1.219332,-0.005675,-0.256312,-0.206530,0.041253,0.116702,0.592023,1.093968,-0.410760,-1.354032,-0.443556,0.597959,0.017451,0.003921,-1.404132,0.834847,-0.781299,-1.432568,-0.049660,-0.332685,0.005095,-1.120122,1.040688,0.433926,0.077661,-1.399292,1.104039,0.058828,-0.321972,0.862743,-0.583235,-1.340864,-0.073992,-0.201847,0.025821,-0.928617,0.067793,0.280209,-0.401422,-0.187744,1.230530,-1.554052,2.110499,-0.756023,0.000368,1.116108,-0.150009,-0.256003,-1.192112,0.988411,0.364161,-0.150162,-0.327783,1.683159"
DB12554,"-1.171999,-0.871929,-0.679297,-0.077033,-0.483680,0.343563,0.058789,0.487928,0.633667,0.825076,-0.559624,0.349229,-1.474556,-0.116877,1.343049,0.536136,0.733756,-0.397887,0.528357,-0.754794,-0.129047,0.573013,0.296739,0.835659,-2.192142,0.054171,-0.707265,-0.046088,1.156889,0.544628,0.790669,0.146201,-0.661798,-0.333530,0.550370,-0.408447,-1.299980,0.646695,0.452045,-0.543355,1.425130,-0.744650,-0.747024,0.370752,0.490809,-1.654738,0.559026,-0.994302,-0.996010,-0.962875,-0.220803,-1.492757,-0.241606,1.483149,-0.734139,-0.783905,-0.945375,1.672548,-0.636213,-0.340048,-0.027284,-0.560111,-0.594811,-0.778965"
DB12518,"0.330431,0.499580,0.148513,-0.495940,0.004539,0.289344,-0.431231,-2.084615,0.536760,-1.212071,0.074915,0.303442,0.493090,-0.229471,0.016259,-0.042933,-1.092157,0.512210,-0.599021,1.114768,0.887924,0.221738,1.325968,-0.435277,1.323495,1.602584,-0.232954,-0.424596,0.539051,-1.398574,-0.235801,-0.703541,-0.302557,-1.038538,-0.030362,0.335935,-1.248152,-1.129724,-0.887750,-0.609872,-0.728287,0.018847,0.103573,-0.324648,0.036333,0.218463,0.012115,0.887326,0.997536,-0.512637,-1.186343,1.104454,-0.865342,0.123762,0.066456,1.330027,1.431516,0.636527,1.165876,0.343451,-2.082086,0.011703,-0.537199,-1.317316"
DB01577,"-0.447885,-0.242794,1.191087,1.607709,1.137499,-0.062598,1.157182,0.266473,-1.736438,0.355617,-2.081443,-1.596742,1.235912,1.225153,0.219538,-1.227361,-1.808082,-1.995903,0.090670,1.142190,1.210370,-1.254812,-0.329020,-0.701387,-0.405828,0.661348,2.003850,0.225604,-1.373723,0.685588,-1.131171,1.232601,0.127207,2.262102,-1.222683,1.041953,-1.529700,-1.459354,0.083770,0.825446,0.512798,0.512751,1.152797,0.030264,-1.222430,0.316433,-1.196659,0.064530,0.440386,0.336087,0.755601,0.641964,-1.037461,1.375117,1.134678,-0.928667,0.244320,0.053155,1.452555,-0.277897,0.823758,1.222911,0.902027,1.493813"
DB08880,"-0.612202,-0.168811,-0.716130,-0.341533,-0.636077,-0.049646,-0.420705,0.690747,-1.041946,0.074574,0.282578,1.607751,-1.001810,-0.644083,0.490733,0.657421,0.964512,0.609094,0.208706,-0.768768,0.030323,1.043207,0.505018,0.786186,0.328476,-1.039783,-1.283616,1.107067,0.241369,0.304295,0.809053,-0.524360,-0.324274,-1.180131,0.633819,-0.940213,-0.586313,0.962601,0.350556,0.188802,0.319565,-0.408873,-0.751837,-0.024405,0.656655,-0.533676,0.679466,-0.456448,-0.313560,0.926122,0.258705,-0.860048,-0.337856,0.163028,-0.761331,-0.599752,-0.594367,0.273022,-0.897924,0.011321,-0.072539,-0.632488,-0.277211,-0.911037"
DB06203,"-0.149633,-1.098018,1.065496,1.243676,1.126613,0.290773,0.869499,-0.146847,-1.842187,0.454299,-1.610014,-2.361047,0.777612,1.536098,0.671291,-1.115648,-0.771372,-0.985364,-0.378893,0.017549,0.538686,-0.778511,-1.132880,-0.794039,-1.206401,0.563733,1.996944,-1.213990,-0.546562,0.544876,-0.968382,0.669828,0.727449,2.203016,-1.108998,0.512875,-1.170359,-1.506437,-0.049977,0.172833,0.830516,0.102861,1.017967,-0.360809,-1.176992,-0.707438,-1.149106,-0.035447,0.305470,0.244002,0.721461,-0.502709,-0.195184,1.637095,1.069056,-0.607980,-0.226122,0.014892,0.669204,-0.025874,1.319467,1.081576,0.817548,2.106581"
DB06605,"-0.690797,-0.340129,0.212331,-0.303664,0.308834,0.680592,-1.219802,0.564202,-0.319284,1.184148,0.718968,1.746554,-0.562904,-0.053399,-0.439820,-0.304896,0.501750,0.300765,1.989208,0.015549,0.817310,1.699180,1.543814,0.205186,0.992983,-2.387180,-0.877202,1.074162,0.178856,-0.169880,0.030732,-1.070911,0.097036,-0.658647,-0.374155,0.174999,-0.646497,1.367034,-0.008100,0.131341,1.813574,-0.379870,0.244716,-0.541745,-0.344832,-0.361911,-0.226210,-0.323737,-0.264037,-0.076747,1.066116,-0.994303,-0.591183,-0.465830,0.076916,-0.496623,-0.251281,0.773469,-1.951279,1.021301,1.071759,0.429880,1.840018,-0.031371"
DB06809,"1.003100,0.658221,0.163686,1.351446,-0.008351,-1.122058,1.604268,-0.116596,-0.210948,-1.200372,-1.001437,-0.549332,0.855912,0.539791,-1.302948,-0.071447,-0.447217,0.025750,-0.831581,0.548542,0.257463,-1.166346,-1.422773,-0.437500,0.762004,0.208645,1.164981,0.897288,-1.567574,0.705837,-0.290248,1.755829,-0.318676,0.712873,-0.043899,0.500977,0.366580,-0.630375,0.548685,0.185761,-0.692895,1.774854,0.188971,0.504516,-0.037811,1.817884,-0.195659,0.167152,0.267449,1.311858,-1.297141,1.372222,-0.154595,-0.076010,0.293863,-0.286824,-0.174022,-1.982650,0.951020,-1.277589,0.475044,0.087724,0.087281,0.129672"
DB00165,"0.685502,0.706152,0.032875,1.059586,-0.115021,-1.061314,1.554862,0.082215,-0.324207,-1.035962,-0.947166,-0.417624,0.815904,0.340729,-1.169065,0.035762,-0.363856,0.017338,-0.974226,0.481642,0.334628,-1.151388,-1.267318,-0.226530,0.810328,0.301138,1.067829,0.696165,-1.320515,0.813944,-0.128336,1.686259,-0.475215,0.626675,0.064083,0.456486,0.271283,-0.586517,0.636642,0.024754,-0.794562,1.595461,0.050917,0.609265,0.069342,1.701034,-0.052563,-0.020127,0.081113,1.016188,-1.183012,1.311064,-0.321397,-0.255103,0.126182,-0.552231,-0.199275,-1.814652,1.016403,-1.212787,0.407966,-0.022436,-0.052258,0.120216"
DB01586,"-0.456545,0.742679,-1.204952,-0.833160,-1.205522,-0.993612,0.551988,0.696358,-0.293940,-0.213837,0.495229,0.733413,-0.629030,-1.146856,0.129386,1.207624,0.895136,0.839414,-0.752828,-0.751996,-0.032708,-0.039235,-0.370214,1.130743,0.103488,0.265438,-0.801849,-0.410748,0.953504,0.834940,1.200285,0.607053,-0.895518,-0.431726,1.208468,-0.912754,0.544870,0.441754,0.933664,0.336661,-1.086996,0.160167,-1.221251,0.973734,1.210824,0.261357,1.211129,-0.907470,-0.710715,-0.151309,-0.589269,0.195373,0.203113,-0.935758,-1.208123,-0.625320,-0.927753,-0.506331,0.420711,-0.816122,-0.471830,-1.213237,-1.057737,-0.764675"
DB00548,"0.954172,0.593447,0.166036,1.300915,0.003709,-1.074328,1.579416,-0.067343,-0.180264,-1.088219,-1.048196,-0.539055,0.836248,0.530491,-1.216517,-0.084225,-0.370175,-0.026883,-0.823575,0.513057,0.216590,-1.172344,-1.365530,-0.420137,0.743355,0.216086,1.149652,0.907703,-1.458198,0.710046,-0.283386,1.665244,-0.308987,0.605889,-0.053575,0.610367,0.325822,-0.629847,0.504465,-0.003021,-0.659315,1.723573,0.189998,0.485658,-0.050999,1.786697,-0.200712,0.151170,0.272376,1.261930,-1.202918,1.314628,-0.175967,-0.068946,0.287449,-0.318423,-0.137092,-1.907207,0.871025,-1.158401,0.531584,0.099951,0.160643,0.092496"
DB00952,"2.136733,0.333694,1.189334,1.401031,0.939128,0.280238,-0.113487,-2.767574,0.062107,-2.791055,-1.407840,-0.750692,1.029809,0.951143,-0.888767,-0.977617,-2.371597,0.046948,-0.548289,2.152165,0.492634,-0.301851,0.116803,-1.832144,0.990447,1.195809,0.917321,0.836618,-1.763594,-1.978169,-1.417199,-0.361997,1.023088,-0.078370,-0.947480,0.327809,-1.359667,-2.047606,-1.614376,-0.057053,-0.245660,1.171872,1.193948,-1.232430,-0.861418,1.077804,-1.077354,2.193915,2.342953,1.390349,-1.873436,1.796626,-0.576851,1.071721,1.276273,2.146032,2.195628,-0.575382,1.219456,0.162853,-1.630016,0.949521,0.489224,-0.724962"
DB01122,"-0.642189,-0.048964,-0.980653,-0.432808,-0.905904,-0.512483,0.553010,0.168901,0.474754,0.175177,0.281195,0.364576,-1.035032,-0.643722,0.512730,0.941574,0.967244,0.432125,-0.266259,-0.868400,-0.436071,0.183490,-0.297605,0.919085,-1.073574,0.223896,-0.670325,-0.557397,1.002092,0.684944,0.998653,0.617716,-0.878506,-0.171086,0.950501,-0.758963,-0.013695,0.540840,0.799462,0.221314,0.055924,-0.221173,-1.015265,0.758280,0.917927,-0.686070,0.915043,-0.940208,-1.032707,-0.601261,-0.697154,-0.566963,0.181837,0.252818,-0.971628,-0.497930,-1.059195,0.385768,-0.099311,-0.920022,-0.318996,-0.955070,-1.121774,-0.691437"
DB00772,"-0.532432,1.184777,-1.361376,-0.934335,-1.409054,-1.341333,0.803904,0.417244,0.203652,-0.061631,0.723901,0.729818,-0.850921,-1.344413,-0.307384,1.389872,0.952814,1.037911,-0.671608,-0.823890,-0.247626,-0.347440,-0.443089,1.244152,0.064374,0.536482,-0.722730,-0.795900,0.875443,0.995416,1.317090,0.790408,-1.213821,-0.450872,1.395554,-1.027070,0.923449,0.382502,1.116634,0.481448,-1.333551,0.207016,-1.362872,1.290664,1.399046,0.374812,1.375306,-1.039690,-0.997822,-0.317019,-0.726924,0.437125,0.338678,-0.904329,-1.339810,-0.388338,-1.074699,-0.708504,0.661995,-1.251036,-0.656460,-1.395429,-1.382145,-0.853116"
DB00677,"-0.634775,-0.064191,-0.974730,-0.427216,-0.898293,-0.513400,0.555975,0.179861,0.437323,0.182388,0.272515,0.339333,-1.037062,-0.630663,0.519888,0.935743,0.959897,0.424841,-0.269569,-0.878636,-0.446020,0.177294,-0.302452,0.912829,-1.094592,0.232733,-0.657748,-0.585585,0.989813,0.680684,0.993335,0.627206,-0.879048,-0.183373,0.944412,-0.764848,-0.030895,0.526833,0.793990,0.259764,0.055480,-0.245267,-1.009030,0.747751,0.911278,-0.701525,0.908590,-0.937402,-1.036660,-0.596029,-0.665098,-0.569967,0.167869,0.264309,-0.965205,-0.519098,-1.063458,0.394255,-0.096287,-0.931240,-0.323615,-0.949415,-1.115666,-0.675500"
DB11699,"1.658504,-0.086665,1.230900,1.430252,1.021514,0.541935,0.382362,-1.589256,1.028373,-1.657740,-1.593456,-1.287457,1.689206,1.313560,-1.493343,-1.091832,-2.360153,-0.484709,-0.993037,2.279476,0.598328,-0.732953,-0.072509,-1.625073,1.429383,1.513986,1.861092,0.402643,-1.836703,-1.241470,-1.310126,0.624810,0.354898,0.818212,-1.046904,1.346439,-1.594359,-2.117070,-1.022641,-1.626283,0.107661,1.506864,1.184169,-0.841294,-0.992982,1.220909,-1.160609,1.518793,1.667541,1.243720,-1.523597,1.700565,-2.071401,0.746215,1.251804,0.697571,1.574053,-0.708451,1.816865,-0.194036,-0.863530,1.058585,0.229876,0.171987"
DB00580,"1.079324,-0.696222,1.746042,2.409666,1.672932,0.733973,1.204300,-0.280777,1.644710,0.559279,-1.597754,-1.818647,2.068879,2.115797,-1.541877,-1.728426,-1.138030,-2.065186,0.955858,1.327473,0.117575,-0.946370,-1.705015,-1.575319,0.752584,-1.743225,2.957185,1.089142,-1.037782,-0.018499,-1.707347,1.188686,0.716283,2.793237,-1.712267,2.742341,-0.144274,0.235206,-0.444002,-2.098732,1.272637,1.902843,1.765811,-0.757339,-1.733305,1.662007,-1.825094,0.842428,1.153857,-0.234530,0.668717,0.268343,-0.957658,0.876909,1.799979,-0.023700,0.440263,-0.397506,0.172981,0.802973,2.231736,1.802897,2.331417,1.278996"
DB00162,"-0.561829,1.066442,-1.330344,-0.958278,-1.368529,-1.305536,0.753285,0.380046,-0.067199,-0.118267,0.756323,0.796103,-0.788792,-1.327819,-0.167181,1.351467,0.978746,1.055901,-0.653505,-0.792311,-0.150160,-0.297581,-0.415395,1.231662,0.132952,0.519611,-0.807631,-0.759143,0.843339,0.977123,1.295448,0.771747,-1.182578,-0.447496,1.354372,-1.029260,0.860142,0.450771,1.116738,0.599180,-1.311479,0.242350,-1.330915,1.245774,1.360502,0.362014,1.344906,-1.003455,-0.957978,-0.254414,-0.731019,0.412491,0.202503,-0.957565,-1.319526,-0.425917,-1.065418,-0.699817,0.555066,-1.249041,-0.670557,-1.350998,-1.300554,-0.825265"
DB04876,"-0.676489,-1.818411,-0.345358,0.706373,-0.114847,0.512339,0.075186,-0.235524,-1.243297,-0.271465,-1.216029,-0.584315,-0.654908,0.802406,1.914016,0.274077,0.473511,0.251891,-0.218596,-1.520976,-0.086371,1.461290,-0.966383,0.121384,-1.765931,-0.826339,-0.006901,-0.106467,1.658374,-0.063179,0.390989,-0.279354,0.444874,0.436417,0.291402,-0.858502,-1.494126,0.038862,-0.158811,0.005505,0.726060,-1.032173,-0.409098,-0.383559,0.200723,-2.068017,0.168773,-0.307567,-0.149940,0.836971,-0.074606,-1.685766,0.806132,0.902857,-0.322361,-0.516803,-0.668772,1.297506,-0.650031,0.109294,-0.085592,-0.320454,-0.301973,-0.086432"
DB08867,"-0.898299,0.431937,-0.868129,-1.183743,-0.844373,-0.724698,0.056271,0.280796,-0.870946,0.256892,0.868225,0.964605,-0.535502,-1.062932,0.865955,0.824833,0.905504,0.429963,0.295093,-0.537174,0.481577,0.167660,0.265424,1.008692,0.442270,0.062681,-0.945511,-0.166737,0.738861,0.789351,0.914877,0.158209,-0.942186,-0.405118,0.806785,-0.671939,0.743889,0.990187,0.883618,1.087366,-0.652023,-0.091220,-0.849494,0.808282,0.816088,0.140361,0.903000,-0.879514,-0.722816,-0.748570,-0.404631,0.137658,-0.316361,-0.899735,-0.946330,-0.837779,-0.687629,-0.049209,-0.271442,-0.670678,-0.373005,-0.797851,-0.538187,-0.687281"
DB06155,"-0.011280,-0.243774,0.283022,-0.250788,0.249539,0.929136,-0.557644,-1.562948,1.158255,-0.622072,0.135963,-0.032103,-0.064025,-0.088165,0.603650,-0.239027,-0.807691,-0.271177,0.415567,1.203649,0.770370,0.472222,1.387935,-0.356252,-0.062107,1.218942,-0.290564,-0.201620,0.601618,-1.289367,-0.282069,-0.700949,-0.191714,-0.408849,-0.236578,0.325966,-1.428454,-0.788593,-0.905362,-0.406976,0.772616,-0.438386,0.215048,-0.424453,-0.202583,-0.684630,-0.167355,0.540216,0.610555,-0.976366,-0.654455,0.302499,-1.000559,0.874081,0.175214,0.868691,0.920321,1.674381,0.764334,0.413349,-1.571050,0.212479,-0.379557,-1.241877"
DB01295,"0.807135,-2.513207,0.840591,0.126006,1.037819,0.886770,-0.287435,0.170801,-1.286313,1.636056,-1.210955,-2.679566,-0.389729,0.671018,1.330641,-0.981449,0.060735,-1.099114,-0.183691,-0.589346,-2.436083,-1.744376,-0.757987,-0.686150,-2.525490,1.836293,0.937877,-3.209232,-0.555486,-0.295752,-0.732016,-1.446573,2.151839,0.241311,-0.926021,0.302217,-0.498694,-2.103390,-1.819812,-1.289024,0.970732,-0.515549,0.824404,-1.601650,-1.041433,-1.979799,-1.046766,0.577661,0.803068,1.395949,2.583178,-1.749643,-1.368246,2.890882,0.907457,1.155028,0.233314,1.007976,-1.038140,1.294587,1.712152,0.895178,1.741585,2.205237"
DB01365,"-0.392119,-0.181472,0.180677,1.086863,0.192052,-0.105900,0.726574,0.406400,0.180231,-0.053360,-1.365244,-0.379404,0.051078,0.269221,0.258553,-0.222471,-0.685147,-1.280162,0.288773,0.518819,0.117027,-0.467190,-0.385700,-0.052034,-0.616086,-0.060514,0.434944,1.214700,-0.449117,0.412162,-0.183955,0.484225,-0.090486,0.590394,-0.204969,0.268507,-0.970908,-0.396925,-0.054387,0.488828,0.604209,0.331334,0.163158,-0.040063,-0.201758,0.033327,-0.222008,-0.044209,0.123256,0.915164,0.296479,0.061476,-0.973284,0.804532,0.157510,-0.470637,0.087396,0.414601,0.403760,-0.204775,0.119670,0.229389,0.553851,-0.288777"
DB13169,"-0.466139,0.454811,-1.116098,-0.526450,-1.092205,-0.840831,0.587850,0.347362,-0.136370,-0.300019,0.312906,0.538120,-0.694234,-0.849510,0.341067,1.122007,0.884093,0.839841,-0.705087,-0.920613,-0.160463,0.203396,-0.565219,0.958476,-0.265784,-0.008602,-0.661012,-0.254927,1.092065,0.688172,1.089400,0.550667,-0.762035,-0.285092,1.128927,-0.980228,0.339157,0.394530,0.837948,0.488374,-0.828770,-0.053883,-1.133054,0.874698,1.113771,-0.176003,1.090936,-0.816845,-0.768319,-0.059820,-0.658200,-0.052141,0.573539,-0.620404,-1.093545,-0.477175,-0.917591,-0.237531,0.317809,-0.819248,-0.554853,-1.134614,-1.129222,-0.747290"
DB01185,"-0.420054,0.482084,-1.124771,-0.515752,-1.103055,-0.850002,0.596287,0.347143,-0.038931,-0.294937,0.350176,0.557624,-0.688377,-0.858650,0.275965,1.132658,0.901128,0.852294,-0.738668,-0.909639,-0.195572,0.191864,-0.584678,0.955714,-0.272002,-0.035437,-0.667743,-0.275724,1.102670,0.685997,1.092411,0.604028,-0.767984,-0.309051,1.139701,-0.974059,0.381129,0.404646,0.858839,0.500341,-0.847765,-0.047138,-1.140855,0.880038,1.124269,-0.156521,1.098992,-0.811532,-0.767109,-0.133942,-0.722347,-0.022960,0.629321,-0.656004,-1.096194,-0.459884,-0.930280,-0.270409,0.311437,-0.850774,-0.556568,-1.145527,-1.166907,-0.750625"
DB00621,"-0.367183,0.673860,-0.745565,-0.600915,-0.782897,-1.034919,0.203137,0.180832,-0.475662,0.260526,0.996871,0.826381,-0.246036,-0.437019,-0.775252,0.799804,0.624798,0.989693,-0.043769,-0.915284,-0.037880,0.365832,-0.142251,0.734770,0.214148,-0.369075,-0.280555,-0.862248,0.858700,0.375298,0.752850,0.595663,-0.642895,-0.008011,0.771700,-0.637158,0.829875,0.950590,0.840830,1.212504,-1.075710,-0.076916,-0.744337,0.583997,0.779553,0.260183,0.764964,-0.529569,-0.868635,-0.508448,0.014969,0.010173,1.038145,-1.013294,-0.719152,-0.020357,-0.793235,-0.558629,-0.197558,-0.415820,-0.258066,-0.774912,-0.819818,-0.305761"
DB00876,"2.113863,-0.598669,0.075670,0.305366,0.074719,-0.011378,0.187451,0.910662,0.982419,-0.525933,-0.745770,-0.668723,0.021708,-0.733928,0.115988,-0.126337,0.799528,-0.797724,-1.253670,0.194432,-3.379029,-2.148004,-0.871127,-0.404174,-0.112120,-0.342520,-0.313546,0.176494,-0.797181,-0.231249,-0.255499,-1.113247,1.956848,-1.614391,-0.009431,0.800524,2.113557,-1.086937,-1.546748,-1.677053,-0.487568,1.050106,0.148173,-1.062885,-0.049694,0.716093,-0.212061,1.046646,1.466677,1.894643,0.493170,0.595206,-0.035368,0.749373,0.258090,1.265888,0.941366,-1.021777,-0.598022,1.144873,1.204946,0.059461,1.336098,-0.281573"
DB01089,"1.993136,-0.185821,-0.022588,0.403228,-0.066954,-0.146394,0.256347,0.622119,1.634199,-0.669428,-0.223884,-0.367818,0.243491,-0.833466,-0.216064,0.017046,0.741058,-0.528057,-1.299704,0.032457,-3.552886,-1.976690,-0.943689,-0.392271,0.472051,-0.351521,-0.490064,0.330876,-0.512153,-0.293997,-0.206551,-0.711051,1.710843,-1.788523,0.120833,0.774247,2.395932,-1.220374,-1.337996,-0.648105,-0.809376,1.005011,0.059094,-1.031707,0.096830,0.887325,-0.109358,0.991760,1.078581,1.997933,0.333397,1.049669,0.477794,0.238298,0.194706,1.540838,0.937339,-1.223677,-0.048824,0.747800,1.122841,-0.076190,0.977169,-0.347045"
DB01348,"2.013289,-0.458544,0.106362,0.442002,0.088102,0.122721,0.243213,0.756468,1.478347,0.009118,-0.626112,-0.896271,0.156518,-0.684440,-0.263336,-0.152152,0.537993,-1.003164,-1.184605,0.234747,-3.471763,-2.199176,-1.045263,-0.444324,-0.031752,0.002308,-0.128085,-0.142488,-0.661925,-0.101062,-0.275998,-0.674650,1.647248,-1.412753,-0.034301,1.081077,2.015806,-1.165739,-1.249799,-1.803654,-0.270230,0.929828,0.174696,-1.077428,-0.065341,0.630562,-0.257145,0.888681,1.210563,2.008241,0.782273,0.775426,-0.322517,0.543693,0.288432,1.242196,0.913572,-0.971720,-0.112350,0.682101,1.114168,0.081690,1.111539,0.105775"
DB01340,"1.899072,-0.617503,0.040909,0.265678,0.038566,0.272720,0.218641,0.861864,1.585772,0.145842,-0.567536,-1.015845,0.169607,-0.761224,-0.050980,-0.094867,0.657143,-1.011641,-1.133821,0.148295,-3.533464,-2.191960,-1.120841,-0.366911,-0.108417,0.260404,-0.117260,-0.519932,-0.514266,-0.040091,-0.188508,-0.696760,1.572933,-1.438872,0.024552,1.115825,2.087621,-1.107714,-1.172812,-1.964796,-0.202198,0.903296,0.103317,-1.012698,-0.012188,0.502531,-0.188342,0.776227,1.066954,1.939462,0.801110,0.700204,-0.594386,0.350540,0.209872,1.022595,0.802607,-0.916942,-0.011026,0.594350,1.080104,0.019879,0.865557,0.172203"
DB00711,"-0.636757,-0.069028,-0.977656,-0.434259,-0.902090,-0.519849,0.548586,0.189295,0.399349,0.210274,0.260927,0.338812,-1.045088,-0.622671,0.501948,0.937510,0.944404,0.424462,-0.246615,-0.867859,-0.434780,0.157273,-0.303815,0.916412,-1.101194,0.252975,-0.656803,-0.578517,0.962743,0.686207,0.996840,0.631385,-0.876797,-0.200711,0.946793,-0.774039,-0.041301,0.503030,0.788402,0.238783,0.035501,-0.245480,-1.011182,0.755720,0.913765,-0.709883,0.910801,-0.938211,-1.026377,-0.567264,-0.648757,-0.566512,0.140230,0.268370,-0.967834,-0.515722,-1.064095,0.397968,-0.098790,-0.941985,-0.333904,-0.952482,-1.108986,-0.662839"
DB01252,"-0.600585,-1.606830,-0.408636,0.735930,-0.193504,0.417089,0.118565,-0.273751,-1.087484,-0.537882,-1.072888,-0.445889,-0.573251,0.701519,1.818873,0.354204,0.522506,0.369392,-0.414026,-1.540894,-0.118312,1.536349,-1.081518,0.135434,-1.560020,-0.960343,-0.143538,-0.032920,1.640215,-0.072196,0.427255,-0.198953,0.408052,0.329605,0.369309,-0.914296,-1.323782,0.040909,-0.101036,0.248533,0.591865,-1.021140,-0.469336,-0.310891,0.287578,-1.940034,0.245281,-0.295184,-0.202082,0.793659,-0.174299,-1.562885,1.046761,0.657435,-0.371589,-0.449012,-0.634692,1.134071,-0.532020,0.091769,-0.161129,-0.402451,-0.420345,-0.179497"
DB00839,"0.118181,-1.322483,1.136220,1.929133,1.210029,0.934096,0.213627,-0.142592,-0.016548,-0.030087,-1.307075,-0.879326,1.457552,2.114714,-0.165084,-1.136466,-0.561733,-0.867998,0.537509,-0.102285,0.805820,1.038284,-0.926913,-1.134452,0.188266,-1.776759,1.759204,0.836513,0.264251,-0.306842,-1.090694,0.477720,0.733217,2.147319,-1.145049,1.292027,-0.977851,0.353533,-0.173916,-0.227675,1.109240,0.245244,1.114309,-1.093486,-1.185609,0.051967,-1.246136,0.655228,0.442600,0.185268,0.222003,-0.653622,0.587709,0.183902,1.179157,-0.400059,0.111149,0.111303,-0.326578,0.792944,1.385360,1.185996,0.935015,1.156570"
DB01067,"-0.448711,-1.555039,1.144225,1.727020,1.252840,1.037456,0.125263,-0.346550,-0.806642,0.181142,-1.285292,-0.818878,1.326225,2.100961,0.556883,-1.177803,-0.510545,-1.008548,0.887071,-0.282726,1.057740,1.214835,-0.519148,-0.980957,0.038043,-1.799272,1.682269,0.884214,0.434479,-0.164925,-1.052376,0.263981,0.585001,2.218692,-1.198080,1.153712,-1.231555,0.540640,-0.175048,0.112169,1.250447,-0.115711,1.113048,-1.124571,-1.241482,-0.302827,-1.253701,0.447324,0.292233,-0.000242,0.506586,-0.882309,0.487836,0.525637,1.135254,-0.629647,0.075618,0.612396,-0.557685,0.843132,1.447418,1.238574,1.025414,1.136373"
DB01382,"-0.509571,-1.468573,-0.466034,0.662252,-0.258379,0.345036,0.147550,-0.017694,-0.932514,-0.651630,-0.986342,-0.275529,-0.592177,0.586296,1.702597,0.413606,0.502613,0.374384,-0.475858,-1.415204,-0.099772,1.482986,-1.030822,0.196841,-1.446763,-1.070497,-0.220366,0.456401,1.617417,-0.083888,0.481888,-0.162258,0.364044,0.200900,0.427028,-0.924681,-1.224778,0.138992,-0.054652,0.141495,0.433924,-0.905247,-0.519250,-0.221657,0.351983,-1.763121,0.315246,-0.293440,-0.219085,0.884531,-0.323477,-1.469370,1.091525,0.510275,-0.430798,-0.498540,-0.610525,1.020922,-0.473235,0.104187,-0.277333,-0.457778,-0.468733,-0.340108"
DB00672,"-0.186662,-1.427134,1.108491,1.720718,1.196851,1.019056,0.080216,-0.161351,-0.343320,0.152587,-1.231803,-0.712951,1.400662,2.044161,0.084525,-1.128477,-0.500877,-0.905947,0.899908,-0.094300,0.990367,1.063686,-0.682521,-1.011324,0.182387,-1.808227,1.626028,0.953992,0.280020,-0.215825,-1.030669,0.331200,0.681095,2.094835,-1.140218,1.236837,-1.002755,0.502575,-0.173958,-0.326532,1.160378,0.173409,1.082412,-1.065758,-1.180067,-0.077522,-1.212571,0.560238,0.377788,0.042958,0.336206,-0.785803,0.388887,0.229095,1.123978,-0.467032,0.081092,0.404536,-0.472378,0.900363,1.425798,1.183102,0.958911,1.137759"
DB01251,"-0.893039,-1.484444,0.377697,0.720589,0.568182,1.044615,-0.998529,-0.077712,-0.825808,0.527683,-0.206171,0.335254,0.127407,1.459153,0.757297,-0.414755,0.246434,0.058895,1.495065,-1.261115,0.705310,2.410250,0.049705,-0.335261,-0.657688,-2.135020,0.159692,0.322833,1.593024,-0.586789,-0.294814,-0.718339,0.722358,0.986478,-0.462158,-0.057968,-0.724032,1.301046,-0.184619,0.880181,0.866976,-1.384762,0.356490,-1.237606,-0.501626,-1.373997,-0.486926,0.302405,-0.174363,0.126597,1.043901,-1.776500,1.755823,-0.242986,0.387744,0.056497,-0.192582,1.197318,-1.566222,1.331027,0.651721,0.464083,0.339696,0.400363"
DB01289,"-0.614112,-1.317215,0.331753,0.649930,0.504597,0.833587,-0.891504,-0.025557,-0.504517,0.487280,0.032648,0.221201,0.210071,1.336270,0.421735,-0.353269,0.253297,0.034334,1.221928,-1.181490,0.391164,2.149636,-0.114354,-0.328413,-0.708599,-1.936332,0.235033,0.114193,1.465764,-0.553983,-0.252893,-0.436320,0.603967,1.018765,-0.399091,0.038373,-0.372189,1.346747,-0.083397,0.725845,0.683176,-1.220611,0.313712,-1.126968,-0.435151,-1.157746,-0.427310,0.266227,-0.326590,-0.086028,0.891179,-1.591156,1.754572,-0.500279,0.354218,0.071177,-0.196843,0.915735,-1.539344,1.195965,0.565372,0.396794,0.201614,0.411696"
DB04576,"0.793962,-1.371848,0.091066,0.533131,0.300363,1.052621,-1.742220,1.066816,0.834872,-1.022361,0.290453,-0.097969,0.460775,0.712611,0.859351,-0.030846,0.765525,1.075106,-1.035614,-1.767310,-0.619683,2.634052,-0.657040,-0.701823,-1.072663,-1.305534,-0.516162,0.966720,0.807028,-1.221901,-0.262587,-1.411890,1.763618,1.205498,-0.035606,-1.142402,0.188500,0.605894,-0.937973,0.243261,0.177827,-1.727694,0.077637,-0.998133,-0.130338,-1.208804,-0.231975,1.021601,0.485210,1.204036,0.598049,-2.196176,2.956856,-1.394190,0.255428,0.821258,0.096208,0.268481,-1.517924,1.847258,0.506377,0.000508,-0.332515,1.385706"
DB00817,"0.171732,-1.262760,0.238807,0.340453,0.458191,1.477445,-1.989338,0.994289,1.118804,-0.432888,0.553018,0.356166,0.268520,0.901645,0.625580,-0.218460,0.895626,0.898830,0.239353,-1.664572,-0.092176,2.917057,-0.080534,-0.617210,-0.851780,-1.759959,-0.694048,1.256794,0.800964,-1.222425,-0.363133,-1.811039,1.753595,1.209970,-0.242098,-1.044183,0.430991,1.408995,-0.805454,0.069366,0.484874,-1.835928,0.237286,-1.170476,-0.310725,-1.181168,-0.361735,1.078701,0.290906,0.974554,1.170021,-2.435658,2.790803,-1.387358,0.379035,0.743666,0.009285,0.544619,-1.996765,2.048487,0.648870,0.220443,-0.236622,1.246457"
DB01215,"0.981738,-0.324521,1.430704,1.053082,1.269424,0.956317,-0.145732,-1.933896,-0.461963,-1.249818,-1.520744,-0.848106,1.578674,1.190088,0.085106,-1.358340,-2.013249,-0.900957,0.078589,2.162436,1.579739,-0.402713,0.714869,-1.561163,1.431914,1.272336,1.441008,0.833289,-1.158778,-1.400547,-1.491733,-0.331288,0.262160,0.139577,-1.333092,1.604773,-1.868809,-1.503409,-1.419112,-0.681007,0.311992,0.689752,1.415258,-1.101041,-1.281857,0.979965,-1.309105,1.536405,1.965413,0.100744,-0.882201,1.567253,-1.946219,1.343821,1.351127,0.773003,2.070028,0.342763,1.172526,0.605236,-0.910222,1.355158,1.061910,-0.408407"
DB01544,"-0.335725,0.732138,0.747922,-0.516978,0.595139,0.486434,-1.058838,-2.143139,-0.527903,0.057365,0.634606,0.799919,0.646224,0.301332,-0.584053,-0.679637,-1.718435,0.044227,0.944296,1.229520,1.413240,0.438600,2.065722,-0.559508,1.629459,0.726806,0.049841,-0.435765,0.086206,-1.392405,-0.718932,-0.840875,-0.399530,-0.987430,-0.717804,0.898594,-0.986742,-0.093080,-0.718416,-0.021342,-0.465232,-0.506636,0.751862,-0.363906,-0.608761,0.294114,-0.529274,0.778739,0.540957,-1.348057,0.074096,1.088717,-0.517588,-0.173632,0.597717,1.297109,1.546001,0.877893,0.257334,0.700527,-1.721083,0.692720,0.151967,-0.684930"
DB01559,"0.581486,0.545676,0.314168,-0.377590,0.169537,0.518640,-0.641603,-2.329557,0.178989,-1.134739,-0.020865,-0.062563,0.073428,-0.240095,0.150366,-0.200795,-1.344226,0.391361,-0.212929,1.370862,0.852160,0.124362,1.301812,-0.552636,0.826446,1.733993,-0.148069,-0.354191,0.185907,-1.488787,-0.381529,-0.945882,-0.084092,-0.844536,-0.197371,0.108240,-1.302973,-1.172739,-1.053733,-0.666664,-0.325129,-0.102439,0.265165,-0.455321,-0.119131,-0.027872,-0.134977,0.920632,1.277255,-0.402648,-0.882156,1.057459,-0.979649,0.641859,0.233900,1.473832,1.446131,0.843184,1.218208,0.356234,-2.078459,0.160717,-0.285202,-1.258858"
DB00402,"0.282901,0.226827,1.487996,1.135803,1.304590,0.708636,0.222924,-1.203985,-0.317657,-0.611884,-1.689509,-0.578541,1.411303,1.365592,-0.991775,-1.451114,-2.351203,-0.842475,0.231136,2.314429,1.964290,-0.426949,1.184578,-1.316420,1.635164,0.561200,1.525059,1.041014,-1.628603,-0.708376,-1.458861,0.300911,0.045284,0.187330,-1.434838,1.638814,-2.208672,-1.801946,-0.725526,-0.810377,0.795266,0.841760,1.480155,-0.426237,-1.375182,0.886416,-1.375747,0.868182,1.246499,-0.321162,-1.137317,1.625587,-1.553989,0.978911,1.384222,-0.227509,1.482482,0.044030,1.587489,-0.025876,-0.286972,1.461816,1.112475,0.410752"
DB01567,"0.757387,0.452321,0.155331,-0.420501,-0.001786,0.300140,-0.461489,-2.378123,0.535504,-1.401617,0.176148,0.208989,0.244934,-0.261957,-0.176789,-0.019069,-1.111152,0.726510,-0.478967,1.224369,0.701386,0.185960,1.185453,-0.543226,1.107284,1.680174,-0.335064,-0.472863,0.351271,-1.643309,-0.262705,-0.851459,-0.105821,-1.070961,-0.008263,0.134608,-1.231395,-1.160578,-1.105376,-0.761179,-0.637522,0.103580,0.108254,-0.474165,0.059394,0.170686,0.006224,1.084356,1.272619,-0.194997,-1.189532,1.030098,-0.811377,0.348834,0.103795,1.773542,1.455807,0.657248,1.060799,0.425296,-2.173270,-0.015344,-0.457451,-1.493547"
DB12598,"0.226819,-0.447683,-0.604545,-0.295890,-0.494735,0.186920,-0.097434,1.116045,0.003082,-0.242528,0.281729,0.429428,0.280208,-0.567485,1.069453,0.597868,0.648508,0.173007,-0.874265,-0.658427,-0.014532,1.176023,-0.335087,0.382667,0.441930,-1.267889,-0.679730,0.152403,1.528869,0.100650,0.632927,0.282271,-0.108513,0.465036,0.597109,-0.249934,0.035577,0.893985,0.612923,0.502762,0.123957,-0.034246,-0.637758,-0.154770,0.571292,-0.125307,0.537618,-0.345854,-0.136474,-0.107410,-0.340857,-0.317585,0.220433,-1.391779,-0.593450,-1.021469,-0.618861,0.216592,-0.340942,0.234643,0.316776,-0.587530,-0.275881,-0.316599"
DB06654,"2.430256,-0.771684,1.574277,1.109483,1.460554,1.775901,-1.144441,-1.833723,0.922116,-2.390010,-1.563338,-1.055428,1.523385,0.931831,0.496932,-1.450535,-2.138444,-0.688724,-1.042962,2.058968,-0.531665,-0.101333,0.542640,-2.168680,1.403697,0.529481,0.650461,1.006703,-1.207291,-2.523042,-1.763764,-1.625930,2.249324,-0.762518,-1.381884,1.007526,-1.199845,-2.526868,-2.420987,-0.610466,0.464280,0.684449,1.574051,-2.277474,-1.334911,0.164751,-1.522074,2.571661,2.745494,1.129851,-1.139441,1.480072,-0.704633,1.022848,1.652565,1.973548,2.792881,0.171470,1.142588,1.393507,-0.685344,1.376895,1.014145,0.002073"
DB01102,"1.374063,-0.173533,0.245796,1.528073,0.205494,-0.492063,1.028036,-0.277228,1.311057,-0.808730,-1.021413,-0.798696,-0.048667,0.406390,-0.669662,-0.198759,-0.100803,-0.769320,-0.356455,0.391869,-1.058249,-0.863129,-1.626308,-0.525098,-0.791666,-0.645630,0.652389,0.868809,-0.931494,0.009106,-0.362533,0.638936,0.547994,0.332404,-0.171036,0.212951,0.115641,-0.150828,-0.298934,0.033660,0.544561,1.193000,0.260558,-0.426631,-0.184463,0.546817,-0.340291,0.537898,0.606903,1.056426,-0.102353,0.082064,0.012009,1.413107,0.397352,0.611017,0.040311,-0.485378,-0.244325,-0.202085,0.560268,0.203467,0.997430,-0.387914"
DB01359,"0.519375,-2.228335,2.046417,1.209724,2.051423,1.978016,-0.143908,-1.135698,-0.824046,0.839410,-2.542061,-3.256382,1.832621,1.725409,1.123720,-2.076907,-2.271193,-2.261966,-0.414817,1.659966,0.224339,-1.370593,0.121824,-1.811789,-0.454591,2.643653,2.637467,-2.252550,-1.232599,-0.821324,-1.940794,-0.258970,1.234325,1.788441,-2.016758,1.962486,-2.715809,-3.303444,-1.527271,-1.081039,1.626912,-0.045942,1.944674,-1.629278,-2.046044,-1.317480,-2.077143,1.227052,1.606541,0.047442,1.059296,0.218862,-2.985449,2.647316,1.976066,0.207210,1.422581,1.598808,2.039355,0.516895,0.621529,1.992133,0.776074,2.723878"
DB01158,"2.257995,-1.488395,0.653026,0.777614,0.764752,1.036022,-1.529973,0.940706,1.726647,-0.488457,-0.087931,-0.950625,0.700684,0.311473,0.180779,-0.630915,0.519645,-0.086557,-1.111774,-0.952403,-3.561840,-0.095481,-0.815832,-1.275015,-0.873750,-0.412035,-0.007690,0.177219,-0.699693,-1.332050,-0.899253,-1.968177,2.890168,-0.260429,-0.556947,0.205688,1.716649,-1.038648,-2.198235,-0.817990,0.019518,-0.611187,0.706597,-1.897287,-0.644927,-0.446509,-0.855325,1.811699,1.420832,2.436931,1.429264,-1.052736,1.689982,-0.117515,0.915207,2.197831,1.161564,-0.517068,-1.393245,2.140935,1.515965,0.560217,0.986463,1.587225"
DB01297,"0.451372,-2.664970,0.774231,-0.125301,0.991910,0.877002,-0.372629,0.298443,-1.967187,2.328180,-1.298134,-2.831663,-0.572837,0.746970,1.332298,-0.944196,0.030987,-1.010252,-0.017267,-0.767453,-2.344401,-1.899525,-0.468126,-0.524714,-2.864723,2.564120,1.138134,-3.797997,-0.609721,-0.031073,-0.593490,-1.397455,1.844600,0.295289,-0.890434,0.267915,-0.952527,-2.261176,-1.663199,-1.802257,0.981782,-0.745084,0.736829,-1.469305,-1.012675,-2.269526,-0.984962,0.303624,0.560066,1.484923,3.015368,-2.069372,-1.998903,2.988217,0.794007,0.852999,0.031037,1.117235,-1.026835,1.130145,1.676355,0.853626,1.554090,2.557230"
DB04861,"-0.052716,-1.789105,0.824995,0.049896,0.997241,0.542468,0.120387,0.009291,-1.867984,1.818480,-1.084484,-2.762700,-0.585880,0.652005,1.313566,-0.962527,-0.126086,-1.292239,-0.013539,-0.498704,-1.364771,-1.607356,-0.626674,-0.371318,-2.739289,1.827465,1.028842,-3.275572,-0.443103,0.259292,-0.669505,-0.863562,1.355793,0.883984,-0.944881,0.030436,-0.765791,-1.716249,-1.001002,-0.323324,1.129812,-0.765624,0.789982,-0.940361,-1.032017,-1.963047,-0.949445,-0.049934,0.362513,0.457114,2.684528,-1.619509,-1.056552,2.917816,0.812251,0.380767,-0.199830,1.053538,-0.203933,0.724137,1.467266,0.891715,1.381509,2.215355"
DB01274,"1.022383,-0.607645,1.989404,2.076397,1.931011,0.239153,-0.418189,-0.044583,-0.071488,0.183251,-0.221423,-1.647165,2.306043,2.237356,-1.679049,-1.852722,-1.442667,-0.584084,0.324864,-0.154334,-0.466497,0.076602,-0.828180,-1.901172,-0.537596,-0.454338,2.712684,-0.613226,-1.644409,-0.974324,-2.048998,0.331024,1.615191,3.148107,-1.908078,0.951532,0.136545,-0.566880,-0.937422,1.659114,0.259213,-0.058579,1.983026,-1.295658,-1.933158,0.485149,-2.033968,1.543071,0.596775,0.136353,2.040473,-0.659750,1.966126,0.715944,2.140415,1.455985,0.615944,-0.869947,-0.018496,1.406743,1.868958,1.898984,1.297697,3.098467"
DB01407,"1.171205,-0.236040,0.179466,1.413100,0.156163,-0.437183,1.091515,-0.137362,1.279518,-0.820913,-0.979438,-0.818362,-0.072556,0.345255,-0.524887,-0.139816,-0.015662,-0.807106,-0.240392,0.434942,-0.850370,-0.831657,-1.653250,-0.411880,-0.974217,-0.550421,0.583162,0.995616,-0.857054,0.128608,-0.276697,0.754315,0.419203,0.527430,-0.114081,0.119370,0.099260,-0.042050,-0.105104,0.012300,0.672606,1.125254,0.184496,-0.208980,-0.128053,0.427552,-0.265397,0.387350,0.441995,0.942289,-0.151439,-0.029632,-0.141611,1.299370,0.312785,0.290526,-0.147577,-0.334999,-0.053993,-0.362375,0.424105,0.143032,0.760070,-0.366870"
DB01288,"1.013826,-1.021838,0.353468,1.448775,0.434222,0.350535,0.680573,0.016539,2.190124,-0.050077,-1.201457,-1.046316,-0.348939,0.579366,0.106814,-0.390683,0.138363,-1.456319,-0.023034,0.345444,-1.262474,-0.641750,-1.339240,-0.502718,-1.748738,-0.654343,0.506502,0.735336,-0.509336,-0.032006,-0.393663,0.354727,0.596415,0.213136,-0.351270,0.538328,-0.513098,-0.000602,-0.382134,-0.556967,1.759962,0.630829,0.337906,-0.652508,-0.396645,-0.496572,-0.495192,0.365694,0.346145,0.337450,0.247807,-0.739748,-0.546206,2.054191,0.461122,0.247809,-0.076257,0.677129,-0.591830,0.059302,0.734862,0.377102,0.943365,-0.237102"
DB00938,"0.573132,-1.016879,0.845489,1.359588,0.989212,0.924199,-0.715462,0.600285,1.470261,-0.564017,-0.906274,-1.092003,-0.016179,0.964331,0.619585,-0.878999,0.266333,-0.708998,0.277353,-0.304752,-0.991862,0.439605,-0.467541,-0.938838,-1.784100,-1.051385,0.472759,2.132387,-0.637449,-0.451689,-0.911856,-1.318703,1.873676,0.869205,-0.864142,-0.166811,-0.068135,-0.637186,-1.209463,0.212694,1.632577,-0.499354,0.832407,-1.044702,-0.930616,-1.005335,-0.969381,0.813774,0.712844,1.537149,1.079346,-1.773991,1.085524,1.480363,0.941034,0.633883,0.368382,0.605853,-0.766789,1.428482,1.462019,0.862927,1.511328,0.891886"
DB01429,"-0.506917,0.563118,-0.490980,-1.142987,-0.479669,-1.162109,0.294444,0.707186,-1.268446,1.311485,0.683363,-0.498348,-1.194061,-0.593940,-0.774320,0.471846,0.370662,1.022545,-0.168081,-0.785704,-0.114154,-1.043182,-0.248739,0.697328,-1.514100,1.978737,-0.415888,-2.844933,0.204319,0.616229,0.552226,-0.005215,-0.023501,0.168596,0.449029,-1.257152,0.140235,-0.828355,0.434194,0.337833,-0.973091,-0.346392,-0.501400,0.716796,0.421761,-0.588667,0.494251,-0.699634,-0.843881,-0.323540,0.911000,-0.773667,0.626089,0.472690,-0.471668,0.763593,-0.903348,-0.503882,-0.278838,-0.265437,-0.076364,-0.510265,-0.201085,1.059285"
DB01074,"-0.384779,-1.952562,0.486842,-0.173684,0.735325,0.577963,-1.088991,0.833388,-1.404167,1.424077,-0.080584,-1.671888,-0.649257,0.967381,0.785210,-0.589514,0.127315,0.134636,0.744972,-1.218349,-0.842811,-0.016005,-0.251011,-0.402594,-3.089848,1.822004,0.290136,-1.674371,-0.414426,-0.080388,-0.374006,-1.102186,1.286283,1.432569,-0.598908,-0.868320,-0.321728,-1.170448,-0.748272,-0.245593,0.678451,-1.477315,0.452843,-0.607660,-0.704216,-2.215012,-0.646068,0.046393,-0.292401,1.596319,1.815903,-2.754909,-0.193008,1.258245,0.522280,0.636072,-0.566216,0.835027,-1.515215,0.801826,0.966088,0.525074,0.562966,2.364113"
DB00583,"0.775568,0.445169,0.130232,1.118112,0.001776,-0.914591,1.497706,0.323482,-0.758905,-1.249907,-1.110772,-0.452095,0.966768,0.392260,-0.874465,-0.071449,-0.376696,-0.064834,-1.029969,0.561472,0.458037,-1.112259,-1.240861,-0.321059,0.809517,0.187090,0.983104,1.066304,-1.563931,0.761262,-0.215475,1.500994,-0.222092,0.597270,-0.043079,0.490028,0.153827,-0.608770,0.506210,-0.163850,-0.676585,1.774719,0.145399,0.451604,-0.039904,1.693148,-0.150928,0.123400,0.294107,1.265215,-1.278685,1.164607,-0.422425,-0.258992,0.222373,-0.651990,-0.076584,-1.854103,0.818420,-0.948149,0.610639,0.082121,0.151840,0.132739"
DB01113,"1.538390,-1.157742,-0.093026,-0.229845,0.032400,0.648397,-1.894538,1.245362,1.324715,-0.846585,0.919034,0.014934,0.362046,-0.166198,0.268064,0.162559,1.095884,1.505573,-1.275448,-1.903841,-2.856550,0.998787,-0.691111,-0.616381,-0.382968,-0.146105,-0.655640,-1.014826,0.300851,-1.448500,-0.137515,-2.132344,2.449217,-0.418498,0.197244,-0.925674,1.780676,-0.432714,-1.784453,0.025866,-0.974005,-1.072846,-0.040587,-1.346952,0.099998,-0.660327,-0.052912,1.334717,0.611095,1.809890,0.643538,-1.271392,2.485984,-1.309035,0.150246,1.949901,0.532783,-0.776613,-1.544529,1.898543,0.892290,-0.224946,-0.123763,1.415147"
DB00159,"2.210945,-0.523571,1.287728,2.636901,1.202989,0.460187,1.890351,0.116200,3.162747,-0.913582,-2.052835,-1.996045,1.613816,1.632089,-1.644409,-1.250879,-0.681100,-1.976669,-0.054339,1.917125,-0.124045,-1.815401,-2.824996,-1.618927,0.299411,-0.999951,2.256483,2.531028,-2.143722,0.277504,-1.390948,1.290772,0.905958,2.193974,-1.180155,2.297140,0.248743,-0.244890,-0.299077,-3.373635,1.416077,3.154669,1.326796,-0.387429,-1.214607,2.220673,-1.403240,1.071042,1.469033,1.726707,-0.865067,0.380825,-1.980857,0.704091,1.456374,0.178376,0.405571,-1.241495,-0.149104,0.124515,1.785522,1.277412,2.134578,0.336812"
DB01283,"1.647397,-0.313956,1.695606,2.582885,1.530250,0.102103,1.359082,-0.579923,1.701330,0.082867,-1.149938,-1.378068,2.377575,2.044180,-2.588725,-1.601538,-1.235673,-1.535938,0.903599,1.422366,-0.141181,-1.081327,-1.950957,-1.686784,1.239217,-1.777701,3.036218,1.082684,-1.546339,-0.281686,-1.721198,1.502832,0.687274,2.645839,-1.597213,2.684785,0.253447,0.340368,-0.549424,-1.793742,0.545360,2.481963,1.738140,-0.654384,-1.591759,2.437575,-1.750216,1.175841,1.219796,0.061844,0.398458,0.687013,-0.662163,0.535289,1.814480,0.691057,0.559452,-1.116572,-0.115638,0.743695,2.064137,1.699929,2.372586,1.082589"
DB04552,"1.585474,-0.381994,1.068443,2.204596,0.995427,0.366649,1.967910,0.413664,2.011823,-0.925729,-1.979899,-1.837743,1.599522,1.265889,-1.354912,-1.051905,-0.733684,-1.942271,-0.319027,1.766178,-0.040418,-1.756690,-2.519531,-1.247212,0.500103,-0.911331,2.102453,2.213100,-1.986044,0.448831,-1.132851,1.348785,0.562425,2.229085,-0.982580,2.042457,0.116326,-0.198698,-0.096826,-3.268157,0.971551,2.714291,1.088521,-0.145122,-1.005920,2.086905,-1.150074,0.748914,1.167012,1.628978,-0.655932,0.542362,-2.005832,0.421578,1.175339,-0.483208,0.383199,-1.133340,0.315488,0.008827,1.483173,1.067954,1.675617,0.344434"
DB01600,"1.957657,-0.542084,1.311300,2.582967,1.231446,0.513143,1.868456,0.156158,2.942040,-0.697012,-2.191394,-1.951417,1.658134,1.671379,-1.532610,-1.292358,-0.874777,-2.051618,-0.074673,1.905530,-0.035073,-1.734463,-2.589270,-1.553425,0.436957,-0.957483,2.432434,2.381468,-2.031269,0.312754,-1.386137,1.300609,0.757883,2.216425,-1.222421,2.406390,-0.073368,-0.304916,-0.298552,-3.333505,1.355438,2.962785,1.346764,-0.353571,-1.257346,2.166314,-1.422594,0.957593,1.411356,1.535920,-0.769943,0.479865,-2.117488,0.724809,1.449576,-0.052923,0.455875,-1.105904,-0.100766,0.156686,1.774057,1.321306,2.126918,0.416992"
DB00812,"1.334967,0.012973,1.735958,2.292306,1.539197,-0.078386,1.389324,-0.493505,0.849006,0.124985,-0.929521,-1.325794,2.614723,2.029083,-2.597983,-1.637045,-1.624084,-1.522677,0.753197,1.564538,-0.012206,-1.240004,-1.781996,-1.583491,1.701302,-1.862665,3.121215,0.755148,-1.953307,-0.102933,-1.721900,1.855665,0.352429,2.419183,-1.651540,2.708868,0.349059,0.532785,-0.193620,-1.516932,0.135341,2.439834,1.791456,-0.438959,-1.621338,2.604086,-1.727547,0.980819,0.830572,-0.218861,0.349864,1.126783,-0.414073,-0.033104,1.810337,0.048566,0.710548,-1.472489,0.126479,0.435472,1.914412,1.737233,2.038565,1.198756"
DB00439,"-1.814812,0.906583,-0.116967,-0.826096,-0.064855,-0.265876,-0.498710,0.437372,-1.072721,1.765270,0.363842,1.324105,-1.889579,-0.482984,-0.435695,-0.047040,0.576701,0.027630,2.451388,-0.121823,0.960103,0.133057,1.397653,0.953692,-0.489530,-0.581872,-0.727076,1.006149,-0.154047,0.847177,0.379642,-0.778462,-0.561427,-1.107895,-0.104839,-0.429765,-0.441750,0.779722,0.369300,-0.484735,0.914257,-0.843620,-0.092055,0.825096,-0.066878,-0.522448,0.185625,-1.289194,-0.887530,-0.588960,1.418297,-0.861680,-0.227124,0.959053,-0.311539,-0.622529,-0.597409,0.589575,-0.426670,0.261440,0.167876,0.091556,0.987001,-0.309671"
DB00821,"1.643156,-0.636337,1.154951,2.265012,1.114066,0.661877,1.910565,0.433695,2.846849,-0.731458,-1.961264,-1.848113,1.694963,1.437417,-1.273632,-1.153725,-0.517113,-2.071982,0.008021,1.783701,0.005327,-1.682553,-2.592458,-1.341090,0.426313,-1.154832,2.154604,2.483889,-1.602436,0.366594,-1.204500,1.228460,0.726906,2.411049,-1.083089,2.359128,0.127992,-0.014709,-0.219438,-3.807540,1.244644,2.836555,1.173735,-0.207208,-1.124982,2.030217,-1.255055,0.808149,1.263827,1.348749,-0.683496,0.203253,-2.070926,0.359147,1.261038,-0.338403,0.325749,-0.843084,0.030403,0.347856,1.744719,1.179078,1.958324,0.286947"
DB00353,"1.984780,0.738482,0.382388,1.072727,0.200048,-0.952903,0.891653,-0.251821,0.088227,-0.975120,-0.134244,-0.794188,0.195407,0.155954,-1.313999,-0.264541,-0.438810,-0.234317,-0.584873,0.628467,-2.152797,-1.475030,-1.333918,-0.645744,0.219253,-1.020665,0.300826,0.189799,-1.824065,-0.112468,-0.577536,0.980169,0.850962,-0.617896,-0.245440,0.289601,1.799281,-0.642821,-0.424551,1.158316,-0.612653,1.068489,0.475997,-0.234045,-0.219530,1.343592,-0.394154,0.617971,0.711800,0.819787,-0.177486,1.571964,1.571295,0.297128,0.604196,0.799936,0.446364,-1.707175,0.400854,-0.359203,0.858542,0.256128,0.670937,-0.016723"
DB01618,"0.442908,0.466054,0.207224,-0.454491,0.062197,0.271226,-0.418695,-2.326614,0.394274,-1.406376,0.085982,0.294287,0.444102,-0.181466,0.014226,-0.095989,-1.178294,0.559875,-0.541919,1.193963,0.974719,0.252802,1.323807,-0.525323,1.305458,1.612926,-0.255579,-0.370946,0.363448,-1.522031,-0.298232,-0.784047,-0.260624,-0.982118,-0.086280,0.267597,-1.310855,-1.082475,-0.983818,-0.650667,-0.717352,0.092750,0.165689,-0.378919,-0.017484,0.251719,-0.041517,0.987637,1.119436,-0.414541,-1.303712,1.074294,-0.943998,0.179827,0.125653,1.480711,1.506341,0.623621,0.984702,0.375949,-2.190828,0.065349,-0.413124,-1.455522"
DB04842,"1.209912,-2.690477,1.437663,0.360561,1.574748,2.299517,-2.475398,-1.593073,0.074976,-0.493108,-0.507225,-1.624914,0.983735,1.480618,1.819867,-1.410935,-1.113746,-0.571280,0.063244,0.629469,-0.096930,1.198139,1.140775,-1.832776,-1.192679,1.546271,0.472789,-0.364452,-0.479782,-2.507944,-1.482222,-2.144263,1.742382,0.860151,-1.388210,0.598032,-1.369920,-1.378817,-2.616643,-1.641898,1.200672,-1.602514,1.367334,-2.072025,-1.435522,-2.012615,-1.455388,2.035449,2.095012,0.479300,0.723953,-1.478394,-1.323659,1.365173,1.416548,1.788142,1.798159,2.341726,-0.746145,2.120684,-0.712966,1.320760,0.518076,1.032370"
DB00553,"0.573765,0.656810,0.279807,1.203726,0.107919,-0.862209,1.437538,-0.259777,-0.343242,-0.777437,-0.684094,-0.222700,0.793383,0.555742,-1.495786,-0.210330,-0.434464,0.106760,-0.254663,0.424069,0.152496,-0.772094,-0.972036,-0.369124,1.046820,-0.243699,1.076561,0.735612,-1.504625,0.539569,-0.356842,1.465568,-0.355600,0.542407,-0.196137,0.663721,0.280706,-0.209009,0.455536,-0.143912,-0.518633,1.400696,0.302569,0.512608,-0.169860,1.711683,-0.290158,0.126580,0.110151,0.978390,-0.723909,1.185963,0.017633,-0.146307,0.380174,-0.299335,-0.129569,-1.733414,0.789467,-0.940291,0.514857,0.238018,-0.006682,0.155226"
DB00827,"0.216080,-1.158991,0.234990,0.403437,0.443426,1.485899,-1.906768,0.919765,1.116712,-0.416485,0.442553,0.397162,0.260230,0.920884,0.457938,-0.217763,0.835020,0.946285,0.253627,-1.665619,-0.101716,2.901460,-0.191359,-0.609915,-0.760051,-1.842507,-0.627027,1.145012,0.799284,-1.203734,-0.348000,-1.821807,1.799325,1.059023,-0.240796,-1.030003,0.311905,1.275275,-0.829818,-0.152143,0.477014,-1.754467,0.229313,-1.136791,-0.303255,-1.151250,-0.357439,1.047941,0.355579,0.995120,1.221965,-2.409978,2.771125,-1.322550,0.376012,0.848843,0.021006,0.475719,-1.952288,2.106574,0.666335,0.214631,-0.168257,1.244451"
DB00467,"0.133624,-1.243110,0.264144,0.375743,0.480223,1.519504,-1.982836,0.873138,0.972840,-0.295485,0.452663,0.441138,0.185520,1.004391,0.515142,-0.251763,0.865165,0.981871,0.431761,-1.723851,-0.041003,2.984461,-0.020342,-0.630804,-0.816022,-1.863358,-0.657355,1.255615,0.825635,-1.232199,-0.379136,-1.880218,1.788116,1.091318,-0.275785,-1.049173,0.281386,1.387109,-0.840734,-0.045518,0.494067,-1.870147,0.263086,-1.173956,-0.341791,-1.222262,-0.396095,1.076429,0.329391,0.973303,1.237604,-2.510155,2.855087,-1.242185,0.405456,0.851669,0.017120,0.593022,-2.130407,2.094116,0.684954,0.254405,-0.120756,1.252548"
DB00487,"0.103001,-1.278054,0.279107,0.345389,0.501572,1.566713,-2.021635,0.893080,1.039353,-0.277672,0.474989,0.470005,0.216980,1.010664,0.579416,-0.269710,0.912334,0.959940,0.427167,-1.725725,0.020155,3.033105,0.027134,-0.635800,-0.807305,-1.906740,-0.705936,1.281208,0.849010,-1.232697,-0.394080,-1.905884,1.816064,1.106908,-0.294093,-1.034398,0.285706,1.421383,-0.843486,-0.011671,0.559423,-1.897697,0.277640,-1.192725,-0.363625,-1.249850,-0.412279,1.081438,0.325992,0.821638,1.222548,-2.556372,2.904854,-1.261791,0.418280,0.828562,0.019465,0.647984,-2.189764,2.154578,0.756781,0.274341,-0.101169,1.303447"
DB01051,"-0.729176,0.784290,-1.222513,-0.934485,-1.228001,-1.098954,0.455966,0.692370,-0.664359,-0.292482,0.574895,0.858908,-0.789956,-1.282195,0.162002,1.219763,0.891112,0.859480,-0.500431,-0.725075,0.114125,-0.093586,-0.202802,1.227288,0.170803,0.533149,-0.965123,-0.468588,0.708812,0.839356,1.231634,0.409752,-1.013175,-0.608567,1.209772,-1.005873,0.502836,0.514011,0.898740,0.557372,-1.128997,0.116306,-1.234914,1.004468,1.226932,0.265050,1.255118,-0.909206,-0.763876,0.193200,-0.487676,0.148405,-0.114481,-0.812113,-1.260202,-0.582218,-0.839933,-0.517313,0.503697,-0.909084,-0.687903,-1.218124,-1.106047,-0.909558"
DB00530,"-1.383710,0.401122,0.511162,-0.805140,0.648245,0.789396,-1.588000,1.118068,0.377775,1.823540,1.119023,0.611694,-1.198107,0.272087,-0.666496,-0.621232,0.552617,0.470148,2.308586,-0.599440,0.642233,0.610197,1.128016,0.033289,-1.577908,-0.610385,-0.931096,0.070436,-0.331577,-0.184255,-0.396934,-2.009896,1.118964,-0.594264,-0.696610,-0.882511,0.347861,0.543885,-0.179265,-0.021772,1.160189,-1.468729,0.577148,-0.080729,-0.703707,-1.355315,-0.474539,-0.111357,-0.873940,-0.354336,2.257431,-1.957934,1.876503,0.175021,0.464944,0.640171,-0.178757,0.426142,-1.750443,1.286876,0.751663,0.642872,1.146345,1.379314"
DB06735,"-0.519828,0.928561,-0.590689,-1.215057,-0.613420,-1.332230,0.425556,0.526959,-1.113929,1.118332,0.862734,-0.357206,-1.053143,-0.868694,-0.761116,0.600299,0.414268,1.112727,-0.378764,-0.763478,0.029267,-0.988818,-0.318233,0.786208,-1.204161,1.866784,-0.528200,-3.104079,0.441570,0.645303,0.620183,0.135777,-0.113370,0.266994,0.572745,-1.307987,0.369352,-0.693669,0.602799,0.822970,-1.184449,-0.279337,-0.602841,0.873973,0.555485,-0.398559,0.622979,-0.717565,-0.842123,-0.688197,0.795172,-0.494365,0.956945,0.113765,-0.568140,0.849593,-0.915825,-0.625136,0.061995,-0.296407,-0.184168,-0.634146,-0.451995,0.944334"
DB01357,"-1.359698,-0.158550,-0.187696,-0.836355,-0.125321,-0.096002,-0.814528,0.168962,-1.226222,0.971722,0.865459,1.687106,-0.485852,-0.232216,0.169762,0.105468,0.573658,0.434907,1.855799,-0.338274,1.082257,1.091197,1.156229,0.586750,0.775197,-1.152073,-0.840843,0.519130,0.394922,0.181200,0.362172,-0.668900,-0.356316,-0.487068,0.051622,-0.237729,-0.062718,1.530492,0.333939,0.915447,0.414756,-0.346487,-0.153549,-0.056328,0.074679,-0.167091,0.203055,-0.428070,-0.588093,-0.272010,0.496952,-0.565745,-0.464009,-0.427627,-0.313623,-0.460894,-0.395955,0.420042,-1.748127,0.390176,0.271937,-0.018924,0.783210,-0.391352"
DB00890,"-0.567180,1.057945,-1.332806,-0.908824,-1.367456,-1.254270,0.779395,0.433089,0.046568,-0.137538,0.692978,0.731253,-0.820292,-1.281917,-0.165893,1.352781,0.953946,1.009350,-0.637390,-0.764168,-0.157681,-0.301304,-0.435567,1.238391,0.013795,0.499210,-0.785406,-0.590374,0.919664,0.973345,1.297582,0.763572,-1.135701,-0.396565,1.357373,-1.030152,0.821163,0.418030,1.103967,0.472334,-1.264242,0.215854,-1.337373,1.271401,1.360695,0.303363,1.347449,-1.022191,-0.957540,-0.215274,-0.729774,0.364497,0.289809,-0.908707,-1.320125,-0.435657,-1.071552,-0.603467,0.624435,-1.197637,-0.670583,-1.357603,-1.322678,-0.861255"
DB08827,"-0.693501,1.048693,-0.457376,-1.413545,-0.540840,-0.466716,-0.036963,0.633797,0.766278,1.615972,2.089070,1.529979,-0.539952,-0.730204,-1.701906,0.477115,0.350819,0.862113,0.902491,0.024860,-0.370773,-0.258395,0.467058,0.754901,1.174276,-1.009243,-0.688425,-1.306467,-0.646465,0.395273,0.572339,0.389891,-1.085234,-1.759526,0.412003,-0.031344,1.006390,1.578646,1.101827,0.681927,-0.223025,0.455644,-0.350925,0.677200,0.451545,0.593079,0.574563,-0.789236,-1.442147,-1.536711,0.122075,0.686209,0.261004,-1.699369,-0.503490,-0.616181,-0.554021,-1.078511,-1.053133,-0.720411,0.234377,-0.389713,-0.312676,-0.364938"
DB08882,"-1.949673,-0.814325,0.682187,-0.414132,0.910867,1.279569,-0.795122,0.153357,-1.517131,2.188093,0.095022,-0.582878,-1.082326,1.037566,2.155037,-0.871304,0.071724,-1.537421,2.212230,-0.279675,1.022292,0.488315,0.672775,0.175395,-1.802043,-1.475364,0.237666,0.024812,0.169426,0.862212,-0.376348,-0.641863,0.046472,-0.244512,-0.944289,-0.117534,-0.050982,0.761874,0.618898,1.682826,2.495640,-1.607411,0.735552,-0.157005,-0.991535,-2.291791,-0.665634,-1.303222,-1.096953,-1.848072,1.375034,-0.883147,-0.031391,0.948291,0.488779,-2.295166,-0.666001,1.706339,-1.309107,-0.355366,1.090956,0.902162,1.237099,0.711207"
DB00313,"-0.231889,-0.134761,1.197198,-0.424621,1.153623,1.196024,-2.128496,-1.712102,0.397252,-0.108803,1.558315,0.885049,1.268771,1.074703,-0.774110,-1.113991,-0.871220,0.240558,1.482847,0.452004,1.019966,1.676297,2.176627,-1.023825,1.452400,-0.504084,-0.124003,0.189403,-0.431908,-2.116108,-1.194888,-1.854163,0.739484,0.257049,-1.198358,0.797677,0.389033,1.553378,-1.381819,-0.832205,-0.449862,-1.022154,1.205283,-1.188438,-1.113957,0.286204,-0.999058,1.688902,0.725422,-0.591712,1.560212,-0.780949,0.613631,-1.277991,1.098471,1.837583,1.724522,0.677111,-1.542099,2.531367,-0.670332,1.159672,0.308807,-0.119066"
DB04575,"-0.649046,0.840102,-1.267614,-0.921978,-1.280845,-1.122513,0.681466,0.637948,-0.179153,-0.250847,0.606943,0.745038,-0.682874,-1.258989,0.133483,1.273791,0.888639,0.881787,-0.602298,-0.690850,-0.014058,-0.135376,-0.317492,1.213296,0.055055,0.452900,-0.851134,-0.372582,0.950085,0.937605,1.259877,0.681309,-1.049878,-0.284021,1.275000,-0.975694,0.705260,0.440567,1.052905,0.571995,-1.107074,0.168528,-1.279826,1.140236,1.278698,0.255596,1.283966,-1.000162,-0.907189,-0.062510,-0.723327,0.301385,0.076645,-1.008013,-1.278100,-0.586232,-1.020274,-0.495633,0.529227,-1.011826,-0.594397,-1.275259,-1.183231,-0.857485"
DB01406,"-2.146110,1.438805,-0.266357,-0.740784,-0.166109,-0.354422,0.076668,0.388402,-1.683398,1.244803,0.011460,-0.025608,-1.478310,-0.477004,1.852317,0.078521,0.324136,-1.205048,1.532127,-0.195717,1.218193,-0.335969,0.774571,1.167179,-1.375471,-0.452442,-0.364320,1.379133,0.703506,1.885921,0.479983,0.405675,-1.069794,0.162664,0.034261,-0.474919,1.133261,0.511151,1.356788,1.208627,0.799949,-1.446472,-0.250246,1.828542,0.050875,-0.938785,0.355745,-2.216288,-1.349611,-1.734097,0.946497,0.032909,-0.001854,0.380824,-0.489127,-2.375148,-1.046797,1.225174,1.083113,-1.106147,0.021395,-0.096873,0.365420,-0.266183"
DB00977,"-2.055840,0.200154,-0.031728,-0.703031,0.063057,0.354331,-0.936572,-0.151610,-0.950483,1.344898,0.559888,2.039847,-1.387456,-0.104175,0.162249,-0.141719,0.743887,0.246264,3.230116,-0.192207,1.528834,1.273165,1.736040,0.730083,0.497299,-1.743866,-1.185169,2.029141,0.142138,0.410540,0.275923,-1.390756,-0.267470,-1.022541,-0.199448,-0.288983,-0.355481,1.799719,0.217497,-0.442024,1.381374,-0.669253,0.010677,0.252586,-0.153866,-0.551651,0.046861,-0.752902,-0.669305,0.159412,1.145055,-1.164454,-0.647710,0.425366,-0.217097,-0.574352,-0.489732,1.059251,-1.702009,0.549930,0.383764,0.231585,1.404181,-0.666443"
DB04573,"-0.647666,0.854579,-1.273754,-0.917063,-1.287127,-1.127950,0.692639,0.620477,-0.138648,-0.252170,0.609025,0.729056,-0.690070,-1.257955,0.124498,1.279603,0.901140,0.881521,-0.601849,-0.690680,-0.024319,-0.159152,-0.343157,1.217564,0.032999,0.468595,-0.837023,-0.353753,0.945937,0.941674,1.265264,0.687597,-1.049821,-0.277029,1.281003,-0.981230,0.703100,0.432402,1.049092,0.527766,-1.112493,0.178421,-1.286279,1.153815,1.285165,0.256015,1.290295,-1.004382,-0.910795,-0.051330,-0.717646,0.298691,0.078928,-0.980265,-1.282885,-0.582710,-1.023258,-0.499196,0.543808,-1.014500,-0.609704,-1.282294,-1.199443,-0.862616"
DB00655,"-0.577270,1.079081,-1.337069,-0.912328,-1.373321,-1.259600,0.780687,0.421875,-0.041979,-0.147880,0.691777,0.729194,-0.829773,-1.269785,-0.149355,1.357367,0.959186,1.023023,-0.643812,-0.779896,-0.149407,-0.296029,-0.433567,1.246330,0.035303,0.519750,-0.808126,-0.571151,0.922536,0.978387,1.302138,0.744124,-1.137407,-0.402986,1.362301,-1.039424,0.826533,0.423022,1.101430,0.488799,-1.282935,0.210165,-1.342400,1.261054,1.367269,0.305644,1.353161,-1.023941,-0.954886,-0.173154,-0.691516,0.363238,0.295829,-0.897799,-1.325714,-0.430761,-1.068921,-0.607736,0.637646,-1.190105,-0.659297,-1.364687,-1.318076,-0.873815"
DB00282,"0.086762,0.481447,-0.022717,0.820580,-0.099066,-0.590665,1.375311,0.230986,-0.089106,-0.771767,-1.009036,-0.309061,0.729036,0.266433,-0.707543,0.032367,-0.355227,-0.265773,-0.678409,0.479362,0.602734,-0.818742,-1.111181,-0.002404,0.721500,0.110818,1.071345,0.591318,-0.608873,0.826127,0.007775,1.376244,-0.550874,1.013898,0.052633,0.483791,-0.190058,-0.129843,0.620083,-0.904664,-0.546657,1.391683,-0.026401,0.606081,0.059277,1.397649,0.013964,-0.241330,-0.029047,0.506789,-1.126049,0.837346,-0.673486,-0.231175,-0.009084,-0.879244,-0.235128,-1.155469,0.887183,-0.848550,0.316555,-0.013441,-0.071658,0.028033"
DB00635,"0.559854,-1.539249,0.828655,1.728877,0.944276,0.916697,0.730201,0.469955,-0.366613,-0.572385,-1.505771,-1.034138,1.243349,1.573008,1.162574,-0.873629,-0.344366,-1.376779,-0.893855,0.227393,0.504030,0.764605,-1.023805,-0.908438,0.128965,-1.754288,1.212832,2.031935,-0.138743,0.178641,-0.775043,1.107290,0.278186,1.835522,-0.861896,0.938701,-1.344661,0.249192,0.220607,0.422799,1.494832,0.370762,0.779881,-0.844024,-0.913495,0.035546,-0.960421,0.185237,0.364263,0.077592,-0.834000,-0.333759,-0.283800,0.734599,0.850015,-1.609242,-0.029039,0.223085,-0.441400,0.212803,1.378037,0.894005,0.679706,0.618411"
DB00764,"-0.342826,-1.213637,0.020276,0.171036,0.216596,0.894254,-0.104329,0.603673,-0.251455,0.022190,-0.066194,0.007251,-0.381153,0.376744,1.763167,-0.112502,0.841131,-0.710115,-0.164917,-0.506961,0.047015,1.390736,-0.167100,0.132592,-0.635439,-1.777085,-0.481722,1.745982,0.759945,0.343082,0.120404,-0.087188,0.073784,0.401179,-0.135840,-0.227721,-0.465852,1.076125,0.374678,0.769932,1.738178,-0.668739,-0.030033,-0.496125,-0.179292,-1.089643,-0.100686,-0.628073,-0.467669,-0.510563,-0.137487,-1.313627,0.302485,0.534493,-0.034411,-1.549575,-0.466203,1.178058,-1.249056,0.478010,1.098943,0.132506,0.385980,-0.266703"
DB00443,"-1.437777,-1.208772,0.098606,0.044714,0.336804,1.082627,-0.266999,0.605607,-1.161001,0.330954,-0.625997,0.429502,-0.760420,0.346996,2.739628,-0.285198,0.786690,-1.152410,0.840643,-0.445724,0.805662,1.349680,0.490981,0.454138,-0.861016,-1.659456,-0.335436,2.320228,0.846884,0.705008,0.148859,-0.597503,-0.086897,0.238114,-0.320822,-0.238951,-1.102329,1.155309,0.276329,0.553718,2.025817,-0.974400,0.040813,-0.294731,-0.356256,-1.396719,-0.154809,-1.039053,-0.561271,-0.659053,0.312855,-1.471342,-0.321617,1.422780,-0.078631,-2.018995,-0.451353,1.783727,-1.208430,0.682304,1.078104,0.317547,0.871777,-0.563443"
DB00180,"0.032979,-1.439257,-0.065024,0.080467,0.121574,0.800612,-0.095683,1.023237,-0.225081,-0.053428,0.425720,-0.016105,0.230958,0.403031,1.697945,0.031489,0.648278,-0.441579,-0.938683,-0.618647,-0.205102,1.498679,-0.264298,-0.023852,-0.112823,-1.837644,-0.554563,1.198343,0.903841,0.087779,0.142039,0.290327,-0.021989,0.558304,0.004747,-0.176289,-0.462696,1.118521,0.585344,1.808246,1.204868,-0.548971,-0.104392,-0.736369,-0.042554,-0.844097,-0.023115,-0.297514,-0.472251,-0.261264,-0.442324,-1.006965,0.359812,-0.310952,-0.067436,-1.380630,-0.504912,0.755036,-1.426552,0.379927,0.952706,-0.005089,-0.175213,-0.089330"
DB00324,"0.258144,-1.370067,-0.307790,0.511325,-0.103397,0.644099,0.144264,0.896811,0.063978,-0.374222,-0.321942,0.035898,-0.144726,0.347155,1.606082,0.251461,0.794524,-0.332139,-1.252909,-0.882291,-0.393857,1.426042,-0.594440,0.052291,-0.788752,-1.741145,-0.542644,1.674629,1.244456,0.045819,0.339140,0.304663,0.106222,0.253966,0.259181,-0.349115,-0.934815,0.782752,0.357629,0.537823,1.059819,-0.619959,-0.368711,-0.538947,0.199404,-1.092858,0.163921,-0.258434,-0.252396,0.042758,-0.561051,-1.201869,0.641359,0.258815,-0.272639,-1.024812,-0.502010,0.832742,-1.157943,0.344021,0.372224,-0.264190,-0.234205,-0.442139"
DB05676,"-0.633621,0.298724,1.102295,0.926910,1.031691,0.082650,0.462810,-0.095434,-1.896243,1.006262,-0.461573,-0.138344,0.666357,1.214770,-0.785677,-1.149046,-0.987566,-0.771198,1.066376,0.469033,0.845144,-0.013496,0.507146,-0.466078,0.976640,-1.273968,1.264815,1.065176,-1.485918,0.517935,-0.946942,0.800911,-0.261696,1.018024,-1.196012,1.018552,-0.635958,0.346892,0.354103,0.408111,0.728292,0.000516,1.106291,0.154839,-1.158886,0.654412,-1.075666,-0.302474,-0.157519,-0.312878,1.113657,0.180508,-0.102014,0.731501,1.035143,-1.070497,0.011129,-0.193120,0.208613,0.024428,1.362718,1.210934,1.065473,1.037054"
DB00264,"0.805247,-2.205446,1.455742,1.209261,1.542274,0.708437,0.680897,-0.134673,-1.678289,1.240976,-1.970993,-3.365640,0.750343,1.404129,0.866629,-1.554109,-0.792767,-1.795279,-0.391493,0.218882,-1.488076,-2.078166,-1.123223,-1.159647,-1.733170,1.597615,2.277869,-2.114572,-1.499519,0.156230,-1.353337,-0.078818,1.536391,1.604462,-1.503618,1.268204,-0.973481,-2.213890,-1.258708,-1.138328,1.110208,0.117547,1.419523,-1.263006,-1.592312,-0.925401,-1.621943,0.612961,1.016847,1.341995,2.212709,-0.877177,-1.600519,2.934782,1.505937,0.231586,0.403702,0.392685,0.220184,0.663159,2.000850,1.495972,1.631790,2.629426"
DB00335,"0.433551,-2.418996,0.696694,-0.182888,0.904443,0.668320,-0.222529,0.286046,-1.855323,2.100008,-1.196613,-2.828559,-0.558175,0.621703,1.289030,-0.861690,0.091007,-1.041490,-0.234616,-0.657693,-2.126955,-1.913277,-0.614088,-0.424029,-2.779618,2.450186,1.087244,-3.805823,-0.522572,0.109443,-0.523959,-1.188542,1.699108,0.530973,-0.811242,0.175097,-0.702083,-2.070818,-1.420394,-1.513594,0.813662,-0.649399,0.657399,-1.265959,-0.922591,-2.083193,-0.883387,0.213190,0.546893,1.119849,2.807857,-1.902655,-1.829808,2.804539,0.707886,0.701026,-0.060628,0.961040,-0.934142,1.024402,1.542982,0.768329,1.410014,2.465072"
DB00612,"0.910096,-1.929811,1.140314,1.462818,1.239014,1.217446,0.534808,0.919330,0.498668,0.936676,-2.350826,-1.559319,0.559670,1.081596,0.126124,-1.309263,-0.656288,-2.270949,-0.079350,1.054693,-1.179283,-1.476863,-0.860804,-0.900910,-0.386583,-0.397297,1.729285,0.488121,-1.703842,0.160222,-0.988963,-0.039909,0.895697,0.046966,-1.237653,2.027280,-1.310482,-0.851293,-0.872583,-2.916214,2.142218,0.952220,1.145673,-1.282340,-1.287182,-0.049779,-1.304747,0.490864,0.998970,1.516432,1.122022,-0.284714,-2.978473,2.349493,1.119308,-0.967923,0.640824,0.145206,-0.467370,0.512168,1.587978,1.300227,2.061003,0.985874"
DB01193,"0.938907,-2.531234,0.822014,0.224857,1.009401,0.795160,-0.213410,0.135254,-1.011107,1.586495,-1.136667,-2.757677,-0.330957,0.613298,1.150781,-0.960058,0.073764,-1.203057,-0.352295,-0.503358,-2.789195,-1.973812,-0.890168,-0.713623,-2.392385,1.947877,0.952907,-3.118133,-0.834073,-0.243334,-0.728730,-1.235281,1.996971,0.153862,-0.898391,0.455220,-0.352282,-2.144978,-1.801271,-1.331126,0.853949,-0.431321,0.809288,-1.617913,-1.005648,-1.849025,-1.029450,0.604807,0.748699,1.610638,2.540861,-1.612938,-1.566891,2.811994,0.895527,1.174234,0.333570,0.813514,-0.932466,1.108278,1.640112,0.867440,1.573890,2.190180"
DB01580,"1.270582,-2.540892,1.608859,0.308607,1.681172,2.386639,-1.317483,-1.376913,-0.173034,0.929676,-1.711569,-2.680185,0.773691,1.020087,1.381057,-1.636014,-1.634860,-1.510909,-0.291950,1.077589,-1.321252,-1.218177,0.529631,-1.676879,-1.036015,3.056212,1.522059,-2.778232,-0.533984,-1.853891,-1.540975,-1.970346,2.062400,-0.234170,-1.568538,1.282776,-2.347821,-3.189682,-2.575954,-2.055943,1.238323,-0.481036,1.528007,-2.399019,-1.604611,-2.093486,-1.646347,1.735578,1.898573,0.509246,1.527326,-0.526503,-2.616139,2.927245,1.585517,1.758450,1.922962,2.059256,0.790347,1.492553,0.062524,1.519761,0.910910,1.876743"
DB00808,"0.953631,-2.218406,1.571424,2.062767,1.718121,1.952850,-0.589910,0.578213,1.510581,0.184505,-1.542089,-1.834587,1.777017,1.859230,0.927554,-1.621285,-0.587993,-1.818558,-0.375820,-0.040194,-1.389361,0.190101,-0.858823,-1.680155,-0.859599,-0.879064,1.699048,1.066457,-0.771080,-0.625380,-1.626304,-0.484862,1.845399,1.704618,-1.575512,1.574037,-0.398145,-0.926260,-1.304818,-0.858067,1.905494,-0.277184,1.552090,-1.623448,-1.671236,-0.744435,-1.762488,1.156638,0.989888,0.970987,0.979795,-1.001524,0.356947,0.863534,1.666972,0.045321,0.867449,0.571035,-0.130166,1.409550,2.173801,1.591098,1.102210,2.229949"
DB00280,"-0.756685,-2.875259,1.585360,2.051975,1.875789,2.601907,-0.774420,-0.217213,0.645181,0.552167,-1.776850,-1.440998,0.793661,2.665937,1.974205,-1.725025,-0.341177,-1.617434,1.741781,-0.538300,0.562023,1.952120,-0.196402,-1.388381,-1.977405,-1.511129,1.494662,1.425827,0.034008,-0.526710,-1.489850,-0.784843,1.418701,2.722609,-1.718636,0.911268,-1.894074,0.282314,-0.863124,-0.654837,3.226632,-1.257686,1.517252,-1.372191,-1.829039,-2.098728,-1.807492,0.634491,0.334939,0.203842,0.930113,-2.621542,0.306091,1.895288,1.596578,-0.625240,-0.066920,2.234111,-0.995966,1.383284,1.971110,1.724735,0.807130,1.955045"
DB00379,"-1.428922,0.749291,-0.260759,-1.005395,-0.205753,-0.419695,0.002426,0.351791,-1.420194,1.871411,0.600849,0.092525,-1.639878,-0.255196,-0.300838,0.152159,0.313571,0.305112,1.476741,-0.614798,0.625576,-0.445758,0.556244,0.854396,-1.387072,0.951391,-0.578975,-1.119294,0.171562,0.834037,0.408410,-0.405999,-0.279468,0.135505,0.109312,-1.107084,0.138279,0.301024,0.598726,0.043554,-0.139069,-0.859159,-0.256557,0.841806,0.122960,-0.780064,0.278750,-0.987727,-0.969980,-0.267673,1.765867,-1.022691,0.126077,0.794466,-0.325648,0.087083,-1.083682,0.365405,-0.336255,-0.252130,-0.001604,-0.162285,0.049708,0.555721"
DB00527,"0.064563,-2.605508,1.180534,-0.663103,1.234441,2.168244,-3.013953,-4.074231,-0.699188,-2.258950,0.494896,-0.095444,1.314442,0.565096,3.201543,-1.176207,-0.271268,-0.827127,1.728437,1.465812,2.683716,3.107971,2.424974,-1.444603,1.454725,0.806988,-0.535176,-0.076132,1.480247,-3.092822,-1.190730,-2.619699,0.848979,0.666938,-1.197285,0.815390,-1.295360,1.669982,-2.123624,0.868705,1.117931,-1.072082,1.135760,-2.566788,-1.154728,-0.236155,-1.052766,2.242470,2.146815,-1.006484,-1.515224,-0.502512,-1.280654,0.809685,0.946869,1.794580,2.788309,2.670061,-2.502173,1.926694,-2.158561,1.228061,0.306552,-1.266327"
DB00532,"-0.969911,0.323232,0.935785,-0.745327,0.869159,1.010924,-1.401800,-1.871494,-1.189770,1.153818,0.783611,1.021365,-0.321200,0.410002,-0.448211,-0.980225,-1.032837,-0.065842,2.862063,0.987207,1.881562,0.766544,2.653099,-0.400000,1.065701,0.093717,-0.667148,0.259874,0.127335,-1.380209,-0.817506,-1.879117,0.072966,-1.484592,-1.036854,0.703376,-1.093153,0.697816,-1.054771,-0.784731,0.364533,-1.032645,0.949640,-0.554675,-0.931040,-0.292883,-0.761790,0.717053,0.538426,-1.158883,1.613784,-0.289769,-0.458757,0.953607,0.758755,1.625001,1.231719,1.805029,-0.770820,1.460507,-1.202805,1.015595,1.108802,-0.677828"
DB00645,"-0.182214,-1.598020,0.975965,-0.900274,0.943005,1.487383,-2.701443,-3.920657,-1.234943,-2.568783,0.678405,0.390123,1.547582,0.331748,2.536200,-0.935778,-0.536059,-0.285692,1.300261,1.463016,3.191665,2.776889,2.539981,-1.256413,2.488045,0.859135,-0.540047,-0.157578,1.327956,-2.715054,-1.024302,-2.295790,0.498376,0.491719,-0.964265,0.675658,-0.794820,1.496169,-1.624994,1.275966,0.016194,-0.630078,0.957905,-2.102689,-0.891474,0.593637,-0.799564,2.115400,1.936952,-0.805070,-2.061653,0.263405,-1.045315,-0.022507,0.747499,1.706922,2.749892,1.685686,-2.251805,1.419535,-2.391796,1.001059,0.090200,-1.397536"
DB00680,"1.666934,-1.532209,0.862839,0.004582,0.891120,1.560181,-2.601943,-1.561080,0.543753,-1.469321,0.397557,-0.475960,0.923226,0.729401,0.867235,-0.720796,-0.740033,0.829649,-0.757649,0.183549,-0.380582,1.824307,1.091869,-1.492581,-0.131893,1.064758,-0.394496,-0.124960,-0.409384,-2.790326,-1.042858,-2.236464,1.742217,0.038555,-0.719065,-0.241057,-0.644702,-0.857867,-2.567706,-1.105488,0.024941,-1.457802,0.811050,-1.782421,-0.731961,-1.135972,-0.821902,2.210651,2.016757,0.538354,0.392796,-1.031693,0.510178,0.169233,0.920516,2.486925,1.926529,1.343817,-0.663240,2.366029,-0.957634,0.651138,-0.061215,0.584606"
DB00750,"-0.336822,-1.887657,1.025153,-0.976377,1.022091,1.699055,-2.958890,-4.004672,-1.477879,-2.458003,0.728132,0.591780,1.586695,0.303020,3.057056,-1.005021,-0.336665,-0.434852,1.694110,1.413232,3.395627,2.956697,2.685874,-1.253774,2.491887,0.656429,-0.604879,0.149474,1.475411,-2.772316,-1.066723,-2.544468,0.588724,0.677616,-1.034779,0.768000,-0.712671,1.838729,-1.747269,1.215204,0.128510,-0.761999,1.013006,-2.217272,-0.972371,0.469761,-0.856113,2.180080,2.054563,-1.044678,-1.978988,0.104116,-1.089993,0.140182,0.785995,1.706396,2.771338,2.053765,-2.605327,1.679118,-2.224507,1.077210,0.255677,-1.444244"
DB00754,"0.361534,-0.187892,0.231471,-0.755795,0.135469,0.502192,-0.816222,-2.412469,-0.186137,-1.569749,0.310086,0.433294,0.443353,-0.335393,0.828272,-0.148047,-0.483889,0.595735,0.040904,1.049543,0.956401,0.437552,1.433688,-0.563191,1.334872,1.627828,-0.639406,0.258411,0.744495,-1.919900,-0.309882,-1.691734,-0.078265,-1.513281,-0.138202,0.350702,-1.235377,-0.763805,-1.640448,-0.626412,-0.611290,-0.119233,0.195578,-0.935503,-0.077621,0.215335,-0.069477,1.293273,1.391815,-0.038601,-0.714087,0.596349,-1.199154,0.748879,0.108313,1.801449,1.901166,1.089922,0.420024,1.246168,-2.136734,0.136757,0.299574,-2.104158"
DB00868,"-0.494701,0.963974,-1.304191,-0.861941,-1.327212,-1.148075,0.751096,0.437008,0.473221,-0.067741,0.675080,0.720493,-0.870656,-1.223031,-0.216730,1.317722,0.944388,0.923572,-0.542221,-0.723094,-0.236580,-0.244805,-0.496316,1.196728,-0.106036,0.368690,-0.759049,-0.522790,0.977433,0.880718,1.270354,0.756541,-1.089761,-0.403700,1.324854,-0.945034,0.767610,0.528066,1.071236,0.247952,-1.088284,0.221253,-1.306058,1.242315,1.323857,0.225561,1.306770,-0.998545,-0.962242,-0.313288,-0.779732,0.249032,0.289144,-0.799085,-1.283172,-0.404965,-1.078944,-0.490733,0.531818,-1.160815,-0.682159,-1.325242,-1.277600,-0.875226"
DB02546,"1.432984,-1.844686,0.227908,0.942940,0.490827,1.269809,-2.204291,1.294322,-0.728142,-1.117843,0.364119,0.169919,0.713151,1.152837,1.395166,-0.163923,0.673200,1.127335,-2.202066,-2.322180,-0.969927,3.571728,-0.097741,-1.016350,-0.771158,-2.365712,-0.822551,1.989443,0.743297,-1.517455,-0.413237,-1.332761,1.919792,0.513602,-0.177388,-1.317308,-0.521989,0.374356,-1.011492,1.760397,0.408058,-2.655929,0.197336,-1.729083,-0.278110,-1.735173,-0.431762,1.222821,0.667905,1.536217,1.008634,-2.454984,3.746997,-1.346192,0.426238,0.556423,0.396067,0.472398,-2.148902,2.083893,0.707117,0.127306,-0.260746,1.597920"
DB06335,"-0.364111,-1.176409,0.805079,1.604141,0.908761,0.625704,0.931048,0.082595,-1.372309,-0.268229,-2.280488,-1.860723,0.844260,1.505338,1.405269,-0.900414,-0.630060,-1.297665,-0.348919,0.085200,0.700715,-0.122522,-0.990336,-0.606852,-0.754833,-0.589248,1.799948,0.789877,-0.187673,0.726444,-0.706734,0.778495,0.347510,1.691625,-0.868247,0.783271,-1.295071,-0.919599,0.059670,-0.314048,1.232434,0.124122,0.755105,-0.119054,-0.930538,-0.566178,-0.913189,-0.293707,0.340502,0.476019,0.006354,-0.290156,-0.593804,1.210170,0.760693,-1.743214,-0.172469,0.403750,1.015707,-0.197796,1.169696,0.871598,0.777476,1.121332"
DB01320,"-1.711097,0.983440,1.236687,-1.192438,1.210153,1.348531,-1.285790,-1.231055,-2.110497,2.261545,1.102895,0.463178,0.027207,0.558987,1.552107,-1.376760,-1.410968,-2.132918,3.098253,1.479735,2.265196,-0.245962,2.812757,-0.111140,0.605716,-0.947326,-0.413924,0.481504,0.001668,-0.060887,-1.013472,-0.746722,-0.662636,-1.917381,-1.475034,1.658474,0.604618,1.354002,0.236514,0.166266,0.882247,-1.587225,1.336640,0.456829,-1.360325,-0.606532,-0.934294,-0.586571,-0.446774,-4.204208,1.529170,1.034245,0.081913,-0.136346,0.934299,-0.924806,1.192074,2.093420,-0.545138,0.369480,-0.801407,1.399744,1.147860,-0.454347"
DB01120,"-0.924732,-1.300730,0.265868,0.593898,0.452139,0.824133,-0.762081,-0.014287,-1.039360,0.286001,-0.182734,0.234320,0.056838,1.204826,0.856328,-0.306575,0.157675,-0.063477,1.237911,-1.121965,0.774046,2.121806,-0.012003,-0.189635,-0.744623,-1.860381,0.056551,0.518771,1.536196,-0.432525,-0.178722,-0.570975,0.602621,1.000402,-0.351503,-0.156425,-0.602420,1.214125,-0.042634,0.810675,0.671987,-1.321082,0.245020,-0.953445,-0.382404,-1.292192,-0.349576,0.138389,-0.297403,0.266238,0.873365,-1.632614,1.643737,-0.424666,0.257373,-0.165212,-0.182602,1.147572,-1.332841,1.094288,0.378912,0.342365,0.186038,0.268239"
DB00678,"1.271826,-0.122669,0.586572,0.197896,0.537676,-0.138999,-0.344036,0.360375,0.527424,1.618471,0.234005,-0.476955,0.399999,0.133744,-1.619428,-0.608710,-0.134754,-0.846039,0.297130,0.085885,-2.807527,-1.721252,-0.270861,-0.437841,0.022770,-0.427277,0.784771,-0.990467,-0.510984,-0.381171,-0.576869,-0.449378,1.128085,-0.917163,-0.576024,1.305768,1.805007,-0.134227,-1.053732,-1.112672,-0.449005,0.313278,0.663756,-1.066730,-0.574253,0.682166,-0.650957,0.678541,0.548776,0.510382,2.307745,0.531834,0.142862,0.383349,0.669869,1.155920,0.688186,-0.827738,-0.537734,1.078550,1.176232,0.614792,1.562920,0.726325"
DB13919,"1.572606,-0.028163,0.530405,0.449529,0.450053,-0.209680,-0.545195,0.325144,0.786844,0.506348,0.201270,0.554606,0.218006,-0.115697,-1.930497,-0.528154,0.313877,-0.173093,0.502981,0.264926,-2.615668,-1.308280,0.083062,-0.568142,0.688424,-1.218396,-0.068615,0.582950,-0.945301,-0.766832,-0.605633,-1.111952,1.687330,-1.816848,-0.487798,1.025484,1.770593,-0.284494,-1.551096,-0.732555,-0.321148,0.771015,0.638226,-1.299943,-0.473141,0.997682,-0.605152,1.176675,0.858095,1.401509,1.559193,0.586702,0.691775,0.391670,0.658654,1.903764,1.062097,-1.108268,-1.049438,1.518212,1.286346,0.557682,2.065629,0.126361"
DB01233,"-0.768131,-1.151902,1.754262,0.999283,1.788028,1.575859,-0.839511,-0.282574,-0.771383,0.238953,-1.061219,-1.108863,1.722444,1.709152,1.018807,-1.796910,-1.642861,-1.555566,0.619340,0.923448,1.598388,0.504851,1.386614,-1.337627,-0.107235,0.555320,1.263095,0.476464,-1.157687,-0.646058,-1.712209,-0.539692,0.792482,2.073876,-1.809943,1.222193,-1.547020,-1.123229,-0.969858,0.061576,1.163212,-0.936218,1.684941,-0.801446,-1.811217,-0.627582,-1.716183,0.921735,0.805530,-0.460749,0.935809,-0.517304,-0.587000,0.949806,1.658115,-0.060419,1.068519,1.375112,0.257281,1.312097,0.655125,1.772882,0.586259,1.818110"
DB00006,"0.358833,-0.591613,-0.550645,-0.350194,-0.436392,0.291267,-0.240692,1.238414,-0.424756,-0.137179,0.188886,0.580719,0.434378,-0.476321,1.083855,0.546766,0.579401,0.238212,-0.889014,-0.589619,0.461520,1.405068,-0.157723,0.319023,0.733559,-1.471204,-0.731658,0.112000,1.543469,-0.004040,0.580348,0.223957,0.046126,0.385078,0.541493,-0.302520,-0.248889,0.869449,0.535592,0.717590,0.025973,0.040702,-0.579670,-0.269792,0.505225,-0.067287,0.478300,-0.213859,0.113297,-0.383157,-0.425955,-0.320965,0.288245,-1.602335,-0.538175,-0.986739,-0.608688,0.273660,-0.571412,0.444327,0.489872,-0.520265,-0.023236,-0.181255"
DB00170,"-0.521994,1.172124,-1.356627,-0.924392,-1.404173,-1.322049,0.787902,0.349954,0.102081,-0.065462,0.740453,0.740791,-0.845512,-1.317605,-0.293486,1.385065,0.964149,1.079152,-0.671283,-0.802063,-0.221522,-0.355308,-0.446344,1.237623,0.068396,0.528879,-0.746585,-0.765354,0.858629,0.987694,1.309726,0.787444,-1.195497,-0.449719,1.391674,-1.033389,0.900391,0.388220,1.127459,0.498094,-1.341392,0.239682,-1.356627,1.300079,1.395206,0.348080,1.370585,-1.026886,-0.980614,-0.280837,-0.687957,0.411915,0.314830,-0.933556,-1.335063,-0.350433,-1.062946,-0.689210,0.665175,-1.267039,-0.680902,-1.389597,-1.363718,-0.829181"
DB00175,"-1.291815,0.184349,-0.947941,-0.708171,-0.883266,-0.416484,-0.254722,1.112675,-1.052965,0.154295,-0.121941,2.042706,-1.371729,-1.080233,0.335551,0.843968,0.926251,0.657436,0.493372,-0.549890,0.464716,0.353612,0.593517,1.226080,0.568085,-0.234308,-1.263305,0.430435,0.163142,0.600627,1.101232,-0.714552,-0.669705,-1.936057,0.815208,-0.782542,-1.029279,0.652583,0.231802,-0.658545,-0.159202,0.034356,-0.967625,0.206322,0.851212,-0.159435,0.967275,-0.688341,-0.356579,0.875677,0.042891,-0.519409,-1.261063,0.418504,-1.082134,-0.675528,-0.493332,-0.163430,-0.699946,-0.001234,-0.394335,-0.804705,0.002079,-1.353832"
DB00227,"-1.255085,1.333911,-0.928191,-0.868137,-0.904241,-0.997548,0.395539,0.432226,-0.874851,0.345750,0.359885,0.625666,-1.221459,-1.080533,0.657371,0.832834,0.731758,-0.000212,0.245541,-0.460343,0.305575,-0.393230,0.194082,1.302022,-0.490561,0.304615,-0.772115,0.431659,0.586159,1.494886,1.016711,0.595023,-1.229953,-0.452698,0.820029,-0.743265,0.870981,0.392806,1.125051,0.281584,-0.565488,-0.541618,-0.933072,1.652145,0.846113,-0.118371,0.986501,-1.619833,-1.085630,-0.703135,0.002319,0.111805,-0.009181,-0.396458,-1.044856,-1.250265,-0.958244,0.124168,0.854271,-1.049397,-0.437835,-0.855723,-0.644738,-0.670878"
DB00641,"-1.748426,0.878338,-0.012885,-0.822668,0.058493,-0.253685,-0.515179,0.757925,-0.848964,1.982243,0.368785,1.010286,-2.079005,-0.411759,-0.680264,-0.158072,0.554948,0.177755,2.318812,-0.053996,1.116992,-0.138384,1.400984,0.825875,-0.971653,-0.161497,-0.843838,0.373167,-0.073665,0.735183,0.269511,-1.069497,-0.136664,-0.956050,-0.215641,-0.647244,-0.754845,0.166289,0.239813,-0.388056,1.104865,-0.807942,0.011718,0.568954,-0.190313,-0.889539,0.064286,-1.084446,-0.797494,-0.262658,1.742028,-1.156171,-0.302196,1.370055,-0.190069,-0.063319,-0.701779,0.555168,-0.586026,0.409544,0.245895,0.193122,1.403924,0.188928"
DB01209,"0.260336,-0.451846,0.295405,-0.223536,0.251489,0.980217,-0.791682,-1.596553,0.960496,-0.350677,-0.304002,-0.053754,-0.058138,0.044279,0.376750,-0.243667,-1.044780,-0.079288,0.193840,1.165592,0.653299,0.372779,1.414957,-0.498420,0.040029,1.694652,-0.134736,-0.448252,0.474719,-1.483661,-0.309846,-0.949864,-0.105897,-0.774526,-0.222880,0.311393,-2.119140,-1.273591,-1.162003,-0.808302,0.590219,-0.421295,0.220764,-0.737142,-0.194786,-0.784193,-0.208074,0.813494,0.986841,-0.520368,-0.546116,0.307397,-1.522576,1.174525,0.205140,1.229691,1.146694,1.704368,0.776983,0.500904,-1.695702,0.207616,-0.286622,-1.005366"
DB04878,"-0.585620,-1.667083,-0.377300,0.802418,-0.153962,0.501392,0.077991,-0.248130,-1.187128,-0.555404,-1.126389,-0.392892,-0.574404,0.786475,1.923043,0.321812,0.541563,0.370343,-0.388742,-1.571282,-0.027802,1.680710,-0.980999,0.093054,-1.590896,-1.161326,-0.168039,0.304983,1.723280,-0.125444,0.388882,-0.239963,0.468265,0.313807,0.336375,-0.927690,-1.455896,0.071206,-0.129946,0.313142,0.624724,-1.130940,-0.437625,-0.335389,0.251556,-2.019638,0.207793,-0.248375,-0.146293,0.826512,-0.179957,-1.629652,1.281765,0.658371,-0.335968,-0.442636,-0.613205,1.250202,-0.593601,0.164637,-0.160998,-0.367092,-0.417215,-0.197029"
DB01367,"1.149676,-0.494982,1.923479,1.784495,1.751349,1.637285,0.218422,-1.455102,1.249719,-1.367697,-1.717009,-1.087795,2.629536,1.652964,-0.638204,-1.846384,-2.488664,-1.385145,-0.369184,2.222804,0.492977,-0.255350,0.331427,-2.063334,2.461694,-0.192399,1.782714,1.080525,-1.447820,-1.504312,-2.009859,0.139557,1.106022,0.686564,-1.790270,2.349575,-1.422058,-1.872095,-1.280285,-1.542794,0.657094,1.146568,1.897920,-1.263334,-1.729320,1.047524,-1.875135,1.868706,1.863950,0.430806,-0.985088,1.750686,-1.211694,0.282959,1.955335,0.344154,2.012349,-0.098986,1.976533,0.566367,-0.018730,1.812309,0.536492,0.674011"
DB00424,"-0.471196,-1.817694,-0.083456,0.282223,0.186176,1.235796,-1.646368,0.839451,1.026135,0.450551,0.068247,0.124378,-0.574023,0.450648,1.680865,0.006958,0.550869,-0.095427,0.358098,-1.414145,-0.958330,1.927494,0.317639,-0.075181,-2.426154,-0.079408,-0.569923,0.431841,0.706493,-0.529905,0.085971,-1.063881,0.669318,0.684547,0.005369,-0.764308,-0.860782,0.427397,-0.566752,0.034162,1.497624,-2.026157,-0.140694,-0.624655,-0.089515,-2.263324,-0.077223,0.038979,-0.502642,0.362205,0.686439,-2.487060,0.969598,0.299866,-0.053740,0.231884,-0.269355,1.674915,-1.510215,1.029124,0.333328,-0.046729,-0.743624,0.861658"
DB00940,"-1.068390,-0.689898,-0.758626,-0.133738,-0.586883,0.229611,0.127444,0.374545,0.913514,0.780561,-0.273977,0.394190,-1.432054,-0.313756,1.259274,0.639797,0.733604,-0.401774,0.449675,-0.691811,-0.235589,0.560209,0.176397,0.849624,-2.038175,0.016904,-0.727377,-0.027404,1.190836,0.542220,0.840015,0.259046,-0.784044,-0.214694,0.656072,-0.446978,-1.067168,0.664173,0.569019,-0.245017,1.311272,-0.731482,-0.812599,0.451045,0.605043,-1.549307,0.650787,-1.004847,-1.095761,-0.994507,-0.350336,-1.213755,-0.166363,1.142472,-0.796679,-0.670794,-0.941641,1.566734,-0.508389,-0.471755,-0.189294,-0.666465,-0.825605,-0.786169"
DB00387,"-1.160458,-0.678772,-0.721611,-0.140607,-0.550006,0.244936,0.115180,0.383321,0.902670,0.917455,-0.254495,0.271766,-1.364951,-0.298135,1.199764,0.601186,0.677503,-0.422570,0.530941,-0.689250,-0.205616,0.520406,0.261069,0.841895,-2.054652,0.187447,-0.752020,-0.230550,1.171254,0.588018,0.810847,0.298414,-0.821195,-0.162092,0.614389,-0.422898,-1.044342,0.582043,0.583294,-0.031121,1.374997,-0.785851,-0.781571,0.459643,0.560684,-1.578735,0.616302,-1.036189,-1.108626,-0.996133,-0.201674,-1.255040,-0.367376,1.065458,-0.771303,-0.720200,-0.963257,1.608796,-0.446508,-0.551341,-0.165527,-0.620595,-0.803968,-0.683075"
DB00979,"-0.533495,0.618270,-1.178061,-0.665917,-1.159342,-0.891923,0.557106,0.422002,0.546884,0.253369,0.473863,0.611229,-1.032744,-0.991045,-0.029544,1.159814,0.868664,0.638362,-0.409182,-0.739527,-0.411442,-0.185416,-0.306935,1.099218,-0.629756,0.412168,-0.708923,-0.557210,0.820926,0.848262,1.171489,0.739238,-1.097037,-0.522102,1.170257,-0.820638,0.364246,0.431905,0.971493,0.214181,-0.563944,-0.053277,-1.192032,1.057907,1.156459,-0.223749,1.151055,-1.014492,-1.028284,-0.451830,-0.594054,-0.085936,0.065252,-0.303195,-1.166192,-0.421542,-1.029198,-0.092776,0.258249,-1.111392,-0.589548,-1.173969,-1.228744,-0.785981"
DB01085,"-0.488307,0.618635,-1.216410,-0.762522,-1.214232,-1.016460,0.766911,0.324997,0.345991,-0.074341,0.555102,0.551665,-0.905586,-1.024676,-0.066007,1.218790,0.953318,0.868165,-0.474438,-0.774235,-0.328503,-0.191220,-0.521592,1.108751,-0.404243,0.388261,-0.694573,-0.659310,0.951489,0.801036,1.198203,0.748711,-0.978682,-0.347215,1.226474,-0.922768,0.583923,0.494469,0.963356,0.100209,-0.871729,0.188273,-1.225939,1.126627,1.215381,-0.019265,1.198342,-0.952610,-0.963078,-0.309704,-0.835403,0.016888,0.263672,-0.481413,-1.191248,-0.423640,-1.115283,-0.304977,0.347737,-1.138675,-0.585615,-1.230041,-1.222561,-0.807166"
DB01148,"0.321670,-0.880858,0.556368,1.662962,0.594514,0.344456,0.980758,-0.016995,1.182015,0.109060,-1.704424,-0.977333,0.267760,1.198021,-0.038892,-0.612398,-0.389878,-1.261673,0.132823,0.517398,0.111116,-0.466521,-0.908783,-0.573883,-1.001285,-0.133832,1.165788,0.804778,-0.696834,0.421206,-0.543584,1.216623,-0.094667,0.921817,-0.570397,1.139975,-1.180011,-0.285684,0.183971,-0.937993,1.645779,0.754751,0.527622,-0.100280,-0.619457,-0.016724,-0.694162,-0.004112,0.047822,0.031199,-0.712973,-0.148695,-0.789316,1.599461,0.612151,-0.715475,-0.269140,0.237042,0.168748,-0.645693,0.865478,0.608177,0.416175,0.343096"
DB04843,"-0.977810,-0.729780,-0.734888,-0.096735,-0.561636,0.219214,0.162167,0.263610,1.135496,0.814781,-0.175751,0.245593,-1.419977,-0.238172,1.105889,0.622231,0.800270,-0.273385,0.536558,-0.736989,-0.351355,0.528505,0.106029,0.789335,-2.160425,0.073007,-0.744903,-0.201423,1.191002,0.527250,0.807266,0.401528,-0.761643,-0.142410,0.638641,-0.431872,-0.896654,0.642746,0.587001,-0.176332,1.368830,-0.726926,-0.788364,0.492811,0.579511,-1.599370,0.614328,-0.981215,-1.109337,-1.075272,-0.462672,-1.292176,-0.138449,1.135997,-0.753897,-0.592419,-1.066374,1.550489,-0.485258,-0.637472,-0.159848,-0.644823,-0.900522,-0.667256"
DB01076,"-1.467796,0.936321,-0.697209,-0.883534,-0.639912,-0.586306,0.009148,0.644413,-0.738917,0.942971,-0.113656,0.914523,-1.751007,-0.774230,0.330946,0.548985,0.910456,0.056137,1.251197,-0.185569,0.805396,-0.159056,0.808556,1.232303,-0.599030,-0.284921,-0.907315,1.358898,0.343313,1.303385,0.867193,-0.232826,-0.859703,-1.247843,0.535615,-0.661574,-0.016278,0.410809,0.692733,-0.777194,0.350652,-0.475187,-0.692823,1.271242,0.551627,-0.409480,0.730533,-1.498523,-0.781876,-0.524020,0.337830,-0.471088,-0.333745,0.552869,-0.854431,-1.278587,-0.866289,0.529418,0.289205,-0.429608,-0.059517,-0.541937,0.346201,-0.781238"
DB01098,"-0.924080,0.670921,-0.147533,-0.994228,-0.174203,-0.382186,-0.357485,0.500877,-0.673695,1.298251,1.509761,1.468609,-0.363096,-0.283283,-1.006851,0.122495,0.125584,0.407974,1.330596,-0.132023,0.086883,0.085716,0.624766,0.649363,0.800475,-1.222092,-0.348891,-0.414267,-0.414130,0.318826,0.334556,0.092310,-0.683237,-1.442284,0.043779,0.062706,0.687815,1.657693,0.754469,0.355935,-0.261922,0.077122,-0.080747,0.437586,0.094183,0.367165,0.269366,-0.699369,-1.118085,-1.204217,0.687135,0.156222,0.485546,-1.173276,-0.247894,-0.684982,-0.323518,-0.646875,-0.971555,0.047100,0.240973,-0.049924,0.062174,-0.340915"
DB00382,"-1.067221,0.110118,-0.648270,-0.427252,-0.570080,0.075149,0.100799,0.013168,0.742010,0.772138,0.526090,1.014518,-1.389760,-0.254095,-0.107829,0.562202,0.905279,0.375364,1.141068,-0.809708,-0.198278,0.742494,0.305718,0.871277,-0.730790,-0.520754,-0.855606,0.166120,0.644470,0.397276,0.734162,-0.138154,-0.609109,-0.455166,0.546311,-0.689639,-0.072787,1.458077,0.569529,-0.682400,0.482520,-0.575078,-0.671954,0.614791,0.553597,-0.642121,0.606680,-0.766376,-1.000784,-0.382314,0.387969,-1.152096,0.142583,0.434680,-0.665494,-0.261973,-1.002899,0.636745,-0.782824,-0.281358,-0.172933,-0.553787,-0.803744,-0.722909"
DB00674,"-0.264747,-0.916788,0.196103,-0.437277,0.389921,0.405164,-1.423134,1.220341,-0.443407,0.752904,0.736318,-0.486920,-0.531075,0.314652,0.564668,-0.220895,0.498651,0.724388,-0.036997,-1.507031,-0.580885,0.662440,0.070757,-0.215837,-2.501146,1.145973,-0.546680,-1.435179,-0.012931,-0.415397,-0.201577,-1.326846,1.296631,0.662424,-0.257382,-1.372505,0.030001,-0.550145,-0.531976,1.048747,0.323759,-1.676906,0.174341,-0.512320,-0.341056,-1.852192,-0.281300,0.212193,-0.599130,0.252779,1.425028,-2.362714,1.805395,0.394862,0.271723,1.031282,-0.303213,0.447562,-1.575677,1.091890,0.707108,0.174740,0.043961,2.029520"
DB01010,"0.726160,-0.349428,0.337358,1.458931,0.287819,-0.369908,1.383692,-0.062604,0.196625,-0.736021,-1.286291,-0.841470,0.590667,0.828619,-0.521227,-0.322818,-0.221175,-0.655539,-0.524087,0.499551,0.069640,-0.866652,-1.267874,-0.483352,-0.255762,-0.018446,1.119436,0.958381,-1.149012,0.559722,-0.386167,1.440638,-0.106825,0.883084,-0.288916,0.712939,-0.336676,-0.391451,0.327188,-0.510936,0.434082,1.291079,0.325449,0.145372,-0.312757,0.810275,-0.422913,0.110307,0.179921,0.783700,-0.981075,0.412634,-0.442157,0.869008,0.428942,-0.545060,-0.228155,-0.836424,0.391371,-0.854221,0.692084,0.325349,0.230907,0.213032"
DB01400,"-0.622340,-0.042935,-0.981439,-0.436918,-0.907332,-0.507585,0.545717,0.193727,0.468523,0.196636,0.273679,0.359406,-1.032947,-0.651107,0.504141,0.942678,0.947339,0.415619,-0.269272,-0.860285,-0.445104,0.166752,-0.301168,0.921013,-1.075498,0.227649,-0.654844,-0.578082,0.994765,0.680860,1.000427,0.615857,-0.875750,-0.201045,0.951531,-0.760375,-0.027645,0.530814,0.795871,0.211562,0.046959,-0.218669,-1.015564,0.752837,0.919252,-0.685832,0.917150,-0.938748,-1.023086,-0.596411,-0.657248,-0.551105,0.160131,0.238952,-0.972822,-0.509467,-1.054415,0.386753,-0.084017,-0.917508,-0.329542,-0.956711,-1.110996,-0.687714"
DB00720,"-0.575836,0.560023,-1.085387,-0.678858,-1.059169,-0.594709,0.797532,0.596156,1.156540,0.018379,0.405544,0.447913,-0.685839,-1.079254,0.092698,1.064867,0.966624,0.375456,-0.263201,-0.497380,-0.145043,-0.182566,-0.691078,1.040097,-0.249225,0.135753,-0.612140,-0.433868,1.331884,0.796878,1.087483,0.592973,-0.845299,0.107942,1.079832,-0.428666,0.598834,0.728328,0.917609,-0.883507,-0.512234,0.391412,-1.101101,1.032739,1.066926,0.158837,1.075119,-0.915406,-0.788094,-0.552109,-0.815511,-0.029167,0.014833,-0.731760,-1.087452,-0.527898,-0.998121,-0.111791,0.414987,-0.738542,-0.399284,-1.070395,-0.980355,-0.852714"
DB00242,"0.023266,-0.518746,-0.671520,-0.127477,-0.546990,-0.045055,-0.172890,1.039576,-1.568475,-0.375879,0.115895,0.904156,-0.324065,-0.350305,1.071605,0.642923,0.745976,0.390962,-1.098608,-1.022211,-0.004045,1.268348,0.144439,0.531188,0.106010,-1.148401,-0.913408,0.973770,0.856041,0.133120,0.709934,0.121423,-0.239963,-0.574833,0.630437,-0.790220,-0.661043,0.685814,0.453098,1.202438,-0.012767,-0.670611,-0.711273,-0.216170,0.613064,-0.512835,0.597448,-0.370697,-0.233779,0.351657,-0.154183,-0.654554,0.555715,-0.298367,-0.674370,-0.987308,-0.455768,0.235269,-0.743822,0.020069,0.013632,-0.639019,-0.471604,-0.561905"
DB00552,"1.627848,-0.526990,0.593317,1.830243,0.546072,-0.076396,0.997305,0.240022,-0.461897,-1.054125,-1.192338,-0.801831,1.268218,1.283616,-0.534173,-0.528317,-0.420315,-0.440557,-1.312133,0.288428,0.118951,0.035074,-1.223362,-1.014883,0.695318,-1.101805,1.072596,1.639686,-1.140632,0.128271,-0.690387,1.526888,0.269855,0.904951,-0.504607,0.775084,-0.455877,-0.269287,0.241217,0.530323,0.337208,1.118133,0.593262,-0.544118,-0.529759,1.121141,-0.710203,0.573617,0.648815,1.108809,-1.105438,0.510594,0.291974,0.069116,0.743369,-0.609003,0.091291,-1.205084,-0.085714,-0.460534,1.110324,0.546638,0.530937,0.532090"
DB01073,"0.362779,-0.249508,-0.745148,-0.121666,-0.652773,-0.176160,0.045776,0.760314,-0.567475,-0.220459,0.398874,0.560388,-0.205460,-0.323289,0.679476,0.751659,0.811160,0.525989,-1.337086,-1.068006,-0.308942,1.169956,-0.147473,0.426272,0.049976,-1.187827,-0.856070,0.705781,1.174694,0.183706,0.713737,0.548459,-0.356444,-0.329209,0.751712,-0.727462,-0.196704,0.622481,0.658690,1.238491,-0.188727,-0.626453,-0.772275,0.014678,0.722050,-0.421931,0.655363,-0.409415,-0.363265,-0.050458,-0.431794,-0.440372,1.049070,-0.772152,-0.686983,-0.726313,-0.636311,0.127091,-0.506153,-0.268996,-0.031703,-0.754096,-0.706425,-0.375466"
DB00605,"2.272427,-0.752185,1.264752,2.464386,1.214177,0.647755,1.851458,0.438701,3.318874,-0.906465,-2.058249,-1.973424,1.534296,1.536488,-1.443708,-1.253760,-0.440833,-2.084054,-0.047582,1.948827,-0.185466,-1.891762,-2.828809,-1.598913,0.224572,-1.135609,2.033285,2.840203,-2.190820,0.266031,-1.362468,0.994438,1.068164,1.942431,-1.172611,2.398643,0.343204,-0.089094,-0.394893,-3.944967,1.537907,3.230167,1.308421,-0.451040,-1.218533,2.191053,-1.389287,1.124900,1.558470,1.832382,-0.808937,0.143559,-2.185919,0.688008,1.432172,0.153062,0.467097,-1.139344,-0.578526,0.429775,1.907139,1.276332,2.337653,0.185981"
DB00384,"0.677910,-0.624073,0.593701,0.777632,0.567762,0.565087,0.568539,0.187878,0.923894,0.806990,-1.028227,-0.753648,0.497405,0.672683,-0.817808,-0.664405,-0.279205,-0.911879,0.489750,0.447495,-1.171967,-1.035079,-0.684815,-0.512798,0.532941,-0.420064,1.158480,0.097654,-0.821314,0.113784,-0.559475,0.011935,0.635543,0.193744,-0.605720,1.475563,0.327188,-0.005375,-0.519397,-2.820249,0.478245,0.946309,0.623107,-0.395521,-0.621442,0.762225,-0.696491,0.375637,0.605921,1.146948,0.554389,0.248535,-1.242515,0.559383,0.646911,-0.166765,0.229964,-0.490393,-0.228316,0.262220,1.142645,0.659723,0.873993,0.592237"
DB01171,"1.540900,-0.533984,1.604450,0.908598,1.481503,1.470364,-0.686177,-1.859990,-0.485554,-1.293970,-1.150270,-1.585243,1.644784,0.868833,0.836809,-1.498254,-2.231137,-1.133352,-0.766392,1.662607,-0.068650,-0.277188,0.804130,-1.793851,1.120575,0.933872,0.922609,-0.542047,-0.261542,-1.968281,-1.719212,-0.794573,1.711538,0.287401,-1.462989,1.314101,-1.125028,-2.530077,-1.840675,-0.202764,0.011012,-0.081456,1.557259,-1.673385,-1.410815,-0.155539,-1.510458,1.880017,2.174099,-0.240979,-0.167231,1.411363,0.147441,0.881055,1.628603,1.587301,2.239249,0.748116,2.029368,1.150677,-0.586657,1.416314,0.295372,0.749641"
DB01247,"2.437706,-0.689215,1.440979,1.142986,1.302096,1.839970,-1.004649,-1.965219,1.659538,-2.097722,-1.591138,-1.278220,1.602028,0.893944,0.054488,-1.294129,-2.150929,-0.578428,-1.275657,1.897156,-0.827307,-0.100422,0.288603,-2.141788,1.496523,0.900097,0.914985,0.483352,-0.853113,-2.476576,-1.645724,-1.337468,2.071812,-0.654221,-1.212937,1.119109,-1.249640,-2.592643,-2.241320,-1.181527,0.282786,0.808916,1.421652,-2.317945,-1.166183,0.246757,-1.400261,2.558699,2.616703,1.017583,-1.297273,1.597525,-0.584893,0.682265,1.544513,2.072331,2.771626,-0.038878,1.511025,1.084203,-0.806499,1.212955,0.395516,0.174545"
DB00780,"1.805356,-0.529243,1.944637,2.184780,1.763406,1.691804,0.121267,-1.170759,1.776606,-1.763718,-2.593629,-1.941338,2.728911,1.789763,-0.704553,-1.826134,-3.007139,-1.452605,-1.431265,2.486512,0.101588,-0.621256,-0.183387,-2.361914,2.026091,0.874602,2.419813,0.848259,-1.849324,-1.453878,-2.073388,0.379849,1.338999,1.103240,-1.744954,2.130260,-1.766749,-2.920096,-1.365645,-0.974049,0.746009,1.438727,1.909755,-1.718043,-1.700565,1.041332,-1.921428,2.074525,2.090679,1.132954,-1.567875,2.219690,-1.628089,0.324218,2.005588,0.401222,2.347009,-0.719039,2.640162,0.156805,-0.032998,1.770251,0.366754,1.227517"
DB01626,"2.380621,-1.023277,1.473666,1.072375,1.384093,2.106652,-1.145207,-1.634345,2.108374,-1.705320,-1.620898,-1.239473,1.641137,0.860421,0.302391,-1.376907,-1.933561,-0.847324,-1.214835,1.817873,-1.119223,-0.177118,0.377287,-2.120405,1.430503,0.697016,0.790835,0.472523,-0.579628,-2.471428,-1.663858,-1.681742,2.271477,-0.953723,-1.283949,1.483174,-1.183392,-2.560005,-2.494966,-1.461781,0.553599,0.660084,1.464915,-2.509103,-1.256253,0.068604,-1.465485,2.568582,2.665706,0.972299,-0.941534,1.341803,-0.814632,0.770167,1.567496,2.130369,2.864150,0.315963,1.074601,1.563397,-0.473300,1.295082,0.845984,0.175339"
DB00178,"2.048447,-0.546325,0.090926,0.365042,0.082949,0.141154,0.245672,0.795632,1.558177,0.011411,-0.587279,-0.986725,0.096201,-0.705134,-0.162130,-0.140815,0.639505,-0.992200,-1.164780,0.179805,-3.569013,-2.206065,-1.127617,-0.445253,-0.110144,0.055436,-0.172863,-0.273789,-0.681094,-0.120137,-0.259085,-0.735501,1.680653,-1.435355,-0.020585,1.074170,2.124004,-1.110824,-1.280023,-1.850251,-0.230060,0.918057,0.161616,-1.075040,-0.057435,0.583500,-0.246056,0.896870,1.214717,2.037003,0.810742,0.669789,-0.462564,0.541876,0.277241,1.228008,0.868085,-0.966364,-0.201873,0.685694,1.100637,0.068149,1.097980,0.071031"
DB00492,"2.281284,-0.667335,0.979800,1.750697,0.877174,0.145778,1.087887,0.451872,1.155865,-0.423528,-1.784520,-1.810161,1.315150,0.662347,-0.750837,-0.982999,-0.457649,-1.533874,-1.133253,0.954214,-2.334262,-2.320595,-1.620032,-1.279401,0.566105,-0.037251,1.416865,0.739516,-1.844657,0.050069,-1.137783,0.450858,1.423278,-0.211299,-0.872409,2.123934,1.148390,-1.472106,-1.010726,-1.760432,0.258516,1.760787,1.038528,-1.040246,-0.902070,1.556072,-1.128297,1.153270,1.522323,2.360485,0.231109,1.331192,-0.875342,0.850706,1.170852,0.407106,1.041974,-1.625247,0.575454,0.198639,1.666439,0.944467,1.572983,0.741739"
DB00519,"1.971471,-0.699746,0.050555,0.155903,0.065451,0.327996,0.056542,0.946467,1.773695,0.236986,-0.571659,-0.942168,0.057553,-0.789559,0.015443,-0.120849,0.752754,-1.029244,-1.158420,0.127302,-3.687891,-2.214782,-0.993006,-0.381270,-0.114356,0.170922,-0.214307,-0.455604,-0.430898,-0.150915,-0.198707,-0.993095,1.776103,-1.584173,0.005984,1.161532,2.126469,-1.163407,-1.393428,-2.171158,-0.192223,0.830997,0.120197,-1.143187,-0.039897,0.428710,-0.212423,0.864689,1.200095,1.991297,0.903358,0.569791,-0.625036,0.493247,0.221221,1.243647,0.902943,-0.793798,-0.294139,0.894172,1.167761,0.041703,1.105167,0.094984"
DB00542,"2.004372,-1.031671,0.185968,0.609014,0.209937,0.349572,0.236968,0.488438,1.365499,-0.240856,-0.791711,-1.304894,0.227392,-0.316376,0.168847,-0.220885,0.613024,-0.850686,-1.110446,-0.068301,-3.484518,-1.829763,-1.578589,-0.614018,-0.325207,-0.031493,0.034427,-0.659224,-0.502338,-0.294670,-0.340593,-0.692535,1.872748,-1.182251,-0.107573,0.884203,1.828273,-1.192445,-1.357205,-1.592032,-0.029072,0.860165,0.240567,-1.247889,-0.159365,0.193860,-0.359369,0.956445,1.196589,2.024788,0.643770,0.422713,-0.359868,0.637694,0.388114,1.112670,0.710475,-0.841537,-0.162784,0.627313,1.111871,0.142710,0.945348,0.283165"
DB00584,"1.183674,-0.570848,-0.017431,0.103082,0.026719,0.069191,0.140858,1.273352,0.035892,-0.076862,-1.266268,-0.582104,-0.025055,-0.779600,0.349358,-0.092744,0.629176,-1.024926,-1.260843,0.187284,-2.563149,-2.048870,-0.632489,-0.042507,-0.290308,0.150910,-0.173082,-0.106984,-0.569056,0.180869,-0.039616,-1.016755,1.470208,-1.476970,0.012428,0.837776,1.228198,-0.993951,-1.206834,-2.553102,-0.366402,0.802467,0.007911,-0.780754,-0.020246,0.470016,-0.086990,0.559282,1.206171,1.580229,0.836238,0.246042,-0.662085,0.833827,0.043734,0.367344,0.864888,-0.759729,-0.219551,1.149294,1.057999,0.025100,1.175968,-0.158714"
DB00691,"2.612322,-1.626597,0.701590,0.816033,0.804805,1.077967,-1.540103,1.180440,1.680775,-0.773163,-0.026360,-1.195145,0.973288,0.291789,0.088110,-0.651731,0.566517,0.017199,-1.479186,-0.972793,-3.750626,-0.184439,-1.297019,-1.427701,-0.766408,-0.287190,0.027079,-0.290625,-1.004211,-1.464732,-0.972794,-1.938504,3.123698,-0.194324,-0.575249,0.188949,2.015022,-0.980739,-2.245584,-0.988944,-0.099648,-0.457024,0.763638,-2.010703,-0.664841,-0.331702,-0.897396,2.020071,1.514921,2.752229,1.468369,-0.979050,1.648391,-0.423899,0.992718,2.149824,1.230794,-0.922145,-1.345010,2.077765,1.481336,0.571960,0.887012,1.884673"
DB00722,"2.136142,-0.620956,0.931674,1.634032,0.839070,0.239358,1.008868,0.564340,1.250216,-0.311336,-1.709682,-1.695211,1.313571,0.500352,-0.713031,-0.951768,-0.438155,-1.622183,-1.199887,0.980942,-2.416194,-2.368812,-1.442996,-1.190340,0.635238,0.000396,1.304356,0.826973,-1.753036,0.080447,-1.082045,0.362088,1.411770,-0.311426,-0.836764,2.184570,1.186244,-1.546890,-1.029597,-1.955780,0.213382,1.653981,0.988288,-1.012720,-0.863982,1.481960,-1.079267,1.094896,1.472650,2.369084,0.354505,1.320568,-0.941527,0.750755,1.108209,0.422560,1.126883,-1.506248,0.663553,0.281381,1.650284,0.906320,1.495674,0.723714"
DB00881,"2.033548,-0.523268,0.096902,0.521620,0.072864,0.118336,0.426707,0.813858,1.121429,-0.448828,-0.663892,-1.038780,0.301783,-0.705506,-0.030179,-0.123320,0.624468,-0.980330,-1.188403,0.207261,-3.352447,-2.205298,-1.368306,-0.458590,-0.164297,0.009409,-0.077693,-0.201232,-0.786946,-0.041087,-0.274944,-0.541325,1.686369,-1.284601,-0.010301,0.963206,2.199701,-1.027324,-1.100763,-1.731316,-0.249080,1.168068,0.158904,-0.991466,-0.037968,0.745575,-0.225409,0.909234,1.204644,2.092867,0.446199,0.864735,-0.162858,0.338620,0.285239,0.904558,0.828458,-1.251248,0.093913,0.478314,1.039844,0.049576,0.819612,0.046979"
DB01197,"1.631655,-0.773386,-0.020963,-0.060294,0.022969,0.124091,0.037783,1.459762,0.329833,-0.582416,-1.008398,-0.500911,-0.017279,-0.825895,0.568724,-0.068809,1.039221,-0.749614,-1.304111,0.115080,-2.867263,-2.089416,-0.632683,-0.176552,-0.046435,-0.100990,-0.602794,0.251833,-0.639399,-0.093908,-0.108013,-1.418885,2.040369,-1.812206,0.047137,0.799269,1.874912,-1.103002,-1.575906,-2.157772,-0.523698,0.910366,0.036073,-0.958302,-0.001942,0.592357,-0.100864,0.896692,1.426899,1.894067,0.488054,0.290856,-0.207604,0.700282,0.108146,0.799567,0.946474,-0.896705,-0.643067,1.446695,1.329109,-0.004988,1.328713,-0.288799"
DB01591,"0.711545,-1.584270,1.170733,1.059746,1.318378,0.800518,-1.074977,0.201021,0.318118,0.584139,-0.301095,-2.000731,0.005427,1.348669,0.462744,-1.145402,-0.137999,-0.430705,0.330125,-0.840994,-1.240473,0.212398,-0.658229,-1.281248,-3.126473,0.652508,0.591998,-1.536466,-0.894149,-0.810529,-1.257505,-0.987045,2.118649,1.834818,-1.160553,-0.536084,-0.075605,-1.048077,-1.186232,1.542975,1.491943,-1.279178,1.149725,-1.346006,-1.254213,-1.853575,-1.318932,1.085063,0.417278,0.453974,1.774298,-2.177761,1.832561,1.815972,1.337732,1.670327,0.113777,0.692290,-1.184496,1.180781,1.465117,1.103347,0.798239,2.627615"
DB00496,"-1.336559,-0.717117,-0.056721,-0.551902,0.117349,0.129220,-0.147087,0.318740,-0.998883,2.088239,-0.006957,-0.789759,-1.634065,0.139748,1.102905,-0.074448,0.342208,-0.428915,0.962663,-0.717549,0.346237,-0.261949,0.521933,0.542423,-3.062126,1.476375,-0.359369,-2.139334,0.600101,0.637172,0.219800,-0.215170,-0.060297,0.646943,-0.099611,-0.880311,-1.203525,-0.442283,0.354078,0.961355,1.351030,-1.295784,-0.112699,0.224387,-0.171332,-2.235037,-0.016114,-0.969515,-1.017636,-1.206699,1.264068,-1.783177,0.028088,2.104612,-0.119880,0.012401,-1.081924,1.624168,-0.686814,-0.158990,0.453862,0.037933,-0.019650,1.006158"
DB00202,"1.605700,-0.588125,0.621160,-0.040295,0.529958,1.210095,-0.768942,-2.057213,1.993815,-0.926639,-0.573599,-1.111748,0.318495,0.321557,-0.033972,-0.515609,-1.265466,-0.144194,-0.541824,1.606939,-0.240322,-0.024413,0.453807,-1.076816,0.373290,1.652432,0.554836,-0.807242,0.173012,-1.972185,-0.677756,-1.070305,0.717668,-0.377841,-0.470939,0.654330,-1.394835,-1.232579,-1.537563,-2.318980,0.365973,0.341799,0.550343,-1.230267,-0.430334,-0.280367,-0.532382,1.512197,1.844755,-0.155247,-0.823994,0.495289,-1.574921,1.323350,0.605658,1.637301,1.593261,0.901156,0.811281,0.754545,-1.633095,0.448889,-0.173511,-0.632924"
DB00802,"0.774390,-0.436091,1.245680,0.868581,1.189118,1.230322,-0.681954,-1.006444,0.457451,0.440276,-1.731788,-1.835928,0.407123,0.724173,0.417027,-1.267181,-2.143608,-1.987051,0.110446,1.997721,-0.087396,-0.828132,1.097037,-1.141712,-0.682563,1.420077,0.939859,-0.388751,-0.669801,-0.908836,-1.249799,-0.416905,0.636230,-0.033975,-1.215305,1.206123,-1.513149,-2.291727,-1.318489,-0.324634,1.363186,-0.534288,1.200437,-1.004643,-1.173888,-0.837728,-1.209131,0.927442,1.669083,-0.427303,0.508502,0.851750,-1.859037,2.101479,1.175377,0.496772,1.500497,1.622688,1.665682,0.245980,-0.635892,1.188995,0.788550,0.576507"
DB00913,"-0.515895,1.159144,-1.354400,-0.921712,-1.399499,-1.313279,0.779399,0.360112,0.140666,-0.042630,0.730207,0.753068,-0.854724,-1.315708,-0.305980,1.380202,0.954654,1.058173,-0.667431,-0.798993,-0.246536,-0.360791,-0.441525,1.238829,0.048872,0.526179,-0.739988,-0.756981,0.856649,0.991931,1.310385,0.790851,-1.201389,-0.478714,1.386877,-1.015736,0.873641,0.394053,1.127257,0.447213,-1.310729,0.228809,-1.354565,1.299183,1.390227,0.343848,1.366804,-1.034480,-0.990354,-0.277807,-0.698332,0.405305,0.306672,-0.902527,-1.333903,-0.361423,-1.064584,-0.679464,0.641468,-1.266750,-0.684393,-1.385210,-1.347474,-0.832529"
DB01081,"0.089891,-0.416083,0.300877,-0.268381,0.261130,0.968742,-0.825075,-1.481384,0.863366,-0.269806,-0.375853,0.061002,-0.004473,0.035623,0.385691,-0.261965,-1.078326,-0.129394,0.198368,1.182229,0.806788,0.375427,1.485930,-0.473380,0.113172,1.752166,-0.158948,-0.407729,0.488621,-1.427466,-0.310194,-0.965990,-0.179032,-0.876058,-0.239520,0.364065,-2.219691,-1.337509,-1.131136,-0.701153,0.560273,-0.472029,0.230466,-0.713557,-0.209929,-0.763947,-0.210481,0.775866,0.920709,-0.575674,-0.590724,0.354021,-1.607906,1.111379,0.196680,1.134209,1.202055,1.732891,0.773972,0.502329,-1.711006,0.225878,-0.241594,-0.999385"
DB01433,"0.045215,-0.401909,0.251218,-0.221780,0.216873,0.956025,-0.806864,-1.331596,1.025605,-0.205441,-0.371532,0.002507,-0.060874,-0.002446,0.311278,-0.215904,-1.089783,-0.177806,0.188422,1.185870,0.718954,0.357070,1.423996,-0.414573,-0.003255,1.725639,-0.168503,-0.438530,0.459521,-1.326922,-0.254461,-0.867036,-0.214675,-0.792688,-0.193569,0.306686,-2.179554,-1.291816,-1.053934,-0.674604,0.624606,-0.477029,0.177607,-0.670331,-0.164221,-0.816763,-0.166650,0.702630,0.843685,-0.495550,-0.552569,0.305107,-1.666803,1.036022,0.149075,1.043722,1.093871,1.711800,0.785015,0.426069,-1.685863,0.179002,-0.318407,-0.945530"
DB01227,"-0.168841,-1.586964,1.013290,-0.167065,1.148721,2.082447,-2.402600,-0.427997,1.172794,0.426589,0.670480,-0.206074,0.556822,0.999189,1.309090,-1.024370,-0.494084,-0.754928,0.775677,0.339094,0.496609,1.639382,1.797289,-0.971663,-0.963235,0.363903,-0.325640,0.066758,-0.287177,-1.574811,-1.014600,-1.550349,0.824628,0.345935,-1.050730,0.377893,-0.743482,0.017391,-1.325924,0.113800,1.526739,-1.983185,0.988015,-1.172321,-1.082132,-1.857432,-0.969098,0.962933,0.377107,-1.461788,0.709042,-1.316040,0.351446,0.078879,0.941044,0.714547,1.143601,2.246653,-1.154600,1.541665,-0.183086,0.993989,-0.188583,0.972809"
DB06274,"-0.523596,0.943918,-1.283630,-0.853438,-1.307969,-1.182949,0.699699,0.385168,0.113240,0.110885,0.610816,0.660357,-0.917038,-1.170572,-0.233997,1.294396,0.902940,0.950018,-0.540056,-0.787035,-0.255023,-0.342113,-0.375755,1.185609,-0.192196,0.549141,-0.702389,-0.739550,0.802981,0.946359,1.255953,0.766771,-1.147654,-0.493520,1.301921,-0.978991,0.666615,0.358550,1.053576,0.379119,-1.103986,0.135191,-1.287684,1.209521,1.297172,0.136749,1.280282,-1.018747,-0.969567,-0.262466,-0.597814,0.222586,0.164050,-0.677158,-1.266426,-0.381772,-1.069908,-0.472121,0.509509,-1.236562,-0.633622,-1.301175,-1.261658,-0.766194"
DB01116,"1.544125,-1.089128,0.154945,0.598768,0.235712,0.709622,-0.166158,0.859211,2.335599,0.315888,-0.907673,-0.459500,-0.321320,-0.264933,0.380210,-0.253552,0.575761,-1.374293,-0.582645,0.253595,-2.871626,-1.471422,-0.510448,-0.383371,-0.848878,-0.541794,-0.387407,0.843324,-0.314487,-0.255589,-0.265794,-0.922815,1.512449,-1.712104,-0.152488,0.920420,0.889405,-0.784195,-1.222248,-1.508392,0.854420,0.501019,0.197030,-1.211167,-0.202908,-0.324371,-0.332285,0.746759,0.848477,1.217715,0.543619,0.011730,-0.271497,1.298726,0.290876,0.987562,0.724931,0.216116,-0.720319,0.899119,1.047764,0.190627,1.099875,-0.218183"
DB01090,"1.345174,-1.025432,0.069194,0.444927,0.157978,0.720058,-0.116016,0.964294,2.367387,0.440776,-0.852836,-0.413396,-0.318835,-0.354157,0.437524,-0.176251,0.655959,-1.363101,-0.596405,0.213975,-2.759196,-1.410649,-0.490414,-0.244437,-0.827603,-0.457558,-0.433173,0.775821,-0.050238,-0.155308,-0.157560,-0.804156,1.334697,-1.681268,-0.076284,0.986910,0.868496,-0.692703,-1.088245,-1.729467,0.842153,0.388098,0.101031,-1.045661,-0.127084,-0.337807,-0.237574,0.572443,0.697050,0.937917,0.583935,-0.039434,-0.309058,1.130638,0.184505,0.728338,0.627688,0.335349,-0.528290,0.872575,1.015207,0.114152,0.928184,-0.227612"
DB06595,"-1.778394,1.832939,0.213077,-1.390881,0.189466,0.130971,-0.150175,0.352888,0.056002,3.098761,1.750915,0.197520,-1.130987,-0.099160,-0.285508,-0.319239,-0.358658,-1.099824,2.306491,0.630144,0.432705,-0.902996,1.074560,0.798325,-0.661673,-1.260930,-0.251006,-0.466296,-0.221725,1.282529,0.021187,0.829778,-1.249794,-1.192826,-0.410297,0.539552,1.710371,1.444808,1.625314,0.364166,0.894931,-1.032136,0.332402,1.579172,-0.370158,-0.406722,-0.016315,-1.935396,-1.853549,-3.870398,1.268445,1.028449,1.361967,-1.144363,0.041909,-1.997837,-0.723674,0.366747,0.147340,-1.107926,0.415124,0.362416,0.087000,0.140402"
DB05018,"0.890173,0.638648,0.155586,1.300931,-0.012269,-1.119424,1.606592,-0.069588,-0.364885,-1.132477,-1.042744,-0.518980,0.850846,0.538508,-1.207056,-0.070073,-0.442674,0.015075,-0.857937,0.501765,0.288953,-1.131168,-1.324830,-0.392294,0.796438,0.203431,1.200937,0.851268,-1.475518,0.727722,-0.270668,1.746855,-0.372512,0.697623,-0.042656,0.543751,0.239482,-0.663903,0.551099,0.181189,-0.722058,1.666530,0.177971,0.524572,-0.037959,1.788013,-0.184695,0.107162,0.230056,1.195403,-1.234159,1.376361,-0.129035,-0.065051,0.273005,-0.385518,-0.161980,-1.923613,0.962145,-1.226932,0.489550,0.085976,0.086171,0.132238"
DB00744,"-0.918973,1.542908,-0.333451,-0.866247,-0.425204,-0.609409,-0.286563,-0.094450,0.555403,1.623630,2.070867,1.867696,-0.599182,-0.319451,-2.402173,0.352527,0.216617,1.046099,2.044122,-0.510223,-0.079909,0.480615,0.713538,0.721899,0.856397,-1.166219,-0.495843,-0.655784,-0.031948,0.125402,0.423268,0.165272,-0.806870,-0.754177,0.277801,-0.287921,1.329882,2.110807,0.833156,0.605094,-0.619133,-0.300287,-0.259316,0.784474,0.356294,0.633000,0.421633,-0.491680,-1.302711,-0.956117,1.377402,0.027616,0.676892,-1.402464,-0.339295,0.519776,-0.768758,-0.641805,-0.836561,-0.151753,-0.260306,-0.274545,-0.383563,-0.215993"
DB00190,"0.789918,0.391224,0.264446,1.023218,0.129793,-0.572771,1.329703,0.399710,0.254472,-0.717504,-1.109347,-0.633456,1.252500,0.286674,-0.815041,-0.227121,-0.324547,-0.443800,-1.170901,0.551851,-0.433290,-1.428551,-1.080521,-0.411199,1.162191,0.287281,1.125395,0.459048,-1.029139,0.622994,-0.365411,1.301435,-0.012939,0.212647,-0.171904,1.165189,0.538346,-0.954556,0.194815,-0.322946,-0.685439,1.492567,0.283825,0.200355,-0.174546,1.654610,-0.302995,0.201838,0.286486,0.984953,-0.743706,1.496772,-0.368903,-0.296025,0.352598,-0.562764,0.239713,-1.680958,1.316155,-0.666714,0.871690,0.222626,0.143981,0.375186"
DB00449,"-0.531121,1.147508,-1.353502,-0.928115,-1.396919,-1.314063,0.793153,0.389502,0.084905,-0.087584,0.729453,0.735653,-0.839599,-1.304858,-0.248348,1.379739,0.960449,1.053644,-0.676073,-0.791104,-0.191691,-0.336900,-0.432234,1.240373,0.064762,0.511083,-0.743787,-0.698804,0.885570,0.975690,1.309269,0.779759,-1.176749,-0.431453,1.386500,-1.031854,0.877756,0.389800,1.119383,0.483408,-1.329668,0.228899,-1.354450,1.280934,1.390155,0.347148,1.366603,-1.019662,-0.969976,-0.237570,-0.694391,0.403480,0.314688,-0.900362,-1.331894,-0.385360,-1.077813,-0.666291,0.658450,-1.245314,-0.676177,-1.386112,-1.349787,-0.844508"
DB00337,"0.104892,0.172706,-0.938472,-0.252388,-0.884258,-0.591049,0.351388,0.604442,-0.556265,-0.158069,0.416042,0.635591,-0.580848,-0.501723,0.319142,0.949076,0.904424,0.758799,-1.297140,-1.096251,-0.421828,0.646406,-0.248151,0.669178,-0.124898,-0.717103,-0.845975,0.438895,0.907041,0.486654,0.897884,0.683699,-0.648526,-0.538587,0.952371,-0.906945,0.021903,0.459859,0.817716,1.040164,-0.528698,-0.492449,-0.962050,0.408778,0.931719,-0.336514,0.868169,-0.612143,-0.607488,-0.054706,-0.500317,-0.293058,0.982375,-0.492429,-0.880076,-0.592303,-0.788588,-0.133846,-0.254369,-0.671209,-0.233265,-0.957689,-0.984569,-0.549010"
DB00651,"0.551589,0.000172,0.318582,1.228556,0.234940,-0.372517,1.380940,0.088731,0.142193,-1.085685,-1.233546,-0.614254,0.896322,0.678560,-0.515057,-0.281852,-0.531512,-0.470276,-0.493496,0.737577,0.552269,-0.700499,-1.161689,-0.429166,0.515024,-0.076157,1.049261,1.181213,-0.853300,0.329040,-0.376668,1.296358,-0.062126,0.985537,-0.255565,0.707936,-0.407018,-0.311853,0.235363,-0.580935,-0.043561,1.406739,0.314564,0.192978,-0.260436,1.213709,-0.350340,0.247744,0.405497,0.949022,-1.162946,0.800273,-0.533450,0.366566,0.388475,-0.733257,-0.091965,-0.934940,0.895393,-0.646250,0.441482,0.290447,0.306233,-0.017655"
DB00323,"1.445840,-0.158135,1.306584,1.197348,1.085634,0.998724,0.176661,-0.775324,1.792681,-1.297867,-1.583869,-1.168804,2.424171,0.924074,-0.885435,-1.192702,-1.964407,-0.803884,-1.453941,1.982478,-0.369062,-1.059732,0.229083,-1.625377,2.381862,1.352802,1.617601,0.057534,-0.909952,-1.214967,-1.442417,0.198679,0.972281,-0.154003,-1.111279,2.227743,-0.794721,-2.690740,-1.329373,-1.215625,-0.224875,1.392458,1.281829,-1.217955,-1.071815,1.349381,-1.259527,1.628611,1.595769,0.895554,-1.336778,2.356107,-1.157672,0.062858,1.352802,0.608495,2.048799,-0.876783,2.566211,0.368571,0.090713,1.141315,0.157341,0.628488"
DB00494,"0.551060,0.524957,0.245174,-0.552670,0.087077,0.218961,-0.415894,-1.922351,-0.065660,-0.884862,0.291387,-0.252156,0.265765,-0.288091,0.013835,-0.114948,-1.162301,0.506363,-0.571585,1.055255,0.754198,-0.068845,1.070017,-0.440021,0.888931,1.941213,-0.098458,-1.325525,0.401095,-1.322052,-0.312227,-0.601544,0.024844,-0.422495,-0.114640,0.068241,-0.964041,-1.367592,-0.813109,-0.392289,-0.814944,-0.101251,0.173650,-0.344693,-0.045796,-0.065925,-0.075068,0.827679,1.008821,-0.661844,-0.601432,1.020991,-0.455812,0.528964,0.201969,1.589715,1.103774,0.626040,1.389614,0.331092,-1.834409,0.058945,-0.730077,-0.656855"
DB01223,"-1.302092,0.675778,-0.265647,-1.130996,-0.251416,0.290585,-0.111284,-0.137802,0.459677,1.321075,1.545143,1.313580,-0.903906,-0.268712,-0.318507,0.206266,0.435850,0.122480,2.093905,-0.098714,0.418894,0.353602,0.640048,0.755081,0.327348,-1.353937,-0.995914,0.174714,0.299420,0.197857,0.374097,-0.321105,-0.559647,-1.181503,0.145971,-0.208692,0.888834,2.345527,0.783101,-0.360411,0.217473,-0.267558,-0.196032,0.614355,0.192726,-0.090889,0.359147,-0.592070,-1.081366,-1.384688,0.604193,-0.274671,0.616543,-0.713426,-0.323619,-0.668824,-0.589124,0.396945,-1.122657,-0.216377,-0.140959,-0.153987,-0.300861,-0.876777"
DB00820,"2.174289,-0.063502,0.986846,1.878134,0.834897,-0.247762,1.119637,0.306526,0.105380,-1.141037,-1.504403,-1.342413,1.505463,0.566674,-0.861452,-0.945895,-0.735613,-1.210608,-1.128852,1.090233,-1.897859,-2.211442,-1.276112,-1.232903,0.837441,-0.378325,1.171571,1.326975,-2.122078,0.059994,-1.184294,0.780362,1.367681,-0.256525,-0.864262,1.616056,1.401806,-1.743810,-0.926859,-0.180156,-0.233007,1.809716,1.062013,-0.791469,-0.868380,1.827647,-1.086720,1.084093,1.388836,2.019978,-0.180105,1.857706,0.102200,0.599401,1.183925,0.437018,1.046444,-1.893265,1.176288,0.037371,1.711176,0.923889,1.538141,0.699383"
DB00465,"1.242867,-0.576290,1.594274,2.332883,1.505453,0.428962,1.169326,-0.234536,1.614304,0.268291,-1.673846,-0.945051,1.329669,1.823581,-2.249486,-1.592132,-0.650031,-1.461677,1.478978,1.538705,0.294329,-0.991724,-1.424500,-1.442890,0.941664,-2.113107,2.285988,2.463128,-1.762929,-0.157799,-1.548087,0.474063,0.927267,1.760145,-1.570535,2.473155,-0.573648,0.338794,-0.828405,-3.315377,1.550582,2.377828,1.635654,-0.650803,-1.581372,1.891609,-1.685658,0.998222,1.418257,0.761110,0.634784,-0.208049,-1.376698,1.558453,1.655350,0.376111,0.529236,-0.483358,-0.731798,1.072091,2.236366,1.695291,3.296592,0.571602"
DB00573,"2.125506,-0.617039,1.263158,2.511412,1.190517,0.501735,1.889843,0.244111,3.141548,-0.929781,-2.034852,-1.954321,1.624644,1.591248,-1.496826,-1.237540,-0.570467,-1.958153,-0.005354,1.906672,-0.057216,-1.795570,-2.777801,-1.583166,0.357072,-0.986075,2.139591,2.677112,-2.096215,0.301585,-1.359475,1.220856,0.891708,2.114195,-1.163582,2.340588,0.292049,-0.157572,-0.281461,-3.494101,1.388979,3.164323,1.302332,-0.346306,-1.201850,2.243739,-1.379312,1.046668,1.424101,1.786067,-0.937738,0.343597,-2.051671,0.597203,1.423996,0.043965,0.383784,-1.227281,-0.223327,0.179336,1.803478,1.265599,2.123181,0.285096"
DB00991,"1.829827,-0.471927,1.256441,2.486636,1.169006,0.426874,1.972510,0.214051,2.591288,-0.814112,-2.118047,-1.929420,1.671208,1.570983,-1.464772,-1.233919,-0.836734,-1.969563,-0.148258,1.852114,-0.006281,-1.761871,-2.564140,-1.473900,0.558453,-0.890583,2.353733,2.319120,-2.097058,0.393299,-1.330081,1.421847,0.635304,2.228449,-1.164993,2.319352,-0.003334,-0.316507,-0.176915,-3.153565,1.210642,2.870813,1.287600,-0.234909,-1.195544,2.199339,-1.355782,0.869401,1.300256,1.537945,-0.801771,0.591386,-2.047371,0.582225,1.387258,-0.272550,0.395214,-1.212823,0.176884,-0.019485,1.673904,1.260406,1.863426,0.432264"
DB01009,"0.898026,-0.557025,1.041519,1.852789,1.034382,0.606572,1.777420,0.706663,2.006096,-0.283964,-2.231878,-1.494046,1.202055,1.248852,-1.160809,-1.096566,-0.484114,-1.968427,-0.005733,1.676474,0.441524,-1.587131,-1.884344,-0.960326,0.380706,-1.044583,2.045695,2.355975,-1.584289,0.581053,-0.999845,0.918313,0.478743,2.174112,-1.029941,2.097609,-0.715131,-0.120170,-0.156710,-4.352365,1.301121,2.395534,1.032003,-0.047323,-1.068351,1.635063,-1.124692,0.458347,1.068877,0.894476,-0.362224,-0.142330,-2.244582,0.920094,1.066252,-0.966336,0.232293,-0.479392,0.074523,0.419894,1.664616,1.119761,1.919726,0.320806"
DB01163,"-0.635139,0.673702,-1.211464,-0.955072,-1.218599,-1.029740,0.509685,0.409378,-0.049893,-0.223249,0.781308,0.823432,-0.587165,-1.274228,0.309682,1.217943,0.955273,0.839437,-0.349983,-0.655238,0.071808,0.050080,-0.279929,1.125960,0.174058,0.330922,-0.874336,-0.548603,1.089065,0.786621,1.193421,0.625497,-1.000481,-0.084582,1.217530,-0.910436,0.770145,0.617845,1.023460,0.701689,-1.060678,0.167651,-1.214672,1.044847,1.220504,0.251287,1.219700,-0.878455,-0.819506,-0.190977,-0.956396,0.329419,0.110250,-1.076008,-1.217361,-0.518685,-0.997030,-0.452262,0.345902,-1.025019,-0.659108,-1.211317,-1.238992,-0.793203"
DB00229,"0.262318,0.260696,0.040485,0.821481,-0.035198,-0.655208,1.270807,0.462970,-0.927160,-1.131143,-1.196308,-0.230998,0.911976,0.296724,-0.448389,-0.030013,-0.347412,-0.187005,-0.882129,0.550413,0.818694,-0.862737,-0.950080,-0.108252,0.848223,0.208526,0.854622,1.173825,-1.130323,0.806323,-0.062019,1.191214,-0.301042,0.598340,-0.006128,0.455763,-0.146426,-0.397942,0.484978,-0.612437,-0.634297,1.526856,0.042498,0.413568,-0.002937,1.509623,-0.051589,-0.034435,0.203020,1.180061,-1.247994,0.933040,-0.809498,-0.367480,0.064299,-0.926879,-0.034023,-1.481712,0.590124,-0.656941,0.480715,0.046930,0.149004,0.010342"
DB00267,"0.626020,0.433130,0.015065,0.863693,-0.091395,-0.805471,1.340829,0.099639,-0.027989,-1.069723,-0.810534,-0.438844,0.928338,0.294312,-0.829813,0.034197,-0.220469,-0.069265,-0.749561,0.551345,0.522796,-0.862248,-1.275802,-0.207479,0.844602,0.117114,0.985915,0.817757,-0.876669,0.695873,-0.076550,1.466372,-0.381552,0.923390,0.058819,0.474514,0.318184,-0.221104,0.591645,-0.254463,-0.627367,1.616988,0.029341,0.467401,0.059029,1.662414,-0.036717,0.003776,0.132096,1.068734,-1.328650,1.070396,-0.606432,-0.474857,0.081623,-0.611554,-0.221064,-1.560597,0.750084,-0.893324,0.395792,-0.010895,0.022794,0.048293"
DB00274,"0.809307,0.478954,0.048960,0.970437,-0.070558,-0.919886,1.367530,0.002520,-0.092769,-1.306073,-0.825456,-0.464848,0.940355,0.363158,-0.958677,0.018115,-0.248869,0.031286,-0.771221,0.600393,0.580040,-0.876808,-1.367935,-0.303385,0.790838,0.142548,0.958635,0.926856,-1.106998,0.657621,-0.131579,1.506028,-0.292284,0.971282,0.041366,0.357168,0.410862,-0.267541,0.578851,-0.067291,-0.638059,1.787499,0.068214,0.456396,0.043737,1.764280,-0.072176,0.107848,0.196904,1.277469,-1.482972,1.099871,-0.528383,-0.464967,0.135839,-0.475486,-0.228036,-1.741956,0.699561,-0.961524,0.398503,0.006914,0.091722,0.045300"
DB00948,"-0.618286,0.672942,-1.206901,-0.964227,-1.214665,-1.034323,0.502291,0.430714,-0.050697,-0.205118,0.795569,0.814212,-0.570108,-1.274477,0.275144,1.214439,0.944936,0.851704,-0.368122,-0.648184,0.074083,0.050273,-0.267671,1.117739,0.201951,0.344302,-0.879325,-0.596877,1.083038,0.784703,1.188544,0.639925,-1.003776,-0.056492,1.213829,-0.893580,0.782923,0.609704,1.028227,0.723893,-1.071663,0.177366,-1.209435,1.038242,1.216494,0.275303,1.214752,-0.874343,-0.813989,-0.189086,-0.963451,0.328217,0.097053,-1.115833,-1.212081,-0.513711,-0.997325,-0.461567,0.338292,-1.018409,-0.627211,-1.206997,-1.237269,-0.762824"
DB04570,"0.774530,0.428640,0.026130,0.915188,-0.085388,-0.814379,1.338162,0.090897,0.034297,-1.185673,-0.790416,-0.476705,0.928004,0.301334,-0.890752,0.031833,-0.193049,-0.051552,-0.746798,0.595375,0.479419,-0.895337,-1.345346,-0.262338,0.766314,0.132833,0.918909,0.904925,-0.993307,0.665392,-0.103286,1.462278,-0.295979,0.899479,0.058231,0.435083,0.449366,-0.236614,0.575907,-0.221093,-0.577708,1.707910,0.043354,0.455426,0.059264,1.685322,-0.051384,0.072663,0.172337,1.223351,-1.371471,1.069022,-0.560863,-0.483298,0.108257,-0.519421,-0.221983,-1.627632,0.736087,-0.924842,0.395232,-0.011017,0.043323,0.035549"
DB01393,"-1.035117,0.772841,-1.012730,-0.850690,-0.985161,-0.786398,0.345597,0.810686,-0.457768,0.345143,-0.085282,0.904894,-1.384700,-0.844118,0.055523,0.938375,0.968459,0.629629,0.251612,-0.530019,0.484412,-0.125733,0.249551,1.240341,-0.245873,0.051782,-0.873460,0.508991,0.720743,1.020763,1.099363,0.008887,-0.766197,-0.971495,0.936012,-0.835740,-0.013679,0.381706,0.670212,-0.780239,-0.446761,-0.004465,-1.030358,1.007147,0.938858,-0.056705,1.019457,-1.117337,-0.627942,-0.122186,-0.125147,-0.320395,-0.094533,0.222496,-1.086190,-0.871350,-0.934287,-0.014468,0.212453,-0.482698,-0.195261,-0.934339,-0.213354,-0.936613"
DB09030,"0.041749,-0.511773,0.064084,-0.918176,0.134874,0.736030,-0.799352,1.265358,0.236692,1.105037,1.434231,1.027347,0.576235,-0.347914,0.031820,-0.088784,0.222926,0.012928,0.447635,0.211098,0.118648,1.067791,0.589253,0.082904,1.530305,-2.110231,-0.599452,-0.805787,0.002577,-0.109664,0.106951,0.001669,-0.246362,-0.524247,-0.146150,0.523202,0.226290,1.567197,0.648823,0.873696,1.025605,0.392481,0.124017,-0.569549,-0.147004,0.273715,-0.044480,-0.286320,-0.492913,-1.184532,0.134822,0.068970,-0.506069,-2.086195,-0.002233,-1.281155,-0.277290,-0.104698,-1.741394,0.518252,1.285358,0.192595,0.753902,0.203220"
DB01597,"-0.570410,1.109244,-1.333578,-0.908999,-1.367994,-1.266721,0.749261,0.505041,-0.015420,-0.110709,0.639338,0.747685,-0.842697,-1.266664,-0.238000,1.350589,0.952970,1.021239,-0.695917,-0.794395,-0.136317,-0.342816,-0.414369,1.253566,0.042102,0.559109,-0.767223,-0.644693,0.844197,0.987601,1.302715,0.733729,-1.147632,-0.517776,1.353673,-1.007083,0.772133,0.387329,1.072765,0.383039,-1.325363,0.219526,-1.338724,1.269055,1.357503,0.337946,1.351767,-1.025870,-0.937842,-0.212013,-0.664226,0.313088,0.256921,-0.877852,-1.325513,-0.437447,-1.024285,-0.665083,0.641419,-1.168336,-0.651121,-1.355856,-1.292804,-0.851434"
DB01261,"-0.363111,-1.673308,0.898719,1.531667,1.032875,0.984444,0.440941,0.545246,-1.286963,-0.068769,-2.607089,-0.653303,0.301754,1.548288,0.756877,-1.025960,-0.341144,-0.865293,0.314490,0.319915,1.307729,0.252379,-0.407799,-0.656893,-0.282352,-1.295093,1.310785,1.602064,-0.715827,0.219418,-0.732646,-0.351662,0.829761,0.610326,-1.002576,0.751324,-2.414683,-0.469149,-0.449096,-1.502588,1.988299,0.724390,0.869322,-0.908278,-1.064965,-0.520990,-1.037867,0.241281,0.808627,1.132942,-0.007347,-0.928865,-1.351788,2.149867,0.834770,-1.387564,0.045835,0.350521,-0.547854,0.543178,1.464455,1.057411,1.961087,0.542170"
DB00987,"0.007902,-0.223439,-0.766160,-0.129435,-0.667851,-0.246354,0.084864,0.784767,-0.944112,-0.387062,0.278993,0.612418,-0.323365,-0.398377,0.900532,0.752114,0.854640,0.420452,-1.356617,-1.100484,-0.288613,1.071592,-0.027247,0.548821,-0.106274,-0.919504,-0.864044,0.827327,1.070471,0.331972,0.758939,0.423672,-0.453295,-0.340249,0.748385,-0.797426,-0.304890,0.549349,0.658001,1.162192,-0.223262,-0.690628,-0.812159,0.104044,0.728859,-0.425034,0.699075,-0.540558,-0.451875,0.178036,-0.342636,-0.563164,0.929941,-0.553338,-0.749045,-0.839226,-0.571757,0.122337,-0.399318,-0.213022,-0.089751,-0.759369,-0.827073,-0.550850"
DB00385,"-0.499639,1.042042,-1.301997,-0.930111,-1.341664,-1.223265,0.667197,0.243080,0.048525,-0.121274,0.760623,0.755355,-0.793136,-1.296936,-0.170828,1.326783,0.981353,1.036952,-0.556353,-0.773839,-0.148300,-0.229670,-0.378596,1.183976,0.089422,0.503667,-0.775493,-0.739224,0.921663,0.886167,1.258328,0.688985,-1.126995,-0.424746,1.330779,-0.996581,0.880246,0.502332,1.048889,0.538678,-1.264317,0.186606,-1.301515,1.200447,1.333568,0.340192,1.316166,-0.951617,-0.895077,-0.291058,-0.716145,0.359654,0.323308,-0.929015,-1.288151,-0.300310,-0.983186,-0.588902,0.531377,-1.181878,-0.702491,-1.325439,-1.312163,-0.841402"
DB00978,"-0.083271,-1.067691,0.280430,0.281533,0.480326,1.526171,-1.878016,0.735901,1.180787,-0.101003,0.604113,0.548601,0.119852,0.945849,0.296727,-0.277171,0.865386,0.915654,0.761729,-1.609666,-0.002516,2.847357,0.052615,-0.548784,-0.755569,-1.835119,-0.651530,1.081436,0.668011,-1.126619,-0.374161,-1.861290,1.647875,1.067970,-0.307208,-0.977981,0.419189,1.562045,-0.698375,-0.081481,0.580070,-1.751231,0.284394,-1.036357,-0.359055,-1.154254,-0.393176,0.985519,0.153192,0.862102,1.372714,-2.481921,2.615347,-1.246192,0.408194,0.884892,-0.041783,0.552450,-2.094908,2.000372,0.671149,0.286888,-0.202197,1.176189"
DB00317,"-1.280460,1.249900,-0.332440,-1.118767,-0.292762,-0.840389,0.093640,0.684147,-1.274024,1.377516,0.611989,-0.205976,-1.494948,-0.876066,0.119437,0.235967,0.298158,0.060042,0.754909,-0.316376,0.694295,-0.843487,0.416802,0.929728,-1.506392,1.028097,-0.817284,-1.395377,0.552242,0.983749,0.457819,-0.240349,-0.229846,-0.164347,0.190836,-0.967056,0.243997,-0.295643,0.736519,0.495611,-0.115894,-0.768591,-0.332013,1.166389,0.209794,-0.757250,0.414230,-1.185776,-0.912089,-0.812848,1.366512,-0.604519,0.718511,0.447113,-0.438144,-0.023511,-0.788506,0.260927,0.442701,-0.210964,-0.252567,-0.268831,0.241739,0.526742"
DB00884,"-0.808686,0.333653,-1.016196,-0.621229,-0.960701,-0.413185,0.667289,0.823335,0.444608,0.053515,-0.058098,0.679197,-0.811402,-0.895895,0.409994,0.956261,0.882570,0.257531,-0.129229,-0.506242,0.139923,-0.092800,-0.437395,1.085901,-0.241533,0.039525,-0.660633,-0.031838,1.272179,0.789544,1.061787,0.282573,-0.704998,-0.236577,0.968207,-0.387776,0.057785,0.744736,0.693587,-1.402329,-0.480429,0.311361,-1.044097,0.866312,0.955634,0.058853,1.000255,-0.891695,-0.603535,-0.354707,-0.559445,-0.292102,-0.102971,-0.274292,-1.055525,-0.684027,-0.852753,0.099814,0.125832,-0.362565,-0.263402,-0.959676,-0.631929,-1.017251"
DB00378,"-0.748567,1.105037,-1.117612,-0.961365,-1.138285,-1.033301,0.552249,0.443998,-0.164135,0.321502,0.712338,0.683055,-0.835676,-1.182669,0.055649,1.110831,0.797967,0.678782,-0.213712,-0.608897,0.084969,-0.305198,-0.128370,1.176757,-0.072982,0.275914,-0.687501,-0.597975,0.816645,1.042350,1.122262,0.685284,-1.128987,-0.375493,1.105768,-0.856771,0.869583,0.467890,1.157278,0.703155,-0.885363,0.025950,-1.106612,1.265519,1.109457,0.143348,1.143169,-1.152795,-1.002000,-0.660420,-0.402477,0.421182,0.223471,-0.841521,-1.137029,-0.701241,-1.046917,-0.369631,0.608177,-1.174692,-0.464659,-1.108018,-0.994867,-0.652401"
DB00367,"-1.298887,0.047747,-0.576275,-0.854107,-0.478053,-0.334619,-0.153226,0.133242,-1.452602,0.210183,0.333653,0.708003,-0.661580,-0.620252,1.737475,0.469140,0.841329,-0.084799,0.753045,-0.540741,0.880639,0.549470,0.373317,0.885181,-0.066386,-0.359654,-0.855546,0.646439,0.832366,0.904292,0.687005,-0.062307,-0.657306,-0.122802,0.448251,-0.629420,0.411954,0.876510,0.723827,1.106800,0.031926,-0.631589,-0.576923,0.696668,0.449326,-0.481784,0.589743,-1.029213,-0.647827,-0.636032,-0.124015,-0.287028,-0.326033,-0.329658,-0.701222,-1.256290,-0.676706,0.605233,-0.397477,-0.394847,-0.149259,-0.455570,-0.098215,-0.504704"
DB00304,"-1.105621,0.130567,-0.178972,-0.899936,-0.158082,-0.363622,-0.640110,0.021456,-1.240558,0.996479,1.298308,1.385387,0.009545,-0.134609,-0.067777,0.154084,0.360623,0.442388,1.396426,-0.552353,0.778112,0.875819,0.809460,0.504662,0.820131,-0.981279,-0.431671,-0.374984,0.536454,0.148970,0.303320,-0.144165,-0.494809,-0.094297,0.092473,-0.129066,0.589945,1.696244,0.595635,1.536189,-0.342480,-0.347305,-0.135243,0.051541,0.118066,0.138937,0.226722,-0.365210,-0.802671,-0.885595,0.520039,-0.130765,0.248718,-1.104592,-0.260843,-0.329753,-0.391014,-0.056159,-1.441153,0.255452,0.127827,-0.080594,0.169684,-0.130734"
DB00957,"-1.110922,0.010781,0.000807,-1.195667,0.015094,-0.284514,-1.015844,0.090892,-1.455028,1.254849,1.808232,1.851000,0.116649,-0.286279,-0.263456,-0.042159,0.268433,0.462179,1.681529,-0.261275,0.725564,0.929444,1.300140,0.417576,1.518913,-1.306729,-0.640895,-0.693650,-0.236922,0.082076,0.182219,-0.338466,-0.584912,-0.594683,-0.124194,0.121387,0.711421,2.019620,0.659692,1.977923,0.024411,-0.095083,0.081008,-0.125725,-0.075105,0.299346,0.077164,-0.289218,-0.910693,-0.936765,0.512071,-0.036499,-0.514027,-1.518182,-0.128929,-0.465645,-0.169766,-0.292484,-2.300793,0.216144,0.290943,0.150178,0.547398,-0.066434"
DB00717,"-1.371152,0.306690,-0.312904,-1.102544,-0.241653,-0.149983,-0.222359,0.057576,-1.011682,0.818618,0.940687,0.785054,-0.596066,-0.373151,1.268183,0.206157,0.706485,-0.328255,1.165346,-0.240888,0.846172,0.317179,0.594921,0.780991,0.214705,-0.941602,-0.757839,0.583686,0.360659,0.931574,0.454289,0.054192,-0.742334,-0.547670,0.161140,-0.227753,0.920128,1.362934,0.981182,0.994215,0.194266,-0.557107,-0.265367,0.799397,0.175620,-0.338872,0.383568,-1.107792,-0.993820,-1.587400,-0.010610,-0.040435,0.105037,-0.767992,-0.448771,-1.495788,-0.547827,0.409881,-0.933045,-0.504900,0.078222,-0.171134,-0.023211,-0.349385"
DB09026,"1.839275,-0.255693,0.233651,0.515875,0.200564,-0.114702,0.224859,0.538727,0.795618,-0.028952,-0.668619,-1.033120,0.026501,-0.453938,0.007048,-0.266345,0.346976,-0.983104,-0.837562,0.259061,-3.006046,-2.027151,-0.873167,-0.456879,-0.258277,-0.149288,0.054050,-0.156160,-0.736984,-0.002530,-0.387243,-0.461110,1.517702,-1.058841,-0.172308,0.794682,2.004676,-1.205036,-1.128013,-0.580611,-0.213481,0.700292,0.306263,-0.897918,-0.200125,0.559216,-0.358919,0.720964,1.179949,1.491615,0.752920,0.917875,-0.006466,0.865808,0.399374,0.996614,0.679768,-0.884422,0.095236,0.488022,1.162408,0.209748,1.235502,0.203201"
DB00212,"2.008960,-0.089127,0.000791,0.544437,-0.060796,-0.240046,0.361561,0.565718,1.309586,-0.775401,-0.313118,-0.437397,0.250992,-0.807277,-0.249835,0.007822,0.587911,-0.516282,-1.221732,0.124166,-3.321232,-1.933511,-0.981257,-0.417747,0.357052,-0.323292,-0.452354,0.382230,-0.690250,-0.220188,-0.239263,-0.515632,1.599508,-1.625273,0.107190,0.682830,2.313274,-1.184362,-1.210853,-0.422896,-0.745922,1.054336,0.080685,-0.941974,0.090020,0.957450,-0.123261,0.977030,1.093945,1.948018,0.228930,1.147497,0.563510,0.227825,0.221715,1.431726,0.876065,-1.296984,0.119303,0.564566,1.044929,-0.061748,0.877449,-0.301743"
DB01590,"-0.592299,-1.010166,0.331459,-0.382037,0.492981,0.861987,-0.923351,0.940513,-1.774420,1.313749,0.830776,0.923733,-0.319397,0.372245,0.710909,-0.444177,0.196645,-0.495448,0.500714,-0.338680,0.218549,1.171633,0.975849,0.032866,-0.006799,-1.717073,-0.506806,-0.154013,-0.360371,-0.060855,-0.112819,-0.373259,0.071828,-0.721487,-0.513630,-0.042180,-0.706348,1.047611,0.380586,1.653754,1.334406,-0.975720,0.366703,-0.828281,-0.519124,-1.116961,-0.339124,-0.384836,-0.775171,-0.933444,0.799584,-0.789688,0.310326,-0.150651,0.224442,-1.164518,0.026733,0.437521,-2.553531,0.381362,0.763513,0.498637,0.597179,0.465601"
DB04711,"-0.514177,1.165519,-1.354078,-0.924355,-1.400343,-1.313275,0.790735,0.350475,0.124029,-0.062740,0.741685,0.752104,-0.841532,-1.321863,-0.306245,1.381282,0.971681,1.079074,-0.664866,-0.802132,-0.233080,-0.362093,-0.444496,1.239475,0.058565,0.532526,-0.745505,-0.775647,0.866033,0.991930,1.309063,0.793273,-1.197949,-0.471939,1.387006,-1.025219,0.895810,0.402216,1.128219,0.479559,-1.328907,0.240394,-1.354434,1.303378,1.390165,0.355923,1.367832,-1.032092,-0.983038,-0.294931,-0.703204,0.409936,0.326821,-0.925171,-1.333842,-0.352561,-1.068838,-0.687246,0.653810,-1.276592,-0.678610,-1.383935,-1.359019,-0.833078"
DB00877,"-0.490838,-1.068341,0.147196,-0.328279,0.314961,0.844181,-0.962413,0.960149,-1.341386,1.086941,0.635227,1.178286,-0.310000,0.349068,0.769402,-0.265320,0.339366,-0.452693,0.495691,-0.332597,0.136866,1.383603,0.906689,0.111208,0.243054,-2.149605,-0.586075,0.688847,-0.279256,0.015343,0.050801,-0.272162,-0.148198,-0.969054,-0.317847,0.015980,-0.543616,1.323537,0.446114,1.478585,1.368592,-0.884680,0.192911,-0.669193,-0.325211,-0.961448,-0.181856,-0.447616,-0.754602,-0.783202,0.352214,-0.684438,-0.011819,-0.347131,0.046573,-1.510940,-0.002546,0.549252,-2.623001,0.182508,0.664203,0.323184,0.610885,0.060543"
DB00996,"0.867549,-0.120637,0.324333,-0.647713,0.200304,0.662171,-0.958354,-2.800689,-0.123233,-1.495946,0.250844,0.188452,0.337800,-0.243688,0.756650,-0.208487,-0.679308,0.606147,0.044788,1.153937,0.897180,0.381140,1.311733,-0.703153,1.211271,1.680863,-0.415526,-0.092597,0.662440,-2.077114,-0.429729,-1.619424,0.153244,-1.394120,-0.201068,0.310775,-1.149635,-0.688482,-1.667054,-0.824234,-0.658962,-0.117483,0.285737,-0.977182,-0.139442,0.166760,-0.148802,1.453193,1.723602,-0.485502,-0.776166,0.732146,-0.881354,0.944961,0.239789,2.140904,1.944657,1.137707,0.476741,1.111317,-2.192870,0.190150,0.063665,-1.813315"
DB01058,"-1.272155,1.623263,-0.669611,-0.804849,-0.673590,-0.534159,0.201051,-0.163936,0.238845,0.928608,0.899958,0.962464,-1.437490,-0.820110,-0.305227,0.583162,0.743826,0.268163,1.507594,-0.348127,0.313860,-0.031471,0.400160,1.134811,-0.352420,-0.572800,-0.907697,0.610071,0.392718,1.085262,0.763227,0.225232,-0.923575,-0.612107,0.551032,-0.703118,1.278240,1.168072,1.063969,-0.247037,-0.040283,-0.586356,-0.639149,1.662446,0.603608,-0.180785,0.733039,-1.357371,-1.162365,-0.948157,0.571393,-0.129994,0.334156,-0.456254,-0.736186,-0.675593,-1.058084,0.233506,0.426079,-0.895683,-0.398980,-0.580924,-0.529051,-0.588935"
DB01594,"0.810413,0.442041,0.207200,-0.419513,0.047658,0.398003,-0.566400,-2.413691,0.562656,-1.425024,0.080529,0.185848,0.284466,-0.230458,-0.104621,-0.068687,-1.167715,0.715323,-0.487693,1.259894,0.740936,0.224146,1.185350,-0.608801,1.160031,1.746035,-0.206243,-0.463522,0.319761,-1.707151,-0.315125,-0.937837,-0.064117,-1.049344,-0.055588,0.149510,-1.329735,-1.216947,-1.152719,-0.784647,-0.620506,0.110798,0.159716,-0.562379,0.012959,0.185951,-0.042035,1.151320,1.339248,-0.282766,-1.205347,1.091627,-0.858086,0.437229,0.154651,1.809454,1.551266,0.642788,1.095003,0.450880,-2.189187,0.034638,-0.448905,-1.424749"
DB00546,"0.470054,0.480737,0.360750,-0.489577,0.225004,0.534884,-0.618758,-2.362106,0.281622,-1.033190,0.106262,0.126679,0.333020,-0.176881,0.248568,-0.264160,-1.219036,0.298463,-0.157474,1.355595,0.980758,0.104699,1.392734,-0.569330,1.038510,1.539908,-0.178211,-0.387590,0.353335,-1.517140,-0.427819,-0.891685,-0.158442,-1.075687,-0.259912,0.371641,-1.158130,-1.088181,-1.037506,-0.681633,-0.404713,-0.089996,0.327286,-0.407968,-0.190070,0.017179,-0.183443,0.923130,1.181958,-0.885000,-0.961858,1.138755,-0.865052,0.486451,0.269393,1.387488,1.502590,0.916279,1.156130,0.412913,-2.015031,0.231595,-0.204001,-1.287861"
DB01178,"0.864564,0.559784,0.133589,-0.391274,-0.033173,0.288767,-0.467160,-2.324642,0.821479,-1.453498,0.092850,0.154588,0.257485,-0.220382,-0.372635,0.012753,-1.146846,0.805669,-0.632665,1.225382,0.631689,0.213539,1.054442,-0.560488,1.152141,1.691499,-0.186333,-0.563884,0.300940,-1.612027,-0.244841,-0.753412,-0.064755,-0.972086,0.027070,0.056248,-1.230431,-1.222891,-1.007967,-0.830426,-0.641987,0.218324,0.086254,-0.453980,0.094351,0.237137,0.021370,1.081626,1.229975,-0.235590,-1.331739,1.092002,-0.724035,0.292058,0.097010,1.717010,1.410294,0.439100,1.179298,0.281205,-2.131380,-0.047304,-0.591829,-1.312172"
DB00480,"1.513801,-0.481934,0.536594,1.645020,0.493038,-0.046277,1.004597,0.305260,-0.225101,-1.041979,-1.188697,-0.845638,1.330536,1.169474,-0.491038,-0.479488,-0.401340,-0.461025,-1.258895,0.417339,0.284413,-0.022490,-1.303372,-0.927525,0.801482,-1.039957,1.094993,1.614743,-0.940064,0.187098,-0.614125,1.455765,0.250982,1.070743,-0.453191,0.805129,-0.366527,-0.204648,0.263253,0.137972,0.241280,1.268612,0.535115,-0.456322,-0.477873,1.241363,-0.637876,0.507643,0.673184,1.071419,-1.158139,0.565466,0.011092,-0.208631,0.663965,-0.683518,0.059365,-1.195274,-0.005948,-0.309658,1.076265,0.498812,0.562898,0.497590"
DB01342,"-0.217373,0.236134,-1.007170,-0.698819,-0.967258,-0.729485,0.633743,0.694496,0.702146,0.634086,0.132049,-0.005812,-0.899919,-0.814203,-0.268161,0.955668,0.776037,0.299692,-0.452495,-0.529933,-0.769444,-0.700190,-0.683002,0.954235,-0.640378,0.632605,-0.236467,-0.807954,0.774051,0.869819,1.050482,0.590185,-0.818499,-0.130173,0.987335,-0.310555,0.563527,0.381084,0.750409,-1.424987,-0.561962,0.261486,-1.018993,0.880990,0.961839,-0.028754,0.952133,-0.902182,-0.654719,0.105307,-0.190422,-0.253423,-0.807786,-0.183344,-1.009820,-0.508733,-0.945717,-0.230997,0.042206,-0.850691,-0.394341,-0.982631,-0.690167,-0.490306"
DB01347,"1.984214,-0.379492,0.047389,0.418645,0.021037,-0.057336,0.310819,0.672363,1.265137,-0.139053,-0.617075,-0.854673,0.114894,-0.693488,-0.238923,-0.080591,0.564412,-0.851983,-1.165905,0.175832,-3.344519,-2.097771,-1.079727,-0.391600,-0.085926,0.003411,-0.144257,-0.169858,-0.604029,-0.088781,-0.218093,-0.596432,1.536162,-1.415612,0.030113,0.925388,2.063868,-1.073127,-1.201417,-1.531329,-0.398218,0.972486,0.113956,-0.971629,0.001394,0.721236,-0.186661,0.842710,1.159759,1.862229,0.659421,0.803793,-0.156396,0.467408,0.225626,1.168903,0.836644,-1.037586,-0.093852,0.631793,1.029347,0.018228,1.044906,-0.048723"
DB01349,"-0.429790,0.392384,-0.851062,-0.776637,-0.802269,-0.599000,0.543877,0.743059,0.518356,0.981347,0.184092,-0.136669,-0.985341,-0.768385,-0.075378,0.780959,0.698876,0.009952,-0.120503,-0.405808,-0.557378,-0.827838,-0.477531,0.956031,-0.822153,0.551040,-0.200054,-0.748219,0.711603,1.014840,0.922461,0.560021,-0.835791,-0.143251,0.802616,-0.251648,0.708368,0.388734,0.842251,-1.079800,-0.277227,0.065360,-0.851234,0.948847,0.778664,-0.150678,0.815530,-1.063004,-0.725389,-0.326522,0.116485,-0.163631,-0.767253,-0.076542,-0.881424,-0.792648,-0.985616,-0.046041,0.218939,-0.910283,-0.219284,-0.802039,-0.477886,-0.344792"
DB00169,"-0.700444,0.769546,-0.626678,-1.081999,-0.611817,-0.974742,0.387199,0.542493,-0.881634,1.008407,0.674743,-0.096837,-1.077373,-0.793506,-0.042669,0.595036,0.492864,0.486557,-0.124229,-0.584542,0.165032,-0.733058,-0.165693,0.910732,-1.129695,1.185541,-0.501825,-1.781115,0.605640,0.847948,0.692124,0.290833,-0.399932,0.163894,0.569427,-1.062264,0.436410,-0.111197,0.812279,0.691782,-0.759723,-0.349950,-0.638584,0.944221,0.558239,-0.469667,0.657526,-0.967178,-0.906178,-0.891716,0.466726,-0.308239,0.666280,0.118277,-0.648299,-0.010232,-0.956861,-0.225256,0.110650,-0.503165,-0.203226,-0.623523,-0.512408,0.385698"
DB04855,"-0.131282,-0.003734,1.924920,0.260085,1.950392,1.389643,-1.483865,1.173611,0.483458,2.992633,0.873628,-1.089057,0.371869,1.688919,-1.179477,-1.943432,-1.231344,-1.047718,2.376415,0.546509,-0.811167,-0.660301,0.650094,-1.227824,-1.587413,-1.485165,1.271519,-0.588328,-2.117112,-0.637824,-1.831213,-0.849200,1.546915,0.036515,-2.035464,0.552401,1.013461,0.161927,-0.677386,2.307047,1.565676,-0.938660,2.078984,-1.327795,-2.067318,-0.691871,-1.888020,0.614704,-0.195180,-1.358860,3.344374,-0.169441,2.075562,0.826504,1.970932,0.307526,0.463528,-0.284929,-0.985264,1.403094,2.507603,2.014877,2.212357,2.499951"
DB09078,"-0.130988,-0.677586,-0.262214,-0.254333,-0.095163,0.467155,-1.938763,1.587292,-0.317473,-0.844220,0.571108,1.319080,-0.162231,-0.214610,0.702354,0.261158,0.884373,1.351189,-0.430047,-1.514567,-0.289946,1.970596,0.398007,0.036244,-0.331231,-0.653997,-1.109035,0.947496,0.012125,-0.778159,0.215529,-1.895615,1.103523,-0.581227,0.224899,-1.385677,-0.136337,0.540949,-0.784580,0.597123,-0.112100,-1.415752,-0.261509,-0.832727,0.190833,-0.817703,0.211831,0.627399,0.073516,1.727854,0.862530,-1.749671,1.530794,-0.921970,-0.235757,0.505701,0.224592,-0.261248,-1.632132,1.576934,0.146653,-0.249881,-0.010221,0.554601"
DB00626,"1.023468,0.535783,0.065820,1.128183,-0.075456,-1.020924,1.438556,-0.111099,0.132629,-1.295796,-0.824925,-0.547862,0.777711,0.417146,-1.159872,0.016183,-0.197195,0.063713,-0.688122,0.583555,0.323498,-1.025611,-1.538900,-0.370258,0.643317,0.116239,0.945927,0.980414,-1.289770,0.643788,-0.179207,1.525818,-0.227930,0.820099,0.042681,0.371732,0.574516,-0.287955,0.534693,-0.124810,-0.589270,1.832087,0.090263,0.468190,0.046357,1.784742,-0.097592,0.185032,0.276442,1.421409,-1.402539,1.091675,-0.339708,-0.194789,0.185663,-0.219603,-0.238258,-1.832980,0.643395,-1.064107,0.391965,0.004541,0.124822,-0.022066"
DB00491,"-0.580381,-1.625928,-0.397742,0.769058,-0.178971,0.459001,0.091765,-0.220405,-1.155609,-0.584916,-1.096741,-0.380914,-0.568120,0.738023,1.897790,0.344280,0.545577,0.374230,-0.400325,-1.545113,-0.042175,1.641363,-0.998932,0.114746,-1.565351,-1.109270,-0.169435,0.288070,1.679691,-0.106489,0.409313,-0.215652,0.436511,0.310337,0.358853,-0.929937,-1.395721,0.063906,-0.109908,0.344016,0.584424,-1.104350,-0.456887,-0.307570,0.276150,-1.972049,0.233501,-0.264380,-0.176640,0.826002,-0.200545,-1.588972,1.232196,0.611278,-0.357641,-0.457746,-0.609131,1.203430,-0.550417,0.145827,-0.180665,-0.389884,-0.453248,-0.205133"
DB00244,"1.329045,-0.381911,0.704865,1.871972,0.679290,-0.112918,1.700043,0.932493,0.139877,-1.554308,-1.836431,-1.310972,1.393889,0.809500,-0.815507,-0.698781,-0.859826,-1.417175,-1.140296,1.379428,-0.072074,-1.537620,-2.130596,-0.824860,0.185847,-0.766967,1.668902,2.092740,-1.878551,0.430137,-0.728219,1.348690,0.481546,1.729964,-0.653846,1.004824,-0.210020,-0.546787,0.018019,-1.900225,0.322627,2.103655,0.708195,-0.110737,-0.664114,1.548880,-0.758529,0.511260,0.852619,1.806496,-0.722520,0.551576,-1.563381,0.402244,0.773222,-0.997790,0.253571,-1.265405,0.648085,-0.164207,0.815153,0.701744,1.116938,0.265936"
DB00870,"-0.474800,0.847445,-1.170272,-0.788351,-1.177370,-0.924461,0.840358,0.568605,0.801429,0.117914,0.522015,0.541956,-0.729638,-1.162442,-0.233094,1.166139,0.956559,0.594483,-0.472864,-0.547868,-0.239787,-0.409102,-0.597497,1.108932,-0.062151,0.341233,-0.602565,-0.425531,0.947881,0.939781,1.158047,0.690030,-1.046449,-0.184001,1.180684,-0.573492,0.717068,0.549634,0.996351,-0.475663,-0.832629,0.365326,-1.177129,1.211043,1.172534,0.330922,1.170636,-0.982612,-0.855880,-0.367810,-0.598530,0.127179,-0.128547,-0.835876,-1.167868,-0.469989,-1.009239,-0.362950,0.443011,-0.927494,-0.475380,-1.169057,-0.983661,-0.816899"
DB00936,"0.730494,-0.443421,1.481016,2.121387,1.398139,0.399694,1.234422,-0.092064,1.311336,0.297058,-1.183045,-1.124869,2.348141,1.882058,-1.974254,-1.448418,-1.225152,-1.722820,0.781613,1.256317,0.249051,-0.905347,-1.617145,-1.283955,1.232386,-1.625127,2.860635,1.312395,-1.042682,-0.024805,-1.410011,1.407308,0.329449,2.713169,-1.448104,2.527283,-0.166546,0.459208,-0.217523,-2.302809,0.513381,1.976117,1.489479,-0.485399,-1.450398,1.962526,-1.513755,0.714953,0.738195,0.000467,0.494328,0.378506,-1.164146,0.015926,1.502668,-0.236296,0.421909,-0.719035,0.249105,0.741135,1.711340,1.532560,1.806237,1.013712"
DB00963,"-0.403987,0.831128,-1.161042,-0.777532,-1.169391,-0.903562,0.840220,0.590992,0.842969,0.071501,0.520957,0.537245,-0.722485,-1.154929,-0.273723,1.158334,0.962948,0.594979,-0.481515,-0.519909,-0.256623,-0.446414,-0.642547,1.083627,-0.070859,0.315478,-0.615968,-0.389804,0.877799,0.915805,1.144620,0.687842,-0.991158,-0.194179,1.175667,-0.555075,0.776174,0.560067,0.985636,-0.522489,-0.825540,0.413629,-1.165489,1.204418,1.165309,0.339362,1.159397,-0.945317,-0.815581,-0.332138,-0.616057,0.130587,-0.143417,-0.858037,-1.152007,-0.442149,-0.991113,-0.395873,0.417830,-0.925704,-0.473716,-1.163924,-1.000578,-0.818757"
DB00847,"-0.524595,1.172657,-1.354575,-0.926675,-1.401358,-1.319856,0.787214,0.351378,0.107056,-0.066141,0.741955,0.750387,-0.851260,-1.320745,-0.300501,1.382214,0.970616,1.082288,-0.678309,-0.808211,-0.227777,-0.358931,-0.433510,1.239726,0.063662,0.536920,-0.754645,-0.759014,0.867416,0.992282,1.309436,0.784968,-1.198787,-0.464254,1.388089,-1.030294,0.883665,0.395069,1.125802,0.494699,-1.339390,0.231264,-1.355325,1.303912,1.392117,0.353698,1.369300,-1.031520,-0.980797,-0.276056,-0.686778,0.403700,0.325091,-0.930363,-1.334959,-0.351407,-1.066602,-0.685774,0.657599,-1.264799,-0.676243,-1.386100,-1.362611,-0.833541"
DB01094,"-0.890198,1.171991,-0.964744,-0.893626,-1.003491,-0.631904,0.133739,0.115517,0.741748,0.511094,1.428121,1.504440,-1.147475,-1.041060,-1.144622,0.957335,0.943552,1.141708,0.936559,-0.676449,-0.264410,0.354413,0.194799,1.068452,0.495711,-0.403527,-1.194367,-0.367443,0.202561,0.513847,0.984894,-0.038718,-0.926210,-0.899348,0.929063,-0.919086,0.952960,1.437043,0.898756,0.053962,-0.485843,-0.055573,-0.935421,1.023948,0.986321,0.260767,1.006631,-0.697275,-1.089773,0.156356,0.326685,-0.140897,-0.032675,-1.089504,-0.963835,0.083008,-0.967195,-0.520425,-0.368494,-0.810027,-0.691108,-0.925404,-1.087906,-0.805575"
DB01592,"-0.489325,1.044905,-1.306423,-0.914653,-1.342800,-1.209083,0.704014,0.430729,0.199275,-0.044719,0.702313,0.668689,-0.787148,-1.318241,-0.146488,1.328178,0.966422,0.949499,-0.663977,-0.769215,-0.331171,-0.349270,-0.466560,1.185630,0.034999,0.514273,-0.757321,-0.772013,0.950825,0.925280,1.260037,0.667859,-1.046932,-0.428831,1.338374,-0.947043,0.931259,0.350357,1.033368,0.395925,-1.251537,0.221325,-1.307280,1.175672,1.340343,0.303229,1.316029,-0.969354,-0.891562,-0.197432,-0.653269,0.410773,0.283466,-0.961451,-1.285871,-0.358284,-0.994912,-0.653548,0.676825,-1.127135,-0.612031,-1.337989,-1.296039,-0.779059"
DB00895,"-0.596872,1.129839,-1.378416,-1.008434,-1.430191,-1.503528,0.866513,0.561273,0.073301,-0.038699,0.705271,0.716268,-0.976841,-1.369115,-0.186408,1.420900,0.790865,0.957553,-0.808139,-0.769724,-0.060002,-0.216660,-0.303433,1.215813,0.089034,0.549630,-0.864422,-0.667428,0.852381,0.941911,1.315012,0.731405,-1.159678,-0.221859,1.423721,-1.083154,0.834719,0.315111,1.054520,0.223660,-1.464984,0.106886,-1.378240,1.176666,1.437323,0.435320,1.393853,-1.036724,-0.973858,-0.397795,-0.694612,0.455231,0.414276,-0.942872,-1.338036,-0.442371,-1.014586,-0.774896,0.844372,-1.105699,-0.532609,-1.437287,-1.384192,-0.839905"
DB08868,"0.037470,-0.210790,-0.862132,-0.172961,-0.775113,-0.530998,0.282102,0.656093,-0.430019,0.008324,0.279158,0.378861,-0.787171,-0.303460,0.366312,0.841775,0.795008,0.547107,-1.069458,-1.088628,-0.861932,0.481918,-0.334362,0.611515,-0.577730,-0.400518,-0.753419,0.418866,0.668007,0.478804,0.861056,0.707601,-0.662221,-0.356685,0.849243,-0.836212,-0.103088,0.392841,0.711475,0.511196,-0.278271,-0.572728,-0.895809,0.304719,0.826395,-0.608654,0.763720,-0.666044,-0.722431,0.454912,-0.379594,-0.646891,0.357747,0.016629,-0.810658,-0.704551,-0.827068,0.001545,-0.457002,-0.770536,-0.275989,-0.867493,-0.929032,-0.495643"
DB01399,"2.143537,-0.533607,1.328811,2.686123,1.235531,0.461597,1.885410,0.056108,2.985347,-0.886258,-2.153124,-1.986361,1.662397,1.694772,-1.605500,-1.291773,-0.800519,-1.965782,-0.015419,1.901998,-0.063601,-1.747185,-2.755301,-1.639133,0.401009,-0.979279,2.364447,2.507287,-2.134873,0.268158,-1.426232,1.288247,0.866596,2.191206,-1.222468,2.340592,0.109529,-0.265228,-0.321791,-3.310602,1.375372,3.159645,1.367227,-0.410386,-1.255147,2.272364,-1.443282,1.060970,1.474649,1.727190,-0.887847,0.479204,-1.951532,0.748023,1.490398,0.131072,0.456967,-1.270212,-0.125768,0.122348,1.813648,1.323621,2.161766,0.367200"
DB00469,"1.508864,-0.086862,1.707278,2.661442,1.512706,-0.309172,1.331811,-0.594441,0.466058,-0.115085,-1.295566,-1.082070,2.375912,2.029915,-2.630837,-1.608893,-1.548401,-1.414869,0.621930,1.353411,-0.171108,-1.277286,-1.605968,-1.646452,1.492224,-1.725111,2.987470,1.341435,-1.978758,-0.248892,-1.743671,1.462230,0.667919,2.194311,-1.612838,2.511416,0.052784,0.007563,-0.652235,-1.282475,0.001471,2.364829,1.754159,-0.699430,-1.588616,2.522625,-1.744007,1.245711,1.282585,0.698652,0.583493,0.961042,-0.450433,0.759310,1.813356,0.721842,0.799983,-1.404320,-0.087836,0.688876,1.930397,1.704302,2.558588,0.983699"
DB00482,"0.206687,-0.392828,1.603555,1.900328,1.540405,0.367839,1.209029,-0.220991,-0.587395,0.696766,-1.579516,-1.930467,1.563352,1.625934,-0.776447,-1.642127,-1.220151,-2.000988,0.855651,1.201297,0.560282,-1.177678,-1.010135,-1.103536,0.285152,-0.978137,2.670856,0.732617,-1.257974,0.503837,-1.495440,1.166923,0.439260,2.894360,-1.640443,2.063533,-0.549868,-0.332274,-0.190847,-1.559720,0.966777,1.203750,1.590726,-0.267700,-1.641485,1.125744,-1.633421,0.272834,0.868116,-0.159287,1.157136,0.120157,-0.801904,1.421651,1.567270,-0.418681,0.339797,-0.183984,0.927988,0.537582,1.894964,1.686136,1.772531,1.623006"
DB01628,"0.161974,0.066150,1.748223,1.631412,1.611904,0.290416,1.056783,-0.577311,-0.491795,1.069586,-0.534533,-1.206332,1.999008,1.639521,-1.322576,-1.748531,-1.496631,-1.883892,1.662784,1.238331,0.179565,-0.869726,-0.597763,-1.130110,1.418040,-2.047204,2.616280,0.680252,-1.562404,0.169670,-1.642754,1.382899,0.112691,2.403860,-1.780932,2.594887,0.374058,0.772578,-0.154984,-1.219151,0.417773,1.086572,1.789612,-0.092475,-1.743019,1.777431,-1.718149,0.382502,0.605366,-0.995865,1.555816,0.672217,-0.286885,0.466486,1.729597,-0.356589,0.523966,-0.345131,0.387533,0.675373,1.929138,1.839875,1.749403,1.277911"
DB00459,"-0.552410,1.098334,-1.339211,-0.949831,-1.379645,-1.304696,0.763701,0.363073,-0.047660,-0.104561,0.747579,0.788521,-0.810688,-1.324623,-0.192611,1.361717,0.974742,1.056657,-0.644432,-0.801341,-0.169053,-0.307524,-0.416237,1.237903,0.112414,0.519357,-0.790115,-0.759956,0.846356,0.985165,1.301654,0.763721,-1.187294,-0.478029,1.365603,-1.029216,0.859580,0.441212,1.122014,0.550009,-1.304127,0.232628,-1.339725,1.260684,1.371582,0.356310,1.353551,-1.013540,-0.968687,-0.250701,-0.706807,0.413893,0.244407,-0.938738,-1.326336,-0.409510,-1.069747,-0.688641,0.588253,-1.258595,-0.679807,-1.362911,-1.306642,-0.835174"
DB00390,"0.336603,-1.532693,0.924409,1.306628,1.074953,1.066296,-0.639580,1.483664,0.404976,-0.516690,-1.214391,-0.159748,0.970524,1.460163,-0.026267,-0.993765,-0.402245,-0.540159,-0.212166,0.012082,0.050728,0.818440,-0.285852,-0.981165,-0.217225,-0.871058,1.127948,2.184470,-1.219559,-0.413753,-0.886127,-0.524430,1.121422,1.369073,-0.987040,0.621735,-1.173932,-0.173608,-0.762156,-1.323689,0.970419,-0.120547,0.923855,-1.037124,-1.036911,-0.049719,-1.041914,0.858872,0.527699,1.856344,0.033583,-1.219673,-0.301666,0.234233,0.940669,-0.527280,0.514032,-0.336183,-1.428618,1.214047,1.139946,1.006796,1.059794,1.358177"
DB00206,"0.240524,-0.018081,1.603598,1.342608,1.463782,1.406350,-0.046300,-0.539496,0.896320,-0.943080,-2.337334,-0.920053,2.477930,0.905974,-0.276202,-1.611398,-2.936761,-1.821520,-1.087818,2.475011,0.286725,-0.937682,0.947211,-1.476304,2.233622,1.274183,1.960945,0.655938,-1.488709,-0.814798,-1.588844,0.162868,0.424602,0.344590,-1.545852,2.354281,-1.981054,-2.758061,-1.171777,-1.420744,0.341620,0.813264,1.557000,-0.929105,-1.470475,0.916345,-1.506924,1.167378,1.347298,0.621409,-0.859209,2.226554,-2.507740,0.122962,1.464728,-0.421166,2.384091,-0.168657,2.952244,0.406153,-0.334936,1.559803,0.329577,0.789826"
DB04844,"0.086156,0.065825,-0.059410,-0.764044,0.024513,-0.133606,-1.503978,1.385443,0.190331,0.606820,1.172094,-0.247358,-0.197083,-0.262070,-0.300606,0.108583,0.416851,1.211142,-0.677465,-1.394546,-0.617671,0.547344,0.037475,-0.062017,-1.567347,1.097824,-0.830356,-1.987561,0.087569,-0.487554,-0.034624,-1.277962,1.330139,0.451661,0.069557,-1.393438,0.824948,-0.349173,-0.459192,0.563803,-0.691101,-1.388621,-0.070398,-0.281512,0.021360,-1.011559,0.047458,0.436042,-0.302746,-0.034848,1.646579,-1.818341,2.374677,-0.891434,0.044258,1.559471,-0.029335,-0.343396,-1.130541,1.397959,0.323793,-0.157551,-0.342560,2.000898"
DB00738,"-0.484248,-1.603781,1.286272,1.187354,1.472274,1.156743,-0.442107,0.320115,-1.545435,0.249468,-1.156430,-2.258668,1.174307,1.823614,1.584762,-1.362254,-0.602200,-1.090283,0.082925,-0.499214,0.465965,0.269139,-0.728781,-1.070884,-1.666505,0.305355,1.833069,-0.147550,-0.386880,0.249309,-1.214501,-0.257520,1.340416,3.087947,-1.371640,0.151179,-0.550004,-1.284430,-0.437163,0.455606,0.910345,-1.071827,1.233941,-0.726233,-1.455725,-1.438506,-1.388651,0.276329,0.264533,0.805520,1.188614,-1.554340,0.395015,0.768151,1.281318,-0.431979,-0.001785,0.643222,0.062026,0.835236,1.510263,1.316541,0.548776,2.937191"
DB00966,"1.842005,-0.378095,-0.004178,0.305854,-0.021523,-0.222275,0.363210,0.817987,0.293820,-0.623874,-0.456609,-0.693053,-0.010809,-0.977165,0.016532,-0.029221,0.669965,-0.790445,-1.203958,0.152400,-3.279310,-2.018377,-0.887191,-0.265312,-0.110405,0.034022,-0.464402,0.154487,-0.929116,-0.071692,-0.151533,-0.741028,1.422127,-1.460910,0.065886,0.634527,2.019455,-0.894201,-1.212364,-1.348588,-0.569710,0.959010,0.058884,-0.847068,0.059256,0.828681,-0.088395,0.807859,1.045174,2.045072,0.517544,0.698528,-0.051152,0.202371,0.137960,0.893062,0.921878,-1.186387,-0.075251,0.654537,0.808027,-0.028351,0.743241,-0.290470"
DB00266,"-0.660380,-1.264749,0.428634,-0.622625,0.546159,0.570813,-1.434372,1.103741,-1.159855,0.077911,1.180526,1.249867,1.829698,0.312307,0.784605,-0.453874,-0.017991,-0.140012,1.486694,0.131784,2.007489,2.488479,1.200013,-0.263338,2.012028,-1.686619,-0.494562,-0.210732,0.971707,-0.643092,-0.218619,-0.174522,-0.046620,1.880210,-0.537406,0.683266,0.011212,1.806317,0.199075,2.219378,0.417239,0.070841,0.427280,-1.114804,-0.528394,0.725598,-0.423783,0.239626,-0.173459,-0.205906,-0.133051,-0.425339,-0.968396,-2.878999,0.293589,-0.837439,-0.068419,0.471800,-2.002051,1.564446,1.108912,0.595814,1.216415,0.210845"
DB00197,"-1.637955,-0.701847,0.186981,-0.139733,0.350954,0.617471,-0.824700,-0.068145,-1.400315,0.836185,-0.222942,0.801567,-1.150981,0.631834,0.833753,-0.326896,0.607247,-0.025431,2.083628,-0.651059,1.086203,1.424136,0.846167,0.327164,-0.674899,-1.626298,-0.429072,1.473759,0.298039,0.327646,0.042847,-1.254468,0.168879,-0.549044,-0.373893,-0.414473,-0.757869,1.075540,0.041871,0.180008,1.648570,-1.051377,0.190256,-0.308440,-0.387053,-1.349428,-0.220374,-0.677943,-0.637207,0.337454,1.031687,-1.602946,0.329824,0.816891,0.040106,-0.814479,-0.306887,1.210149,-1.506649,0.710949,0.711166,0.378135,1.198904,-0.174596"
DB00533,"1.060251,-0.057792,1.829956,2.211008,1.657899,0.144355,1.199769,-0.783048,0.428555,0.494384,-0.904653,-1.045356,1.878645,1.953573,-2.525993,-1.787342,-1.537065,-1.504481,1.723197,1.678620,0.131134,-0.954029,-1.280064,-1.511450,1.557449,-2.407115,2.605788,1.461564,-2.464273,-0.103923,-1.773152,1.270364,0.440962,1.973840,-1.807006,2.464351,0.144886,0.828926,-0.386124,-1.929709,0.883479,2.123928,1.900846,-0.393409,-1.765964,2.253106,-1.836133,0.881842,0.991425,0.029718,0.832949,0.667939,-0.769335,0.657337,1.882423,-0.005651,0.634171,-0.929526,-0.449155,0.529041,1.999386,1.901108,2.563551,1.023231"
DB11617,"-0.502049,1.038049,-1.301164,-0.929917,-1.340261,-1.222832,0.667755,0.245711,0.048339,-0.124135,0.759656,0.754155,-0.792453,-1.294442,-0.168622,1.325477,0.981820,1.035408,-0.551247,-0.772208,-0.145000,-0.226911,-0.377870,1.183270,0.085968,0.503198,-0.777120,-0.732073,0.925864,0.883947,1.257709,0.689494,-1.126814,-0.425008,1.329470,-0.995452,0.874707,0.501827,1.048213,0.543186,-1.262804,0.182255,-1.300560,1.200831,1.332272,0.338553,1.315180,-0.951532,-0.897006,-0.287310,-0.720559,0.357530,0.324089,-0.929341,-1.287523,-0.303454,-0.982436,-0.586172,0.530195,-1.181168,-0.706880,-1.324109,-1.310344,-0.842557"
DB06243,"-0.494593,1.045990,-1.303365,-0.931525,-1.343466,-1.231366,0.670347,0.240466,0.045899,-0.125940,0.760249,0.749540,-0.796849,-1.295842,-0.177759,1.328448,0.983876,1.043136,-0.561623,-0.774514,-0.153334,-0.234925,-0.383289,1.183818,0.087456,0.508543,-0.776508,-0.741048,0.919068,0.885027,1.259202,0.690333,-1.128164,-0.432223,1.332504,-0.999249,0.882588,0.498313,1.047658,0.540071,-1.272128,0.183432,-1.302793,1.201608,1.335513,0.343217,1.317783,-0.950199,-0.894352,-0.282189,-0.714172,0.361424,0.326052,-0.924684,-1.289091,-0.298199,-0.981816,-0.594953,0.533779,-1.183839,-0.708951,-1.327272,-1.311655,-0.844189"
DB05039,"1.327797,-1.384683,1.009421,1.822372,1.120735,0.924818,-0.958254,0.501718,1.347377,-0.857220,-0.539250,-0.645792,0.380069,1.165201,-0.110139,-0.961034,0.018502,-0.322053,0.016580,-0.445801,-1.358802,0.948977,-0.782631,-1.379906,-1.357204,-1.390392,0.486231,1.405442,-1.303847,-1.145152,-1.140431,-1.187038,1.981797,0.793587,-0.970425,-0.180857,-0.316822,-0.258971,-1.404774,0.867393,1.564714,-0.358372,1.026541,-1.703818,-1.022337,-0.682941,-1.145300,1.497348,0.877893,1.823772,1.040827,-1.580083,1.416441,1.067393,1.176326,1.325477,0.668713,-0.059368,-1.618512,1.493650,1.280815,0.980050,1.361617,1.124979"
DB00498,"-0.685293,-1.561219,-0.173371,-0.615306,0.043140,0.643003,-0.546806,1.736246,-0.903630,-1.169959,0.145885,0.666037,1.411811,-0.408824,2.680343,0.083064,0.570508,-0.569805,0.110299,0.059494,2.088682,2.167018,0.367609,0.180985,1.070863,-1.023893,-0.915165,0.740156,1.854349,-0.155646,0.355392,0.025084,-0.021975,2.001666,0.058271,0.178124,-0.552519,1.031114,0.357371,1.529466,0.503673,0.124813,-0.230040,-0.561554,0.020484,0.168613,0.140648,-0.250570,-0.024712,0.213648,-1.370422,-0.351577,-1.293099,-2.563040,-0.332892,-1.761836,-0.431334,0.729058,-0.804561,1.086664,0.478185,-0.023930,0.527853,-0.431017"
DB00682,"-0.325672,-0.722549,1.546127,0.478748,1.484619,0.506953,-0.329010,-0.072240,-1.364750,0.530035,0.689889,0.479876,2.879301,1.435858,-0.801287,-1.536374,-1.465571,-0.811446,1.769009,1.340240,2.017752,1.093428,0.855998,-1.093799,3.266123,-2.251896,1.415341,-0.099581,-1.435067,-0.306804,-1.332608,0.984062,-0.364606,2.392480,-1.624610,2.003955,-0.106840,1.589936,0.317180,1.276678,0.599394,1.414784,1.605384,-0.741642,-1.581768,2.075565,-1.489883,0.464207,0.058531,-0.904944,-0.283257,0.801505,-1.596747,-2.094338,1.432707,-1.249360,0.346511,-0.476791,-1.496869,0.813484,2.050255,1.717666,1.726481,1.196510"
DB00946,"-1.085957,-1.379633,0.692910,-0.812332,0.819973,0.992205,-1.762309,0.687738,-1.322402,0.993716,1.205159,1.996676,1.058140,0.383128,0.398123,-0.801654,0.140645,-0.111954,2.655136,0.595849,2.306199,2.452440,2.086076,-0.230349,2.319316,-2.351329,-0.866113,0.272837,0.061901,-0.572882,-0.385234,-0.824154,-0.050594,0.639801,-0.893778,0.924285,-0.590237,2.019682,-0.037530,1.285844,1.470012,0.046529,0.740937,-1.094008,-0.874043,0.445854,-0.688563,0.086392,-0.188709,-0.698585,0.175699,-0.690942,-1.499234,-2.056706,0.490349,-0.902082,0.100706,0.910967,-3.185464,1.680347,1.603605,0.982699,2.112686,0.257815"
DB01418,"-1.401409,-0.854523,0.724592,-0.983843,0.810409,0.923404,-1.832614,0.379924,-1.320371,1.292074,1.809138,1.739141,1.440779,0.469568,0.376736,-0.805714,-0.216806,-0.304982,2.959069,0.324341,2.031744,2.408137,2.024466,-0.183056,2.447418,-2.269017,-0.714437,-0.339344,0.169958,-0.426297,-0.458017,-0.551640,-0.344407,1.057298,-0.915396,1.017954,0.515993,2.712830,0.357994,1.656244,0.831261,-0.271853,0.781896,-0.818302,-0.862821,0.753699,-0.673178,0.033633,-0.548855,-0.919693,0.724076,-0.491851,-1.015724,-2.881009,0.542465,-0.825842,0.126045,0.788646,-2.888333,1.466838,1.328005,0.975142,1.292196,0.348823"
DB00316,"-1.102005,0.850310,0.337254,0.252591,0.249770,-0.529713,1.143118,-0.023503,-2.450891,0.095124,-0.010291,-0.199196,0.665970,0.161285,-0.082237,-0.366550,-0.967488,-0.793045,0.326186,0.381430,0.939702,-0.733963,0.014925,0.235105,0.817619,-0.031718,0.888474,0.197236,-1.081134,1.090909,-0.230081,1.268531,-0.929091,1.413471,-0.412177,0.161702,0.088163,0.398747,1.027767,0.214498,-0.639573,0.448499,0.322960,0.976516,-0.345159,0.974154,-0.230978,-0.756595,-0.628655,-0.190005,0.300647,0.775103,-0.390143,-0.463159,0.224355,-1.430946,-0.310196,-0.732977,1.199748,-0.961472,0.034242,0.395121,-0.537631,0.509963"
DB00500,"1.808263,-0.623262,1.191933,2.320690,1.148293,0.632959,1.883269,0.445868,3.031250,-0.673454,-1.992038,-1.921819,1.613668,1.455818,-1.278324,-1.192437,-0.547034,-2.096784,-0.067243,1.796506,-0.102106,-1.727188,-2.635664,-1.395387,0.393100,-1.084603,2.209068,2.342269,-1.710384,0.351765,-1.247552,1.208283,0.747390,2.231598,-1.121064,2.411069,0.075477,-0.073744,-0.259068,-3.733945,1.333700,2.858722,1.216922,-0.284581,-1.162538,2.057994,-1.297648,0.847167,1.309516,1.282743,-0.611098,0.202836,-2.125472,0.568386,1.310699,-0.237547,0.360178,-0.893843,-0.051563,0.346381,1.793226,1.218488,2.025918,0.311089"
DB00749,"1.176307,-0.142341,1.571163,2.398337,1.424979,0.087515,1.496060,-0.264702,1.521798,-0.002719,-1.395265,-1.201650,2.323751,1.929425,-2.484696,-1.506754,-1.319055,-1.567322,0.551609,1.485836,0.176660,-1.204140,-1.754493,-1.472671,1.432485,-1.399866,2.928280,1.412950,-1.606536,-0.019907,-1.555562,1.557664,0.433206,2.482687,-1.497275,2.625658,-0.156353,0.054428,-0.325086,-2.211208,0.442471,2.386059,1.595231,-0.425356,-1.488778,2.412524,-1.603795,0.921656,0.994726,0.388710,0.193068,0.767123,-1.139338,0.233503,1.639892,0.081061,0.538033,-1.189921,0.294418,0.546540,1.852048,1.590743,2.054878,0.997605"
DB00784,"1.075932,-0.175554,1.513067,2.210596,1.383671,0.120716,1.334391,-0.487060,0.735996,0.102103,-1.031858,-1.226322,1.840942,1.628714,-2.111595,-1.474803,-1.308777,-1.659319,1.045258,1.408140,-0.211483,-1.040801,-1.484571,-1.335901,1.096124,-1.803436,2.572387,1.400089,-1.851850,-0.063774,-1.498555,1.207260,0.443370,2.534301,-1.469125,2.305889,0.211303,0.573353,-0.394480,-2.296402,0.521752,1.889946,1.544911,-0.402546,-1.437563,2.120737,-1.548590,0.924796,1.074175,0.780419,0.920856,0.448038,-1.096536,0.567273,1.580725,0.210186,0.532775,-0.811323,-0.178373,0.620515,1.573186,1.551861,1.955638,0.789310"
DB01050,"0.825653,-0.099710,1.154000,1.641708,1.058227,-0.078352,1.186919,0.163844,-0.304177,0.165044,-1.233367,-0.809646,0.999254,1.219412,-1.864673,-1.150050,-0.558069,-1.192627,1.195731,1.445318,0.357317,-1.571810,-1.007290,-0.882255,0.337556,-1.392769,1.809074,2.510391,-2.002715,0.405270,-1.098062,0.784777,0.619873,1.676414,-1.136052,1.519535,0.101852,-0.020948,-0.217278,-2.570214,0.819496,1.862847,1.184365,0.116458,-1.129478,1.575539,-1.187418,0.498013,1.076406,0.988427,0.696429,0.087083,-1.169236,1.002685,1.178030,-0.342614,0.067345,-0.817418,0.207112,0.336636,1.562184,1.216835,2.142242,0.713455"
DB00915,"0.105455,-1.041665,0.874415,1.490733,0.951161,0.791890,-0.437557,0.649239,0.581691,-0.452270,-0.956258,-0.704797,1.320800,1.326622,0.335484,-0.873927,-0.593996,-0.725378,-0.548252,-0.156253,0.083603,0.742700,-0.226602,-0.973161,-0.448340,-0.129071,1.136481,1.202386,-1.141563,-0.151852,-0.927609,0.206081,0.534844,1.936219,-0.865778,0.580235,-0.817500,-0.500306,-0.385877,0.239811,0.894504,-0.464586,0.837155,-0.480093,-0.920678,-0.197691,-0.960801,0.533282,0.179798,0.930266,0.084488,-0.750102,0.274895,-0.175492,0.908624,-0.353790,0.361151,0.027708,-0.012005,0.566706,1.059830,0.867556,-0.074626,1.650731"
DB00993,"0.867771,-0.135354,0.618462,1.407448,0.540877,0.053798,0.931109,0.033691,-0.116941,-0.350542,-0.646204,-0.289281,0.977936,1.052673,-1.057622,-0.587706,-0.371765,-0.317331,-0.240255,0.294556,-0.152148,-0.040712,-0.795242,-0.731076,1.147870,-1.301749,0.955214,1.332625,-1.357868,0.175959,-0.655250,1.128096,0.058377,0.625765,-0.576498,0.959920,-0.036066,0.295184,0.257696,-0.308790,0.335981,0.899923,0.632735,-0.204101,-0.564333,1.201800,-0.687093,0.405127,0.327364,0.929803,-0.234114,0.464254,-0.085988,-0.052131,0.725543,-0.584456,0.014680,-1.101186,-0.100681,-0.346280,1.026925,0.620253,0.333937,0.448686"
DB00688,"0.147103,-0.788119,0.766593,1.290395,0.773877,0.175532,0.561571,0.597501,-1.668347,-0.212738,-1.861668,-0.337462,0.146979,0.940316,0.190677,-0.840069,-0.251252,-0.611931,0.327412,0.578884,0.917453,0.035213,0.081557,-0.559167,0.357930,-1.110156,0.592342,2.525693,-1.623611,0.525160,-0.680463,0.123164,0.383441,0.135648,-0.828021,0.704526,-1.454791,-0.386464,-0.199337,-0.520643,1.469869,0.777167,0.755246,-0.395266,-0.836809,0.459898,-0.847270,0.112566,0.842955,1.194409,-0.259645,-0.285295,-0.880810,1.565690,0.740721,-1.204260,0.137156,-0.286299,-0.293230,0.201659,1.477802,0.886105,1.729935,0.308075"
DB00570,"-0.676031,-0.286744,0.177531,-0.851191,0.255662,0.386401,-0.831805,0.686245,-1.017205,1.644165,1.271435,1.081261,-0.309988,-0.044629,0.240806,-0.274765,0.371341,-0.295491,0.669923,-0.132347,0.001866,0.665982,0.956359,0.259581,0.407801,-1.481129,-0.570439,-0.546475,-0.660198,0.318550,0.033225,-0.104670,-0.405630,-1.107748,-0.346642,0.057038,-0.013650,1.027503,0.633763,1.586530,1.006770,-0.679654,0.228670,-0.275757,-0.331682,-0.561732,-0.133169,-0.706252,-1.017806,-1.659002,0.754135,-0.293143,0.131937,-0.525705,0.057315,-1.001026,-0.018792,0.004906,-2.207066,0.262260,0.793072,0.336311,0.421276,0.442194"
DB00539,"-0.174673,-0.509805,-0.204734,-0.385915,-0.063650,0.480423,-1.752058,1.258462,0.409232,-0.275863,0.984397,1.239735,-0.256026,-0.193060,0.258272,0.202242,1.001472,1.240044,-0.005379,-1.304618,-0.300880,1.796472,0.480488,-0.010792,-0.404062,-0.764493,-1.017036,0.590861,-0.059126,-0.618463,0.153819,-1.570497,0.833878,-0.356950,0.169334,-1.212384,0.311012,0.639423,-0.445828,0.953112,0.244091,-1.290913,-0.170062,-0.581245,0.133279,-0.827693,0.154738,0.419373,-0.321952,0.926670,0.643142,-1.430256,1.508028,-1.121755,-0.165509,0.470232,0.004464,-0.230279,-1.829458,1.056736,0.233662,-0.178354,-0.024014,0.753982"
DB00737,"-0.414023,-0.246338,0.382886,-0.574533,0.347029,0.403176,-0.525104,-0.945853,-0.728214,0.529480,0.158999,-0.463154,-0.155248,-0.097099,0.510679,-0.369493,-1.080504,-0.351330,0.105984,0.887189,0.978840,-0.252583,1.573506,-0.203797,-0.450735,2.098563,-0.322972,-1.651893,0.323191,-0.798054,-0.342010,-0.634377,-0.092367,-0.203930,-0.382374,0.064825,-1.648751,-1.558510,-0.676792,0.365307,0.115584,-0.826201,0.296611,-0.310112,-0.351658,-1.105272,-0.269836,0.320976,0.426480,-0.880639,0.443284,-0.000722,-0.902180,1.250978,0.270388,1.166193,0.684924,1.628914,0.555850,0.473528,-1.297116,0.313740,-0.291738,-0.068046"
DB00922,"1.189340,-1.295337,-0.118756,-0.237335,0.024584,0.602431,-1.800998,1.166524,0.850449,-0.452477,0.685244,-0.198632,0.257093,-0.070892,0.366419,0.157507,0.854237,1.212097,-1.077953,-1.798351,-2.687766,0.894568,-0.634811,-0.476406,-0.718911,0.239286,-0.397380,-1.284042,0.244707,-1.160971,-0.043960,-1.789149,2.015504,-0.119282,0.189899,-0.903600,1.439595,-0.426609,-1.535740,-0.179730,-0.843886,-1.148903,-0.086070,-1.178901,0.097724,-0.874882,-0.024818,1.019648,0.403872,1.596832,0.631781,-1.310090,1.807910,-1.120421,0.075002,1.451778,0.338225,-0.542868,-1.390223,1.515341,0.719765,-0.222004,-0.312008,1.533113"
DB04017,"2.133886,-0.782091,1.427522,1.023621,1.314267,1.908373,-0.947724,-1.852767,1.773319,-1.730004,-1.447219,-1.219421,1.798182,0.940463,0.261469,-1.309368,-1.960413,-0.783809,-1.204401,1.785803,-0.586853,-0.062479,0.348798,-2.022988,1.625653,0.718766,0.972760,0.172157,-0.474410,-2.294279,-1.601907,-1.210227,1.872957,-0.377017,-1.232843,1.364707,-1.216614,-2.393764,-2.118131,-1.143070,0.359652,0.621657,1.407247,-2.164883,-1.198840,0.162156,-1.393007,2.341042,2.452383,0.483373,-1.053502,1.430385,-0.787994,0.542360,1.498831,1.809726,2.578332,0.300982,1.370848,1.168854,-0.619928,1.235084,0.508480,0.274098"
DB12610,"1.495883,-0.335276,0.207684,1.174970,0.221113,0.084270,1.085075,0.439602,2.313371,-0.867352,-0.976362,-0.996911,0.261083,0.206181,-0.687406,-0.200810,0.221266,-1.125261,-0.108331,0.803723,-0.903483,-0.950860,-1.971027,-0.537649,-0.523783,-1.058026,0.412724,1.743892,-0.444258,0.026126,-0.291118,0.384922,0.828526,0.915883,-0.145708,0.804914,0.776558,0.271998,-0.333681,-2.528583,0.560979,1.663137,0.226474,-0.300237,-0.172850,1.032529,-0.299810,0.556655,0.883795,1.514622,-0.302151,-0.175738,-0.594095,0.020526,0.335615,0.412601,0.138710,-0.425008,-0.455636,0.513520,0.678038,0.195414,1.253800,-0.657282"
DB09477,"2.201229,-0.678259,0.930178,1.626227,0.827506,0.267340,1.019447,0.597157,1.191701,-0.466399,-1.683344,-1.732552,1.398476,0.471059,-0.642558,-0.937116,-0.391109,-1.540708,-1.201487,0.939449,-2.523209,-2.356197,-1.561286,-1.224938,0.689380,0.049734,1.281308,0.612157,-1.781646,0.037087,-1.092657,0.381221,1.483983,-0.357578,-0.820580,2.163216,1.351762,-1.548792,-1.029597,-1.787968,0.167335,1.743650,0.987585,-1.035597,-0.848290,1.537786,-1.074573,1.137523,1.457264,2.437726,0.208313,1.443717,-0.835635,0.646394,1.120603,0.376683,1.108823,-1.655832,0.748585,0.208011,1.686477,0.889350,1.373727,0.733729"
DB09351,"-0.307991,-1.824176,0.119807,-0.303885,0.327921,-0.046022,0.178818,0.106810,-2.156732,1.451101,-0.614203,-2.039721,-0.961259,0.433603,1.052703,-0.232331,0.211416,-0.210854,-0.261004,-1.022160,-0.926805,-1.054443,-0.750569,0.125348,-3.127361,2.584158,0.719596,-3.769501,-0.179712,0.412943,0.088185,-0.233691,0.484590,0.817769,-0.238236,-0.804849,-1.178127,-1.264946,-0.320538,-0.158645,0.709974,-0.646009,0.041617,-0.428022,-0.333306,-2.107237,-0.251974,-0.488760,-0.509941,0.526206,1.773719,-2.142483,-1.578207,2.410282,0.096469,0.013296,-0.938742,0.863588,-0.830171,-0.042722,0.736270,0.173503,0.437087,1.682271"
DB06616,"-0.139797,-0.390495,-0.033234,-0.909976,0.019605,0.424409,-0.888716,0.895822,-0.555094,1.230645,1.729947,1.548137,0.010012,-0.131731,-0.341114,0.012525,0.417203,0.399362,0.194721,-0.202912,-0.224641,1.123938,1.060494,0.158211,1.380999,-2.120081,-0.838889,-0.115242,-0.620700,-0.050769,0.169898,-0.103823,-0.524225,-1.454575,-0.053966,0.064326,0.141001,1.535441,0.716234,1.960476,0.793748,-0.271690,0.049390,-0.508350,-0.040576,-0.033352,0.051380,-0.318046,-0.896403,-0.895514,0.168459,-0.022801,0.161924,-1.488449,-0.087336,-1.060512,-0.087897,-0.325071,-2.591105,0.032665,0.909882,0.089470,0.355504,0.048420"
DB08890,"-0.594271,-0.127508,-0.947176,-0.476655,-0.867061,-0.549456,0.349310,0.348749,0.338715,0.767231,0.077980,0.130468,-1.205582,-0.496154,0.189563,0.888754,0.677802,0.369775,-0.014896,-0.793840,-0.542625,-0.151744,-0.241628,0.907231,-1.362786,0.644877,-0.512725,-0.929695,0.655522,0.726119,0.993308,0.640308,-0.900974,-0.394815,0.904439,-0.712840,-0.191986,0.198616,0.695925,-0.114371,0.075236,-0.301559,-0.974659,0.760311,0.864071,-0.870734,0.863077,-0.981381,-0.960876,-0.319834,-0.251297,-0.658336,-0.522116,0.450773,-0.940319,-0.474403,-1.100888,0.486444,-0.111945,-1.059413,-0.366064,-0.915336,-0.886321,-0.437728"
DB04871,"-0.283303,0.311969,1.432353,0.790330,1.272928,0.477752,0.385857,-1.423777,-1.976189,-0.092707,-0.996797,-1.030877,1.293424,1.108944,-0.100166,-1.413385,-2.291497,-1.249343,0.628784,1.817559,2.080654,-0.673305,1.215236,-0.998581,0.925227,1.023864,1.315124,0.067788,-1.171671,-0.376074,-1.399200,0.520215,-0.034712,1.229945,-1.423334,1.263082,-1.482385,-1.504446,-0.406600,-0.190999,0.004690,0.062454,1.385648,0.007572,-1.348784,0.457033,-1.287641,0.582274,0.997493,-0.731292,0.063984,1.266490,-0.876709,1.003482,1.330224,0.117643,1.050593,0.625812,1.797487,0.025531,-0.608691,1.385599,0.260867,0.741686"
DB00120,"0.432763,-0.059444,-0.800915,-0.113769,-0.722347,-0.321715,0.150283,0.815659,-0.598549,-0.217037,0.374399,0.517830,-0.275434,-0.334246,0.477850,0.819192,0.831958,0.683938,-1.541770,-1.114452,-0.370285,1.013696,-0.250301,0.457605,0.059464,-1.164050,-0.882877,0.540891,1.112988,0.258491,0.755839,0.651909,-0.367443,-0.454124,0.820319,-0.792266,-0.096245,0.479587,0.724246,1.214537,-0.364203,-0.577831,-0.829185,0.090271,0.792716,-0.383151,0.713487,-0.416634,-0.344601,-0.059897,-0.391887,-0.381756,1.152654,-0.779962,-0.724081,-0.706390,-0.728457,-0.036562,-0.344133,-0.362915,-0.000027,-0.825590,-0.759428,-0.362039"
DB00135,"-0.515911,1.166719,-1.353426,-0.923006,-1.399871,-1.312752,0.792603,0.354023,0.121120,-0.064622,0.741980,0.752604,-0.841800,-1.321675,-0.307498,1.380767,0.969587,1.079077,-0.664521,-0.802110,-0.230486,-0.360620,-0.444824,1.239291,0.061507,0.531093,-0.749401,-0.774156,0.868039,0.990343,1.308760,0.795481,-1.196563,-0.466106,1.386423,-1.026014,0.896138,0.403899,1.129089,0.487133,-1.331136,0.238664,-1.353957,1.303747,1.389540,0.355289,1.367379,-1.030990,-0.982910,-0.294694,-0.703533,0.406087,0.327786,-0.929028,-1.333407,-0.349632,-1.068867,-0.686252,0.654354,-1.276841,-0.676440,-1.383319,-1.363449,-0.832404"
DB00545,"-0.623838,-0.041347,-0.983480,-0.434542,-0.909760,-0.519846,0.553158,0.173128,0.474518,0.195706,0.269897,0.348737,-1.040572,-0.644571,0.501355,0.944907,0.948740,0.422367,-0.282481,-0.862826,-0.451781,0.159957,-0.313714,0.919702,-1.082703,0.236822,-0.654488,-0.593546,0.991563,0.683773,1.001770,0.621851,-0.877437,-0.196705,0.954333,-0.761101,-0.029615,0.518642,0.797233,0.200019,0.045729,-0.219908,-1.017772,0.749127,0.922195,-0.691248,0.918316,-0.938099,-1.029641,-0.588162,-0.660860,-0.552238,0.153270,0.257998,-0.973405,-0.501325,-1.058223,0.380946,-0.089602,-0.919786,-0.331723,-0.960410,-1.112425,-0.689355"
DB00790,"2.157034,-0.697247,0.898232,1.546183,0.809689,0.363964,0.975151,0.703247,1.400885,-0.360274,-1.651841,-1.703719,1.323781,0.449394,-0.629448,-0.917609,-0.341522,-1.606847,-1.150292,0.967276,-2.477944,-2.339223,-1.571540,-1.177605,0.666490,0.066973,1.256886,0.633881,-1.709672,0.070032,-1.047557,0.351260,1.432518,-0.327543,-0.799084,2.195161,1.307153,-1.445798,-0.985175,-2.005828,0.254589,1.677683,0.955375,-1.006166,-0.828728,1.491439,-1.043112,1.082060,1.410364,2.403392,0.239687,1.370959,-1.030599,0.603035,1.078765,0.310456,1.065695,-1.553127,0.678251,0.220853,1.619730,0.867907,1.338698,0.724116"
DB00939,"1.129984,-0.582580,1.078718,2.016620,1.049419,0.682792,1.855814,0.495442,2.322335,-0.277484,-2.088565,-1.780201,1.623930,1.335051,-1.026081,-1.105773,-0.699266,-2.150932,-0.166732,1.634727,0.139492,-1.578292,-2.134081,-1.103333,0.529728,-0.909479,2.306106,1.994215,-1.319708,0.522972,-1.077109,1.261745,0.374198,2.380299,-1.037659,2.330503,-0.331959,-0.184566,-0.089135,-3.557629,1.169801,2.331326,1.083025,-0.117238,-1.076855,1.761718,-1.167007,0.503335,1.034455,0.812912,-0.448108,0.316704,-2.166665,0.418213,1.129354,-0.807303,0.299322,-0.554259,0.383799,0.215097,1.624900,1.127205,1.642098,0.502195"
DB00779,"0.128301,-1.455914,0.259743,0.207483,0.483857,1.467539,-2.180590,0.602792,0.961881,-0.548074,0.595335,0.431983,0.287339,0.857432,1.000306,-0.253182,1.044098,0.866963,0.353959,-1.617604,0.008605,2.884959,-0.072739,-0.596766,-0.612351,-1.595422,-0.895898,1.469653,0.705812,-1.316947,-0.379163,-2.048238,1.842175,1.208597,-0.277464,-1.050345,0.623391,1.660451,-1.084081,-0.334582,0.344549,-1.816570,0.257348,-1.278420,-0.343261,-1.187870,-0.367927,1.205440,0.618155,0.889135,1.188667,-2.594909,2.276211,-1.131377,0.373666,0.860971,0.173548,0.716571,-2.013028,2.272045,0.579908,0.248387,-0.144300,1.155613"
DB00859,"0.034426,-0.277886,-0.766715,-0.093981,-0.655769,-0.178837,0.022899,1.083323,-1.162912,-0.282309,-0.133705,0.809098,-0.491236,-0.290843,0.852195,0.734886,0.799985,0.437950,-1.295328,-1.060443,-0.133228,0.982338,-0.071767,0.602228,-0.109270,-1.063305,-0.839375,0.919141,0.971257,0.307290,0.787535,0.285208,-0.280583,-0.748018,0.731805,-0.789283,-0.599439,0.521345,0.508162,0.544320,-0.280843,-0.601516,-0.812790,-0.001189,0.709780,-0.496570,0.690444,-0.476117,-0.245690,0.139471,-0.269263,-0.642582,0.841404,-0.147461,-0.751179,-0.948133,-0.563738,0.120528,-0.505074,-0.033296,0.003125,-0.745320,-0.548434,-0.646105"
DB01077,"-0.632391,0.509457,-1.082754,-0.694523,-1.049658,-0.548124,0.771568,0.627520,1.089153,0.017310,0.383928,0.473742,-0.681995,-1.067592,0.180433,1.057445,0.974295,0.350059,-0.184555,-0.503157,-0.088896,-0.123544,-0.643572,1.050754,-0.272252,0.115018,-0.644456,-0.407494,1.392932,0.783616,1.090684,0.577553,-0.827398,0.135521,1.071158,-0.422018,0.555728,0.759556,0.906498,-0.895959,-0.501724,0.350946,-1.100440,1.027930,1.056865,0.114940,1.072397,-0.924277,-0.789917,-0.570654,-0.829940,-0.068900,0.038797,-0.765370,-1.091776,-0.567070,-0.998689,-0.042680,0.424668,-0.703161,-0.404096,-1.061735,-0.985721,-0.857827"
DB00907,"-1.537372,-3.414080,0.657690,-0.121857,1.021349,2.538306,-3.138506,-1.048897,-0.536111,-0.051991,0.889340,0.071510,-0.064534,0.663456,4.744823,-0.796228,0.961627,-1.526351,2.804338,-0.892474,1.095299,3.683705,1.735724,-0.545871,-2.251769,0.035683,-1.485379,1.174183,1.824080,-1.330392,-0.626094,-2.481395,1.112943,2.236319,-0.843581,-0.512109,-0.544712,2.253588,-1.070239,2.290721,2.689707,-2.978205,0.585732,-1.815604,-0.914644,-2.708499,-0.739882,0.700403,0.172928,-0.167453,0.306478,-3.186400,0.627828,0.384133,0.519187,0.552295,0.618700,3.732291,-2.752533,1.903054,-0.063786,0.814812,-0.913649,0.485742"
DB00383,"-0.974195,-0.742036,-0.725497,-0.082677,-0.550489,0.226081,0.174186,0.222322,1.142416,0.814817,-0.168177,0.170275,-1.401857,-0.238057,1.102228,0.614539,0.812737,-0.280786,0.490002,-0.764889,-0.386379,0.522274,0.062113,0.778360,-2.210058,0.134370,-0.737792,-0.414834,1.186288,0.536035,0.797919,0.424769,-0.760316,-0.107109,0.630497,-0.431002,-0.857887,0.609124,0.586431,-0.098291,1.421076,-0.731842,-0.781008,0.478392,0.570106,-1.624660,0.604250,-0.991530,-1.125973,-1.186469,-0.450473,-1.301599,-0.147973,1.141325,-0.743649,-0.588377,-1.072805,1.547582,-0.471129,-0.669583,-0.124659,-0.637366,-0.912567,-0.614678"
DB00505,"-1.012726,-0.757804,-0.721288,-0.087446,-0.544853,0.253087,0.151176,0.246030,1.094685,0.855644,-0.201433,0.218508,-1.428548,-0.218498,1.139960,0.605956,0.800114,-0.288113,0.582949,-0.752875,-0.328919,0.548037,0.122105,0.783506,-2.194449,0.088673,-0.757715,-0.275600,1.210736,0.532942,0.796036,0.383207,-0.750645,-0.117012,0.622723,-0.427073,-0.918008,0.638227,0.575684,-0.186289,1.427062,-0.740059,-0.776722,0.478443,0.562341,-1.634359,0.597103,-0.989201,-1.101699,-1.124714,-0.429675,-1.322585,-0.142765,1.175572,-0.742143,-0.595529,-1.078185,1.600728,-0.486425,-0.636315,-0.119846,-0.628262,-0.872989,-0.641064"
DB12617,"0.087379,0.102125,-0.887547,-0.319333,-0.838817,-0.525077,0.248529,0.448495,-0.557377,-0.270397,0.558120,0.557296,-0.398218,-0.535842,0.465376,0.902831,0.889945,0.692101,-1.243386,-1.032667,-0.372467,0.757369,-0.143852,0.608838,0.003330,-0.636974,-0.925496,0.509035,0.975743,0.360910,0.836760,0.550962,-0.623052,-0.471352,0.904742,-0.859755,0.119856,0.500559,0.710740,1.219160,-0.518320,-0.544992,-0.910892,0.335724,0.888100,-0.285834,0.832237,-0.532964,-0.521379,-0.000371,-0.454652,-0.274578,0.891565,-0.668790,-0.843030,-0.534246,-0.620651,-0.049031,-0.210865,-0.545611,-0.320649,-0.910045,-0.961304,-0.575271"
DB06711,"0.751693,-0.024881,0.109534,1.190276,0.074729,-0.453219,0.908926,0.031853,0.964234,-0.485328,-0.959095,-0.513101,-0.126460,0.077329,-0.456455,-0.097504,-0.350133,-0.908910,-0.128643,0.608866,-0.817990,-0.911579,-1.082876,-0.239738,-0.753640,-0.284848,0.303547,1.149763,-0.966328,0.197701,-0.191629,0.584656,0.230817,0.277150,-0.066940,0.163133,-0.084851,-0.332427,-0.154619,-0.242183,0.457511,0.892041,0.115864,-0.007007,-0.062699,0.319160,-0.173160,0.267038,0.469160,1.206218,0.035171,0.119636,-0.580056,0.975067,0.200091,0.187308,0.007724,-0.188921,0.206103,-0.348411,0.148796,0.086789,0.606236,-0.474313"
DB04216,"-0.928072,1.060704,-0.745103,-0.801272,-0.796892,-0.811759,-0.093183,0.227335,-0.333760,0.568486,1.422406,1.654133,-1.104719,-0.948536,-1.434899,0.746634,0.536910,1.137247,1.020117,-0.546755,-0.233242,0.476727,0.640067,0.980538,0.720928,-0.480938,-1.074276,-0.271238,-0.062367,0.321641,0.836943,-0.238816,-0.897810,-0.966821,0.699336,-0.708764,0.446356,1.322665,0.646837,-0.016747,-0.335990,-0.115953,-0.728997,0.693619,0.774505,0.418390,0.810876,-0.640558,-1.011976,0.788964,0.815854,-0.217117,-0.184914,-0.918057,-0.798508,0.129280,-0.683498,-0.516519,-0.556540,-0.350783,-0.508692,-0.691764,-0.516250,-0.820525"
DB09097,"-0.718784,1.060415,-1.255557,-0.940743,-1.298710,-1.222106,0.720121,0.360774,0.019167,0.037803,0.671112,0.670202,-0.628701,-1.252277,-0.254178,1.268312,0.702803,0.893249,-0.747466,-0.650347,-0.189361,-0.306852,-0.114721,1.192089,0.181629,0.653205,-0.923996,-0.733844,0.846704,0.919548,1.222973,0.680372,-1.217981,-0.701820,1.273484,-0.806320,0.662139,0.238302,0.986226,0.560916,-1.247757,0.115151,-1.264627,1.226570,1.285254,0.265823,1.283282,-0.999595,-0.939879,-0.177433,-0.536187,0.357085,0.007735,-1.091160,-1.271701,-0.434945,-0.810167,-0.491972,0.624458,-1.032593,-0.728106,-1.274713,-1.192912,-0.849205"
DB12163,"2.072096,-0.489002,0.709446,0.283851,0.632190,1.247152,-0.805329,-1.956390,1.486612,-2.263841,-0.233724,-0.569355,0.969244,0.624859,-0.158894,-0.535610,-1.230359,0.497976,-1.075132,1.457965,0.842970,1.240832,0.627146,-1.417889,1.255792,0.354161,0.236339,0.188185,0.254980,-2.407366,-0.811884,-0.923969,0.833752,0.254718,-0.519482,0.274491,-1.600417,-0.746652,-1.389844,-1.191339,0.368351,0.571355,0.648159,-1.501664,-0.489174,0.265412,-0.623222,1.808026,1.918101,-0.066962,-1.636523,0.455944,-0.635124,0.054205,0.726942,1.457025,1.571107,0.488839,0.380770,1.061329,-1.461226,0.518199,0.194907,-0.922122"
DB06403,"1.362241,-0.114125,0.409418,0.602365,0.402941,0.072371,-0.261357,0.830647,0.389817,-0.509456,-0.740774,-0.112849,-0.174888,-0.611006,0.279259,-0.491073,0.221284,-0.862957,-0.171140,0.542189,-2.590218,-1.527393,0.059776,-0.435518,0.167245,-0.988612,-0.535407,1.016244,-1.342633,-0.135481,-0.509742,-1.088272,1.726300,-1.725192,-0.420938,0.569658,1.584137,-1.348328,-1.439718,0.410576,0.444198,0.497557,0.504518,-0.939343,-0.419097,0.317978,-0.502649,0.703480,1.104290,1.821826,0.672705,0.878117,-0.305881,1.018100,0.498189,0.810809,0.914236,-0.692146,-0.020492,0.858572,1.210211,0.459201,1.927764,-0.020164"
DB04854,"-0.681225,0.978648,-1.277677,-0.941076,-1.304798,-1.198340,0.548802,0.578962,-0.470754,-0.119970,0.754335,0.924660,-0.939735,-1.363631,-0.152855,1.288743,0.879985,1.021822,-0.423066,-0.751159,-0.099973,-0.200473,-0.197734,1.255991,0.219742,0.510242,-0.993777,-0.572605,0.597185,0.898205,1.275125,0.464735,-1.121254,-0.633246,1.282021,-1.055739,0.607760,0.492997,0.988566,0.518430,-1.099870,0.181938,-1.284007,1.099242,1.302833,0.289461,1.305055,-0.951282,-0.845948,0.290695,-0.385804,0.229102,-0.144330,-0.861901,-1.298489,-0.452878,-0.969012,-0.577906,0.509786,-1.107738,-0.686624,-1.284189,-1.161110,-0.887765"
DB06202,"-0.514759,1.164499,-1.353899,-0.922747,-1.400194,-1.311825,0.791614,0.350392,0.122492,-0.062435,0.742909,0.753167,-0.840916,-1.322523,-0.308441,1.381014,0.971216,1.077222,-0.660698,-0.802998,-0.232602,-0.362252,-0.444008,1.240189,0.058449,0.532697,-0.746064,-0.773093,0.865742,0.993137,1.309150,0.795479,-1.198934,-0.468675,1.386601,-1.024369,0.896458,0.403478,1.128925,0.476988,-1.327182,0.240244,-1.354400,1.305742,1.389739,0.356883,1.367733,-1.032870,-0.983262,-0.294127,-0.703672,0.408422,0.327661,-0.926296,-1.333993,-0.353105,-1.069459,-0.686270,0.654839,-1.278187,-0.678725,-1.383449,-1.360959,-0.832793"
DB00829,"-0.090957,0.433435,1.611763,1.009792,1.416803,0.372816,0.174582,-2.111098,-1.769767,-0.578743,-0.816110,-0.290570,2.129423,1.424342,-0.415190,-1.562299,-2.657659,-1.184413,0.687687,1.931877,2.034111,-0.286934,1.235075,-1.270101,2.142864,0.343542,1.743763,0.667022,-1.050536,-0.804790,-1.573129,0.647967,-0.306340,0.738151,-1.588821,1.997349,-1.325930,-0.838812,-0.607339,-0.032940,-0.403465,0.348025,1.609853,-0.213704,-1.488032,1.205838,-1.422887,0.861896,1.027655,-1.159960,-0.519612,1.812876,-1.015807,0.085841,1.467690,0.105451,1.743949,0.306617,1.365903,0.300341,-0.834904,1.577918,0.730704,0.194906"
DB00843,"-0.322496,-0.138867,0.982798,-0.432644,0.923654,0.829710,-1.038253,-1.509092,-1.169439,1.181536,0.667247,-0.347058,-0.101572,0.692823,-0.346145,-0.955793,-1.506876,-0.384794,1.491395,0.935099,1.025850,0.191575,1.987994,-0.590524,-0.323906,1.213858,0.309582,-1.562998,-0.072998,-1.223645,-0.869013,-0.896051,0.185066,-0.047318,-1.012253,0.353229,-1.359141,-0.469925,-0.710042,0.625453,0.484375,-1.067989,0.945868,-0.731404,-0.948127,-0.900409,-0.834667,0.605632,0.361116,-1.252664,1.404232,-0.099327,-0.343626,1.208523,0.867765,1.436989,0.815549,1.391493,-0.206765,0.808840,-1.046096,0.948410,0.190676,0.380111"
DB12278,"1.112524,-1.174844,1.114419,2.021819,1.140839,0.658557,1.055607,0.121743,1.438643,0.392067,-2.082960,-2.161738,0.554333,1.402642,-0.088524,-1.175028,-0.460694,-2.197739,0.022516,0.973090,-0.729227,-1.429760,-1.440583,-1.110234,-1.228252,-0.210522,1.671198,0.545749,-1.446079,0.399294,-1.133037,1.074754,0.605318,1.183545,-1.106066,1.682332,-0.520778,-0.768478,-0.254411,-1.065561,2.065193,0.919965,1.106933,-0.660505,-1.157147,0.069194,-1.271415,0.476968,0.759890,0.266562,0.189708,0.057111,-1.286842,2.202313,1.211253,-0.569167,0.080458,0.135751,0.393350,-0.475210,1.443681,1.153910,1.151059,1.075882"
DB11995,"-0.497873,1.524762,-0.457976,-0.822770,-0.580523,-1.216368,-0.009706,0.053238,0.331847,1.380224,1.904902,1.447919,-0.277312,-0.337889,-2.509812,0.529632,0.255006,1.136050,1.091665,-0.529039,-0.128797,-0.026776,0.381051,0.708113,0.590882,-0.640170,-0.012662,-1.063620,0.274900,0.234611,0.515602,0.716264,-0.891623,-0.483995,0.464110,-0.238189,1.318087,1.406964,0.904008,1.177322,-1.189144,-0.043460,-0.396003,0.843701,0.512638,0.781312,0.548487,-0.555228,-1.261342,-1.324934,0.865773,0.460573,1.118497,-1.367329,-0.447904,0.512968,-0.784237,-0.991124,-0.411498,-0.348462,-0.231315,-0.458066,-0.373877,-0.031516"
DB00714,"0.740136,-1.365912,1.070392,-0.312355,1.125982,2.055172,-2.676616,-0.316070,1.618110,-0.488556,-0.345405,-0.466435,0.762386,0.416304,0.646080,-1.067775,-0.338388,0.105879,0.094975,0.709118,-0.233497,0.895630,1.905716,-1.293221,0.272919,0.829835,-0.378597,0.033111,0.265845,-2.237193,-1.141685,-3.167524,2.379645,-0.885667,-1.021953,0.505990,-0.599625,-1.982716,-2.824906,-1.648702,0.702699,-0.924492,1.042818,-2.010393,-1.044616,-1.211339,-1.049343,1.832927,1.830658,0.498242,0.584078,-0.677139,-0.042162,0.667063,1.039555,2.015393,1.940075,1.516393,0.040996,2.886961,0.227487,0.999213,1.245577,0.999132"
DB00860,"-0.171021,-1.703005,0.080875,0.114367,0.298322,1.076953,-0.245103,0.797231,-0.456568,0.187514,0.073542,-0.021938,0.150205,0.531744,2.179319,-0.156942,0.614604,-0.796290,-0.380939,-0.592177,0.084264,1.664554,-0.100238,-0.055987,-0.329200,-1.967504,-0.474573,1.259482,1.100855,0.068174,0.033336,0.101304,0.072252,0.557733,-0.181371,0.012841,-0.662503,1.351904,0.461002,1.359864,1.540415,-0.674040,0.039488,-0.796840,-0.235291,-1.017938,-0.181640,-0.352603,-0.398037,-0.775087,-0.319450,-1.135029,0.337140,-0.026167,0.045924,-1.589417,-0.425720,1.188763,-1.681507,0.554305,1.041897,0.186855,0.170034,-0.109183"
DB06725,"1.740531,-0.129455,1.733050,2.670210,1.527051,-0.244010,1.345737,-0.756104,1.337483,-0.041270,-1.017219,-1.295524,2.568466,2.092520,-2.865696,-1.607100,-1.283606,-1.321858,0.757855,1.285356,-0.297924,-1.150971,-1.906633,-1.747033,1.532879,-1.779111,3.088867,0.835650,-1.527169,-0.376125,-1.784431,1.658179,0.722453,2.486518,-1.610679,2.703373,0.488222,0.152130,-0.618698,-1.156161,0.119331,2.495643,1.777326,-0.762137,-1.595514,2.625338,-1.780487,1.300448,1.234504,0.176152,0.445774,0.972746,-0.152433,0.582181,1.869551,0.899442,0.637518,-1.424333,0.144615,0.683852,2.112621,1.709650,2.416570,1.136455"
DB01205,"0.850812,0.707730,0.132510,1.286771,-0.038237,-1.148799,1.634139,-0.129371,-0.339307,-1.157433,-0.968003,-0.489742,0.901214,0.489955,-1.263734,-0.044364,-0.428871,0.050582,-0.878537,0.482171,0.264544,-1.151187,-1.360156,-0.371207,0.841129,0.212775,1.171042,0.810072,-1.430486,0.737884,-0.249677,1.786319,-0.389758,0.725623,-0.017535,0.529492,0.337469,-0.646574,0.571505,0.181887,-0.789594,1.706549,0.153100,0.556062,-0.010163,1.807794,-0.159330,0.091978,0.186699,1.161651,-1.245892,1.387120,-0.084060,-0.138585,0.249784,-0.369192,-0.169947,-1.939082,1.067824,-1.254826,0.490215,0.059451,0.032838,0.123648"
DB00481,"-0.946547,0.635474,-0.927283,-0.982415,-0.921278,-0.684253,0.022939,0.778880,0.008034,0.432526,0.638497,1.517650,-1.602473,-1.141348,-0.676490,0.869718,1.125713,0.847778,0.704066,-0.339784,0.099331,0.112038,0.498088,1.133235,0.308377,-0.320336,-1.354292,0.395005,-0.104838,0.713594,1.031807,-0.393594,-0.903262,-1.798019,0.847995,-0.800662,-0.214576,0.687414,0.562495,-0.446215,0.141045,0.105698,-0.906118,0.698993,0.883636,0.001253,0.968387,-0.907835,-0.843138,0.376099,-0.111386,-0.282062,-0.597901,-0.138090,-1.019275,-0.587793,-0.695164,-0.258763,-0.517413,-0.543099,-0.370802,-0.826798,-0.107624,-1.045927"
DB12647,"-0.516293,1.165682,-1.354622,-0.923526,-1.401174,-1.314020,0.792484,0.353253,0.120908,-0.063885,0.742069,0.751162,-0.841474,-1.321768,-0.306777,1.381915,0.969509,1.078931,-0.667581,-0.802507,-0.229583,-0.361512,-0.444078,1.240028,0.060965,0.534414,-0.746944,-0.773216,0.863636,0.991973,1.309537,0.795243,-1.198179,-0.465756,1.387747,-1.026006,0.895454,0.400337,1.128906,0.483172,-1.329539,0.239386,-1.355043,1.303359,1.390948,0.356169,1.368471,-1.031995,-0.984160,-0.290746,-0.701490,0.408315,0.324123,-0.927520,-1.334415,-0.350863,-1.068111,-0.686826,0.654816,-1.277086,-0.678371,-1.384868,-1.362516,-0.832028"
DB00484,"1.301478,0.040955,0.263977,-0.453769,0.124826,0.854146,-0.861359,-1.510666,1.939103,-1.177924,0.042037,-0.237549,0.668458,-0.414194,-0.289873,-0.141982,-0.868222,0.353352,-1.038560,1.212278,-0.831258,-0.345508,0.868719,-0.733300,1.401183,1.775468,-0.096713,-1.097154,0.662332,-1.857607,-0.388344,-1.280186,0.822575,-1.431119,-0.088782,0.648202,-0.411218,-1.821830,-1.657478,-1.358735,-0.693768,0.310955,0.224944,-1.196215,-0.041021,0.195601,-0.159374,1.433056,1.449437,0.310184,-0.861415,1.279933,-0.802220,0.193381,0.269395,1.916855,1.770085,0.277672,1.337779,0.894179,-1.377816,0.077568,-0.365291,-0.850325"
DB00371,"0.638069,0.581685,0.122440,-0.394566,-0.038557,0.319086,-0.493050,-2.179896,0.852867,-1.297389,0.070913,0.151832,0.302565,-0.250247,-0.243145,0.014424,-1.160015,0.676195,-0.606378,1.197566,0.709373,0.202100,1.064609,-0.494276,1.187653,1.686819,-0.121948,-0.585897,0.339108,-1.469596,-0.225330,-0.669171,-0.151930,-0.812794,0.027599,0.083090,-1.203853,-1.184609,-0.903536,-0.667048,-0.665563,0.121596,0.071343,-0.405415,0.095516,0.183724,0.034986,0.992103,1.144031,-0.344736,-1.240859,1.128928,-0.829269,0.242524,0.075568,1.549286,1.331052,0.500301,1.262750,0.201700,-2.082279,-0.049686,-0.697422,-1.188795"
DB01708,"-0.528473,1.155571,-1.356954,-0.932997,-1.402644,-1.315795,0.776123,0.358161,-0.088307,-0.095281,0.744730,0.732989,-0.854767,-1.297641,-0.244954,1.383193,0.952030,1.070192,-0.652539,-0.816542,-0.198578,-0.333632,-0.435842,1.251865,0.090952,0.562244,-0.800942,-0.694815,0.854870,1.002547,1.313710,0.751529,-1.183291,-0.449095,1.388822,-1.045870,0.893615,0.400049,1.111612,0.479884,-1.341596,0.235024,-1.358362,1.281621,1.395815,0.348987,1.372711,-1.030706,-0.955714,-0.181291,-0.631365,0.403364,0.302591,-0.922871,-1.340578,-0.371071,-1.062653,-0.672172,0.677698,-1.251753,-0.665379,-1.390651,-1.330681,-0.835555"
DB06401,"-0.533507,1.156206,-1.346384,-0.933901,-1.391464,-1.314364,0.765618,0.352508,-0.002234,-0.079299,0.743049,0.753554,-0.878523,-1.321982,-0.292861,1.371911,0.971103,1.080014,-0.662597,-0.807711,-0.215544,-0.347672,-0.400553,1.245597,0.060596,0.555404,-0.801449,-0.727812,0.847600,0.992683,1.306097,0.746663,-1.194492,-0.483987,1.376320,-1.035770,0.844409,0.399439,1.109969,0.467716,-1.321790,0.223371,-1.348497,1.300596,1.383063,0.345233,1.363889,-1.033107,-0.966239,-0.199805,-0.665101,0.370810,0.323619,-0.926247,-1.333078,-0.357193,-1.058132,-0.659284,0.626933,-1.252170,-0.675588,-1.375598,-1.344475,-0.838585"
DB11738,"1.633194,-0.541870,0.073497,0.540233,0.088811,0.303479,0.160628,0.734651,2.256491,-0.257567,-0.455055,-0.488860,0.073792,-0.564156,0.058294,-0.114123,0.684711,-0.967033,-0.905205,0.126829,-3.102226,-1.678303,-0.805885,-0.374661,-0.113349,-0.380597,-0.302730,0.596040,-0.395675,-0.212402,-0.240243,-0.682439,1.484341,-1.429952,-0.018516,0.878577,1.650184,-0.938906,-1.172243,-0.822580,0.060872,0.744717,0.129963,-1.016497,-0.055601,0.333248,-0.212409,0.801735,0.791405,1.433280,0.462953,0.456575,0.028699,0.624055,0.246169,1.169807,0.768181,-0.458553,-0.197410,0.735360,1.110857,0.060599,0.919122,-0.252948"
DB07477,"-0.394664,0.846978,-1.160025,-0.765504,-1.171076,-0.939867,0.864087,0.545814,0.821227,0.036818,0.546082,0.535019,-0.725210,-1.157514,-0.284403,1.160687,0.974644,0.618994,-0.478504,-0.518976,-0.244642,-0.447422,-0.654972,1.074587,-0.068814,0.309549,-0.635268,-0.393014,0.847151,0.917820,1.137796,0.696673,-0.996608,-0.187915,1.177068,-0.582509,0.801362,0.553317,0.989704,-0.461029,-0.838808,0.435496,-1.163586,1.218365,1.167834,0.358192,1.158577,-0.934535,-0.809794,-0.319546,-0.637958,0.136890,-0.121133,-0.845653,-1.147387,-0.414153,-1.007048,-0.417641,0.406755,-0.947790,-0.471040,-1.164913,-0.992615,-0.833637"
DB00495,"-0.861599,-0.219989,0.026286,-0.085737,0.105846,0.315333,-0.827771,0.749755,-1.202848,0.956567,0.485958,1.736998,-0.552560,0.167783,-0.551237,-0.093127,0.270266,0.379076,1.168281,-0.447298,0.528805,1.403658,1.262345,0.346819,0.839068,-1.876688,-0.724805,1.284620,0.167663,-0.108468,0.170974,-0.778049,-0.130459,-0.840095,-0.159235,-0.014634,-0.970704,1.309434,0.008060,-0.012282,0.852109,-0.512749,0.022371,-0.543046,-0.128974,-0.177273,-0.038232,-0.272281,-0.324490,0.483430,1.207949,-1.093401,-0.091676,0.005068,-0.080367,-0.384466,-0.165365,0.503767,-1.677114,0.990138,0.804193,0.189351,1.172804,-0.416563"
DB00834,"-1.311464,-1.721701,0.948262,-0.240496,1.224802,1.644044,-2.482265,0.503271,-1.896191,1.124220,0.543456,0.399753,-0.055587,1.254952,1.721111,-1.083413,0.644712,-0.118381,2.125165,-1.264624,1.099328,2.183447,1.100135,-0.596295,-1.152584,-1.169132,-0.314830,0.438207,-0.156582,-0.439231,-0.798750,-2.417303,1.633719,0.374370,-1.157531,-0.707467,-0.249767,0.613808,-0.710141,1.784897,1.542436,-2.095636,0.977138,-1.631367,-1.214167,-2.111577,-1.004121,0.430726,-0.197334,0.249398,1.930031,-2.528658,1.275827,-0.007439,0.871684,0.218009,0.353517,1.055554,-3.062438,2.074673,1.323664,1.117800,1.223312,1.885442"
DB12710,"0.521172,0.028667,0.264416,-0.505194,0.141567,0.473935,-0.629659,-2.260461,0.158894,-1.134629,0.058008,0.104697,0.422199,-0.125562,0.375739,-0.161071,-1.036520,0.445956,-0.384272,1.157618,0.723474,0.226354,1.347138,-0.568579,1.046355,1.640552,-0.352986,-0.385979,0.455830,-1.673410,-0.346301,-1.027595,-0.079387,-1.129657,-0.151105,0.369143,-1.334337,-1.167627,-1.308396,-0.856835,-0.579260,-0.120525,0.211177,-0.600698,-0.087716,-0.047991,-0.104774,1.104990,1.317893,-0.339723,-0.803160,0.821009,-1.113123,0.591898,0.177949,1.625529,1.606047,1.078562,0.855593,0.751907,-2.049677,0.124816,-0.233464,-1.446776"
DB09212,"1.921352,-0.568023,1.235421,2.429977,1.169980,0.553397,1.875198,0.294055,2.998322,-0.707822,-2.077837,-1.893072,1.638838,1.564683,-1.525627,-1.222450,-0.707380,-2.032475,-0.054779,1.902497,0.034358,-1.774411,-2.619963,-1.480672,0.424420,-0.938306,2.254338,2.441865,-1.944009,0.353879,-1.304507,1.276465,0.741819,2.203528,-1.150316,2.359446,0.068299,-0.195926,-0.228394,-3.554539,1.336488,3.007453,1.268296,-0.302625,-1.188311,2.154173,-1.346574,0.912980,1.341496,1.527049,-0.803071,0.385161,-2.184308,0.563011,1.367889,-0.133267,0.366212,-1.071884,-0.082344,0.159407,1.754742,1.250260,2.067694,0.388761"
DB09213,"1.146063,-0.053464,1.430936,2.240646,1.279015,-0.287275,1.343771,-0.365016,0.421567,-0.026796,-1.157256,-0.712352,1.517188,1.669639,-2.690479,-1.375216,-0.834857,-1.043404,1.218630,1.425676,0.106650,-1.276322,-1.300184,-1.254119,0.983577,-1.827954,2.275043,2.304603,-2.016319,-0.021285,-1.408140,1.068000,0.606828,1.810074,-1.375452,1.974095,-0.149072,0.063339,-0.512524,-2.186004,0.649885,2.195353,1.467880,-0.214926,-1.358535,2.072982,-1.473118,0.845722,1.096755,1.004281,0.736221,0.252314,-0.758991,1.137783,1.497170,0.290350,0.346032,-1.012464,-0.020009,0.566196,1.824740,1.473922,2.677802,0.671825"
DB01235,"0.641766,-0.391311,0.309786,-0.599287,0.232351,1.110275,-1.033199,-0.732503,1.960795,-0.373720,-0.075088,-0.120832,0.968990,-0.492688,0.253174,-0.261245,-0.779349,-0.304201,-0.943249,1.146448,-0.947879,-0.506767,1.241443,-0.560467,1.389208,1.856792,-0.161644,-1.180267,0.969886,-1.585208,-0.372984,-1.360795,0.669855,-1.571763,-0.197634,1.088972,-0.633229,-2.086585,-1.695432,-1.206974,-0.457359,-0.059417,0.261850,-1.236050,-0.165249,-0.213335,-0.224516,1.136743,1.125958,-0.033197,-0.314726,1.191850,-1.431809,0.076584,0.244858,1.334512,1.750869,0.829648,1.550357,1.134075,-1.009881,0.192689,-0.245435,-0.448411"
DB00788,"0.641086,-0.374949,1.494562,1.912824,1.392320,0.298970,0.895697,-0.305905,0.289083,0.412709,-1.162650,-0.418457,1.291811,1.558614,-1.858507,-1.509568,-0.569417,-1.207440,1.795535,1.283979,0.120200,-0.824613,-0.682164,-1.142510,1.151337,-2.350672,1.989290,2.647723,-1.877856,-0.061481,-1.414993,0.291641,0.732865,1.275229,-1.506342,2.200982,-0.315076,0.488160,-0.760476,-2.877950,1.080616,1.762350,1.530754,-0.396874,-1.488776,1.754361,-1.541956,0.808812,1.197986,0.893526,1.151982,-0.147106,-1.029823,1.342285,1.519143,0.146276,0.529157,-0.442013,-0.669503,1.195387,2.098787,1.610926,2.813961,0.433836"
DB00461,"1.165149,-0.075137,1.605869,2.178220,1.445102,0.202377,1.114351,-0.662909,0.976462,0.152814,-0.714297,-0.828629,2.028512,1.813000,-2.601016,-1.542483,-1.280168,-1.247973,1.554420,1.420172,0.042576,-0.741060,-1.525555,-1.449967,1.603867,-2.215629,2.425382,1.413500,-2.120323,-0.230660,-1.592608,1.170711,0.567524,2.227361,-1.554686,2.239482,0.434344,0.984309,-0.397809,-2.106147,0.539878,2.224239,1.656292,-0.482473,-1.514708,2.367236,-1.632997,1.106219,1.085176,0.490397,0.771446,0.425469,-0.972372,0.336018,1.705754,0.492496,0.461365,-1.027499,-0.481692,0.709362,1.809761,1.647915,2.105878,0.856305"
DB00703,"0.566671,-0.846317,0.148081,0.567915,0.164718,0.312841,0.533084,0.700013,0.244645,-0.022615,-1.104873,-0.913400,0.787468,0.187696,0.196830,-0.193363,0.021687,-0.642987,-0.927046,-0.056013,-1.407529,-1.167714,-0.932166,-0.265805,0.282473,0.344747,0.838372,-0.576605,-0.131121,0.245413,-0.170562,0.190891,0.672366,-0.148255,-0.123407,0.919217,0.394918,-1.025286,-0.478852,-1.062277,-0.185166,0.781237,0.157330,-0.457627,-0.172331,0.270068,-0.255900,0.174374,0.324742,0.956618,-0.233026,0.558779,-0.630197,0.123945,0.206432,-0.401692,0.273301,-0.618076,0.663244,-0.042900,1.012054,0.150942,0.210906,0.631138"
DB00814,"1.365709,-1.722224,2.104082,1.687899,2.035233,1.165767,-0.613081,-1.548546,-1.006223,-0.692247,-0.912295,-1.495923,2.581557,1.906653,-0.052885,-2.082374,-1.074158,-2.068291,1.805482,1.710129,1.001054,0.556479,-0.513546,-2.091252,2.154140,-1.622559,1.983006,0.882696,-1.029305,-1.189690,-2.098221,-0.154019,1.310602,2.568940,-2.097660,2.655513,0.365059,1.524854,-1.212515,-0.199794,0.825935,1.340662,2.161217,-2.134065,-2.056876,2.256155,-2.111471,2.039716,2.176239,0.882131,0.003366,0.363893,-1.047387,0.134103,2.075860,0.714248,1.921801,-0.132530,-1.900711,1.552194,1.425873,2.207001,2.422577,0.890293"
DB06781,"-0.501173,0.557565,-1.156452,-0.568504,-1.135126,-0.916329,0.615031,0.418760,0.045552,-0.207375,0.293211,0.600803,-0.820970,-0.881814,0.110478,1.152050,0.840019,0.855883,-0.622229,-0.856368,-0.207156,0.040457,-0.550347,1.023138,-0.362012,0.090362,-0.652086,-0.235255,1.021317,0.740056,1.134225,0.591674,-0.839839,-0.414637,1.161440,-0.948626,0.384161,0.425065,0.862962,0.210741,-0.877040,0.013914,-1.167040,0.991348,1.147626,-0.118543,1.130566,-0.877197,-0.833896,-0.084748,-0.709677,-0.047046,0.488827,-0.547381,-1.137620,-0.448930,-0.934740,-0.271858,0.299235,-0.901335,-0.623367,-1.167772,-1.092688,-0.815321"
DB06791,"-0.197710,0.153047,-0.781229,-0.759207,-0.787966,-0.746203,0.509564,0.085025,-0.047312,0.420042,0.716759,0.241159,-0.724900,-0.409623,-0.503865,0.804797,0.610210,0.873193,-0.264907,-0.649709,-0.614858,-0.064818,-0.737763,0.681708,-0.203255,-0.163141,-0.507149,-1.299309,0.388824,0.410568,0.801670,0.674539,-0.714670,-0.762351,0.797302,-0.617741,0.536732,0.706540,0.766635,0.022422,-0.652663,0.103782,-0.758360,0.651697,0.784408,-0.127186,0.777799,-0.731036,-0.958635,-0.693331,-0.487053,-0.008813,0.726372,-0.766526,-0.744193,-0.482761,-0.748487,-0.454910,-0.375141,-0.838822,-0.256420,-0.807390,-0.971805,-0.383691"
DB11783,"2.072165,-0.582866,0.113190,0.365711,0.104835,0.181414,0.201768,0.782843,1.545702,0.045747,-0.635433,-0.983153,0.106929,-0.695329,-0.135420,-0.164897,0.637789,-1.007086,-1.145490,0.189938,-3.570670,-2.194302,-1.071116,-0.460995,-0.108924,0.030485,-0.133118,-0.318788,-0.611733,-0.153185,-0.280195,-0.812275,1.737070,-1.443596,-0.042515,1.117857,2.086375,-1.140479,-1.343137,-1.921612,-0.206219,0.915394,0.184238,-1.110991,-0.080917,0.574793,-0.271335,0.918150,1.264803,2.007194,0.837861,0.688256,-0.406465,0.598375,0.296990,1.272737,0.899104,-0.920876,-0.222509,0.775281,1.149252,0.092243,1.171078,0.088403"
DB12313,"0.873773,0.254231,0.053004,1.094942,-0.009634,-0.617929,0.931154,0.040321,0.895443,-0.659059,-0.823449,-0.488096,0.066537,-0.056874,-0.633174,-0.022185,-0.249516,-0.661947,-0.524558,0.480064,-1.040766,-1.072337,-1.092640,-0.243861,-0.313609,-0.176885,0.220763,0.820824,-0.996437,0.253207,-0.173157,0.668608,0.268770,-0.031210,0.014416,0.227186,0.415560,-0.597959,-0.174175,0.191813,0.041276,0.907662,0.072057,-0.044960,0.018750,0.638051,-0.111055,0.305770,0.427554,1.200602,-0.078622,0.510231,-0.274024,0.569649,0.163015,0.357770,0.160120,-0.637782,0.448325,-0.373656,0.286369,0.012581,0.441725,-0.330363"
DB11619,"-1.036998,0.279277,-0.853884,-1.123581,-0.812633,-0.664546,0.013715,0.408216,-0.990468,0.137333,0.756427,1.058225,-0.560470,-1.070378,1.041026,0.799901,0.923132,0.432199,0.347784,-0.538706,0.633143,0.364266,0.315177,1.027266,0.451992,-0.006445,-0.979701,-0.119477,0.790278,0.761134,0.924391,0.100572,-0.912397,-0.283697,0.779910,-0.721372,0.517174,0.982961,0.840654,1.292374,-0.457041,-0.157584,-0.842515,0.695783,0.786425,0.050587,0.876188,-0.889542,-0.704156,-0.575210,-0.473546,0.124159,-0.502332,-0.734091,-0.943577,-0.966092,-0.778781,-0.001335,-0.332536,-0.649658,-0.313874,-0.765670,-0.431702,-0.699111"
DB11785,"0.137276,-2.737407,1.122488,0.674108,1.399600,1.378510,-1.061291,0.340216,-0.493383,0.954464,-0.536775,-2.365688,0.136529,1.292884,1.686552,-1.189302,0.018633,-0.732601,0.523744,-1.108604,-1.359122,0.157909,-0.583491,-1.058293,-3.577857,1.334131,0.980821,-1.801576,-0.548814,-0.693206,-1.070118,-1.445185,2.052621,1.963398,-1.198302,-0.446592,-0.926723,-1.188102,-1.465093,0.495754,1.748576,-1.510955,1.065275,-1.433152,-1.329989,-2.597039,-1.306462,0.811513,0.179695,0.901278,2.383383,-3.136378,0.254707,2.103944,1.201530,1.050101,0.001196,1.604754,-1.478105,1.577747,1.583363,1.140888,0.868849,2.776311"
DB06213,"-0.515829,1.131783,-1.347614,-0.919422,-1.389034,-1.296007,0.792387,0.401463,0.121882,-0.086323,0.735534,0.740693,-0.836343,-1.297500,-0.272929,1.372464,0.966997,1.053025,-0.653066,-0.783498,-0.191821,-0.346252,-0.446030,1.238590,0.051498,0.510396,-0.748546,-0.694713,0.895481,0.974062,1.304955,0.794765,-1.168238,-0.428375,1.377717,-1.022248,0.875222,0.413922,1.120132,0.466304,-1.322843,0.234782,-1.348264,1.288736,1.380110,0.347530,1.360461,-1.017624,-0.961711,-0.255034,-0.722021,0.388228,0.305471,-0.905788,-1.326947,-0.383451,-1.084946,-0.662504,0.647946,-1.256602,-0.677822,-1.375636,-1.343005,-0.837601"
DB08865,"-0.501786,-0.360818,0.269218,-0.709829,0.392439,0.873763,-1.783561,1.168581,0.914516,1.018615,1.628205,1.106710,-0.280368,0.346248,-0.504536,-0.297197,0.671166,0.704128,1.059690,-0.761610,-0.366789,1.225617,0.666069,-0.159341,-0.382071,-1.279535,-0.692126,0.172015,-0.792958,-0.460456,-0.219691,-1.316158,0.669207,-0.818399,-0.362869,-0.611437,0.880103,1.175244,-0.085899,1.056415,0.769434,-1.162908,0.364180,-0.513816,-0.389377,-0.887591,-0.256888,0.158462,-0.911628,-0.296071,0.944019,-1.198611,1.458606,-1.246562,0.275143,-0.015589,-0.014731,-0.239068,-2.517084,0.784589,0.788715,0.347675,0.367801,1.057424"
DB08899,"-1.412318,1.064542,1.134450,0.423893,1.061656,-0.188395,0.348475,0.395697,-2.965381,1.865622,-0.596745,-0.361586,0.625756,0.774362,0.090925,-1.246780,-1.554157,-1.762671,1.871233,1.052982,1.607061,-0.956054,1.129950,-0.049883,0.528624,-1.007284,1.485293,1.040180,-1.208051,1.350152,-0.897121,1.254146,-0.870498,0.740811,-1.306829,1.463323,0.143495,0.095425,0.888755,1.331862,0.837846,-0.257347,1.200101,1.019002,-1.262601,0.602234,-1.024606,-1.217995,-0.508714,-1.830082,1.244628,1.252386,-0.539113,0.404120,0.925391,-2.311348,-0.092566,0.250822,1.322990,-0.720162,1.272192,1.313452,1.702339,1.175798"
DB09149,"0.895361,0.592395,0.166987,1.287854,0.007525,-1.022712,1.558934,-0.048923,-0.014142,-0.999379,-1.032525,-0.545836,0.848865,0.545244,-1.204729,-0.088414,-0.412692,-0.066447,-0.780058,0.519704,0.212486,-1.127631,-1.361288,-0.404664,0.786234,0.175060,1.212920,0.838427,-1.344976,0.708487,-0.275773,1.686877,-0.362549,0.703554,-0.058905,0.649733,0.277346,-0.587073,0.529973,-0.003907,-0.620358,1.678260,0.189622,0.488401,-0.056300,1.762190,-0.201521,0.110339,0.233721,1.188541,-1.187653,1.324831,-0.249669,-0.071859,0.280502,-0.361059,-0.167719,-1.836657,0.917163,-1.162961,0.511761,0.105110,0.138395,0.113885"
DB08881,"-1.297084,-0.422370,0.747190,-0.700365,0.896822,1.338556,-2.110655,1.033632,0.244460,2.066560,1.482933,1.435928,-0.832728,0.619503,-0.992934,-0.842728,0.358605,0.601053,2.773803,-0.587523,0.508168,1.391414,1.515615,-0.234295,-0.684435,-1.397921,-0.771768,0.194972,-0.884357,-0.682091,-0.578898,-2.343774,1.112472,-0.910140,-0.939388,-0.621057,0.030452,1.340166,-0.410804,0.596557,1.625259,-1.290409,0.842614,-0.992841,-0.939241,-1.216291,-0.730722,0.326597,-0.830789,-0.091634,2.305335,-1.948522,1.164893,-0.197733,0.684914,0.691967,0.107004,0.255887,-3.060104,1.593983,1.007366,0.932225,1.355536,1.268300"
DB08820,"-2.097638,1.697308,0.109874,-1.094069,0.136157,-0.081773,-0.426918,0.677626,-0.717666,2.601882,1.161534,0.879513,-1.356022,-0.422693,-0.025809,-0.253584,-0.214491,-0.913127,2.439755,0.377049,0.873092,-0.581907,1.308528,0.949286,-0.496177,-1.067857,-0.339735,0.457010,-0.173483,1.316936,0.159795,0.242630,-1.205565,-0.834630,-0.344322,0.070033,1.232636,1.313444,1.357999,1.273961,1.018005,-0.958917,0.206894,1.337950,-0.299953,-0.428737,0.039818,-1.859318,-1.652182,-2.386653,1.429491,0.528027,-0.015661,-0.209317,-0.114182,-1.896428,-0.804294,0.597122,0.155589,-0.915355,0.410466,0.313414,0.840959,-0.176604"
DB08824,"0.840655,0.614373,0.146422,1.254567,-0.003183,-1.091142,1.581490,0.047580,-0.176487,-1.170926,-1.030333,-0.488346,0.858191,0.523910,-1.191327,-0.070647,-0.430346,-0.050090,-0.839700,0.597416,0.416952,-1.131893,-1.395751,-0.369610,0.779924,0.150043,1.158897,1.029930,-1.401200,0.706918,-0.247927,1.704621,-0.354177,0.809567,-0.042508,0.537963,0.188874,-0.580203,0.551357,0.029074,-0.670365,1.699993,0.167466,0.507897,-0.039010,1.773167,-0.174776,0.113799,0.220965,1.311136,-1.252831,1.297651,-0.401628,-0.047196,0.256374,-0.464981,-0.218020,-1.822975,0.902423,-1.135340,0.444167,0.086264,0.187604,0.081437"
DB06228,"0.474659,-0.647667,0.788452,1.276757,0.801518,0.485477,0.452738,0.708414,-0.988641,-0.451631,-1.191556,-0.149616,1.197653,0.744462,0.344288,-0.832367,-0.551464,-0.951230,-0.174971,0.692371,0.845802,0.297897,-0.277531,-0.655429,1.201392,-1.402273,0.989027,1.212139,-1.086787,0.326050,-0.683935,0.688954,0.153400,0.872013,-0.840765,1.058627,-0.982809,-0.038484,0.136031,0.293474,1.337780,1.019831,0.788141,-0.531693,-0.841611,0.841927,-0.838649,0.095642,0.568924,0.464527,-0.461489,0.450674,-1.390865,0.131734,0.746988,-1.510256,0.084041,-0.526123,-0.165119,0.043794,1.421790,0.897235,1.458259,0.562322"
DB08895,"0.029000,-0.232870,-0.528555,-0.106550,-0.422266,-0.185454,0.072166,0.651867,-1.098560,0.351150,0.397701,0.090095,-0.577179,-0.048095,0.753943,0.499075,0.601036,0.071827,-1.122480,-1.054483,-0.594909,0.686446,-0.095747,0.427759,-0.501099,-0.807482,-0.651001,0.264699,0.687575,0.524721,0.561340,0.734212,-0.567669,-0.155161,0.486741,-0.627554,0.021343,0.482539,0.822874,1.288398,0.088386,-0.999999,-0.558385,0.098962,0.463868,-0.755761,0.454151,-0.760374,-0.672096,-0.206422,0.007154,-0.531328,0.728786,-0.219298,-0.507814,-1.169870,-0.738717,0.238911,-0.499102,-0.658909,0.172852,-0.518084,-0.682950,-0.085629"
DB06237,"-1.466722,0.851919,0.389183,-1.063076,0.461632,0.334057,-1.076521,0.929798,-0.804612,2.557413,0.871268,0.595936,-1.215815,-0.516327,0.060903,-0.565066,-0.080539,-1.184833,2.208101,0.336130,-0.141899,-0.779105,1.694047,0.610321,-0.458407,-0.819269,-0.101844,-0.502700,-0.201082,0.751662,-0.110846,-0.978950,-0.101406,-0.947239,-0.623026,0.314529,1.369167,0.525602,0.300482,0.940320,1.232481,-0.949658,0.498509,0.260550,-0.593931,-0.629364,-0.285593,-1.171240,-0.964221,-1.425234,1.804876,0.469685,-0.698692,0.216299,0.168872,-1.167794,-0.246221,0.450064,-0.538495,-0.038203,0.759470,0.611003,1.442270,0.426558"
DB00136,"-0.689358,0.864052,-0.853795,-1.150882,-0.870985,-0.766877,0.496712,0.444115,-0.028568,0.723458,1.052088,0.726301,-0.848954,-0.856370,-0.118636,0.837804,0.735390,0.411534,0.177191,-0.371451,0.032059,-0.348763,-0.065059,1.054861,0.069426,-0.213913,-0.737144,-0.337445,0.476839,0.941098,0.906517,0.669881,-1.040249,-0.831807,0.811763,-0.550422,0.981736,1.060291,1.199579,0.326809,-0.667946,0.056129,-0.817281,1.170674,0.825801,0.161175,0.914019,-1.114763,-1.136118,-1.360518,-0.449871,0.366926,0.554272,-1.031538,-0.888595,-0.952161,-0.877663,-0.373447,-0.109995,-1.035322,-0.314273,-0.820428,-0.877049,-0.600818"
DB00544,"-0.079414,-1.243370,0.490423,0.232471,0.688212,1.622148,-2.572763,1.157112,-0.217145,0.539404,0.927519,1.757022,-0.220773,0.928757,-0.484932,-0.520235,0.699804,1.124946,1.361986,-1.399988,0.024909,3.316763,1.502537,-0.601229,0.058403,-2.500535,-1.090262,2.016387,-0.099148,-1.346858,-0.446721,-2.352439,1.583464,-0.058204,-0.578013,-0.771532,-0.544805,1.455689,-0.869572,0.328626,1.438793,-1.921140,0.497860,-1.742700,-0.595364,-1.154513,-0.614739,1.027472,0.147595,1.829518,1.882126,-2.683740,1.821581,-0.810452,0.551689,0.854209,0.264890,0.633763,-3.267461,2.334962,1.147750,0.586015,0.819346,1.022312"
DB13520,"2.063888,0.371464,1.173289,1.395227,0.939100,0.334030,-0.103909,-2.270827,0.545494,-2.475207,-1.354744,-0.921827,1.077486,0.832922,-1.036964,-0.984005,-2.396258,-0.244476,-0.829370,2.150413,0.024157,-0.489156,0.178579,-1.737609,1.086319,1.247031,0.912690,0.622143,-1.743794,-1.854090,-1.378761,-0.268008,0.995385,-0.090411,-0.947892,0.576278,-1.164685,-2.238986,-1.635821,-0.058603,-0.226429,1.035726,1.168078,-1.257517,-0.865643,1.029362,-1.070809,2.041494,2.218064,1.430811,-1.458064,1.811099,-0.836703,0.926156,1.246088,1.978757,2.186390,-0.602131,1.481901,0.232132,-1.383214,0.946930,0.502233,-0.523295"
DB00523,"-0.612327,0.952324,-1.288646,-0.973046,-1.318971,-1.238807,0.654357,0.309687,-0.096208,-0.148976,0.788867,0.819852,-0.739828,-1.307447,-0.038376,1.303686,0.991478,0.999075,-0.514543,-0.754629,-0.053849,-0.189252,-0.334432,1.198642,0.180448,0.494498,-0.837458,-0.704321,0.906300,0.910617,1.257858,0.697926,-1.152290,-0.366176,1.305089,-0.983974,0.851346,0.542697,1.077250,0.662751,-1.251806,0.184203,-1.288538,1.176354,1.310697,0.352951,1.302345,-0.956759,-0.920118,-0.247667,-0.788338,0.370592,0.162584,-0.955870,-1.286120,-0.412787,-1.013461,-0.610496,0.428143,-1.190725,-0.698188,-1.298643,-1.277529,-0.833370"
DB00563,"0.486258,-0.910344,0.914400,0.800255,0.909411,0.600518,0.336685,0.820788,-1.223270,0.219036,-0.763351,-0.047469,1.379411,0.998658,-0.042628,-0.954188,-0.640904,-0.974850,-0.070966,0.839482,0.685480,0.007612,-0.101024,-0.725142,1.595393,-1.561126,0.931209,1.177551,-1.596338,0.221195,-0.801347,0.670745,0.053016,0.055502,-0.967452,1.467500,-0.717256,0.462270,0.181313,-0.237023,0.829123,1.085560,0.952789,-0.627682,-0.967810,1.123839,-0.935120,0.254095,0.429488,-0.064328,-0.369775,0.575347,-0.847135,-0.407373,0.871771,-1.587406,0.445499,-0.804580,-0.997801,0.308651,1.669678,1.027562,1.194569,0.701694"
DB11315,"-1.054037,-0.737177,-0.727276,-0.097030,-0.552765,0.260907,0.144426,0.265296,1.039017,0.850059,-0.200362,0.269275,-1.409686,-0.256158,1.198217,0.611488,0.793086,-0.337049,0.566851,-0.746311,-0.297078,0.553502,0.163952,0.809921,-2.146482,0.098713,-0.727905,-0.232075,1.208657,0.553305,0.805681,0.351457,-0.784854,-0.115466,0.626132,-0.437135,-0.964305,0.646925,0.585550,-0.093507,1.411403,-0.766300,-0.783969,0.465480,0.567459,-1.613069,0.610452,-1.008480,-1.120739,-1.101423,-0.370617,-1.285503,-0.172498,1.151343,-0.757256,-0.624942,-1.035929,1.603462,-0.488896,-0.606648,-0.138084,-0.631308,-0.888962,-0.667733"
DB00906,"0.519828,-0.036713,0.427402,-0.680053,0.324413,0.750558,-0.995939,-2.570054,-0.523670,-1.033442,0.133779,0.177744,0.180882,-0.237737,1.018744,-0.347568,-0.842379,0.261771,0.347939,1.229851,1.048851,0.249484,1.553550,-0.626302,0.977826,1.584225,-0.432977,-0.002572,0.576191,-1.861040,-0.495521,-1.658612,0.049709,-1.389963,-0.345590,0.385542,-1.218823,-0.734752,-1.560286,-0.693466,-0.396145,-0.332935,0.394318,-0.824693,-0.280291,-0.091609,-0.241690,1.216640,1.614213,-0.810663,-0.454030,0.756225,-1.000235,1.130558,0.306789,1.737868,1.827328,1.451271,0.631499,1.070735,-2.044808,0.323660,0.274841,-1.698985"
DB00126,"-0.556849,1.151276,-1.350055,-0.928691,-1.392607,-1.309773,0.778369,0.398141,0.032093,-0.073466,0.717592,0.756353,-0.852999,-1.305441,-0.260557,1.374405,0.962753,1.068083,-0.663927,-0.802289,-0.185280,-0.336991,-0.429186,1.242718,0.063959,0.541326,-0.798855,-0.678415,0.863875,0.996539,1.307355,0.769759,-1.187808,-0.467073,1.379362,-1.040779,0.849193,0.396512,1.112441,0.499644,-1.318082,0.213035,-1.350869,1.284468,1.384465,0.339486,1.364141,-1.030105,-0.971806,-0.224628,-0.665070,0.380960,0.286785,-0.935302,-1.333051,-0.379050,-1.062869,-0.660335,0.652529,-1.241657,-0.666375,-1.378784,-1.314923,-0.832740"
DB03754,"-0.513618,1.165414,-1.354280,-0.923970,-1.400568,-1.312309,0.793011,0.354392,0.121017,-0.065045,0.742489,0.751602,-0.841523,-1.322734,-0.305154,1.381482,0.970397,1.075768,-0.665689,-0.802257,-0.233374,-0.361468,-0.442207,1.240202,0.058993,0.530019,-0.744723,-0.775303,0.866007,0.992821,1.309405,0.794387,-1.198338,-0.473433,1.387180,-1.025411,0.896247,0.402909,1.129687,0.479594,-1.327139,0.238655,-1.354763,1.303555,1.390355,0.356743,1.368102,-1.032666,-0.983134,-0.295029,-0.702597,0.410180,0.328401,-0.925501,-1.334204,-0.352910,-1.070271,-0.686872,0.656982,-1.277489,-0.678117,-1.384161,-1.358874,-0.834003"
DB00687,"0.063924,-1.598696,-0.092672,0.576608,0.148575,0.932382,-0.003201,0.865048,-0.221677,-0.124979,-0.498827,-0.113147,-0.171715,0.623564,2.143131,0.002594,0.760418,-0.713054,-0.927493,-0.843992,-0.114008,1.588819,-0.407034,-0.026686,-1.015354,-1.984133,-0.470634,2.008954,1.306888,0.114085,0.161899,0.221198,0.213330,0.416879,0.002197,-0.266990,-1.081397,0.827166,0.326769,0.838664,1.495404,-0.927079,-0.156278,-0.624657,-0.064565,-1.397246,-0.057092,-0.357886,-0.215864,-0.337307,-0.337648,-1.376943,0.619053,0.614478,-0.086727,-1.354809,-0.526206,1.258198,-1.290102,0.478520,0.633878,-0.012998,0.069894,-0.248829"
DB03793,"-0.571943,0.967663,-1.294328,-0.887675,-1.318369,-1.183825,0.720365,0.535430,-0.018828,-0.166273,0.635614,0.735780,-0.775896,-1.250704,-0.054653,1.308298,0.955350,0.939735,-0.695716,-0.775502,-0.147360,-0.258156,-0.409618,1.219420,0.031813,0.484224,-0.757061,-0.558292,0.896786,0.944675,1.273746,0.712507,-1.096827,-0.422846,1.309510,-0.988353,0.719902,0.432033,1.053051,0.445261,-1.221787,0.216612,-1.305336,1.171645,1.312292,0.291175,1.310091,-1.002147,-0.918900,-0.184016,-0.701471,0.282961,0.191834,-0.839740,-1.290698,-0.508041,-1.022609,-0.608822,0.579460,-1.090776,-0.609996,-1.311838,-1.274345,-0.865382"
DB00380,"1.798349,-0.351622,0.538032,1.833657,0.483302,-0.190098,1.143345,0.287731,-0.011650,-1.182325,-1.115889,-0.862030,1.227377,1.249268,-0.742390,-0.459006,-0.301553,-0.351315,-1.386483,0.367956,0.115720,-0.164012,-1.505671,-1.017267,0.638347,-1.178949,1.011825,1.829586,-1.189433,0.172415,-0.655325,1.579937,0.339625,0.953909,-0.431822,0.693972,-0.213673,-0.299337,0.303779,0.267808,0.277019,1.378704,0.541932,-0.412017,-0.459506,1.237526,-0.652374,0.600175,0.700135,1.195776,-1.191847,0.496176,0.249749,-0.025672,0.713165,-0.504005,-0.057267,-1.367413,-0.001630,-0.480509,1.112682,0.473669,0.573625,0.429851"
DB02659,"-0.676545,0.501557,-1.122231,-0.780695,-1.086604,-0.802194,0.335742,1.090265,-0.782394,-0.287594,0.092315,0.927516,-0.672084,-1.049272,0.452238,1.087805,0.794818,0.618108,-0.667871,-0.694173,0.220425,0.037430,-0.208151,1.182075,0.139917,0.241038,-0.822009,-0.017478,0.822246,0.798458,1.175305,0.310681,-0.730423,-0.653599,1.080153,-0.850389,0.110303,0.458671,0.701526,-0.079115,-1.040160,0.122476,-1.155717,0.737755,1.086332,0.182303,1.137119,-0.861881,-0.502197,0.109590,-0.411677,-0.067339,-0.165707,-0.554068,-1.171970,-0.859679,-0.751059,-0.407025,0.290357,-0.405275,-0.377403,-1.093674,-0.785206,-0.911550"
DB00260,"-0.610990,0.955584,-1.219785,-1.005070,-1.261369,-1.243531,0.651475,0.119674,-0.012923,-0.074679,0.758210,0.627368,-0.617861,-1.214963,-0.171844,1.239852,0.824687,0.926831,-0.683362,-0.663055,-0.193595,-0.216435,-0.107081,1.127204,0.207525,0.597167,-0.955189,-0.691437,0.890877,0.778898,1.179962,0.552041,-1.123101,-0.568026,1.243051,-0.834690,0.778712,0.398276,0.885015,0.502766,-1.265971,0.116151,-1.225389,1.150849,1.253872,0.311734,1.249823,-0.880944,-0.817513,-0.212903,-0.581313,0.252594,0.083609,-1.034773,-1.232652,-0.342996,-0.729321,-0.451996,0.453557,-0.915351,-0.740615,-1.242258,-1.157936,-0.897731"
DB03424,"-0.508201,1.012083,-1.292913,-0.936750,-1.329993,-1.216113,0.650169,0.271260,0.026913,-0.127646,0.758481,0.750898,-0.764218,-1.288991,-0.138962,1.315705,0.973957,1.021500,-0.546046,-0.758912,-0.121402,-0.205993,-0.367637,1.176477,0.106471,0.497008,-0.784002,-0.740017,0.930911,0.884457,1.252121,0.696980,-1.122633,-0.396099,1.319281,-0.982998,0.873710,0.505752,1.053853,0.570917,-1.254632,0.183835,-1.292587,1.185127,1.322350,0.344360,1.306518,-0.948044,-0.894185,-0.269410,-0.738338,0.364647,0.293375,-0.961930,-1.281109,-0.330272,-0.983655,-0.585339,0.513674,-1.169131,-0.695778,-1.313735,-1.302128,-0.825283"
DB04599,"1.362608,0.609214,0.231336,-0.300976,0.040240,0.368361,-0.571979,-2.645372,1.210404,-1.916556,-0.049722,-0.081667,0.278688,-0.078030,-0.664647,-0.045253,-1.344368,1.079898,-0.857818,1.378570,0.521991,0.320763,0.836798,-0.805269,1.226733,1.805921,0.068224,-0.707418,0.047908,-1.927127,-0.365171,-0.883550,0.195661,-0.846454,-0.026752,-0.114140,-1.311507,-1.260529,-1.149007,-1.009006,-0.623065,0.519634,0.185292,-0.683092,0.043050,0.387782,-0.072505,1.385349,1.479879,-0.050100,-1.678669,1.182531,-0.674798,0.386848,0.226033,1.960576,1.576096,0.083403,1.205269,0.264596,-2.235068,0.010212,-0.576894,-1.217427"
DB02266,"-0.515059,1.164671,-1.354433,-0.922798,-1.400719,-1.312672,0.792281,0.349454,0.119170,-0.062027,0.745576,0.753885,-0.842472,-1.322103,-0.307529,1.381602,0.971867,1.078391,-0.661254,-0.802781,-0.232031,-0.362067,-0.444230,1.240361,0.059750,0.531278,-0.748130,-0.769177,0.865845,0.992717,1.309318,0.795054,-1.199084,-0.469098,1.387176,-1.025503,0.897150,0.402592,1.128266,0.476621,-1.327402,0.240498,-1.354764,1.304609,1.390430,0.356172,1.368068,-1.033522,-0.982882,-0.293893,-0.702856,0.411154,0.324886,-0.928035,-1.334315,-0.353257,-1.069561,-0.687314,0.655906,-1.278244,-0.678300,-1.384244,-1.359003,-0.834050"
DB00575,"0.246128,-0.592444,1.657404,-0.028202,1.619362,2.081986,-1.002166,-1.418019,0.636405,1.168894,-0.231765,-1.148180,0.839702,0.722783,0.819727,-1.706350,-1.541533,-2.140318,1.193032,1.628192,-0.208084,-0.808171,1.524643,-1.167770,0.433773,0.436071,0.708290,-0.753692,-0.331460,-1.355541,-1.622227,-1.343439,1.180572,-0.489782,-1.691181,1.884131,-0.288870,-0.849510,-1.488535,-0.874637,0.920879,-0.773714,1.672116,-1.266291,-1.641129,-0.682522,-1.540309,1.156515,1.143931,-1.894157,1.555800,0.797676,-0.431098,1.315925,1.577299,0.924703,1.825159,1.776037,0.615274,1.246896,-0.073367,1.654930,0.748459,0.710990"
DB00997,"-1.004781,-0.084644,0.312933,-0.929329,0.428060,0.337943,-0.746868,0.720871,-1.763322,1.986425,1.101711,0.202320,-0.621715,0.160914,0.756108,-0.420689,0.156088,-0.617798,0.849331,-0.346159,0.519600,0.387935,1.078954,0.271668,-0.764046,-0.766161,-0.608857,-0.592100,-0.086299,0.465021,-0.136292,-0.221239,-0.095615,-0.252856,-0.494035,-0.236943,0.033329,0.789524,0.719171,1.503134,0.751681,-1.314392,0.342544,0.032630,-0.492089,-1.013348,-0.266365,-0.758273,-0.985767,-1.871570,1.394729,-0.815693,1.263303,-0.161483,0.209241,-0.823805,-0.189714,0.578086,-1.673822,0.310708,0.657162,0.441197,0.251785,0.917422"
DB06480,"0.263621,-0.240824,0.499639,1.218929,0.452655,-0.296913,1.002699,0.395732,-0.434762,-0.060322,-1.336118,-0.660187,0.510584,0.835366,-0.532868,-0.524532,-0.725635,-0.934138,-0.333256,0.649324,0.246967,-0.907636,-0.712906,-0.405516,0.148695,0.140827,1.223969,0.640566,-1.585359,0.742287,-0.461110,1.330699,-0.457140,0.627720,-0.506161,0.888660,-0.709648,-0.496525,0.428480,-0.039121,0.608803,0.928050,0.502471,0.094527,-0.511562,0.817864,-0.550153,-0.153172,0.004188,0.755143,-0.525645,0.665393,-1.319269,0.757086,0.497236,-1.112804,-0.059321,-0.838212,0.281840,-0.980626,0.730538,0.540080,0.522706,0.498388"
DB00435,"1.189928,-0.121972,0.383716,0.989350,0.252761,-0.172156,1.060362,0.533824,0.327337,-0.640373,-1.014019,-1.060932,1.374176,0.133477,-0.404704,-0.346508,-0.256101,-0.566479,-1.164650,0.390398,-1.493633,-1.660202,-1.172497,-0.615806,1.218228,0.475344,1.089981,-0.256426,-0.981208,0.358198,-0.518213,0.870412,0.618820,-0.031718,-0.271912,1.360768,1.113435,-1.300198,-0.310674,-0.293989,-0.668823,1.475428,0.418510,-0.339590,-0.286686,1.500535,-0.452266,0.482370,0.577845,1.325492,-0.632311,1.709644,-0.205089,-0.300331,0.522576,-0.204981,0.488348,-1.758777,1.435648,-0.451390,1.262963,0.318479,0.096389,0.722415"
DB01299,"-0.487862,0.448236,-1.076336,-0.570130,-1.063840,-0.836423,0.459719,0.113487,-0.250964,-0.237650,0.335655,0.456223,-0.710499,-0.828817,0.260838,1.084301,0.825986,0.876314,-0.563256,-0.896726,-0.157278,0.223167,-0.460625,0.911205,-0.193141,0.195611,-0.744969,-0.413024,1.073432,0.584955,1.039599,0.366356,-0.769453,-0.395689,1.092595,-0.919016,0.372906,0.364903,0.680845,0.456564,-0.865164,-0.172618,-1.089660,0.794085,1.082166,-0.150760,1.058383,-0.743456,-0.647159,0.017931,-0.483533,-0.079102,0.466711,-0.626329,-1.065495,-0.266023,-0.724837,-0.152373,0.288795,-0.739721,-0.644862,-1.096952,-1.024528,-0.756429"
DB04864,"-0.693111,-0.103104,-0.962538,-0.416778,-0.882404,-0.478718,0.549319,0.157387,0.389485,0.197247,0.242090,0.344224,-1.056302,-0.606799,0.578622,0.920524,0.966651,0.418262,-0.196548,-0.890595,-0.399892,0.209748,-0.274105,0.911243,-1.124338,0.228515,-0.671057,-0.563551,1.017081,0.682766,0.983569,0.595695,-0.867540,-0.146803,0.929209,-0.762425,-0.073151,0.534068,0.778800,0.236327,0.106392,-0.266076,-0.998225,0.737669,0.894613,-0.736376,0.893468,-0.942704,-1.032739,-0.602609,-0.670743,-0.608590,0.176962,0.318060,-0.955564,-0.517141,-1.069563,0.452731,-0.113459,-0.914773,-0.296900,-0.933013,-1.100015,-0.674998"
DB08954,"2.401621,-0.553725,1.223112,0.909231,1.031187,0.728075,-0.622841,-2.575640,0.306296,-2.380798,-0.830110,-0.672882,1.130836,0.570371,0.198505,-1.056860,-1.281127,-0.263536,-0.193134,1.894221,-0.562054,-0.539347,0.350140,-1.845836,1.193958,0.810026,0.078960,1.120920,-1.026621,-2.473955,-1.486769,-1.449185,1.616599,-1.335776,-1.008605,0.909611,-0.449360,-1.755106,-2.575538,-0.252283,-0.284374,0.744030,1.237505,-1.934004,-0.943145,0.823218,-1.132174,2.642667,2.855484,1.255225,-0.729241,1.436221,-0.498283,1.609852,1.311563,2.724849,2.633831,0.234475,0.653145,1.450882,-1.150935,1.024560,1.203827,-1.245179"
DB01064,"1.085577,-0.576488,0.222613,1.324748,0.237805,-0.093647,0.880330,-0.087559,1.493902,-0.510060,-0.936384,-0.908082,-0.210325,0.311851,-0.052031,-0.218262,0.184188,-1.065468,-0.270893,0.263341,-1.373951,-0.807848,-1.319927,-0.413826,-1.146595,-0.646294,0.437685,0.790068,-0.595471,0.039493,-0.312191,0.451141,0.583281,0.316712,-0.181395,0.303894,0.064882,-0.119844,-0.320935,-0.104426,0.938848,0.706228,0.218896,-0.475113,-0.206233,-0.002606,-0.333016,0.408351,0.438866,0.751523,0.113010,-0.241030,-0.048467,1.634759,0.348531,0.370182,-0.032741,0.045742,-0.180663,-0.117886,0.582104,0.207363,0.671549,-0.283390"
DB13139,"1.790347,-0.243406,1.017480,2.520392,0.896259,-0.406910,1.643882,0.062729,0.255881,-1.543863,-2.160343,-1.464994,1.190718,1.308740,-1.160723,-0.943982,-1.019956,-1.247521,-0.758596,1.301980,-0.231255,-1.550160,-2.061055,-1.268939,0.034326,-0.459807,1.894602,1.839123,-2.595878,0.263264,-1.137836,1.439144,0.687570,1.336273,-0.902963,1.000254,-0.330796,-0.837420,-0.184520,-0.385877,0.538878,2.213765,1.035737,-0.445217,-0.904494,1.617195,-1.092698,0.943885,1.062948,1.909797,-0.768767,0.899774,-0.748731,1.337213,1.177491,-0.221901,0.415827,-1.595750,0.567413,-0.556219,1.099731,0.955984,1.302171,0.440814"
DB06402,"1.696970,-0.519079,0.839249,1.658450,0.807643,0.060804,-0.400219,0.491521,0.401395,-1.726634,-0.475850,-0.830686,1.666647,1.328494,-0.860346,-0.706599,-0.368041,0.485405,-1.215550,-0.250085,-0.245910,0.620554,-1.279457,-1.413813,0.137616,-0.439435,1.128494,1.292321,-1.738375,-0.633248,-1.061728,0.362819,1.287179,1.850670,-0.696369,0.053690,0.634243,-0.370985,-0.625840,0.311254,-0.325548,0.294463,0.864816,-0.698544,-0.743960,0.949013,-0.931468,1.354541,0.818516,1.830661,-0.406828,-0.222490,1.712582,-0.855285,1.051821,0.662320,0.500011,-1.603933,-0.233461,0.555775,1.004092,0.705021,0.116175,1.859572"
DB11898,"-0.619415,-1.658743,-0.378501,0.782751,-0.156208,0.498895,0.064418,-0.245379,-1.300012,-0.518466,-1.147947,-0.399674,-0.583970,0.771349,1.986008,0.321305,0.547625,0.334750,-0.378653,-1.569650,0.048055,1.677450,-0.945920,0.112123,-1.573058,-1.136154,-0.151987,0.296208,1.720352,-0.084095,0.393971,-0.272862,0.441208,0.341788,0.335670,-0.945823,-1.488489,0.062682,-0.107856,0.415128,0.641981,-1.152129,-0.440017,-0.369938,0.251096,-2.018097,0.210901,-0.267584,-0.138504,0.839039,-0.099892,-1.599659,1.245402,0.683573,-0.344667,-0.463892,-0.595476,1.261209,-0.582247,0.174370,-0.147742,-0.364826,-0.402801,-0.178643"
DB13025,"0.865956,0.444343,1.256990,1.375268,1.019541,0.389352,0.434165,-1.897926,0.254949,-1.796249,-1.666044,-0.706362,1.975050,1.327508,-1.017743,-1.126301,-2.553246,-0.498687,-0.868916,2.128624,1.665339,-0.381819,0.472549,-1.516698,1.987083,1.346138,1.781601,0.561083,-1.432757,-1.028090,-1.360602,0.731942,0.000355,0.688632,-1.095926,1.372259,-1.935883,-2.000845,-0.698362,-0.456498,-0.304002,1.234952,1.229450,-0.537704,-1.027200,1.407080,-1.138800,1.348398,1.432341,0.273869,-2.001570,2.114181,-1.382943,0.260057,1.232595,0.488675,1.765507,-0.647180,1.976397,-0.346745,-1.075825,1.110336,0.029433,0.089340"
DB09116,"-0.522596,1.172722,-1.356836,-0.926175,-1.404305,-1.323059,0.789207,0.350720,0.103537,-0.066213,0.741132,0.743051,-0.844905,-1.317907,-0.295736,1.385128,0.962896,1.079017,-0.670510,-0.802302,-0.222054,-0.355335,-0.446103,1.238026,0.069101,0.531857,-0.745596,-0.766991,0.861121,0.988004,1.310116,0.786389,-1.196701,-0.449655,1.391719,-1.032372,0.898942,0.389904,1.127286,0.494170,-1.341231,0.239398,-1.356930,1.298501,1.395310,0.352692,1.370640,-1.028280,-0.981718,-0.284582,-0.690854,0.413714,0.318351,-0.929614,-1.335253,-0.350029,-1.063639,-0.689477,0.664705,-1.267063,-0.678686,-1.389705,-1.363557,-0.830854"
DB12661,"2.606861,-0.348639,1.220484,0.769242,1.055948,1.393394,-0.911740,-1.695999,2.302354,-1.516706,-1.232113,-1.112079,1.211145,0.372842,-0.430041,-1.110520,-1.738371,-0.708909,-1.134513,2.000021,-1.619391,-1.016100,0.436752,-1.844752,1.378953,1.243355,0.563112,0.169747,-0.977447,-2.212072,-1.452053,-1.480725,1.975380,-1.393413,-1.011265,1.428157,-0.339205,-2.512650,-2.405887,-1.576679,-0.053547,0.846898,1.240765,-2.120501,-0.963902,0.592668,-1.186603,2.480104,2.640283,1.129208,-0.868550,1.747517,-0.935543,0.883924,1.334710,2.514822,2.781088,-0.197841,1.164991,1.211927,-0.709962,1.028324,0.737816,-0.091541"
DB06207,"-0.574312,0.120333,-0.689029,-0.767152,-0.605155,-0.138103,-0.247308,1.185554,0.232900,1.206952,-0.162272,0.825708,-1.199096,-1.021531,0.019535,0.560819,0.649429,-0.166451,-0.034374,-0.334849,-0.696204,-0.467403,0.166303,0.928486,-0.240718,0.255058,-0.596518,-1.087587,0.340402,0.636557,0.840214,-0.506859,-0.462240,-1.549168,0.571737,-0.228343,-0.196530,0.315348,0.305218,-0.896869,0.474185,0.003618,-0.677810,-0.054554,0.575774,-0.397316,0.659452,-0.739269,-0.538912,0.085388,0.693787,-0.183758,-1.629757,0.438281,-0.793522,-0.840102,-0.392579,-0.096086,-0.536206,-0.349022,-0.086712,-0.549572,0.308381,-0.445500"
DB12092,"1.935963,-2.112696,0.656160,1.030798,0.859662,1.359311,-0.253626,1.064187,1.494924,0.792823,-1.454670,-1.854737,0.181648,0.746246,0.834547,-0.805257,0.126751,-1.937964,-0.997730,0.021121,-2.996220,-0.903773,-1.181313,-0.886350,-1.410893,-0.850646,0.406953,0.426196,-0.333078,-0.341401,-0.628643,-0.520896,1.736679,-0.631139,-0.709690,1.348764,0.299136,-0.793840,-1.277136,-2.363791,1.789444,-0.032848,0.664325,-1.700983,-0.794311,-0.988823,-0.905270,0.651022,1.043780,1.343473,1.395644,-0.962008,-1.325020,1.400594,0.770178,-0.061395,0.613733,0.663992,-0.982233,1.088861,1.458474,0.724292,1.751224,0.773804"
DB04880,"-0.518534,1.168611,-1.355318,-0.924669,-1.401830,-1.314706,0.788071,0.343614,0.113887,-0.064310,0.741411,0.750321,-0.842736,-1.320644,-0.302818,1.382756,0.968561,1.076293,-0.665522,-0.802773,-0.228435,-0.361827,-0.444544,1.240610,0.060399,0.534495,-0.747073,-0.773665,0.867102,0.991524,1.310144,0.792444,-1.197870,-0.469239,1.388629,-1.026633,0.894787,0.398442,1.127724,0.479474,-1.331578,0.239264,-1.355773,1.300659,1.392021,0.355380,1.369132,-1.031832,-0.985561,-0.291091,-0.701894,0.411097,0.332975,-0.926686,-1.335037,-0.351599,-1.067074,-0.685876,0.655720,-1.273165,-0.677680,-1.386128,-1.361390,-0.832553"
DB09242,"1.784500,-0.694982,0.120456,0.451435,0.151438,0.436016,0.034317,0.747212,2.666188,-0.101145,-0.431665,-0.564144,0.013295,-0.548273,0.156123,-0.174919,0.815974,-1.054551,-0.921928,0.080604,-3.424007,-1.723078,-0.760602,-0.435473,-0.092087,-0.476620,-0.316883,0.512857,-0.285749,-0.347189,-0.289529,-0.966400,1.705267,-1.583207,-0.069907,1.049784,1.725161,-0.963215,-1.396070,-1.117283,0.141185,0.660468,0.183405,-1.167037,-0.116349,0.239026,-0.277325,0.907208,0.920757,1.529040,0.695816,0.334673,-0.053738,0.785011,0.300570,1.365192,0.859004,-0.333803,-0.456749,1.006967,1.234336,0.115224,1.151657,-0.244326"
DB12082,"-0.502380,1.036665,-1.301563,-0.932246,-1.340795,-1.225216,0.666644,0.246343,0.045020,-0.122901,0.764606,0.757392,-0.791942,-1.296716,-0.168990,1.325978,0.982791,1.037530,-0.551592,-0.771965,-0.145845,-0.228317,-0.375911,1.184079,0.091883,0.502127,-0.781259,-0.736096,0.921125,0.885872,1.258177,0.690713,-1.127819,-0.421620,1.329885,-0.996304,0.880206,0.503767,1.050483,0.542339,-1.263354,0.185036,-1.300952,1.201010,1.332800,0.339845,1.315503,-0.951253,-0.896448,-0.286820,-0.722492,0.358544,0.318649,-0.931402,-1.287760,-0.305065,-0.986249,-0.587997,0.527748,-1.184322,-0.703733,-1.324468,-1.311850,-0.839849"
DB01166,"-0.350167,-1.260530,1.494846,1.162729,1.655889,1.727543,-0.620081,0.542409,-0.011376,0.687935,-0.540162,-1.238880,1.177570,1.800535,0.966272,-1.572597,-0.505355,-1.478340,1.004340,-0.046889,0.926475,1.005575,0.034584,-1.113851,-0.946900,-0.901754,1.314430,0.670815,-0.525243,-0.126211,-1.405989,-0.215632,1.098367,2.828228,-1.606637,0.698513,-0.610252,0.167290,-0.255318,0.399954,1.876877,-0.894787,1.466147,-0.863531,-1.660361,-0.831215,-1.569499,0.381722,0.053305,-0.568670,1.232103,-1.490863,0.596994,0.613593,1.493001,-0.679295,-0.020567,1.014482,-0.439404,1.128002,1.954051,1.588430,0.786738,2.429684"
DB06436,"-0.509253,0.990082,-1.293804,-0.919033,-1.327133,-1.183232,0.672134,0.282257,0.135359,-0.133363,0.753532,0.738359,-0.794248,-1.280353,-0.140863,1.314865,0.978195,0.995291,-0.515327,-0.747073,-0.146001,-0.206213,-0.395540,1.179203,0.040328,0.475510,-0.788154,-0.676728,0.969897,0.867670,1.253377,0.689069,-1.098442,-0.374529,1.319160,-0.976409,0.858365,0.521658,1.043312,0.461209,-1.207780,0.188397,-1.294116,1.197250,1.321387,0.307731,1.305809,-0.949691,-0.894919,-0.281552,-0.765138,0.328405,0.318000,-0.924589,-1.280183,-0.326908,-0.997477,-0.545122,0.520816,-1.163398,-0.710084,-1.315015,-1.304920,-0.849163"
DB09225,"-0.155340,0.562915,0.592400,-0.559625,0.464705,0.835290,-0.752365,-2.455318,0.392920,-0.410114,0.585495,0.727420,0.277397,0.138322,-0.088079,-0.542258,-1.187327,0.110655,0.971693,1.266928,1.363816,0.564331,1.891580,-0.535002,1.459376,0.549750,-0.487737,-0.054975,0.130354,-1.554741,-0.617905,-1.060719,-0.194893,-1.183973,-0.561824,0.602365,-0.904329,-0.090384,-0.869944,-0.942745,-0.148338,-0.387004,0.583769,-0.224277,-0.464214,0.001448,-0.397671,0.894822,0.865308,-1.373186,-0.372836,0.824440,-0.694072,0.236296,0.486122,1.316197,1.357465,1.200567,0.453782,0.556377,-1.976316,0.529120,-0.215405,-1.210354"
DB01083,"-0.473774,0.847003,-1.247649,-0.988288,-1.274253,-1.144188,0.559164,0.179928,0.012852,-0.149479,0.733922,0.720857,-0.853693,-1.258526,0.031426,1.266072,0.987348,1.059929,-0.402962,-0.708269,-0.230333,-0.226362,-0.379062,1.124729,0.084220,0.579399,-0.943821,-0.256232,0.884474,0.684210,1.202394,0.355394,-1.004760,-0.621880,1.272143,-1.006371,0.690536,0.495809,0.732213,0.314983,-1.207424,0.109977,-1.248163,1.030614,1.275220,0.266131,1.267628,-0.801707,-0.676755,-0.050032,-0.498473,0.143000,0.078092,-0.662207,-1.245469,-0.166344,-0.780510,-0.364763,0.510338,-0.804983,-0.749126,-1.269387,-1.035051,-1.010489"
DB11842,"-0.513020,1.162770,-1.352900,-0.925392,-1.399175,-1.314095,0.791183,0.348518,0.120503,-0.061617,0.747215,0.750986,-0.844062,-1.322514,-0.309517,1.380364,0.967719,1.074406,-0.656085,-0.801835,-0.231133,-0.360284,-0.441257,1.237595,0.060286,0.532846,-0.752380,-0.765233,0.862700,0.988113,1.307553,0.789298,-1.195507,-0.459368,1.385880,-1.027297,0.901822,0.406715,1.123332,0.469525,-1.331856,0.239450,-1.353257,1.301011,1.389195,0.358466,1.366798,-1.029605,-0.974901,-0.299121,-0.700168,0.404741,0.328905,-0.931771,-1.332357,-0.351011,-1.066049,-0.686829,0.656239,-1.271846,-0.673965,-1.382945,-1.361565,-0.830757"
DB09049,"-1.308619,-0.052708,-0.756020,-0.558193,-0.644848,-0.213726,-0.021124,0.860300,-0.430333,1.120524,-0.043279,0.501187,-1.380036,-0.642862,0.737594,0.642154,0.422048,-0.298756,0.563253,-0.424529,0.229759,0.018961,0.566239,1.031331,-1.286489,0.538397,-0.916494,0.009739,0.507957,0.834417,0.873304,0.137988,-0.999859,-0.615183,0.636332,-0.651589,-0.790765,0.232813,0.634291,0.410885,0.625735,-0.753020,-0.785731,0.672471,0.620818,-1.096272,0.725413,-1.153641,-0.960081,-0.182056,0.381863,-0.752812,-1.052274,0.602772,-0.862788,-0.922732,-0.822141,1.124641,-0.075561,-0.711917,-0.352814,-0.651859,-0.421301,-0.580114"
DB00486,"0.442200,-0.225681,1.074504,-0.248033,0.986182,1.397047,-1.480096,-1.315434,1.754909,0.670065,0.651510,0.108537,1.121858,0.438462,-0.734699,-1.014393,-1.363399,-0.679337,0.730377,1.129403,-0.434232,0.142041,1.682527,-0.943531,1.207018,0.628274,0.617565,-1.656210,0.740767,-1.978554,-1.041658,-1.163562,0.801785,-0.859618,-1.020740,1.599803,-0.494242,-0.637015,-1.510623,-0.264197,0.207444,-0.475679,1.069883,-1.485557,-0.965421,-0.202436,-0.943481,1.266387,0.694820,-1.703832,0.714314,0.887217,-0.312157,0.176102,1.004285,1.663878,1.673747,1.058054,0.488113,1.474282,-0.593994,1.008965,0.316560,0.243868"
DB09054,"-0.577086,-0.055439,-0.149255,-0.935421,-0.125617,0.258447,-0.688917,0.794602,-0.228836,1.339864,1.683597,1.768432,-0.417081,-0.333475,-0.639856,0.120686,0.532370,0.512752,0.750534,-0.158428,-0.136841,0.820607,0.988352,0.381242,1.246378,-1.836795,-0.999927,-0.254724,-0.685170,0.026132,0.298683,-0.234249,-0.679535,-1.851158,0.050852,-0.045892,0.006411,1.554962,0.682981,1.442677,0.784809,-0.076784,-0.065970,-0.238782,0.079236,-0.070900,0.196483,-0.450444,-1.065060,-0.890547,0.260927,-0.011064,-0.007667,-1.098005,-0.222216,-0.843927,-0.190103,-0.376880,-2.126804,-0.143237,0.599543,-0.019143,0.274118,-0.275041"
DB11581,"-2.192477,1.503749,0.398933,-1.428797,0.430808,0.542269,-0.660131,0.958352,0.019850,3.572220,1.580177,0.833089,-1.443626,-0.119875,-0.434709,-0.564313,-0.300878,-1.013875,3.285550,0.836914,1.006717,-0.666105,1.690616,0.776201,-0.577324,-1.595074,-0.528532,-0.036605,-0.705176,1.056750,-0.093832,0.083309,-1.137961,-1.699073,-0.667871,0.433861,0.935930,1.568827,1.349612,0.893119,1.747171,-0.916851,0.554475,1.254871,-0.630657,-0.675404,-0.230592,-1.818838,-1.835414,-3.385750,1.745525,0.606781,0.273175,-0.420163,0.173694,-2.067828,-0.734544,0.705546,-0.240625,-0.901725,0.696878,0.651296,1.097458,0.126760"
DB11582,"0.997546,0.614129,0.157958,-0.333634,-0.019337,0.376816,-0.564502,-2.338759,1.136229,-1.568516,-0.038501,-0.008014,0.282188,-0.183469,-0.502729,0.005942,-1.271943,0.889898,-0.789594,1.282549,0.537647,0.259616,0.904488,-0.637557,1.187229,1.795635,0.005982,-0.717080,0.209340,-1.684108,-0.276377,-0.793801,0.035951,-0.861533,0.022942,-0.038625,-1.296260,-1.263425,-1.024144,-0.786453,-0.612912,0.304027,0.107876,-0.587791,0.091948,0.262762,-0.001340,1.189749,1.305217,-0.112348,-1.415081,1.157909,-0.792400,0.324585,0.133211,1.744503,1.462222,0.252402,1.280924,0.232117,-2.128703,-0.041282,-0.652705,-1.151318"
DB13873,"0.593867,0.355633,0.126038,1.064870,0.017573,-0.846031,1.464972,0.311922,-0.492362,-0.929164,-1.333435,-0.344706,0.726234,0.470360,-0.873548,-0.102219,-0.341746,-0.181779,-0.904653,0.590816,0.435878,-1.155541,-1.169084,-0.242181,0.681808,0.120878,1.032879,1.045466,-1.476432,0.837744,-0.182035,1.359210,-0.289563,0.497478,-0.066360,0.607719,-0.104926,-0.572933,0.454509,-0.862582,-0.525152,1.620510,0.133519,0.537820,-0.067652,1.545494,-0.158126,0.010941,0.295050,0.990631,-1.104555,0.969264,-0.614156,0.088856,0.195187,-0.716659,-0.103448,-1.560423,0.511670,-0.809613,0.592636,0.109651,0.302660,0.041648"
DB09063,"-0.218420,-0.821672,0.674872,-0.368356,0.780776,1.064875,-1.926876,1.121253,0.921660,1.400952,1.969569,1.030464,0.221086,1.037217,-1.735909,-0.634253,0.217928,1.111654,1.417346,-0.880205,-0.583278,1.612125,0.564767,-0.626905,-0.340752,-1.578576,-0.174732,-0.314058,-0.912246,-1.170811,-0.612325,-1.363814,1.024364,-0.398383,-0.725552,-0.515573,0.633922,1.366179,-0.377938,1.739883,0.708397,-1.093020,0.777392,-1.201222,-0.757380,-0.848129,-0.679317,0.701928,-0.986717,0.089811,1.532172,-1.479188,2.024978,-1.488683,0.729658,0.680787,0.099341,-0.523697,-2.804988,1.362517,1.121126,0.720550,0.526823,1.568725"
DB09076,"-1.467242,-1.085000,-0.008872,-0.479908,0.186062,0.396056,-0.536176,0.654208,-1.002973,2.037411,-0.142413,0.124065,-1.847380,0.012010,0.860703,-0.155039,0.456785,-0.239947,1.273053,-0.643468,0.332924,0.149123,0.961790,0.514960,-2.448051,0.933251,-0.709368,-1.862216,0.125093,0.307838,0.228048,-0.964558,0.024030,-0.379258,-0.190521,-0.835784,-2.048597,-0.258159,-0.009627,0.679503,1.918870,-1.084073,-0.053337,-0.360309,-0.239452,-2.221138,-0.068104,-0.676570,-0.902380,-0.405530,1.452353,-1.995449,-0.826867,2.397892,-0.123072,0.109024,-0.741433,1.482016,-1.631229,0.244549,0.397691,0.159822,0.609242,0.597461"
DB09053,"-0.377777,0.015575,0.092114,-0.453985,0.211582,-0.067314,-0.299784,0.629576,-1.975219,1.400666,0.526054,-0.492535,-0.718046,0.116621,0.901511,-0.169643,0.241417,-0.352513,-0.428805,-0.729225,0.225121,0.247042,0.474543,0.243825,-1.443341,-0.096723,-0.471040,-0.809295,0.525122,0.546836,0.014774,0.135269,0.132926,0.391998,-0.215732,-0.728760,-0.209313,-0.220334,0.597770,1.716863,0.412850,-1.518180,0.066237,0.096951,-0.241077,-1.351856,-0.112008,-0.784467,-0.661151,-1.284858,1.279094,-0.967546,1.563150,0.444863,0.053229,-0.438522,-0.497550,0.597133,-0.677496,0.178763,0.538481,0.135984,0.097290,1.178178"
DB11859,"0.682035,-0.472524,0.347397,-0.799432,0.258644,0.714760,-1.067869,-2.712695,-0.403887,-1.576216,0.313132,0.418962,0.392308,-0.247559,1.143963,-0.262447,-0.361548,0.583645,0.322181,1.056594,1.070638,0.545059,1.463502,-0.693205,1.233835,1.562596,-0.596892,0.163873,0.748986,-2.214212,-0.438526,-1.941412,0.118475,-1.588371,-0.255853,0.386657,-1.179770,-0.456723,-1.910247,-0.714474,-0.592467,-0.176089,0.316869,-1.155092,-0.203763,0.199134,-0.180200,1.525830,1.740837,-0.387237,-0.649039,0.553530,-1.103868,1.186051,0.231796,2.117477,2.054979,1.365076,0.068234,1.448203,-2.146816,0.258487,0.472591,-2.162363"
DB12010,"0.200533,0.314947,-0.730677,-1.068042,-0.711239,-0.531383,-0.126037,1.001745,-0.109284,0.334817,0.615999,0.319627,-0.597070,-1.388600,0.027596,0.685218,0.691583,0.060012,-0.663162,-0.357757,-1.713890,-1.024476,-0.146329,0.797602,0.141792,0.382770,-0.559117,-1.618579,0.213763,0.465920,0.768081,-0.307007,-0.057426,-1.133149,0.706984,-0.305574,1.498696,-0.026444,0.061620,-0.073766,-0.779008,0.167180,-0.681691,0.250374,0.710540,0.173141,0.745899,-0.580769,-0.523259,-0.082314,-0.014503,0.638154,-0.368114,-0.760312,-0.755688,-0.369886,-0.115037,-0.647003,-0.083265,-0.334871,0.022360,-0.707039,-0.394040,-0.106229"
DB11963,"-1.666420,0.844097,0.294485,-1.149714,0.298808,-0.048232,-0.929459,0.579888,-0.444990,2.634155,1.779702,1.809060,-1.296513,-0.214120,-1.904539,-0.385744,-0.098480,0.511605,2.678361,-0.058905,0.595858,0.253836,1.669649,0.517149,0.250554,-0.895395,-0.783915,-1.396041,-0.669893,-0.039767,-0.045867,-1.073603,-0.340594,-1.461239,-0.494931,-0.125496,-0.231227,1.524623,0.417447,0.619964,0.804567,-0.620169,0.393952,0.067050,-0.422603,-0.217420,-0.176986,-0.470826,-1.265610,-0.983792,2.193888,-0.555527,0.168100,-0.232990,0.135901,0.447977,-0.245993,-0.320928,-2.084979,0.468832,0.038853,0.495596,1.077223,0.333453"
DB09291,"-0.991236,0.793296,-0.645544,-1.050744,-0.638685,-0.902033,0.145177,0.672595,-0.970444,1.001702,0.731526,0.511414,-1.301173,-1.060122,-0.206804,0.597546,0.628370,0.494588,0.204414,-0.389168,0.312521,-0.604243,0.194247,0.984932,-0.613177,0.877572,-0.857757,-1.541570,0.150685,0.835117,0.748260,-0.073050,-0.549483,-0.430751,0.562174,-1.067397,0.118355,-0.117984,0.735477,0.799796,-0.310196,-0.186086,-0.647625,0.783886,0.573993,-0.472818,0.699787,-0.973485,-0.865666,-0.301214,0.555606,-0.267694,-0.189081,0.237194,-0.722344,-0.111570,-0.866166,-0.253477,-0.018276,-0.603361,-0.215459,-0.597698,-0.236811,0.082536"
DB11091,"-0.522495,1.172524,-1.356079,-0.924647,-1.403400,-1.320617,0.789133,0.352070,0.102785,-0.062774,0.741553,0.744181,-0.844907,-1.318666,-0.294546,1.384334,0.963441,1.078700,-0.667312,-0.802076,-0.223191,-0.355670,-0.443727,1.237664,0.066608,0.527877,-0.747889,-0.765632,0.862552,0.987982,1.309571,0.788878,-1.194914,-0.448485,1.390848,-1.031636,0.899419,0.390897,1.128099,0.496296,-1.340715,0.237982,-1.356145,1.301307,1.394298,0.349640,1.370024,-1.027398,-0.981033,-0.282574,-0.689008,0.410303,0.318054,-0.933973,-1.334612,-0.349486,-1.063925,-0.689698,0.664441,-1.268402,-0.679594,-1.388677,-1.364586,-0.829778"
DB12417,"-0.659330,-1.842159,-0.329413,0.736899,-0.095549,0.568620,0.063776,-0.232533,-1.302526,-0.299081,-1.267118,-0.589429,-0.630311,0.821968,1.988042,0.258558,0.471086,0.228296,-0.219735,-1.531704,-0.041613,1.521005,-0.967281,0.101801,-1.763567,-0.909778,-0.009734,-0.055193,1.711621,-0.093582,0.372821,-0.329199,0.502062,0.417356,0.276067,-0.854802,-1.550091,0.036994,-0.191245,-0.006474,0.757163,-1.066498,-0.393675,-0.421357,0.184683,-2.099624,0.152394,-0.280242,-0.104428,0.837663,-0.021940,-1.696091,0.895024,0.886020,-0.305988,-0.525131,-0.641387,1.347317,-0.636832,0.179510,-0.074056,-0.304591,-0.271718,-0.082433"
DB08981,"2.164277,-0.593560,1.297835,2.604518,1.222910,0.529862,1.879604,0.189402,3.175542,-0.915655,-2.095036,-1.981526,1.587118,1.650300,-1.606663,-1.269648,-0.680523,-2.006995,0.031768,1.964590,-0.017606,-1.781613,-2.801679,-1.618697,0.299503,-1.015258,2.228495,2.648086,-2.170137,0.282960,-1.392005,1.224594,0.901383,2.228610,-1.196924,2.322300,0.182603,-0.168138,-0.306198,-3.541372,1.469627,3.187654,1.337576,-0.379028,-1.234051,2.233078,-1.415057,1.062671,1.462773,1.789984,-0.904299,0.327357,-2.120888,0.683625,1.458808,0.130689,0.404846,-1.185384,-0.287261,0.181205,1.791269,1.298658,2.202703,0.306586"
DB06413,"-1.028698,1.648017,-0.501064,-0.971761,-0.579810,-0.946040,0.243685,-0.442138,-0.808734,0.798821,1.619372,1.251583,-0.718615,-0.622353,-0.796824,0.494849,0.259383,0.505844,1.016483,-0.431201,0.053759,0.056110,0.511793,0.957242,0.703481,-0.789594,-0.727466,-0.195021,0.027703,0.776121,0.600615,0.546324,-1.110574,-0.748899,0.428123,-0.204481,1.396120,1.740129,1.180528,0.101682,-0.887706,-0.443666,-0.456641,1.489469,0.512203,0.461486,0.638273,-1.097340,-1.419884,-0.994975,0.638210,0.209697,1.091513,-1.593544,-0.573779,-0.398730,-0.528917,-0.380114,-0.313818,-0.627121,-0.439919,-0.462228,-0.788317,-0.550872"
DB09071,"1.063847,0.531424,1.833445,1.007215,1.536797,0.730848,0.298852,-2.213888,-0.411092,-0.703805,-0.233431,-0.671951,2.203135,1.693007,-1.580071,-1.681787,-2.868766,-0.624596,0.625530,2.358194,1.349207,-0.410667,0.743755,-1.727471,2.536986,-0.304895,1.897303,-0.114756,-2.241456,-1.280949,-1.868361,0.921162,0.073807,0.305658,-1.709870,1.959959,-0.696761,-0.429680,-0.438916,-0.343857,-0.073515,1.234159,1.878924,-0.443250,-1.613278,1.642400,-1.640426,1.321891,1.094555,-1.351164,-1.105375,2.395703,-0.101764,-0.148655,1.837578,0.279184,1.637502,-0.691586,1.182138,-0.229943,-0.350756,1.711031,0.314442,0.541466"
DB00181,"1.098647,-0.602790,1.422511,1.336796,1.285221,1.274769,0.023633,-1.010224,0.911630,-1.315556,-2.197517,-1.203239,2.072732,1.346494,-0.461995,-1.356254,-2.213425,-0.995025,-1.087942,2.124291,0.595289,-0.669354,0.142137,-1.653551,1.665380,1.186709,2.000412,0.322159,-1.194314,-1.206956,-1.468119,-0.079441,0.871242,0.633227,-1.284954,1.840095,-1.974982,-2.420259,-1.373229,-1.890692,0.297534,1.093165,1.369249,-1.211769,-1.258510,0.818648,-1.369118,1.568040,1.832882,0.789083,-1.199243,1.563658,-2.000253,0.731428,1.391818,0.353070,1.974020,-0.208906,1.735079,0.646604,-0.281729,1.306759,0.510382,0.527785"
DB01243,"-0.514451,1.165184,-1.353098,-0.923216,-1.399256,-1.311639,0.790961,0.349624,0.123424,-0.062004,0.741110,0.753463,-0.840828,-1.322479,-0.309064,1.380280,0.971194,1.078971,-0.665691,-0.803080,-0.232005,-0.362679,-0.443841,1.238536,0.059240,0.532223,-0.747170,-0.774507,0.865490,0.990223,1.308250,0.793306,-1.197082,-0.467991,1.385865,-1.026895,0.894757,0.403121,1.126703,0.481806,-1.329228,0.240345,-1.353453,1.303207,1.388915,0.355266,1.366784,-1.030574,-0.982159,-0.294544,-0.705093,0.406571,0.328591,-0.926689,-1.332895,-0.351167,-1.068372,-0.686294,0.650781,-1.276810,-0.677653,-1.382607,-1.359749,-0.831829"
DB09080,"1.268820,-0.743592,1.298886,1.722211,1.315511,0.485269,-1.301384,0.004016,1.347154,-0.098032,0.212181,-0.023714,0.554123,1.766815,-2.387176,-1.185392,-0.129841,0.653634,1.394959,-0.565247,-0.894860,1.320274,-0.309400,-1.533647,-0.888223,-1.881097,0.828005,1.323369,-1.203574,-1.625231,-1.395769,-1.262989,2.167911,1.063883,-1.233037,-0.105966,0.118800,0.359171,-1.545874,0.659771,1.007680,-0.357463,1.340485,-1.696964,-1.256799,-0.100084,-1.406806,1.784086,0.709639,1.523862,2.010140,-1.771349,2.490254,0.728844,1.497279,2.333010,0.494681,-0.419759,-1.890925,2.094352,1.500182,1.260606,2.014184,1.629588"
DB09082,"1.861850,-1.808449,1.806346,2.923021,1.883028,1.403224,-0.023321,0.336977,1.347009,-0.837462,-1.640575,-2.110612,1.833614,2.356124,0.217518,-1.756400,-0.848045,-1.550869,-0.880908,0.208142,-1.038272,0.449180,-1.501770,-2.182197,-0.780587,-1.552841,2.005063,1.988757,-1.752541,-0.722574,-1.944439,0.274690,1.795643,2.304137,-1.731358,1.282142,-0.709109,-0.786360,-1.017808,0.426716,2.066922,0.160184,1.789603,-1.715341,-1.808215,-0.102974,-1.988583,1.542270,1.232923,1.471903,0.441539,-0.880308,0.857415,1.233829,2.002535,0.191639,0.781612,-0.127372,-0.492974,1.029888,2.180585,1.753369,1.350944,1.991809"
DB06554,"0.677426,-0.362691,0.295155,-0.766376,0.202495,0.625135,-0.974633,-2.732382,-0.497325,-1.514688,0.411453,0.420571,0.269775,-0.289464,1.011217,-0.206726,-0.363276,0.591347,0.322446,1.026617,1.027941,0.447825,1.484226,-0.639523,1.164762,1.574050,-0.723248,0.167620,0.765348,-2.130401,-0.391614,-1.886018,0.067944,-1.662019,-0.203215,0.337702,-1.129133,-0.433029,-1.837392,-0.744229,-0.619225,-0.205232,0.266226,-1.075440,-0.148964,0.176117,-0.128110,1.465799,1.697975,-0.254436,-0.575561,0.483836,-1.035637,1.098398,0.184349,2.163382,1.956472,1.368769,0.068890,1.360835,-2.169672,0.202115,0.435983,-2.208293"
DB00554,"1.148814,-0.443102,1.639794,2.318635,1.507164,0.173889,0.960864,-0.273789,0.479109,0.164897,-1.670748,-0.705524,1.697142,1.872828,-2.269417,-1.615146,-1.049037,-1.288494,1.127550,1.413474,0.174091,-0.973343,-1.041558,-1.467181,1.362577,-1.920511,2.357690,1.961370,-1.925867,-0.223905,-1.613446,0.638905,0.909191,1.421573,-1.605258,2.391864,-0.493481,0.036898,-0.895757,-2.205285,0.802067,2.151919,1.685587,-0.843965,-1.592395,2.049389,-1.705061,1.138069,1.348767,0.816216,0.624588,0.392269,-0.784763,1.299535,1.696503,0.435058,0.822243,-0.893461,-0.551086,1.048194,2.159871,1.717578,2.981611,0.831244"
DB00867,"1.400384,-0.239011,0.239728,1.534252,0.207548,-0.495338,1.097242,-0.208580,1.367142,-0.963812,-1.014149,-0.800400,0.009949,0.403919,-0.607195,-0.193405,-0.042007,-0.780956,-0.339440,0.439142,-1.020046,-0.874807,-1.739948,-0.520543,-0.863555,-0.733128,0.649054,1.069114,-0.944038,0.000936,-0.352906,0.642858,0.585518,0.394241,-0.166779,0.194822,0.154421,-0.058059,-0.289464,-0.075752,0.588516,1.300917,0.252724,-0.374526,-0.181723,0.572341,-0.331863,0.541246,0.592999,1.082936,-0.152407,0.001998,-0.060025,1.428706,0.392673,0.522639,-0.013954,-0.479008,-0.292719,-0.144038,0.554902,0.199855,1.068969,-0.469433"
DB09034,"0.493362,0.546459,0.796700,-0.816144,0.621484,0.862490,-0.969089,-2.043038,1.058340,-0.347742,1.245830,0.771736,0.630259,0.141439,-1.022886,-0.685743,-1.445568,0.467476,0.442346,1.708045,0.724349,0.248506,1.824259,-0.825711,2.172027,0.343341,-0.042341,-0.975952,-0.780738,-1.806723,-0.769688,-0.931317,-0.178718,-1.861978,-0.728506,0.960191,-0.832928,-0.116702,-0.768181,-0.442165,0.117624,0.361676,0.845273,-0.731942,-0.634331,0.480831,-0.554644,1.053769,0.596732,-1.440965,-0.820017,1.457470,-0.787463,-0.522729,0.684243,1.103421,1.697921,0.003272,-0.198623,0.429377,-1.438528,0.722414,0.204301,-0.896643"
DB04868,"-1.188215,-1.392332,0.984585,-0.269864,1.256408,2.078414,-2.458670,1.604695,-1.335967,1.766491,0.870568,1.084660,-0.205375,1.244021,1.426499,-1.131702,0.509478,-0.603598,1.430906,-0.635804,0.843211,2.070654,1.856305,-0.487167,-0.776676,-2.355506,-0.251103,2.168490,-0.912738,-0.153791,-0.772988,-1.855581,0.793879,-0.355420,-1.225696,-0.505942,-0.467470,0.898508,-0.070648,3.260925,2.433696,-2.150243,1.059665,-1.452373,-1.280549,-1.947037,-1.017439,-0.144360,-0.840341,-0.221306,1.775725,-1.649165,0.820302,0.061299,0.858893,-1.281415,0.183266,1.066350,-3.374618,1.371007,1.994347,1.215897,1.527630,1.412309"
DB06290,"-2.477616,0.953240,0.046994,-0.665911,0.182451,0.421880,-0.555753,0.724483,-1.317783,1.816776,0.105704,1.025777,-1.888805,-0.440918,1.322732,-0.280421,0.371178,-1.102876,2.698026,0.105556,1.390830,0.018100,1.368508,1.019482,-0.988553,-1.225909,-0.706648,1.542270,0.025026,1.334287,0.264119,-0.690549,-0.784437,-0.850701,-0.351517,-0.396935,0.226087,0.976750,0.933373,0.755136,2.010526,-1.204337,0.100499,1.002106,-0.316433,-1.181152,0.036013,-1.841762,-1.273502,-1.016638,1.522336,-0.239889,-0.934768,1.131104,-0.226683,-2.209869,-0.893044,1.253585,-0.013702,-0.717049,0.312866,0.327202,1.362734,-0.484185"
DB00656,"1.762922,-0.950881,1.947924,0.791201,1.929674,1.612342,-1.881790,-1.349417,-0.008286,-1.057181,-0.498712,-1.762963,1.446313,1.170238,0.923155,-1.860671,-1.884950,-1.028877,-0.245224,1.349785,0.052850,0.081503,0.754070,-2.145703,-0.484209,0.981051,0.741266,-0.309861,-1.326944,-2.179437,-2.089039,-1.704015,2.481453,1.158275,-1.859506,0.612070,-0.184569,-2.024032,-2.311643,-0.142894,0.574840,-0.734028,1.939469,-1.866859,-1.845880,-0.810680,-1.879846,2.263662,2.229628,-0.176513,0.595085,0.016647,0.589114,1.123591,2.011507,2.303919,2.167859,1.033121,0.095351,1.978454,-0.092370,1.775170,1.165137,1.793690"
DB00444,"-0.277869,-0.029402,0.345896,-0.834576,0.355704,0.255249,-0.705950,0.275064,-1.249530,1.608713,1.895779,1.091279,0.618048,0.462917,-0.623600,-0.365244,-0.215273,-0.131983,0.553604,-0.095131,0.052230,1.065249,1.364467,-0.012581,1.362447,-2.317916,-0.607016,-0.392036,-0.376634,-0.109537,-0.197600,0.470728,-0.489065,-1.136576,-0.451384,0.825382,0.589006,1.854828,0.813309,1.711031,0.267665,-0.655709,0.427301,-0.113421,-0.408854,0.076780,-0.259377,-0.366235,-1.067791,-2.149007,0.688156,-0.070357,1.305503,-2.219959,0.267115,-0.849226,0.398330,-0.049922,-2.380846,0.454824,0.681609,0.439582,0.216080,0.395449"
DB00844,"0.325335,-0.498663,0.292640,-0.235382,0.252940,0.965141,-0.790016,-1.578352,0.961781,-0.422049,-0.275891,-0.062288,-0.112394,0.033975,0.322197,-0.239322,-1.018778,-0.047842,0.201608,1.202645,0.634372,0.366887,1.405898,-0.515626,-0.022575,1.742031,-0.212550,-0.317468,0.404159,-1.532009,-0.306629,-1.012098,-0.072905,-0.817078,-0.218279,0.267886,-2.134024,-1.302117,-1.220985,-0.864003,0.628350,-0.393415,0.217896,-0.766003,-0.190542,-0.785263,-0.205740,0.849554,1.008209,-0.334566,-0.554224,0.247824,-1.585833,1.182079,0.203616,1.285858,1.166163,1.715584,0.708387,0.547780,-1.720117,0.203367,-0.213814,-1.077270"
DB06292,"0.035067,-2.064499,-0.213982,0.616100,0.008199,0.805446,-0.159210,-0.098641,-0.535134,-0.314470,-1.074670,-0.877772,-0.328683,0.578968,1.850517,0.151931,0.587320,0.016534,-0.596679,-1.531667,-1.354927,0.940228,-1.351035,-0.115415,-1.466637,-0.643181,0.144879,-1.124862,1.563814,-0.419044,0.224261,-0.726523,1.150215,-0.056173,0.192600,-0.573601,-0.768469,-0.376110,-0.761071,-0.165567,0.533194,-0.762927,-0.250667,-0.942042,0.093050,-1.929147,0.030800,0.072613,0.128704,0.896297,0.079433,-1.306355,0.693722,0.695985,-0.143558,-0.085769,-0.213237,0.933787,-0.660897,0.476225,0.254712,-0.221381,-0.152516,0.210451"
DB00233,"-0.396574,0.150702,-0.989047,-0.515840,-0.921600,-0.562535,0.364547,0.677327,0.042269,-0.306625,0.121130,0.378149,-0.529057,-0.823282,0.626929,0.966567,0.689070,0.392062,-0.626193,-0.647646,-0.091249,0.327537,-0.527187,0.872878,-0.386232,-0.098325,-0.573624,0.122251,1.377275,0.540050,1.006116,0.370276,-0.529226,0.040919,0.974225,-0.720033,0.180860,0.504169,0.723665,-0.017889,-0.548705,-0.108004,-1.010087,0.609296,0.961316,-0.213608,0.963923,-0.725113,-0.617267,0.271613,-0.539136,-0.165234,0.219598,-0.844590,-1.002105,-0.714588,-0.722078,-0.013493,0.166435,-0.424195,-0.604033,-0.981023,-0.896489,-0.700159"
DB01177,"0.128501,0.064755,0.398938,-0.444979,0.438148,-0.101785,-0.665696,0.747166,-1.279221,1.843530,1.569486,0.313121,-0.092598,0.671472,-1.524547,-0.382313,-0.112632,0.608760,0.372797,-0.919493,-0.128465,0.858600,0.711165,-0.171328,-0.487140,-0.751984,-0.109666,-1.473214,0.196080,-0.433056,-0.303093,0.115755,0.405745,0.580282,-0.457218,-0.295631,0.168577,0.934010,0.380150,1.635590,-0.197878,-1.253863,0.413652,-0.495168,-0.459786,-0.397481,-0.404504,0.065052,-0.763844,-1.271253,1.871382,-1.083876,2.148563,-0.635595,0.451219,0.824283,-0.326370,-0.274009,-1.745588,0.996383,0.581647,0.409828,0.068276,1.523939"
DB00338,"-0.670613,1.191711,-1.293885,-0.940028,-1.335476,-1.367020,0.798842,0.278751,-0.637734,-0.223952,0.742177,0.684709,-0.998928,-1.391239,-0.030554,1.311266,0.841349,0.974196,-0.768346,-0.807156,-0.210206,-0.309117,-0.162080,1.273748,0.062073,0.662111,-0.965554,-0.602727,0.769582,1.035520,1.280663,0.609690,-1.268714,-0.489496,1.305693,-1.006594,0.619095,0.422385,1.101915,0.162198,-1.271879,0.061592,-1.308951,1.392444,1.335200,0.347491,1.336656,-1.126011,-1.013424,0.289680,-0.395198,0.247239,0.282939,-1.021023,-1.318739,-0.456153,-0.957176,-0.565497,0.679160,-1.174560,-0.766515,-1.318487,-1.283400,-0.943053"
DB06626,"-1.446437,1.042863,-0.346000,-1.084058,-0.357996,-0.006638,-0.486164,-0.086765,0.590336,1.274886,1.752056,2.023088,-1.228962,-0.782725,-0.902182,0.258481,0.660486,0.338381,2.219210,0.041404,0.013707,0.379493,0.819423,0.879215,0.819303,-1.595840,-1.312588,0.295859,-0.700040,0.470307,0.510693,-0.483848,-0.908911,-1.901869,0.190120,-0.242973,1.002807,2.042891,0.854735,-0.381360,0.604007,-0.220069,-0.256787,0.878130,0.279516,0.043655,0.462137,-0.887361,-1.357228,-0.750848,0.635877,-0.014644,-0.109030,-1.028373,-0.464309,-0.572601,-0.405546,-0.255066,-1.387235,-0.528573,-0.292010,-0.185166,-0.192247,-0.807975"
DB00216,"1.210841,0.660863,1.709560,0.743326,1.453402,0.169542,-0.453910,-2.458809,-1.091506,-0.184042,-0.063953,-0.968627,1.301458,1.261479,-1.567332,-1.534250,-2.736614,-0.464585,0.580135,1.754177,0.629894,-0.608729,1.078932,-1.609090,0.803651,0.845430,1.390588,-1.304241,-1.089455,-1.839170,-1.778662,-0.039834,0.938828,0.499572,-1.571056,0.961327,-0.641643,-1.479760,-1.244764,0.836207,-0.664481,0.082407,1.714905,-0.988312,-1.474240,0.525272,-1.529766,1.666159,1.515119,-1.217536,0.531533,1.652039,0.837062,0.966922,1.739547,2.199475,1.658963,-0.028342,1.325729,0.685736,-0.960255,1.521370,0.633889,0.878339"
DB01260,"-0.550998,0.555100,-1.158591,-0.578136,-1.135901,-0.908180,0.622224,0.430109,-0.034894,-0.210239,0.279500,0.618259,-0.833671,-0.900262,0.181515,1.153156,0.852640,0.830687,-0.575236,-0.856868,-0.162721,0.051585,-0.514935,1.039921,-0.364657,0.099003,-0.671221,-0.189262,1.045383,0.751667,1.137973,0.568722,-0.851758,-0.409778,1.161107,-0.958958,0.351612,0.428939,0.864618,0.222253,-0.862034,-0.011192,-1.170112,0.991284,1.148390,-0.119761,1.135633,-0.887745,-0.843304,-0.062375,-0.704380,-0.047831,0.505814,-0.537965,-1.143901,-0.480791,-0.939517,-0.241276,0.324085,-0.884755,-0.622653,-1.167390,-1.090781,-0.836723"
DB01030,"0.990720,-0.948398,0.738936,1.477223,0.726433,0.300461,0.251996,0.384861,-1.560078,-1.025543,-1.208704,0.155295,1.297021,0.979700,0.022103,-0.733138,-0.467070,-0.366586,-0.683240,0.394863,0.560617,0.449066,-0.447137,-0.919795,1.537182,-1.141827,0.783320,1.395233,-1.690542,-0.121575,-0.718354,0.499838,0.316464,0.140453,-0.732250,0.790094,-1.202692,0.019016,-0.119614,0.888249,0.807402,1.157375,0.749800,-1.086147,-0.728636,0.995418,-0.816276,0.743991,0.812862,1.551332,-0.697589,0.432659,-1.138873,0.175137,0.760572,-0.857962,0.534431,-1.165175,-0.782108,-0.009610,1.068176,0.792925,1.187547,0.336709"
DB00591,"0.764839,-1.178458,0.890200,1.497269,0.939527,0.702114,0.807472,0.515974,-0.229538,-0.457025,-0.821332,-0.986205,1.414844,1.456120,0.451768,-0.886843,-0.486670,-1.117088,-0.973973,0.439515,0.197734,0.410365,-1.000708,-0.948857,0.665479,-1.690701,1.244564,1.505509,-0.770837,0.206160,-0.845384,1.334545,0.091269,1.559316,-0.893137,1.050236,-0.803244,0.273698,0.413064,1.000546,1.288280,0.677369,0.873023,-0.767463,-0.928956,0.481615,-0.976341,0.185268,0.175668,0.084064,-0.795366,0.097085,-0.302640,0.224400,0.927560,-1.525578,-0.029707,-0.337522,-0.369456,-0.044406,1.600299,0.928330,0.589878,0.767195"
DB04951,"-0.844543,0.474486,0.290465,-0.582658,0.325464,0.034825,-0.715560,0.437034,-0.969109,2.105251,1.550834,0.896057,-0.701459,0.438000,-1.392482,-0.331387,-0.041926,0.481483,1.532645,-0.755513,0.245577,0.932350,1.124050,0.175959,-0.338046,-0.946052,-0.548394,-0.616294,0.031538,-0.149644,-0.157552,-0.384719,0.029277,0.178742,-0.412453,-0.488292,0.136953,1.461100,0.473980,1.094978,0.187713,-1.287655,0.315897,-0.129502,-0.375254,-0.439115,-0.272149,-0.209111,-0.994303,-0.749060,2.309265,-1.219355,1.324946,-0.300334,0.277948,0.703630,-0.473300,0.136599,-1.640021,0.790942,0.279428,0.378175,0.118125,0.861567"
DB00620,"-0.952819,-1.459164,0.100960,0.138345,0.353152,1.198574,-0.287193,0.723100,-0.832253,0.201612,-0.468910,0.250262,-0.408243,0.378161,2.897133,-0.265469,0.775373,-1.280247,0.285937,-0.502091,0.493009,1.508623,0.233093,0.295811,-0.860251,-1.808653,-0.303281,2.175176,1.035347,0.579320,0.108598,-0.338264,-0.029147,0.473998,-0.296148,-0.171489,-0.935843,1.152841,0.341032,0.970709,2.070208,-0.995583,0.041464,-0.458583,-0.342500,-1.374650,-0.178761,-0.913919,-0.492428,-0.896129,0.083303,-1.358217,-0.224020,1.050658,-0.038357,-2.029537,-0.468491,1.751977,-1.338792,0.684788,1.118355,0.290328,0.662406,-0.364174"
DB00243,"0.079072,-0.380901,1.303781,0.665254,1.339476,0.417977,-0.670079,1.028963,-0.895702,0.407066,-0.127817,-1.020810,1.002700,1.242220,-0.567310,-1.295023,-0.702445,-0.002229,0.110526,-0.225124,0.138611,-0.155773,-0.112334,-1.104605,-0.754819,0.297112,1.165333,-0.493689,-1.797835,-0.229759,-1.299026,-0.585865,1.312846,1.257623,-1.339149,0.083906,-0.172077,-0.990671,-0.506348,0.889486,0.428668,-0.383421,1.332760,-0.707710,-1.374934,-0.084417,-1.317483,0.742233,0.063189,0.461611,1.314706,-0.875721,1.364406,0.249764,1.357491,0.426997,0.500785,-1.038677,-0.832124,1.065524,1.544397,1.311062,1.129980,2.667065"
DB00410,"-0.509413,1.025527,-1.300977,-0.937654,-1.339192,-1.233338,0.672192,0.275179,0.043651,-0.127842,0.764471,0.739737,-0.773650,-1.291373,-0.164466,1.324629,0.983979,1.030087,-0.552896,-0.758514,-0.126734,-0.218196,-0.383727,1.184020,0.096903,0.511546,-0.793442,-0.746142,0.933688,0.898051,1.259626,0.720086,-1.133750,-0.394410,1.328162,-0.991887,0.878448,0.492361,1.067987,0.582877,-1.257977,0.183242,-1.300980,1.202030,1.331658,0.347370,1.314424,-0.959541,-0.909962,-0.264312,-0.752510,0.368632,0.298977,-0.966395,-1.287506,-0.338423,-1.004932,-0.598257,0.533514,-1.191995,-0.696821,-1.322981,-1.316879,-0.819742"
DB01589,"0.499668,0.499051,0.296095,-0.438521,0.158467,0.492432,-0.577750,-2.158950,0.105021,-0.975715,0.075680,0.014207,0.232528,-0.230027,0.285842,-0.194918,-1.235866,0.251556,-0.218323,1.291787,0.894282,0.069467,1.404918,-0.489771,0.879885,1.643490,-0.187423,-0.500960,0.397256,-1.402613,-0.363670,-0.780556,-0.175868,-0.925342,-0.190844,0.295128,-1.115760,-1.164534,-0.966888,-0.466603,-0.401062,-0.206332,0.252447,-0.347783,-0.122470,-0.055483,-0.121608,0.827119,1.176611,-0.770158,-0.837889,1.146602,-0.881388,0.514023,0.209594,1.326911,1.364405,0.939502,1.313864,0.315924,-2.003903,0.156180,-0.327246,-1.194349"
DB00441,"1.196545,-0.987201,0.733861,1.664429,0.713803,0.290624,0.533271,0.373125,-1.181870,-0.960295,-1.119942,0.030390,1.193975,1.030955,-0.195327,-0.713132,-0.354896,-0.391350,-0.700175,0.385058,0.325543,0.429879,-0.573326,-0.969013,1.299961,-1.504639,0.836701,1.418671,-1.624003,-0.060455,-0.733271,0.730428,0.344792,0.297150,-0.711318,0.815361,-1.101373,-0.013275,-0.033623,0.764610,1.025184,1.247751,0.744485,-0.997081,-0.716979,1.010299,-0.831643,0.683584,0.722312,1.416674,-0.828535,0.382469,-0.761922,0.292274,0.795124,-0.737271,0.337366,-1.160377,-0.988024,-0.087805,1.246542,0.779280,1.148008,0.348423"
DB01108,"0.195090,-1.774451,-0.213500,0.513507,0.028107,0.970936,-0.014198,1.015753,0.018743,-0.440033,-0.440012,0.115621,-0.009351,0.445291,2.084321,0.134093,0.773667,-0.588038,-1.086212,-0.783855,-0.177827,1.765297,-0.490664,-0.003423,-0.785862,-1.979161,-0.606302,1.998884,1.475380,-0.100499,0.274783,0.121274,0.290933,0.411678,0.138376,-0.260083,-1.223457,0.989455,0.231848,0.442437,1.340104,-0.671726,-0.282847,-0.742368,0.074773,-1.239934,0.062843,-0.193242,-0.149598,-0.053294,-0.651263,-1.356848,0.596686,0.253735,-0.206517,-1.175852,-0.398398,1.130258,-1.457024,0.685710,0.428090,-0.142837,-0.072159,-0.464328"
DB06777,"-0.500119,0.825468,-1.230678,-0.858542,-1.240437,-1.078820,0.556376,0.520333,-0.360563,-0.214956,0.572486,0.706700,-0.675859,-1.160839,0.122869,1.239122,0.845016,0.868717,-0.754027,-0.772565,-0.086671,-0.044382,-0.369927,1.141200,0.120917,0.300351,-0.848687,-0.365489,0.986764,0.863729,1.213483,0.598300,-0.967662,-0.357049,1.244311,-0.943940,0.616624,0.413360,0.967468,0.497426,-1.113966,0.121750,-1.245175,1.003602,1.252801,0.240928,1.236653,-0.950363,-0.784148,-0.057915,-0.543293,0.292755,0.295149,-0.965369,-1.232709,-0.572850,-0.910034,-0.487420,0.445158,-0.867961,-0.511477,-1.256515,-1.122920,-0.772033"
DB01047,"-0.555896,-1.251750,0.096479,0.177028,0.316523,0.933957,-0.141214,0.774171,-0.449072,0.181320,-0.029921,-0.163323,-0.203109,0.522855,2.275193,-0.203334,0.637469,-1.015855,-0.273811,-0.493121,0.159540,1.343293,-0.049755,0.109561,-0.758377,-1.734607,-0.401538,1.804198,0.807076,0.506670,0.041729,0.159935,-0.059039,0.740657,-0.233939,-0.148411,-0.425191,0.969291,0.556731,1.638141,1.700642,-0.967911,0.050171,-0.391237,-0.280031,-1.276432,-0.174233,-0.742689,-0.580210,-0.716063,-0.062106,-1.254808,0.183906,0.494742,0.026255,-1.741922,-0.511921,1.364858,-1.137269,0.374750,1.082038,0.216308,0.244205,-0.055164"
DB00369,"0.555257,0.505757,0.108211,1.099120,-0.028607,-0.948783,1.567202,0.226196,-0.828130,-1.025053,-1.193035,-0.432943,0.826055,0.400732,-0.926636,-0.058600,-0.412879,-0.079519,-0.982402,0.499814,0.398208,-1.169050,-1.076117,-0.239470,0.771677,0.273950,1.031587,0.953059,-1.521539,0.857303,-0.187858,1.525443,-0.367514,0.490444,-0.028469,0.563065,0.014151,-0.722261,0.520406,-0.343215,-0.714115,1.570488,0.118630,0.586795,-0.023238,1.621208,-0.125657,-0.001763,0.211301,1.075199,-1.158446,1.178029,-0.289466,-0.137059,0.185936,-0.671756,-0.055991,-1.745152,0.886549,-1.016390,0.564448,0.067130,0.039338,0.131431"
DB00231,"0.773803,0.272626,1.151914,1.310422,0.936839,0.380564,0.517843,-1.622763,0.244409,-1.449061,-1.507847,-0.688582,1.911052,1.148942,-0.924459,-1.039016,-2.269792,-0.610842,-0.774190,2.015029,1.403461,-0.549993,0.389447,-1.351119,1.833896,1.265969,1.657021,0.436215,-1.202670,-0.916149,-1.238019,0.704095,-0.085521,0.595963,-1.009085,1.490819,-1.757418,-1.901797,-0.738082,-0.552071,-0.222092,1.111269,1.118993,-0.543096,-0.948812,1.292936,-1.044792,1.215447,1.374113,0.335496,-1.581012,1.997752,-1.562663,0.352823,1.116544,0.404393,1.609661,-0.451806,1.931222,-0.183334,-0.920613,1.025563,0.152736,-0.025894"
DB01186,"1.456988,-0.220421,1.215262,1.141904,1.089355,0.966116,-0.368180,-1.717864,1.630043,-1.459717,-1.417808,-0.871183,0.941103,0.733865,-0.439460,-1.123161,-1.995384,-1.056485,-0.480123,2.068404,0.010234,-0.447221,0.484591,-1.561014,0.703777,1.134754,0.880202,0.653227,-1.117156,-1.723204,-1.335229,-0.695216,0.847599,-0.271177,-1.075911,1.110599,-1.608058,-1.986185,-1.674381,-0.562562,0.628627,0.570798,1.194589,-1.448551,-1.020970,0.381904,-1.142440,1.770813,1.846841,0.737704,-0.728426,1.239099,-1.546528,1.266840,1.214653,1.584820,2.114588,0.456527,1.054777,0.662071,-1.107795,1.086006,0.808622,-0.488795"
DB08877,"1.019572,-0.297332,1.218766,1.240359,1.102166,-0.119952,0.443842,0.133256,-1.093893,0.934821,0.170757,-0.615884,1.815709,1.711450,-1.998376,-1.126059,-1.282200,-0.566604,-0.107881,0.513466,-0.202454,-0.267104,-0.454683,-1.106201,1.390561,-1.348595,1.893012,-0.341951,-1.548022,-0.082629,-1.158671,1.715612,-0.145028,1.237374,-1.175656,1.462933,0.017441,0.494154,0.397646,1.583664,0.172252,0.802028,1.257621,-0.848648,-1.166162,1.385869,-1.238575,0.447098,0.023065,-0.187015,0.535648,0.818862,0.216642,-0.244395,1.280658,-0.655042,0.115750,-1.264174,-0.481389,-0.112521,1.815943,1.216051,1.083129,1.522925"
DB00253,"-0.535072,0.561445,-1.135551,-0.542821,-1.112322,-0.896004,0.611697,0.353919,-0.090756,-0.185010,0.289489,0.551625,-0.825411,-0.858777,0.182805,1.132178,0.848711,0.827909,-0.579285,-0.900561,-0.154770,0.091048,-0.528319,1.007493,-0.366876,0.083061,-0.637762,-0.274948,1.069591,0.754446,1.110903,0.572022,-0.836785,-0.326013,1.140472,-0.956805,0.376416,0.403815,0.871928,0.320733,-0.844915,-0.083038,-1.145747,0.969715,1.126493,-0.153725,1.109698,-0.885414,-0.831008,-0.073850,-0.631469,-0.046577,0.549303,-0.561783,-1.117700,-0.462327,-0.937981,-0.226659,0.326731,-0.915539,-0.613395,-1.147046,-1.090904,-0.762358"
DB08931,"1.020712,-0.471446,0.426159,0.625354,0.439718,0.253581,-0.438411,1.046500,0.301014,-0.043158,-1.278580,0.474729,-0.578859,-0.332077,-0.347535,-0.522134,0.383579,-0.511960,0.342546,0.657637,-1.724613,-1.240779,0.455762,-0.389043,0.302305,-1.243845,-0.668961,1.915897,-1.342336,-0.355844,-0.465736,-1.752136,1.904575,-2.188583,-0.454186,0.571092,0.346992,-1.122733,-1.673850,-1.123469,0.851143,0.829704,0.505126,-1.357862,-0.463831,0.264362,-0.546148,0.965215,1.376816,2.364609,0.839967,0.167029,-0.691702,1.781402,0.491754,0.871399,0.938154,-0.500912,-0.786921,1.377018,1.410442,0.530217,2.608060,-0.352161"
DB05428,"-0.498257,1.031679,-1.299277,-0.932639,-1.338269,-1.220465,0.660133,0.242356,0.043035,-0.124846,0.766973,0.757638,-0.787719,-1.296393,-0.159958,1.323903,0.985015,1.035382,-0.554267,-0.772324,-0.142963,-0.222028,-0.373284,1.181190,0.093738,0.497426,-0.782057,-0.732439,0.921625,0.881566,1.255477,0.684948,-1.123419,-0.417243,1.327794,-0.995806,0.883473,0.509064,1.046305,0.543097,-1.259840,0.185023,-1.298581,1.197302,1.330464,0.338781,1.313300,-0.947595,-0.890510,-0.295937,-0.720626,0.356342,0.320967,-0.932388,-1.285575,-0.301933,-0.982950,-0.583334,0.523069,-1.177778,-0.700582,-1.322327,-1.309703,-0.837750"
DB00193,"-0.723820,-1.003991,1.338458,0.521459,1.338985,1.326995,-0.080804,-0.910176,-0.372868,0.480155,-0.845077,-1.162275,1.022585,1.071042,0.885605,-1.385453,-1.735755,-2.146389,0.598001,1.784536,1.682447,-0.275703,1.399756,-0.832245,-0.146948,1.306058,1.179072,-0.509278,-0.449827,-0.547977,-1.204475,0.123336,-0.297412,1.306309,-1.393002,1.371958,-2.418562,-1.366383,-0.565380,0.105554,1.397800,-0.497970,1.242682,-0.451073,-1.366382,-0.738195,-1.225674,0.318623,0.446924,-1.581199,0.170749,0.309499,-1.813086,1.572264,1.133400,-0.453043,0.933679,2.040664,1.027547,0.292330,-0.460432,1.361933,0.067103,0.623912"
DB00208,"-0.180578,0.017603,1.037668,0.944623,0.998152,0.065175,0.616699,0.192468,-1.650393,0.834326,-0.626688,-0.677042,0.694675,1.109359,-0.946764,-1.070204,-0.878195,-0.564831,0.681534,0.447733,1.080746,-0.138389,0.209882,-0.592499,0.444563,-0.601202,1.185199,0.223478,-0.810175,0.286616,-0.923497,0.614228,0.221680,1.658823,-1.099151,0.841167,-0.956782,-0.238016,0.127844,-0.297655,0.577905,0.289263,1.025029,-0.130969,-1.087436,0.641635,-1.050378,0.026683,0.221717,0.017922,1.080368,-0.114476,0.049380,0.589948,1.013734,-0.360704,-0.141440,-0.256334,0.322259,0.430533,1.300453,1.115912,1.128184,1.464761"
DB01016,"-1.402701,-1.168888,0.474304,0.312176,0.702371,1.263537,-0.767412,-0.214961,-1.163338,0.160122,0.148855,0.268808,-0.105216,1.035528,2.065757,-0.578824,0.406432,-0.803388,1.724769,-0.868926,1.042451,2.042591,0.278511,-0.041258,-0.807966,-2.137812,-0.036754,1.136263,1.238364,0.005597,-0.287791,-0.808470,0.451255,0.666907,-0.651474,-0.038577,-0.314726,1.664272,0.152961,0.953327,1.603568,-1.387683,0.462567,-0.819637,-0.669749,-1.491702,-0.499492,-0.367053,-0.661322,-0.495074,0.861028,-1.597651,1.203484,-0.062083,0.376974,-1.086876,-0.245619,1.564279,-1.452225,0.968369,0.820889,0.632158,0.567092,0.046257"
DB00706,"0.465681,-0.583676,1.010984,0.758819,0.983926,0.073885,0.758663,0.479702,-1.342636,1.066738,-1.290793,-2.508298,1.046343,0.699428,0.079782,-1.048672,-0.845532,-1.334958,-0.975346,0.314373,-0.844762,-2.072094,-1.034983,-0.710671,-0.641324,1.661373,1.911959,-2.752237,-0.809873,0.576141,-0.958798,0.731476,0.926552,1.447152,-1.013361,1.116591,-0.025919,-2.041740,-0.225828,-0.067887,0.085475,0.424367,0.984752,-0.458859,-1.057622,-0.054046,-1.063003,0.122919,0.459631,0.121336,1.223596,0.509213,-0.448575,1.207471,1.037669,-0.294091,0.203605,-0.733569,1.475623,-0.130754,1.508723,0.985731,0.547349,2.505394"
DB06218,"-0.784441,1.049617,-0.070242,-1.287945,-0.152038,-0.585217,-0.209393,0.160495,-0.099115,2.225810,2.304421,1.024183,-0.148548,-0.040621,-2.135729,0.096146,-0.407619,0.376514,1.549225,-0.114241,-0.367230,-0.335785,0.579618,0.556284,0.727997,-0.729660,-0.030002,-1.359967,-0.303298,0.255521,0.219965,0.534401,-0.911451,-0.849369,0.008627,0.246242,1.560456,2.205591,1.074949,0.325944,-0.939914,0.035199,0.027675,0.508015,0.075265,0.735790,0.208393,-0.567719,-1.525417,-1.739236,1.179737,0.424401,0.922997,-2.083823,-0.122163,-0.202208,-0.363497,-0.932128,-1.292218,-0.275191,-0.080810,-0.017227,-0.451238,0.091363"
DB00769,"-0.267891,1.123752,-1.030390,-1.237083,-1.116464,-1.177470,0.547808,0.355373,0.142143,0.673635,1.363497,0.848067,-0.627204,-0.972108,-1.108061,1.084125,0.730238,1.206905,-0.134091,-0.534633,-0.314534,-0.386575,-0.200728,1.021244,0.454157,0.002114,-0.645997,-1.349701,0.338593,0.731418,1.022210,0.877357,-1.105687,-0.863866,1.068562,-0.640966,1.149652,0.963076,1.191452,0.598207,-1.254080,0.378670,-0.988285,1.174610,1.078725,0.592082,1.083096,-0.865654,-1.101268,-1.154262,-0.471396,0.553855,0.757288,-1.507931,-0.997887,-0.327552,-0.946453,-0.904656,-0.024415,-1.048325,-0.298212,-1.061692,-1.188468,-0.482802"
DB12001,"-0.908008,0.683116,-0.549416,-1.252391,-0.573703,-0.359955,-0.368836,0.583312,0.130931,1.116524,1.673233,1.827507,-0.906751,-1.003443,-1.048392,0.513725,0.615608,0.830608,1.087470,-0.034775,-0.080920,0.099434,0.753652,0.843965,1.110389,-0.874317,-1.097207,-0.868226,-0.670548,0.399242,0.689245,-0.259215,-0.983763,-1.941305,0.456454,-0.304693,0.473934,1.348412,0.816153,0.700254,0.294630,0.312890,-0.457631,0.463312,0.508136,0.265391,0.634224,-0.718407,-1.163416,-0.502245,0.124710,0.322216,-0.688829,-1.148550,-0.647252,-0.576169,-0.453439,-0.732717,-1.353254,-0.678123,-0.066633,-0.425484,0.040589,-0.598745"
DB01203,"0.652194,-2.281461,1.460136,1.079318,1.551231,0.841722,0.572981,-0.009192,-2.010139,1.477694,-1.969753,-3.459885,0.772986,1.369117,1.049828,-1.561359,-0.745096,-1.702779,-0.323522,0.008847,-1.518550,-2.147555,-1.036561,-1.145800,-1.792232,1.986155,2.255172,-2.582185,-1.470706,0.206263,-1.347166,-0.210292,1.612470,1.376552,-1.509697,1.279452,-1.018720,-2.502186,-1.281048,-1.129266,1.150958,-0.029389,1.421988,-1.273500,-1.605567,-1.152135,-1.624930,0.535276,0.913937,1.311927,2.469021,-0.929220,-1.642451,2.810996,1.503252,0.207096,0.412194,0.414827,0.534690,0.635619,2.087559,1.493009,1.475326,2.952528"
DB06016,"1.550619,0.413875,1.286514,1.279814,1.072940,0.325305,-0.072162,-2.372786,0.004261,-2.028817,-1.281330,-0.659864,1.137518,0.964016,-0.774730,-1.141082,-2.523632,-0.531910,-0.389756,2.174398,0.583086,-0.460367,0.590659,-1.666094,1.079114,1.003082,0.879289,0.721865,-1.615670,-1.701841,-1.450158,-0.216303,0.726179,-0.218503,-1.117411,0.801825,-1.317228,-2.004049,-1.462671,0.043687,-0.106716,0.899022,1.297360,-1.041460,-1.035705,0.926588,-1.169734,1.818127,2.014139,0.812851,-1.345585,1.785389,-0.904202,0.875129,1.308446,1.594906,2.132478,-0.252247,1.193857,0.213711,-1.387366,1.114051,0.806441,-0.654744"
DB09038,"0.024871,-2.186606,-0.185052,0.600210,0.037392,0.847380,-0.224790,-0.141710,-0.690206,-0.253836,-1.111781,-0.967140,-0.280607,0.581927,1.898078,0.125162,0.490154,0.010318,-0.501271,-1.515320,-1.435049,0.876957,-1.347359,-0.151277,-1.459398,-0.480608,0.244392,-1.393261,1.520701,-0.478141,0.201306,-0.830167,1.250330,0.034759,0.164715,-0.607118,-0.768628,-0.536578,-0.896965,-0.180485,0.399439,-0.723426,-0.219183,-1.018594,0.063745,-2.002156,0.002723,0.133431,0.229688,1.094084,0.095662,-1.298120,0.517122,0.614336,-0.118423,0.017769,-0.181808,0.943422,-0.638465,0.508972,0.278317,-0.195003,-0.153389,0.320953"
DB00475,"0.655961,0.360044,0.085596,-0.503175,-0.063042,0.226463,-0.417646,-2.328818,0.491103,-1.373609,0.371212,0.271683,0.228819,-0.361498,-0.106828,0.042008,-0.889439,0.752524,-0.383170,1.156591,0.569797,0.151550,1.270350,-0.462415,1.074900,1.602781,-0.552936,-0.274011,0.473600,-1.630810,-0.189985,-0.934848,-0.157971,-1.265706,0.051951,0.204545,-1.069225,-1.106108,-1.182000,-0.833130,-0.665220,0.067836,0.035598,-0.455775,0.118151,0.172069,0.073767,1.041202,1.207470,0.040815,-0.978848,0.886448,-0.820047,0.312822,0.024519,1.838301,1.452826,0.749411,0.931794,0.617379,-2.135871,-0.074547,-0.343254,-1.766400"
DB00998,"2.127710,0.463672,1.386059,1.405019,1.104688,0.559905,-0.353471,-3.190916,0.652849,-2.571884,-0.774185,-0.367995,1.046219,1.049626,-1.203094,-1.170525,-2.343815,0.183259,0.322759,2.100057,-0.012328,0.028676,0.387121,-1.929257,1.527863,0.012363,0.586216,1.107603,-1.984635,-2.247736,-1.630107,-0.589184,1.434098,-0.329386,-1.152080,0.433057,-0.477118,-1.341214,-1.680023,-0.232205,-0.166179,1.078818,1.412352,-1.195012,-1.037285,1.032952,-1.271007,2.417539,2.300044,1.254867,-1.492999,1.780013,0.168682,0.830230,1.530169,2.469187,2.078315,-0.541822,0.958097,0.359046,-1.393468,1.146302,0.297987,-0.547061"
DB00640,"-0.063874,-1.189544,-0.246862,0.120569,-0.032362,0.740295,-1.363877,0.884916,1.115253,-0.441118,0.518673,0.309883,-0.287433,0.204888,1.065533,0.238629,0.751304,0.755755,-0.153827,-1.619391,-0.964359,1.947987,-0.108036,-0.083771,-1.747297,-0.351765,-0.631030,0.514493,0.785814,-0.710430,0.168556,-1.010573,0.857524,0.674199,0.231538,-1.070385,-0.019475,0.586370,-0.525317,0.299261,0.513795,-1.635490,-0.274340,-0.415929,0.147358,-1.521614,0.114695,0.280466,-0.424521,0.616482,0.279319,-2.141117,1.920244,-0.447034,-0.150924,0.485030,-0.325258,0.757856,-1.213005,1.032387,0.190949,-0.268943,-0.836665,0.736625"
DB06786,"-0.526571,0.547577,-1.147822,-0.556738,-1.126129,-0.906567,0.617906,0.381788,-0.032659,-0.205580,0.286929,0.583850,-0.819654,-0.868927,0.149009,1.145075,0.844604,0.862283,-0.588134,-0.879195,-0.167763,0.068826,-0.539767,1.014392,-0.354639,0.079514,-0.650219,-0.224260,1.043086,0.736796,1.123580,0.572004,-0.832176,-0.396169,1.153887,-0.965310,0.362769,0.413102,0.855315,0.266256,-0.879656,-0.022145,-1.158268,0.980493,1.139510,-0.136351,1.121956,-0.871941,-0.825569,-0.056065,-0.682318,-0.050427,0.526420,-0.556327,-1.128944,-0.450899,-0.936675,-0.249312,0.320171,-0.900117,-0.619677,-1.159637,-1.095494,-0.799194"
DB00288,"-0.528559,0.551438,-1.154325,-0.571177,-1.132376,-0.919842,0.622061,0.412528,-0.011590,-0.205661,0.288719,0.591203,-0.829218,-0.879777,0.126858,1.150134,0.838771,0.859042,-0.584754,-0.861515,-0.177485,0.043680,-0.538219,1.024932,-0.361479,0.104978,-0.654077,-0.219032,1.021984,0.741392,1.132113,0.582991,-0.844454,-0.404756,1.159082,-0.959225,0.371422,0.419262,0.856988,0.234900,-0.890890,-0.001077,-1.164225,0.991599,1.145169,-0.122046,1.129099,-0.877747,-0.839866,-0.056069,-0.696151,-0.049610,0.488333,-0.549052,-1.136537,-0.459207,-0.937811,-0.259346,0.318438,-0.904193,-0.629229,-1.164943,-1.091710,-0.812842"
DB03585,"1.892258,-0.600301,1.281453,2.536594,1.210283,0.554883,1.899604,0.155749,2.875835,-0.684243,-2.134927,-1.983396,1.669008,1.611682,-1.379136,-1.265690,-0.721113,-2.031941,-0.038686,1.789254,-0.086128,-1.711079,-2.632697,-1.508146,0.411869,-1.042894,2.386261,2.266537,-1.857556,0.322876,-1.353773,1.233059,0.782446,2.208416,-1.196652,2.423221,0.001138,-0.208169,-0.325822,-3.453994,1.363986,2.954547,1.311175,-0.369230,-1.234855,2.115535,-1.391828,0.933301,1.413524,1.331723,-0.689799,0.366407,-1.974410,0.745425,1.416264,-0.062491,0.438266,-1.021973,-0.071942,0.261087,1.863695,1.295881,2.124313,0.367250"
DB01005,"0.230691,-0.098726,-0.782562,-0.171858,-0.704362,-0.299222,0.056809,0.701098,-0.694918,-0.232872,0.448850,0.525020,-0.207841,-0.383437,0.650415,0.796084,0.784575,0.573983,-1.373799,-1.107651,-0.314400,1.069033,-0.118832,0.468816,0.144656,-1.001660,-0.854496,0.626398,1.133901,0.289219,0.744207,0.531452,-0.451167,-0.207027,0.794839,-0.767839,-0.049823,0.528156,0.727908,1.420614,-0.343900,-0.648898,-0.811212,0.059113,0.772435,-0.335292,0.704407,-0.464409,-0.419153,0.138633,-0.328786,-0.373553,1.006575,-0.872288,-0.731238,-0.712738,-0.599628,0.015027,-0.370255,-0.324058,-0.034863,-0.800682,-0.828373,-0.343998"
DB00762,"-0.412938,-0.058592,-0.138643,-0.604651,-0.055600,0.196981,-0.563325,0.466553,-1.380429,0.937751,0.956199,0.846131,-0.439732,-0.118638,0.742903,0.066510,0.516390,-0.185251,0.173233,-0.401127,0.058612,0.932864,0.893102,0.409736,0.357095,-1.641307,-0.805315,0.615656,-0.083700,0.495743,0.271316,0.121111,-0.647416,-1.072191,0.014327,-0.118977,0.097431,1.101205,0.786632,1.398748,0.613936,-0.938967,-0.103061,0.309402,0.033727,-0.519574,0.162450,-0.869308,-0.825455,-1.168989,0.432883,-0.306416,0.727578,-0.906578,-0.232541,-1.323785,-0.216329,0.419670,-1.305273,-0.139690,0.508051,-0.028554,-0.054931,0.000298"
DB00745,"-0.778465,1.741376,-0.506750,-0.994185,-0.583401,-1.148296,0.436184,-0.272253,-1.145868,0.870366,1.421766,0.656309,-0.759313,-0.642404,-0.416343,0.495156,0.228242,0.082117,0.612262,-0.218346,0.096718,-0.434576,0.351893,1.005479,0.208094,-0.557107,-0.492011,-0.217304,0.154371,1.150964,0.613025,1.093638,-1.139022,-0.442256,0.437232,-0.134157,1.711074,1.133196,1.355844,0.347570,-0.833291,-0.510331,-0.466146,1.761792,0.498608,0.303242,0.650860,-1.443416,-1.339665,-1.889393,0.297711,0.541114,1.213065,-1.396325,-0.583869,-0.933622,-0.681290,-0.219720,0.204616,-1.007615,-0.287441,-0.487060,-0.725537,-0.260552"
DB00311,"-0.090312,0.106117,-0.264998,0.531864,-0.277623,-0.425569,1.049377,0.417447,-0.196681,-0.344911,-0.821279,-0.288843,0.380260,0.122762,-0.331940,0.251331,-0.041426,-0.169940,-0.772480,0.029685,0.170576,-0.635066,-0.914263,0.231974,0.084089,0.147897,0.606068,0.465638,-0.137165,0.790425,0.271055,1.184934,-0.521335,0.462187,0.277579,0.181077,-0.189515,-0.333414,0.600549,-0.656949,-0.301395,0.734000,-0.285854,0.584082,0.261810,0.489302,0.219430,-0.465012,-0.313665,0.363290,-0.679788,0.366322,-0.410039,-0.167012,-0.255760,-0.944427,-0.413230,-0.579831,1.000781,-0.846545,0.188655,-0.261746,-0.410687,0.107808"
DB01218,"-0.733244,-0.140441,0.116823,-0.774528,0.273486,0.362509,-1.588818,1.125289,-0.289937,0.993653,0.467757,0.098096,-0.991984,0.075635,0.314348,-0.193497,0.905741,0.609010,1.008805,-0.916261,0.635226,0.587902,0.744427,0.100241,-1.746453,0.350435,-1.100020,0.524808,0.130901,-0.057060,-0.099413,-1.821860,1.229007,-0.085314,-0.225918,-1.275916,0.404815,-0.018734,-0.538410,-0.019809,0.436286,-1.373881,0.125361,-0.198393,-0.279665,-1.340333,-0.140732,0.025903,-0.119684,0.017085,1.589176,-2.180502,1.442410,0.369720,0.101144,0.640324,-0.194172,0.724032,-1.134167,1.368201,0.710088,0.173424,0.924439,1.317928"
DB13956,"-0.755923,0.261750,1.091495,0.590882,0.978917,-0.054550,0.131996,-0.544449,-1.745995,0.932158,0.079248,1.049801,1.026814,0.869642,-1.118339,-1.141467,-0.870812,-0.383083,2.132112,0.765756,1.125521,0.197815,0.836865,-0.453908,2.478276,-1.959755,0.962466,1.164386,-1.895925,0.290326,-0.917005,0.429960,-0.420239,0.022691,-1.202185,1.512230,-0.263796,1.182022,0.209194,0.223311,0.621706,0.695718,1.172678,0.040872,-1.130072,1.371518,-1.032592,-0.004109,-0.082478,-0.301466,0.609821,0.735125,-0.876310,-0.143459,0.986653,-0.970835,0.299566,-0.606642,-0.808496,0.098444,1.288311,1.270830,1.673308,0.672208"
DB00414,"-0.744172,-1.459047,0.391951,0.763692,0.579843,0.973469,-0.949852,-0.171798,-0.755724,0.491871,-0.162392,0.202524,0.216422,1.499008,0.566914,-0.420757,0.226512,0.050502,1.374903,-1.274839,0.631784,2.369093,-0.092739,-0.384559,-0.711617,-2.046682,0.224816,0.041875,1.538140,-0.620204,-0.317212,-0.561386,0.731249,1.156732,-0.467646,-0.025434,-0.541234,1.310281,-0.170567,0.879129,0.772253,-1.362502,0.371813,-1.218914,-0.508762,-1.334059,-0.503800,0.330435,-0.229841,-0.038031,1.044149,-1.772119,1.818225,-0.354051,0.416452,0.120379,-0.187558,1.116327,-1.600359,1.265666,0.632620,0.466265,0.294253,0.515983"
DB09421,"-0.777552,0.747077,-1.242780,-0.907783,-1.233502,-1.093917,0.723463,0.746690,-0.362685,-0.331623,0.547818,0.831789,-0.857047,-1.203498,0.254502,1.239785,0.921566,0.822484,-0.499634,-0.663147,0.245416,-0.049032,-0.340470,1.232388,-0.055823,0.316826,-1.000165,-0.210744,1.039421,0.830893,1.237451,0.599113,-0.962337,-0.307324,1.233668,-1.067126,0.409726,0.591584,1.015811,0.611210,-1.015499,0.088180,-1.251479,1.065553,1.240018,0.147980,1.257050,-0.930646,-0.873863,0.038846,-0.730557,0.122051,0.094894,-0.627643,-1.250970,-0.721284,-1.117149,-0.274323,0.466963,-0.998803,-0.672749,-1.236553,-1.051216,-0.984541"
DB08907,"0.137389,-2.155807,0.972059,1.606903,1.115170,1.330121,0.353025,0.321825,-0.574886,-0.031002,-2.136567,-1.288427,0.900948,1.390431,1.238988,-1.079433,-0.214633,-1.300339,-0.101535,0.031090,-0.215786,-0.051327,-1.066388,-0.919181,-0.256262,-0.869181,1.545758,0.082614,-0.371157,-0.024531,-0.863828,-0.202859,1.060805,0.651506,-1.037714,1.173044,-1.480896,-0.752623,-0.699911,-0.879814,1.811439,0.500195,0.956212,-1.326788,-1.110588,-0.689089,-1.132107,0.450039,0.701438,1.129795,0.130380,-0.459302,-1.390040,1.504542,0.959703,-1.059717,0.287537,0.206246,-0.228794,0.386610,1.447979,1.080295,1.280638,1.013561"
DB00221,"1.236755,-0.217585,0.212657,1.441280,0.181060,-0.392401,1.005207,-0.169899,1.327525,-0.702693,-0.968599,-0.839824,-0.076710,0.344932,-0.568102,-0.168385,-0.023626,-0.797735,-0.286690,0.405710,-0.932898,-0.877801,-1.563081,-0.466625,-0.911107,-0.528174,0.609314,0.831880,-0.926870,0.130291,-0.322036,0.649549,0.449485,0.477348,-0.140093,0.161292,0.102474,-0.135276,-0.161957,0.066624,0.696116,1.130667,0.219435,-0.312647,-0.154284,0.409383,-0.302133,0.447345,0.487614,0.933536,-0.093916,0.013007,-0.137691,1.363390,0.352557,0.468580,-0.091834,-0.349858,-0.129394,-0.337195,0.517978,0.173139,0.803064,-0.271320"
DB00959,"-0.050132,-1.821635,0.164185,0.145733,0.383662,1.182705,-0.396837,0.855879,-0.513500,0.377599,0.144141,0.046758,0.191325,0.629033,2.018057,-0.236137,0.519928,-0.788484,-0.422764,-0.571462,-0.025057,1.772062,0.036570,-0.170833,-0.204032,-2.176236,-0.499096,1.263745,0.922258,-0.042057,-0.049607,0.046829,0.097790,0.417931,-0.262501,0.093755,-0.765462,1.407444,0.420681,1.455987,1.669379,-0.728420,0.129963,-1.001679,-0.317513,-1.036174,-0.276182,-0.244866,-0.352914,-0.682439,-0.208343,-1.176586,0.355274,-0.069560,0.135124,-1.538006,-0.295361,1.200737,-2.020007,0.647267,1.165525,0.273828,0.287229,-0.047639"
DB00710,"0.356815,-0.852777,-0.168130,0.011045,0.020230,0.784316,-1.452198,1.563786,1.192439,-0.656702,0.339766,0.422879,0.006329,0.215466,0.422489,0.173775,0.953859,0.996281,-0.682162,-1.479517,-0.563230,1.797512,-0.350346,-0.195185,-0.989570,-0.678066,-0.712108,0.902024,0.662944,-0.817813,0.062629,-1.411432,1.376688,0.556150,0.171428,-0.887882,0.332599,0.753339,-0.797627,-1.293701,-0.140602,-1.249723,-0.177373,-0.586199,0.095828,-0.782358,0.064774,0.667074,0.196522,0.876005,0.570726,-2.076712,2.257106,-1.048020,-0.057360,0.671122,-0.030401,0.089389,-1.402918,1.765552,0.505979,-0.199916,-0.201547,0.922067"
DB00690,"0.427797,0.335946,1.230732,1.163453,1.040684,0.437625,0.457847,-1.497214,-0.355162,-1.109935,-1.524108,-0.702793,1.740845,1.084501,-0.569158,-1.156860,-2.410635,-0.917285,-0.541506,2.086252,1.678091,-0.606244,0.697459,-1.243337,1.603909,1.210510,1.592502,0.483099,-1.292797,-0.705174,-1.275700,0.652463,-0.225142,0.684556,-1.133667,1.467312,-1.889855,-1.899837,-0.622394,-0.445901,-0.014756,0.836762,1.200649,-0.303737,-1.068348,1.036076,-1.107299,0.943964,1.285050,-0.256249,-1.366703,1.905693,-1.697177,0.540084,1.156327,0.026998,1.495853,-0.071091,1.958106,-0.241771,-0.892797,1.138760,0.302723,0.116523"
DB00608,"-0.313111,-0.467802,1.263942,0.751736,1.323167,0.491358,-0.435292,0.772860,-1.628229,0.684290,-1.133542,-1.429296,0.618896,1.299831,0.162018,-1.329250,-0.610229,-0.506742,0.683838,0.024172,1.114710,-0.346074,0.263773,-0.880722,-1.269439,0.644055,1.046217,0.607223,-1.201046,0.240534,-1.232198,-0.580921,1.370349,1.654462,-1.340005,0.204223,-0.556468,-1.299299,-0.626965,-0.252678,0.711252,-0.501665,1.251700,-0.311766,-1.390435,-0.404651,-1.306853,0.400817,0.585891,0.386921,1.374931,-1.176221,0.880088,1.127431,1.265289,0.092882,0.269224,0.101512,0.151126,1.134828,1.656918,1.309760,1.461554,2.563831"
DB00257,"-0.516969,1.126956,-1.350117,-0.931373,-1.392452,-1.302036,0.783216,0.375110,0.114247,-0.062751,0.738528,0.762084,-0.821510,-1.322788,-0.246733,1.374664,0.978020,1.050034,-0.656001,-0.786162,-0.231631,-0.341022,-0.429308,1.240284,0.047683,0.519892,-0.748648,-0.732717,0.871900,0.995224,1.307743,0.789026,-1.190912,-0.464948,1.379975,-1.013596,0.882148,0.402858,1.129137,0.453467,-1.283909,0.232746,-1.351008,1.292526,1.382981,0.349817,1.363174,-1.036866,-0.987500,-0.277461,-0.735026,0.414548,0.297661,-0.925321,-1.331341,-0.384572,-1.076933,-0.680581,0.641048,-1.256735,-0.673820,-1.377377,-1.324171,-0.839785"
DB01130,"-0.492583,0.581954,-1.178459,-0.596258,-1.160244,-0.934638,0.631840,0.434248,0.087448,-0.210057,0.330091,0.621344,-0.821482,-0.919372,0.088253,1.175898,0.859968,0.851240,-0.609641,-0.839156,-0.225987,0.011718,-0.573293,1.043497,-0.343687,0.121728,-0.676425,-0.246706,1.009523,0.751612,1.154177,0.617144,-0.864483,-0.422297,1.185021,-0.945827,0.433241,0.440444,0.882216,0.175894,-0.885393,0.042021,-1.187528,1.018495,1.172969,-0.084515,1.155167,-0.887528,-0.858778,-0.116781,-0.752396,-0.018179,0.478370,-0.580591,-1.157669,-0.460072,-0.945695,-0.296011,0.322120,-0.923572,-0.635906,-1.192188,-1.120223,-0.824959"
DB00813,"1.248957,-0.511983,1.774528,1.934186,1.645620,1.133128,0.330165,-0.900230,1.183455,-0.614270,-2.601488,-1.947307,1.541805,1.614347,-0.865235,-1.742863,-2.795902,-2.015511,-0.523084,2.669694,0.699270,-1.023973,0.007789,-1.846268,0.548362,1.171435,2.199164,0.533771,-2.160001,-0.852785,-1.801974,0.484228,0.536085,1.102889,-1.678836,1.862051,-2.338370,-2.457833,-1.064902,-1.157658,1.423617,1.018056,1.742481,-1.100889,-1.638052,0.575262,-1.753050,1.398724,1.848626,0.422683,-0.816547,1.486236,-2.598533,1.662153,1.755947,0.083447,1.697966,0.152835,1.682362,-0.126873,-0.249701,1.703113,1.033270,0.925970"
DB00630,"-0.826800,0.376691,-1.042242,-0.640956,-0.986599,-0.448606,0.679253,0.851312,0.449150,0.013885,-0.012527,0.656755,-0.796048,-0.940230,0.381885,0.984195,0.874256,0.258643,-0.183999,-0.513047,0.104142,-0.115850,-0.467021,1.106565,-0.254773,0.081833,-0.650815,-0.084707,1.291719,0.808398,1.088162,0.335226,-0.730403,-0.153107,0.995494,-0.400453,0.129939,0.739493,0.730369,-1.384131,-0.546299,0.288851,-1.071689,0.887818,0.984437,0.079343,1.031737,-0.911940,-0.632058,-0.310028,-0.581009,-0.266831,-0.111304,-0.379978,-1.084414,-0.695007,-0.855297,0.047981,0.189059,-0.389093,-0.325631,-0.989648,-0.709941,-1.007716"
DB01403,"0.903716,-2.806048,2.091224,0.757589,2.232036,2.633853,-2.431460,-1.037636,0.098538,0.116288,-0.883605,-2.108698,1.359367,1.578441,2.059267,-2.069132,-1.349460,-1.342489,0.297543,0.626382,0.028108,0.839205,1.079113,-2.178165,-1.699231,1.397071,0.566416,-1.569879,-0.765772,-2.476675,-2.177280,-2.475661,2.709667,1.335695,-2.056334,0.678954,-1.600228,-2.056945,-2.880454,0.193074,1.890543,-1.709354,2.026783,-2.535988,-2.115358,-2.436283,-2.126346,2.353151,1.979863,-0.752623,1.689704,-1.576300,0.064041,2.191809,2.117985,2.377550,2.022502,2.733508,-0.663662,2.702670,0.462706,1.983851,1.125305,2.490939"
DB09272,"-1.484715,-0.130471,-0.824038,-0.625843,-0.715357,-0.249410,-0.158172,1.478557,-0.956275,1.008520,-0.314005,0.590481,-0.885529,-0.790608,0.908967,0.698886,0.069520,-0.480218,-0.018286,-0.315188,0.326947,-0.017449,0.930311,1.124310,-0.938569,1.104251,-1.061018,0.086187,0.336098,0.841919,0.957437,-0.042011,-1.136989,-1.074221,0.695283,-0.472931,-1.314344,-0.177413,0.410991,0.592827,0.252979,-0.838853,-0.876672,0.597442,0.690005,-1.006253,0.825604,-1.137797,-0.857910,0.394314,0.606645,-0.707833,-1.709654,0.066090,-0.989143,-1.101465,-0.384582,1.061942,0.143479,-0.246281,-0.506098,-0.719834,-0.430028,-0.610749"
DB01413,"0.853328,0.442049,0.043521,0.958648,-0.072115,-0.866327,1.347838,0.057722,0.113703,-1.226347,-0.803603,-0.494477,0.905827,0.342947,-0.946773,0.020074,-0.195328,-0.021023,-0.753211,0.604124,0.472286,-0.896851,-1.413356,-0.302208,0.755284,0.104096,0.922212,0.893403,-1.053499,0.645871,-0.127846,1.467242,-0.269713,0.916308,0.045951,0.419045,0.471183,-0.228158,0.568321,-0.165100,-0.551932,1.762866,0.063023,0.436411,0.046985,1.724210,-0.071545,0.111677,0.204330,1.258884,-1.404321,1.064572,-0.558065,-0.410910,0.134527,-0.455976,-0.238510,-1.689542,0.653480,-0.934210,0.410051,0.002640,0.113755,0.023832"
DB00712,"1.068705,-0.316533,1.451811,1.994255,1.360979,0.311088,1.266305,0.229276,1.626286,0.105945,-1.103179,-1.023729,1.962786,1.557773,-1.892388,-1.426572,-0.941482,-1.837886,0.757014,1.587245,0.014285,-1.379152,-1.578363,-1.329520,1.119476,-1.537864,2.376539,1.869312,-1.879218,0.144738,-1.431011,1.074533,0.474080,2.374277,-1.405206,2.515629,0.165704,0.359834,-0.253267,-2.753975,0.733504,2.293429,1.479742,-0.261965,-1.402132,2.106044,-1.486565,0.852841,0.948568,0.663177,0.410605,0.304706,-1.639706,0.221995,1.500221,-0.079079,0.460545,-0.841721,-0.341067,0.701785,1.838834,1.497043,2.103757,0.704499"
DB00773,"-0.605494,-0.162761,0.181851,-0.591148,0.262932,0.876052,-1.023754,0.344531,-0.192574,1.521378,1.572205,1.875279,-0.514423,0.072255,-0.418079,-0.274588,0.580236,0.022700,1.654836,-0.102743,0.201240,1.459706,1.347261,0.186963,0.911059,-2.708537,-1.098529,0.708900,-0.648730,-0.074533,-0.003915,-0.444255,-0.262831,-1.462293,-0.349309,0.118500,0.134951,1.965957,0.590329,0.989698,1.518950,-0.695233,0.268208,-0.182927,-0.307385,-0.529164,-0.158251,-0.419309,-0.956827,-1.259413,0.728045,-0.596534,0.381414,-0.995387,0.104927,-0.825548,-0.112040,0.375196,-2.532089,0.200841,0.697854,0.363435,0.487498,0.036990"
DB00775,"1.449839,-0.283870,0.498599,1.576478,0.445508,-0.075844,1.073475,0.358873,0.267374,-0.959791,-1.091435,-0.781593,1.323497,0.997340,-0.589943,-0.433983,-0.421165,-0.435861,-1.054850,0.479943,0.345514,-0.107734,-1.381880,-0.857961,0.907395,-1.057724,1.096604,1.282415,-0.777222,0.192261,-0.576110,1.425203,0.222038,1.206369,-0.410219,0.865399,-0.242504,-0.138265,0.314197,-0.073458,0.289871,1.485597,0.500691,-0.320955,-0.434419,1.352955,-0.590659,0.457917,0.657306,0.808688,-1.118238,0.629524,-0.153027,-0.318377,0.628431,-0.663633,-0.114822,-1.174147,0.216508,-0.349917,1.118482,0.462481,0.657093,0.423885"
DB00205,"-0.771963,0.850477,-1.168690,-0.928201,-1.185204,-1.028380,0.466705,0.435106,0.019385,0.169828,0.356747,0.859139,-1.193790,-1.053798,-0.418020,1.152113,1.024499,1.077529,-0.028890,-0.611303,0.179454,-0.080788,0.087851,1.165685,0.000379,0.268553,-0.993744,-0.014900,0.808059,0.792261,1.175720,0.106009,-0.896096,-0.894383,1.159381,-0.940075,0.239752,0.414056,0.714565,-0.240428,-0.720179,0.179222,-1.173484,0.982924,1.161813,0.155237,1.171200,-0.896292,-0.704899,0.078080,-0.385099,-0.133414,0.031850,-0.268787,-1.194165,-0.333753,-0.866496,-0.259448,0.203543,-0.684338,-0.487217,-1.143168,-0.572042,-0.999207"
DB01229,"0.215257,-1.127644,0.429551,-0.699351,0.554352,1.228411,-1.373726,1.180247,-0.326461,1.718414,0.382967,0.603763,-0.031813,0.163990,0.431526,-0.579002,0.437619,-0.863976,0.546551,0.186603,-1.091544,0.389848,1.171584,-0.096541,0.506860,-1.866014,-0.600802,0.141693,-0.441508,-0.171605,-0.247156,-0.951198,0.775279,-2.033526,-0.583032,0.730813,0.307877,0.278767,-0.512718,0.263819,1.289249,-0.679080,0.500393,-1.006365,-0.598569,-0.863995,-0.461920,-0.215846,-0.186533,-1.551123,0.709136,-0.278101,-0.030990,-0.192135,0.347626,-0.970549,0.689285,0.631590,-1.891523,1.171417,1.477326,0.593974,1.179386,0.792920"
DB00736,"-0.916142,1.225502,-1.129704,-0.956713,-1.155259,-1.153567,0.644803,0.313294,-0.688665,0.091867,0.754018,0.674631,-1.044300,-1.283435,0.143134,1.118286,0.738562,0.654791,-0.240799,-0.678845,-0.047240,-0.343670,-0.030598,1.258575,-0.072700,0.424418,-0.889137,-0.530009,0.708926,1.092085,1.152282,0.551058,-1.263926,-0.559266,1.105292,-0.851403,0.711627,0.555514,1.156400,0.237880,-0.968174,-0.090501,-1.130963,1.445133,1.134788,0.195549,1.187719,-1.254985,-1.080916,-0.101608,-0.216005,0.304853,0.383400,-0.905864,-1.184941,-0.702952,-0.938708,-0.385118,0.703505,-1.173003,-0.667079,-1.124636,-1.125389,-0.836627"
DB00445,"0.253638,-0.300659,-0.738587,-0.095968,-0.638531,-0.149294,0.033856,0.714734,-0.638166,-0.241779,0.321652,0.588008,-0.238072,-0.289297,0.807310,0.736410,0.833486,0.472217,-1.258661,-1.120305,-0.279289,1.201133,-0.125664,0.437815,-0.038228,-1.181704,-0.815874,0.754089,1.143145,0.206939,0.712124,0.511723,-0.376331,-0.322132,0.738044,-0.722233,-0.236695,0.639090,0.645032,1.247019,-0.139638,-0.686011,-0.766634,0.013106,0.707110,-0.493865,0.646834,-0.434901,-0.420832,-0.118957,-0.430694,-0.470924,1.075705,-0.672524,-0.688307,-0.776169,-0.591391,0.154821,-0.541949,-0.270995,-0.064844,-0.741364,-0.727515,-0.397092"
DB00547,"0.237915,-1.545463,-0.276745,0.522692,-0.057507,0.818650,0.117935,0.900859,0.065757,-0.457067,-0.365383,0.101164,-0.041677,0.392074,1.882639,0.219687,0.833283,-0.406147,-1.231577,-0.873513,-0.219497,1.654551,-0.527535,0.033327,-0.780985,-1.954527,-0.546725,1.824731,1.466067,-0.058449,0.313694,0.220081,0.233189,0.380873,0.224319,-0.367828,-1.150406,0.887906,0.312584,0.583613,1.183341,-0.624410,-0.346378,-0.621101,0.158968,-1.184229,0.132820,-0.204214,-0.181181,-0.144199,-0.635200,-1.285695,0.801808,0.255240,-0.245834,-1.110537,-0.512134,1.014041,-1.242264,0.540806,0.443828,-0.228176,-0.221845,-0.468716"
DB08934,"0.423309,0.109096,0.330591,1.181588,0.217086,-0.633106,0.971275,0.331899,-1.224668,-0.959652,-1.212216,0.479818,0.670183,0.406186,-0.961128,-0.313996,-0.449319,0.057302,-0.318459,0.609664,0.600451,-0.649546,-0.559078,-0.363645,1.382407,-0.273516,0.783057,0.992032,-2.141524,0.500657,-0.325755,0.841661,-0.224326,-0.299663,-0.309218,0.555377,-0.768999,-0.452395,0.172746,0.086359,0.052964,1.686718,0.362824,-0.067654,-0.282351,1.505830,-0.350251,0.266915,0.341631,1.616729,-0.944645,1.045690,-1.335523,0.264105,0.350505,-0.656653,0.181387,-1.802034,-0.057200,-0.750587,0.616723,0.373971,0.860761,-0.035774"
DB00186,"0.951819,-0.132707,1.318626,1.146736,1.122645,0.733764,0.067831,-1.999028,-0.157337,-1.558967,-1.564872,-0.677350,1.854012,1.189963,-0.384468,-1.216993,-2.130954,-0.640219,-0.419920,2.097437,1.542674,-0.362339,0.625437,-1.547240,1.828332,1.424040,1.491484,0.675163,-1.092811,-1.381614,-1.412008,0.022769,0.170187,0.130663,-1.184610,1.591260,-1.961086,-1.760303,-1.263680,-0.688967,-0.137916,0.896006,1.292432,-0.959866,-1.126838,1.195234,-1.199150,1.579032,1.817813,0.143473,-1.400892,1.766013,-1.616150,0.843820,1.263393,0.839181,2.099398,-0.025184,1.499013,0.364628,-1.061151,1.207139,0.536366,-0.307618"
DB00819,"0.113256,-0.501157,1.039770,0.248604,0.946401,1.065855,-0.140459,-1.267285,-0.439782,-0.838759,-0.804977,-0.487264,1.809004,1.004601,0.296371,-0.997602,-1.637770,-0.753082,-0.294186,1.640737,1.653832,0.056141,1.059736,-0.972697,1.707549,0.792913,1.108747,0.236305,-0.217393,-1.166814,-1.017393,-0.045016,-0.105974,0.216271,-0.993721,1.419194,-1.678259,-0.985223,-0.838841,-0.584828,-0.080900,0.301531,1.009738,-0.604855,-0.950122,0.481225,-0.900003,0.914909,0.950453,-1.224941,-0.977030,1.182434,-1.255388,0.146821,0.896021,-0.155911,1.655458,0.679250,1.205364,0.504556,-0.956891,0.991116,0.145847,-0.117166"
DB00975,"1.345140,-1.571143,-0.221482,-0.248202,-0.035650,1.163153,-0.658343,1.554175,1.458552,0.311670,-0.543197,-0.229150,0.231834,-0.407635,1.341084,0.121302,0.788551,-0.867570,-1.232870,-0.502481,-2.287961,0.088277,-0.830916,-0.033785,-0.200254,-1.152876,-0.247976,-0.928199,1.511438,-0.506049,0.275685,-0.977447,1.465511,-0.736308,0.185694,0.538772,0.488589,0.353816,-0.810504,-1.982057,0.590442,0.227923,-0.230235,-1.389232,0.116800,-0.673886,0.074895,0.325573,0.664921,-0.030139,0.067528,-0.478611,-0.322647,-0.234494,-0.181194,-0.327300,0.278868,0.335928,-1.047001,1.384250,0.941373,-0.173610,0.659013,0.062253"
DB01588,"0.563377,0.531541,0.294993,-0.394259,0.152366,0.469468,-0.590502,-2.256632,0.270082,-1.070098,0.060702,-0.009894,0.113246,-0.186787,0.109693,-0.183947,-1.295410,0.376642,-0.167855,1.342709,0.907940,0.130072,1.334249,-0.526036,0.820364,1.628911,-0.152242,-0.409714,0.190493,-1.436528,-0.363742,-0.832383,-0.130049,-0.810657,-0.180949,0.123337,-1.185672,-1.138462,-0.984328,-0.523997,-0.295860,-0.108370,0.251254,-0.404612,-0.111827,-0.024364,-0.122538,0.875203,1.206200,-0.513053,-0.909962,1.098604,-0.956769,0.559877,0.216682,1.421713,1.359660,0.837203,1.169062,0.288546,-2.033375,0.148942,-0.299696,-1.235968"
DB00413,"0.079100,-0.081577,0.944992,0.827789,0.791748,0.639258,0.493694,0.017835,1.050587,-0.745603,-1.393609,-0.684125,2.449986,0.562983,-0.525122,-0.917327,-1.616327,-1.054848,-1.422416,1.609259,0.105879,-1.126542,0.590811,-0.935384,2.323265,1.195213,1.278087,0.256429,-0.512522,-0.400512,-0.990490,0.521914,0.176508,-0.141838,-0.850411,2.248994,-0.876869,-2.394445,-0.774856,-0.940257,-0.468658,1.021271,0.906307,-0.515196,-0.814189,1.216161,-0.889940,0.799682,0.733339,0.758312,-0.949613,2.043796,-1.564655,-0.521669,0.883961,-0.400939,1.570323,-0.588525,2.480687,0.285195,0.191278,0.878712,0.044971,0.470711"
DB01599,"0.781658,-0.160908,-0.432338,-0.238400,-0.332790,-0.085208,-1.547349,1.248730,0.835249,-0.907321,1.085655,0.541415,0.053742,-0.186369,-0.225907,0.530693,0.893194,1.931538,-1.565095,-1.862329,-1.100108,1.716713,-0.374219,-0.146374,-0.634154,-0.314149,-0.911751,0.126253,0.206589,-0.859668,0.230404,-1.110333,1.102088,0.156759,0.519097,-1.546383,0.966983,0.411248,-0.607737,0.421605,-0.927498,-1.445610,-0.416746,-0.328419,0.455411,-0.537642,0.351352,0.692342,-0.040723,0.975849,0.569050,-1.542537,2.875536,-1.646067,-0.258856,1.136608,-0.041162,-0.688876,-1.142374,1.172108,0.086448,-0.558101,-0.716579,1.175454"
DB00594,"0.782441,-0.499115,0.150886,0.508517,0.133197,0.150580,0.836110,0.794768,0.841310,0.505179,-1.033760,-1.061141,0.744297,0.140572,-0.474686,-0.205229,-0.088930,-0.972250,-0.899527,0.344856,-1.407803,-1.607832,-1.063351,-0.192173,0.382628,0.504945,1.139090,-0.614223,-0.336946,0.480999,-0.141787,0.619189,0.218534,0.085956,-0.131338,1.336623,0.469044,-0.761733,-0.186178,-2.054928,-0.102765,1.014355,0.160745,-0.180191,-0.167675,0.723745,-0.246283,-0.009094,0.291908,0.786056,0.061855,0.698861,-1.379357,0.177071,0.190543,-0.612135,0.148807,-0.737229,0.722464,-0.276040,0.910154,0.172480,0.320947,0.632205"
DB12364,"0.149160,-1.040712,-0.356227,-0.350141,-0.214240,0.641554,-0.723064,1.322799,-0.699133,-0.116349,0.233605,1.320841,0.281406,-0.582103,1.117976,0.311286,0.681764,0.268094,-0.308248,-0.436439,0.533872,1.774545,0.384562,0.250414,1.205161,-1.928428,-0.980073,0.014651,0.935683,-0.254172,0.473468,-0.508521,0.221788,-0.296893,0.287711,-0.195450,-0.802683,1.035040,0.227953,0.757561,0.868802,0.135598,-0.371253,-0.807885,0.274905,-0.230042,0.289265,0.008370,0.229393,0.142845,-0.193438,-0.501000,-0.698276,-1.286712,-0.409908,-0.982102,-0.342744,0.236402,-1.551139,0.714515,0.562179,-0.243181,0.629709,-0.308320"
DB01144,"0.506581,-0.679840,0.110215,0.574805,0.114292,0.261003,0.584174,0.592426,0.367429,0.054335,-1.005662,-0.897432,0.824939,0.182524,0.029284,-0.144184,-0.041521,-0.610187,-0.992530,-0.071451,-1.314947,-1.059210,-0.986386,-0.220060,0.442741,0.365422,0.901002,-0.711920,-0.000854,0.290507,-0.131363,0.382151,0.455915,0.019943,-0.080249,0.880952,0.321197,-0.955695,-0.314516,-0.825876,-0.227945,0.685997,0.115205,-0.388808,-0.121759,0.305480,-0.208246,0.074603,0.179671,0.775523,-0.210273,0.651790,-0.603162,-0.001117,0.162301,-0.480140,0.193280,-0.616055,0.886677,-0.222471,0.894019,0.107493,0.025348,0.727026"
DB05316,"-0.279412,0.299279,-0.040937,-1.024438,-0.016318,0.216110,-1.267904,0.888424,1.269826,1.076949,2.085226,0.648433,0.204900,0.149607,-0.959619,0.093131,0.353537,0.807137,0.182357,-0.747733,-0.635841,0.871910,0.503653,0.062449,-0.055906,-0.767277,-0.561969,-0.680529,-0.442146,-0.306256,0.001187,-0.344275,0.097212,-0.321517,0.033293,-0.411728,1.580188,1.493364,0.322813,0.745322,-0.552310,-0.952324,0.039403,0.029500,0.017272,-0.160368,0.101894,0.071082,-0.984130,-1.189576,0.757304,-0.677980,2.213797,-2.403925,0.013635,0.142069,-0.019313,-0.634989,-1.469581,0.662115,0.460283,-0.065509,-0.931629,0.911063"
DB01275,"2.374835,-0.016939,1.013020,1.818592,0.794847,-0.304541,1.249496,0.017315,0.697292,-1.126375,-0.876002,-1.256882,1.961210,0.698174,-1.452447,-0.909506,-0.655795,-0.725217,-1.129829,0.958149,-2.349728,-2.056935,-1.485559,-1.337824,1.399334,-0.667815,1.303361,0.662905,-2.041857,-0.241827,-1.241170,1.223381,1.295268,-0.516901,-0.840356,1.915133,1.834764,-1.458263,-0.862716,0.060990,-0.595647,1.946934,1.099069,-0.795247,-0.838300,2.151170,-1.085447,1.207844,1.057002,1.445443,-0.492221,2.308744,1.167143,-0.087528,1.265062,0.595393,1.122500,-2.357442,1.370512,-0.047249,1.769289,0.895747,0.818857,0.744751"
DB00741,"-1.723998,-0.120676,-0.286752,-0.463079,-0.132237,0.358887,0.256788,0.374765,-0.517570,0.048199,-0.076160,0.389202,-0.824040,-0.275082,1.987634,0.132121,0.762094,-0.843062,1.151655,-0.291031,0.873587,0.620329,-0.034544,0.846229,-0.562515,-0.984157,-0.680285,1.594684,0.991220,1.011324,0.467820,-0.171266,-0.461443,0.130732,0.098611,-0.276916,0.128808,1.347828,0.675071,-0.182153,0.945356,-0.483543,-0.309960,0.714033,0.108750,-0.630120,0.317340,-1.261938,-0.859576,-0.903143,0.030896,-0.811331,-0.108398,0.199170,-0.451839,-1.886050,-0.710589,1.140485,-0.241458,0.000537,0.309329,-0.117078,0.265645,-0.797560"
DB05351,"-0.837957,1.280879,-1.133541,-0.952813,-1.161012,-1.179334,0.668486,0.266771,-0.592606,0.122747,0.787018,0.708974,-1.083908,-1.274808,0.022913,1.124403,0.724563,0.703671,-0.283083,-0.647950,-0.044541,-0.393109,-0.034907,1.248087,-0.098160,0.444072,-0.930307,-0.460990,0.682586,1.119197,1.148896,0.611340,-1.247720,-0.570551,1.111351,-0.867873,0.769278,0.531389,1.165845,0.233902,-0.974780,-0.101429,-1.129166,1.456001,1.140598,0.193816,1.186850,-1.245336,-1.105683,-0.186538,-0.259591,0.306332,0.356582,-0.970000,-1.177802,-0.620721,-0.953854,-0.382962,0.624457,-1.224036,-0.666759,-1.128187,-1.064886,-0.810457"
DB00307,"-0.177792,-0.142959,0.095340,-0.629920,0.102657,0.106612,-1.075247,0.625068,-0.667300,1.553083,1.779480,1.777610,-0.124881,0.205398,-1.576861,-0.089353,0.357781,0.773538,1.140148,-0.330458,0.118289,1.443658,1.261401,0.068302,1.408378,-2.130522,-0.923441,0.225478,-0.380817,-0.284410,0.034475,-0.236948,-0.260773,-0.943498,-0.161067,0.075957,0.221118,1.710524,0.474567,1.634324,0.626824,-0.410728,0.158583,-0.531693,-0.128310,0.129714,-0.089791,-0.071084,-0.704361,-0.542471,0.836579,-0.552015,0.458436,-1.377498,0.067808,-0.065426,-0.194765,-0.104726,-2.461817,0.510163,0.883853,0.198707,0.683709,0.306107"
DB00315,"1.384862,0.332079,1.175383,1.033790,0.954523,0.550239,-0.100718,-2.546673,0.578310,-1.741685,-0.463278,-0.277684,0.731724,0.836347,-1.132180,-1.038680,-1.864504,-0.121250,0.647301,1.911645,0.173165,-0.044071,0.528444,-1.475098,1.395645,-0.254721,0.158045,1.047120,-1.796101,-1.746139,-1.348014,-0.612271,0.961499,-0.527228,-1.024307,0.638663,-0.511991,-0.808099,-1.401000,-0.860264,0.078949,0.783265,1.194605,-0.842219,-0.912780,0.833984,-1.069922,1.922562,1.900302,1.009947,-0.747503,1.132590,-0.435716,0.839558,1.268184,1.939698,1.701440,-0.013471,0.350404,0.469710,-1.202229,1.019941,0.520448,-0.789276"
DB09128,"1.433188,-0.672078,1.810268,0.870435,1.696671,1.132166,-0.790077,-2.057438,-1.295960,-0.681289,-1.452767,-1.803879,1.059155,1.084954,0.548190,-1.725274,-2.468712,-1.127245,-0.194490,1.882624,0.435280,-0.802170,0.802052,-1.909710,0.026747,1.707249,0.938122,-1.206678,-1.066576,-1.934888,-1.910190,-1.119787,1.793357,0.174960,-1.698057,0.901931,-1.672705,-3.013291,-2.051919,0.096024,0.340399,-0.178853,1.787793,-1.635892,-1.657450,-0.627484,-1.722766,1.947455,2.331159,-0.254552,0.168628,1.113670,-0.360379,2.080307,1.828877,2.126336,2.153062,0.973244,1.337871,1.058230,-0.778261,1.640966,1.071551,1.091661"
DB00628,"0.987497,-0.166146,1.465342,1.162705,1.275477,0.865412,-0.003951,-1.999657,-0.454467,-1.268716,-1.662622,-0.955164,1.776588,1.284608,-0.112202,-1.379681,-2.251029,-0.880055,-0.144157,2.171933,1.547209,-0.416529,0.649438,-1.597358,1.650682,1.283643,1.663693,0.542402,-1.143354,-1.304887,-1.532206,0.033758,0.226781,0.250318,-1.351527,1.724156,-1.874625,-1.681520,-1.252288,-0.641924,0.108743,0.758811,1.443923,-0.965732,-1.294481,1.095232,-1.339685,1.482660,1.901230,-0.187171,-1.133225,1.840434,-1.621260,1.068528,1.396766,0.649346,2.074581,0.123697,1.546656,0.386452,-0.894820,1.369330,0.750447,-0.107806"
DB00623,"0.127211,0.042003,0.324835,-0.735842,0.219936,0.336928,-0.519199,-1.827681,-1.049524,-0.356117,0.274451,-0.092099,0.311367,-0.312208,0.716049,-0.257139,-1.010916,0.124951,-0.154734,0.960591,0.872053,-0.121456,1.529294,-0.361977,0.661498,1.816714,-0.589271,-1.184833,0.661144,-1.329314,-0.364238,-0.969283,-0.045879,-1.063332,-0.262954,0.404562,-1.184891,-1.286541,-1.094743,-0.359846,-0.694063,-0.490241,0.259683,-0.382943,-0.201829,-0.397461,-0.151408,0.766430,1.074748,-0.853805,-0.003900,0.653977,-0.674338,0.722368,0.218801,1.552650,1.321477,1.374059,0.913067,0.903076,-1.739925,0.206878,-0.159340,-0.966908"
DB11827,"-0.539548,-1.706850,-0.376476,0.744356,-0.153248,0.498681,0.089204,-0.207877,-1.143656,-0.426351,-1.141505,-0.471184,-0.577519,0.756481,1.858001,0.314764,0.503743,0.296417,-0.389803,-1.528756,-0.138630,1.518309,-1.033565,0.112238,-1.668612,-1.010593,-0.049304,0.090112,1.637842,-0.097258,0.404336,-0.223299,0.452111,0.290215,0.332266,-0.888077,-1.435606,0.066710,-0.133330,0.155629,0.652769,-1.033218,-0.435672,-0.349980,0.245050,-2.008201,0.206542,-0.278170,-0.160768,0.783754,-0.130270,-1.601915,1.030343,0.731168,-0.341038,-0.483574,-0.612168,1.206950,-0.621064,0.123175,-0.151262,-0.363187,-0.379644,-0.147203"
DB01268,"-0.262343,-1.987015,0.641742,0.494351,0.945754,1.787568,-2.141488,0.782798,-1.462548,0.061531,0.324608,0.014532,0.223674,1.435563,2.383258,-0.696383,0.506777,-0.141889,-0.162494,-1.739018,-0.015607,2.716397,0.360874,-0.721512,-1.588147,-1.969588,-0.245531,1.746658,0.309585,-0.681006,-0.627942,-1.694881,1.546315,0.411009,-0.748959,-1.112310,-0.486139,0.509452,-0.557790,2.520737,1.457387,-2.566879,0.638290,-1.479669,-0.835368,-2.437419,-0.754615,0.444131,-0.088057,0.752880,1.302452,-2.322197,2.493155,-0.312114,0.670102,-0.390606,0.199605,1.177760,-2.449050,1.564009,1.016728,0.681552,0.211313,1.455224"
DB00328,"1.541733,-0.753045,1.631359,2.584213,1.550652,0.129487,0.966359,-0.119659,-0.659239,-0.470428,-1.162547,-1.085021,2.406909,2.061901,-1.739249,-1.554289,-1.109706,-1.450014,0.051984,0.950033,-0.129193,-0.655800,-1.641807,-1.628172,1.140901,-2.352522,2.441941,2.003525,-1.854940,-0.345286,-1.617749,1.101825,0.956428,2.258195,-1.571275,1.902860,-0.162675,0.247046,-0.593324,-1.098672,0.441718,1.925908,1.630258,-1.199950,-1.564971,1.810198,-1.688901,1.245098,1.334082,0.988254,0.846213,-0.008051,-0.380462,0.660607,1.722720,0.067362,0.698740,-1.055764,-0.443462,1.147755,2.134992,1.638467,2.357322,0.927999"
DB01204,"0.114946,-0.449339,-0.684145,-0.189681,-0.582053,-0.114117,-0.220081,0.806185,-1.367046,-0.287219,0.364523,0.842896,-0.307801,-0.437405,0.894279,0.674769,0.749949,0.533655,-1.002264,-1.021038,-0.133312,1.286375,0.131226,0.475712,0.229537,-1.122763,-1.043849,0.590214,0.792334,0.109679,0.699461,0.180266,-0.314843,-0.489948,0.663291,-0.790639,-0.370835,0.721788,0.531234,1.370607,0.008279,-0.625557,-0.717162,-0.184694,0.651180,-0.472492,0.606587,-0.333209,-0.259437,0.376741,-0.145564,-0.560807,0.553547,-0.584672,-0.669403,-0.786399,-0.493460,0.199709,-0.731541,-0.175589,-0.010999,-0.664264,-0.559463,-0.453611"
DB00268,"0.609704,-0.210408,0.235461,-0.715042,0.137042,0.885155,-0.901287,-0.996422,1.542943,-0.653971,0.364099,0.094108,0.857717,-0.589070,0.116307,-0.175242,-0.405714,0.039277,-0.655958,0.906230,-0.953886,-0.425453,1.206012,-0.492420,1.673392,1.378134,-0.519573,-1.134264,1.081628,-1.600849,-0.330634,-1.541125,0.799091,-1.771810,-0.122170,0.973727,0.025938,-1.626123,-1.693447,-1.063012,-0.796377,-0.001924,0.209110,-1.126191,-0.076790,0.074569,-0.139776,1.233589,1.169893,0.250882,-0.405624,1.117100,-0.871407,-0.074503,0.203981,1.599944,1.619576,0.630416,1.084905,1.223661,-0.919774,0.114041,-0.197808,-0.795359"
DB11952,"-0.863241,0.806735,-0.463376,-1.369412,-0.509435,-0.375097,-0.279206,0.503399,0.219757,1.387231,1.877653,1.719197,-0.723552,-0.884084,-1.197364,0.444213,0.485855,0.756160,1.132990,0.015181,-0.128298,-0.052184,0.745627,0.782952,1.190146,-0.976787,-0.912346,-1.121304,-0.675117,0.407952,0.599724,-0.022053,-1.059854,-1.893570,0.381805,-0.103837,0.753488,1.573683,0.973425,0.686513,0.083460,0.346606,-0.359059,0.527128,0.429248,0.423047,0.567837,-0.739712,-1.301241,-1.029074,0.139708,0.525539,-0.254767,-1.472171,-0.553363,-0.640526,-0.428045,-0.848366,-1.397784,-0.721862,0.035043,-0.349830,-0.077285,-0.515305"
DB08932,"1.971248,-0.250333,0.988906,1.692495,0.861320,-0.054941,1.069951,0.472292,0.493278,-0.785096,-1.529807,-1.393490,1.377869,0.533354,-0.542633,-0.975440,-0.541485,-1.353811,-1.054222,0.952826,-1.931875,-2.145764,-1.156056,-1.173920,0.891677,-0.393000,1.199999,1.200060,-1.854651,0.081558,-1.161856,0.527191,1.302937,-0.383478,-0.888445,1.863348,1.265868,-1.572463,-0.935003,-0.479024,-0.048124,1.607866,1.059232,-0.823883,-0.904007,1.691346,-1.091127,1.011575,1.338929,1.877428,-0.039465,1.714391,-0.149162,0.729360,1.167419,0.251614,1.020342,-1.642195,0.928770,0.152452,1.748227,0.953514,1.548650,0.595386"
DB04908,"2.290534,-0.005355,1.441857,1.423113,1.210571,0.590974,-0.577730,-2.724717,-0.289890,-2.731990,-1.453378,-0.591771,1.015242,0.968527,-0.634915,-1.253146,-2.595472,-0.030181,-0.256093,2.324712,0.281901,-0.133146,0.329992,-2.004717,1.177354,0.776516,0.728529,0.818156,-2.238161,-2.300967,-1.621821,-0.925479,1.382082,-0.726086,-1.238179,0.364645,-1.447762,-1.909165,-1.990989,0.266069,0.272623,1.284194,1.465631,-1.756783,-1.140927,0.898950,-1.322271,2.426466,2.617783,1.544349,-1.647714,1.819007,-1.025691,1.433744,1.502602,2.106091,2.498549,-0.611040,0.721969,0.533192,-1.391761,1.243728,1.216152,-0.704477"
DB00213,"-0.099315,0.606054,0.185044,0.848766,0.085609,-0.817734,1.313187,0.330596,-1.854252,-0.847876,-0.971361,-0.212878,0.673867,0.120231,-0.494346,-0.181314,-0.715446,-0.331766,-0.687372,0.541072,0.575087,-0.960265,-0.480942,-0.025307,0.890071,0.197645,0.872566,0.913529,-1.578627,0.956346,-0.169631,1.197122,-0.695869,0.462760,-0.180060,0.507573,-0.452301,-0.454827,0.576086,-0.285779,-0.467460,1.148901,0.193456,0.736391,-0.141327,1.433943,-0.146453,-0.324050,-0.049597,1.246652,-0.596525,1.019893,-0.803370,-0.299188,0.148850,-1.174973,0.044276,-1.342717,0.995009,-0.910780,0.385250,0.206120,0.193463,0.128299"
DB13952,"-0.680533,0.442957,0.924221,0.740368,0.802292,-0.243655,0.262839,-0.430782,-1.614220,0.635785,0.077364,1.213037,0.778987,0.626193,-1.483531,-0.964864,-0.775767,-0.138153,1.968013,0.782492,0.865842,0.080975,0.817974,-0.335860,2.280946,-1.883671,0.814362,1.524605,-2.111479,0.298931,-0.756690,0.388141,-0.469841,-0.199753,-1.021777,1.326573,-0.464382,0.802912,0.117739,-0.135084,0.641208,0.803332,0.997864,0.282031,-0.944049,1.299536,-0.866126,-0.101824,-0.161198,0.316709,0.660740,0.612061,-0.945465,-0.047247,0.824843,-0.733647,0.289816,-0.687219,-0.520331,0.031001,1.131313,1.089655,1.655428,0.471814"
DB11718,"-1.989025,0.219495,0.574114,-0.710106,0.698851,0.907263,-1.927230,1.025288,-0.035842,2.044030,1.346053,1.961307,-1.201240,0.216200,-1.104233,-0.701021,0.321023,0.622865,3.041860,-0.734936,0.657129,1.324359,1.855128,0.134504,-0.452705,-0.981067,-0.923457,0.012216,-0.675375,-0.494001,-0.367897,-2.442135,0.604905,-1.004753,-0.807274,-0.621393,-0.455923,1.495967,-0.317200,0.551055,1.364360,-1.451931,0.638331,-0.693725,-0.769198,-0.917719,-0.523688,0.080256,-1.095958,0.381434,2.794410,-1.932563,0.703492,0.234585,0.443246,0.852807,0.081861,0.201200,-2.660608,1.646814,0.572512,0.794947,1.337048,0.698000"
DB00980,"0.650115,0.654374,1.763187,1.194930,1.478408,0.367779,0.012959,-2.286822,-0.367582,-0.476980,-0.282178,-0.025522,2.243583,1.768221,-2.206035,-1.616230,-2.834054,-0.346520,0.995183,1.962464,1.544314,-0.011056,1.009293,-1.615681,2.706116,-0.324193,2.041425,0.154459,-1.782714,-1.362152,-1.769729,0.708838,0.096141,0.740951,-1.652561,1.835078,-1.012796,-0.409551,-0.613951,-0.195645,-0.397226,1.042575,1.783188,-0.553450,-1.543098,1.676404,-1.595441,1.437816,1.107023,-0.845336,-0.489472,1.962941,-0.484427,-0.105989,1.746963,0.890991,1.510821,-0.631813,0.994680,0.212570,-0.535881,1.664826,0.600025,0.629130"
DB13954,"-0.977215,0.325634,1.027555,0.596127,0.925288,-0.122513,0.230095,-0.466769,-1.990985,0.734640,0.032691,1.137230,1.030800,0.821644,-0.882415,-1.088489,-0.910022,-0.435966,2.061034,0.730867,1.197107,0.221151,0.863142,-0.346282,2.508381,-1.935426,0.899434,1.461739,-1.865725,0.386019,-0.845767,0.472296,-0.548552,0.022931,-1.152262,1.429814,-0.438194,1.108709,0.199459,0.214005,0.463403,0.611896,1.098652,0.179630,-1.077083,1.345062,-0.958812,-0.135240,-0.144690,-0.195517,0.607349,0.653685,-0.962935,-0.121798,0.900770,-1.130273,0.304503,-0.499978,-0.593442,0.122774,1.203772,1.215749,1.623346,0.523259"
DB00897,"0.078006,0.243719,1.349070,1.099997,1.191710,0.680878,0.307190,-1.456894,-0.856001,-0.824116,-1.880419,-0.898054,1.606019,1.100771,0.150369,-1.338624,-2.437872,-1.179218,-0.117075,2.155250,1.663444,-0.571868,1.072066,-1.129749,1.304806,1.001984,1.664130,0.827528,-1.188422,-0.503843,-1.330762,0.514016,-0.171989,0.504957,-1.314451,1.713399,-1.927847,-2.053901,-0.782471,-0.881215,0.256145,0.381828,1.307086,-0.028606,-1.249144,0.690915,-1.219808,0.617717,1.313508,-0.660908,-0.882645,1.766105,-1.540598,0.900465,1.214054,-0.344235,1.596312,0.446242,2.306561,0.119401,-0.606550,1.306008,0.547243,0.228315"
DB00179,"-0.489673,1.039911,-1.302055,-0.931279,-1.341893,-1.228157,0.668292,0.243572,0.039112,-0.128424,0.762787,0.749654,-0.795830,-1.295608,-0.175626,1.327258,0.982983,1.042970,-0.559109,-0.772584,-0.152279,-0.230768,-0.380470,1.181803,0.088085,0.502853,-0.780824,-0.736194,0.921260,0.881981,1.257811,0.689422,-1.124346,-0.429891,1.331248,-1.000919,0.881537,0.498513,1.048507,0.548832,-1.268101,0.182001,-1.301438,1.200588,1.334328,0.340927,1.316255,-0.948068,-0.891796,-0.278939,-0.716383,0.360982,0.329041,-0.927608,-1.287424,-0.299145,-0.983854,-0.590464,0.531056,-1.183968,-0.708578,-1.326041,-1.310385,-0.842744"
DB00559,"1.226131,-0.062517,0.783301,0.598269,0.678660,-0.316987,-0.269790,0.003580,-0.090055,0.258830,0.456032,0.019155,1.058562,0.250607,-1.208965,-0.741305,-0.428971,-0.619771,0.427098,0.331528,-2.450960,-1.223184,-0.380093,-0.694641,0.955817,-1.461565,0.566849,0.022241,-1.133038,-0.564543,-0.822973,-0.160654,1.216191,-1.177638,-0.741116,1.130696,2.069969,-0.030936,-1.022498,0.705519,-0.631368,0.776393,0.881198,-1.134664,-0.711963,1.074586,-0.788631,0.883406,0.446588,0.502729,1.245693,1.150978,1.127432,-0.228034,0.873866,0.920985,1.043048,-1.300413,-0.361251,1.011527,1.305860,0.776411,1.478312,0.415945"
DB00999,"0.001027,-2.268365,0.953224,1.593079,1.227422,2.213978,-0.752208,1.283756,1.175275,-0.018117,-1.435443,-1.014105,1.602928,1.595276,1.360620,-1.058404,-0.608052,-1.640580,-0.676421,-0.233749,-0.124590,1.398586,-0.528452,-0.923111,-0.950724,-1.133963,1.326221,2.117577,0.358923,-0.442969,-0.849907,-0.308010,0.996510,2.211622,-1.046420,0.814061,-1.730635,-0.170019,-0.730053,-1.395939,1.989532,-0.782120,0.871307,-1.214855,-1.140695,-1.211458,-1.107819,0.384559,0.233074,0.435755,0.541639,-1.865702,-0.337388,-0.041324,0.905453,-1.091745,0.451710,1.389506,-0.153564,1.563442,1.354887,1.045114,0.323982,1.770349"
DB00683,"0.057774,0.288708,1.616470,1.045063,1.447437,0.911282,0.082709,-1.477048,-0.653751,-0.563307,-1.467750,-0.530425,1.672900,1.254643,-0.098539,-1.604525,-2.569087,-1.327550,0.179027,2.299624,1.771322,-0.389770,1.326487,-1.321559,1.862381,0.476733,1.702503,0.576725,-1.550349,-0.684000,-1.567514,0.387683,-0.245660,0.161054,-1.606095,1.991712,-1.953864,-1.629306,-0.647094,-0.235493,0.682985,0.437120,1.623776,-0.294384,-1.524243,0.810332,-1.452812,0.712611,1.107597,-1.053612,-0.984854,2.024261,-1.752597,0.680243,1.457484,-0.473376,1.776698,0.205070,1.571419,-0.053691,-0.539875,1.608543,0.866623,0.331582"
DB00511,"-0.298568,0.108944,-1.101865,-0.626445,-1.030079,-0.651405,0.436119,1.132397,0.956157,0.191833,0.172210,0.670617,-1.040343,-0.677154,-0.154797,1.036132,0.581088,0.365656,-0.269963,-0.469218,-0.573679,-0.174905,-0.452466,1.046934,-0.709300,0.161005,-0.491401,0.558388,0.853591,0.624579,1.157150,0.647055,-0.757119,-0.241503,1.051826,-0.585958,0.145730,0.649148,0.744120,-1.285336,-0.563639,0.163712,-1.107843,0.890599,1.034837,-0.182713,1.040339,-0.888527,-0.827239,0.424921,-0.883584,-0.392987,-0.431546,-0.063184,-1.095987,-0.707715,-0.952296,-0.080931,-0.305550,-0.782820,-0.694646,-1.071608,-0.761763,-0.875915"
DB08873,"-2.021879,1.970980,-0.013042,-1.175527,0.025222,-0.147643,0.013307,0.676047,-0.760203,2.696281,0.816696,-0.073101,-1.585739,-0.455759,0.705313,-0.153444,-0.074712,-1.391528,2.204010,0.453080,1.092550,-1.015143,1.187321,1.106597,-1.476381,-0.714240,-0.336422,0.387634,0.220284,1.806439,0.247934,0.799772,-1.219216,-0.451136,-0.221237,-0.009106,1.546836,0.705987,1.648964,1.038815,1.088228,-1.325403,0.069234,2.076992,-0.196882,-0.867782,0.162113,-2.326929,-1.605406,-3.489943,1.297931,0.651518,0.517074,-0.043220,-0.217896,-2.436698,-1.176325,1.067457,1.211714,-1.437138,0.267109,0.159264,0.415282,0.151811"
DB00399,"-0.560666,0.539831,-1.079001,-0.685704,-1.055593,-0.589561,0.795181,0.583246,1.073314,0.022770,0.385423,0.465078,-0.671935,-1.064772,0.115668,1.058063,0.966406,0.390418,-0.256934,-0.493596,-0.138228,-0.190978,-0.660376,1.037991,-0.230381,0.133746,-0.612780,-0.402074,1.275061,0.800111,1.080598,0.573176,-0.829388,0.029007,1.073193,-0.436170,0.579309,0.716305,0.900514,-0.846372,-0.524604,0.408716,-1.093922,1.043531,1.059619,0.163248,1.068468,-0.908621,-0.770853,-0.541657,-0.796802,-0.020099,0.018825,-0.718184,-1.081112,-0.534367,-0.983134,-0.111794,0.383714,-0.730622,-0.376410,-1.062357,-0.960219,-0.853134"
DB00872,"-1.303283,0.602467,0.948021,-0.591090,0.948917,0.777108,-0.164374,1.144308,-1.526724,3.108188,0.187008,-0.837148,0.474492,0.241894,0.779738,-1.115022,-0.977630,-2.192111,1.485809,0.890159,-0.018707,-1.478866,1.286370,0.192747,0.125694,-0.742812,1.217034,-0.952189,-0.495434,1.230432,-0.673924,0.744665,-0.665650,-0.426277,-1.156738,1.675453,1.007562,-0.103856,0.691777,0.995677,1.141116,-0.735243,1.047301,0.606477,-1.151433,-0.257395,-0.846028,-1.477615,-0.883498,-3.199886,1.687629,1.474900,-0.568949,0.067407,0.737571,-2.776114,-0.146404,0.549745,1.591214,-0.630725,1.704985,1.152615,1.040112,1.572782"
DB00398,"0.340180,-1.381963,1.556505,1.179196,1.632838,1.523030,-1.137084,0.741334,-0.654810,0.543818,-0.345007,0.065012,1.376668,1.883040,-0.277739,-1.590021,-0.446609,-0.520746,0.860740,0.197895,0.659408,1.350033,0.641754,-1.399924,0.703163,-2.239186,0.988476,2.011637,-2.057124,-0.522857,-1.492897,-0.610109,1.139394,0.982847,-1.626091,0.861831,-0.662774,0.411424,-0.525121,0.588888,1.797324,-0.268827,1.597688,-1.386783,-1.660870,-0.023574,-1.640628,0.922143,0.507248,0.483254,0.823941,-0.936463,0.505319,0.118633,1.589333,-0.603474,0.569954,-0.095854,-1.859103,1.325416,2.352530,1.669579,1.583592,1.987217"
DB00295,"-0.008127,-1.468865,0.882072,-0.357071,0.935472,2.075565,-1.906327,-0.131293,0.774048,0.904371,-1.393852,0.467843,-0.581095,0.243150,0.231776,-0.984926,-0.862727,-0.523547,1.277997,1.575908,0.533790,0.279771,2.628382,-0.694153,0.357724,0.764260,-0.398286,0.057689,0.140004,-1.913213,-0.732035,-3.004640,1.229717,-2.553426,-0.941210,0.942069,-3.209056,-1.928493,-2.424048,-2.172244,2.066619,-0.374232,0.848532,-2.046274,-0.931594,-1.429029,-0.863367,1.212210,1.676271,0.265509,0.596993,-0.324577,-2.739709,2.853327,0.700716,1.095463,1.724702,2.281019,-0.215788,2.001226,-0.384958,0.978483,2.105635,-0.511301"
DB01380,"-0.328268,-1.388165,0.149597,0.183364,0.366525,1.011031,-0.211623,0.675142,-0.486113,0.242516,-0.030525,-0.117833,-0.117455,0.583622,2.144374,-0.252215,0.635287,-0.970043,-0.208555,-0.502996,0.103970,1.499009,-0.125716,0.019005,-0.566035,-1.959120,-0.424501,1.666565,0.764087,0.360818,-0.004856,0.169613,0.026478,0.611084,-0.281745,-0.047235,-0.397127,1.193327,0.485965,1.364842,1.754844,-0.876705,0.107030,-0.532305,-0.328721,-1.177493,-0.238131,-0.647227,-0.492230,-0.972942,-0.068440,-1.247423,0.256488,0.358095,0.091922,-1.763525,-0.446839,1.335743,-1.418647,0.464320,1.187402,0.271591,0.389756,-0.015175"
DB00956,"-0.427634,-0.325433,0.394726,-0.277925,0.385132,0.975847,-0.756540,-1.113673,0.019369,0.218333,-0.469077,-0.193931,-0.213617,-0.001815,0.780711,-0.410848,-1.226268,-0.739632,0.416207,1.192972,0.948566,0.163570,1.750657,-0.284093,-0.262931,1.809778,-0.129913,-0.470746,0.553431,-0.984782,-0.330351,-0.779073,-0.350817,-0.676720,-0.400714,0.463475,-2.231302,-1.401837,-0.860075,-0.429191,0.748074,-0.856697,0.310831,-0.484534,-0.362113,-1.043964,-0.288081,0.308619,0.659285,-0.763131,-0.040902,0.268842,-1.658194,1.294165,0.228389,0.555059,1.006203,2.027839,1.074650,0.345874,-1.551733,0.365376,-0.194518,-0.752040"
DB06684,"1.584909,0.456262,1.497521,0.875526,1.266618,0.254419,-0.154546,-2.368469,-1.144981,-1.213185,-0.859269,-1.590752,0.901044,0.837973,-0.288619,-1.332216,-2.612278,-0.591850,-0.226143,2.064496,0.534798,-0.919888,0.677412,-1.606729,0.205942,1.407392,1.016064,-0.768838,-1.328090,-1.602569,-1.627450,-0.170725,1.186767,0.657463,-1.331800,0.490954,-0.978053,-2.480632,-1.340808,0.209201,-0.259933,0.339836,1.473802,-0.739682,-1.248546,0.120511,-1.341779,1.603509,1.995537,-0.429705,-0.417906,1.664711,0.378303,1.544707,1.545733,1.883538,1.664164,0.198238,1.972416,0.297959,-1.173605,1.262013,0.402892,0.587307"
DB05521,"-2.259694,1.612706,0.034713,-1.036515,0.104875,0.059478,-0.240378,0.914547,-0.808249,2.579710,0.550737,0.456887,-1.747802,-0.535960,0.766881,-0.233092,0.043538,-1.234033,2.428030,0.447204,1.188440,-0.717738,1.399700,1.087242,-1.258102,-0.886391,-0.457573,0.696756,0.013851,1.611566,0.248285,0.231236,-1.179945,-0.788333,-0.306814,-0.103253,0.857454,0.720202,1.365319,1.165978,1.588381,-1.193528,0.118087,1.663732,-0.280948,-0.958459,0.091942,-2.209296,-1.559609,-2.703284,1.382460,0.426806,-0.269804,0.518331,-0.214848,-2.402347,-1.053055,1.064812,0.782527,-1.190121,0.352627,0.270186,0.979668,-0.108677"
DB00846,"-0.493349,0.562318,-1.159168,-0.566619,-1.138592,-0.924590,0.625533,0.427789,0.001975,-0.221014,0.314761,0.601914,-0.819870,-0.876246,0.105610,1.158046,0.844290,0.876826,-0.627638,-0.864973,-0.185990,0.050551,-0.542355,1.019134,-0.346739,0.087099,-0.670245,-0.191055,1.026052,0.732005,1.132749,0.602517,-0.835705,-0.402527,1.166777,-0.967196,0.384799,0.411776,0.862543,0.262388,-0.908668,0.002123,-1.168542,0.993739,1.152843,-0.115581,1.133731,-0.863456,-0.827667,-0.058139,-0.722234,-0.047632,0.520555,-0.571991,-1.137029,-0.444059,-0.945023,-0.275747,0.313435,-0.914549,-0.627564,-1.173187,-1.114484,-0.804317"
DB00416,"0.570243,-0.581857,0.269406,-0.100116,0.239516,1.095928,-0.857467,-1.258390,2.041931,-0.516364,-0.348735,-0.355548,0.038158,0.038251,0.049970,-0.216656,-1.099238,-0.205498,-0.249190,1.303082,-0.001340,0.358966,0.900837,-0.559820,-0.051149,1.672372,0.055263,-0.412595,0.375370,-1.522056,-0.268488,-0.765743,0.006693,-0.699599,-0.185276,0.318454,-1.937287,-1.301705,-1.085663,-1.001904,0.797632,-0.242691,0.178494,-0.910677,-0.153256,-0.834933,-0.203782,0.834483,0.851323,-0.188376,-0.700932,0.257687,-1.712981,1.169553,0.202145,1.028331,1.134875,1.402064,0.871964,0.415059,-1.662873,0.161355,-0.470455,-0.798395"
DB11817,"0.966747,-0.043271,0.470543,1.519229,0.407091,-0.360526,1.203951,0.406007,-1.135480,-0.892995,-1.275784,-0.686465,0.939668,0.941801,-0.362950,-0.437834,-0.476577,-0.491340,-1.168844,0.399179,0.330028,-0.548440,-0.992085,-0.633843,0.504753,-0.663688,1.052501,1.636106,-1.469903,0.599471,-0.527826,1.459700,-0.015768,0.691578,-0.418171,0.598446,-0.370480,-0.534772,0.427796,0.354494,0.148270,1.077661,0.472575,0.020141,-0.429246,1.057942,-0.534000,0.153369,0.418779,0.900359,-0.882193,0.724321,-0.078549,0.320051,0.563798,-1.008120,-0.046661,-1.250385,0.458426,-0.718206,0.958008,0.446167,0.456439,0.426696"
DB00801,"0.751920,0.464807,0.181152,-0.400952,0.022294,0.367376,-0.515484,-2.367896,0.538748,-1.370061,0.110298,0.147104,0.305762,-0.263766,-0.098541,-0.045302,-1.173968,0.657014,-0.519161,1.239415,0.729849,0.190158,1.159454,-0.556917,1.144427,1.729709,-0.214983,-0.562622,0.346930,-1.620695,-0.286343,-0.823611,-0.110654,-0.981367,-0.033818,0.157122,-1.227334,-1.159386,-1.077518,-0.734195,-0.650649,0.087899,0.132063,-0.494795,0.035409,0.162673,-0.016828,1.081441,1.273677,-0.337801,-1.185214,1.111070,-0.836664,0.368862,0.128929,1.714223,1.470656,0.651899,1.162025,0.372191,-2.165867,0.009557,-0.532286,-1.364015"
DB05990,"-0.653336,0.912655,-0.973289,-0.873023,-0.991894,-0.639086,0.200245,0.259801,0.325606,0.351114,1.062425,1.235713,-0.799472,-0.980375,-0.541312,0.967662,0.877507,0.928614,0.410524,-0.689439,-0.116805,0.381065,0.018937,1.005256,0.457624,-0.412577,-1.032053,-0.296655,0.568480,0.580383,0.985111,0.204545,-0.807321,-0.627257,0.949937,-0.849604,0.854691,1.167881,0.892328,0.134383,-0.648107,-0.033566,-0.960803,0.893008,0.984813,0.246301,0.990582,-0.709050,-0.854480,-0.173709,0.025924,-0.061748,0.147337,-1.111413,-0.965476,-0.220425,-0.912529,-0.388347,-0.211462,-0.642195,-0.479925,-0.946434,-1.017848,-0.690542"
DB11921,"-0.039920,-1.593290,0.066257,0.192168,0.280491,0.983196,-0.166506,0.972680,-0.374106,0.175663,0.165028,-0.098467,0.120771,0.603291,1.911238,-0.128068,0.578266,-0.662204,-0.750342,-0.626682,-0.156302,1.562507,-0.132080,-0.094956,-0.359669,-1.972995,-0.478276,1.293399,0.919176,0.081717,0.030744,0.239401,0.041081,0.535383,-0.153628,-0.035003,-0.682192,1.127575,0.485113,1.560439,1.440064,-0.748533,0.025826,-0.827975,-0.209458,-1.068847,-0.172870,-0.325625,-0.439976,-0.501086,-0.230980,-1.195314,0.459339,0.016727,0.053418,-1.493731,-0.436601,1.039307,-1.558787,0.535571,1.109116,0.152260,0.083896,-0.038626"
DB13170,"-0.572915,-0.106773,-0.953249,-0.483017,-0.875509,-0.576263,0.355386,0.356321,0.322629,0.756009,0.090288,0.121065,-1.201734,-0.500093,0.141665,0.896690,0.675181,0.394792,-0.054303,-0.797988,-0.558119,-0.172197,-0.261913,0.906987,-1.342387,0.670466,-0.518430,-0.969714,0.626062,0.727322,0.997785,0.658114,-0.902967,-0.406536,0.912369,-0.720401,-0.163248,0.179717,0.697532,-0.106454,0.035501,-0.286997,-0.980042,0.769473,0.872651,-0.851095,0.869835,-0.977355,-0.958920,-0.305182,-0.257852,-0.652919,-0.533460,0.434386,-0.943970,-0.466433,-1.105460,0.446142,-0.101012,-1.080133,-0.367352,-0.924029,-0.889741,-0.426843"
DB08916,"-1.034848,0.291516,-0.972083,-0.899994,-0.944970,-0.647424,-0.265047,0.679472,-0.948508,0.051399,0.558579,2.026096,-1.106179,-1.357513,0.130508,0.912178,0.950597,0.988590,0.467056,-0.564166,0.244426,0.433841,0.562907,1.106614,0.858012,-0.221427,-1.348206,-0.441316,-0.022020,0.486405,1.080455,-0.565232,-0.865487,-1.691105,0.882407,-0.868656,-0.414776,0.797965,0.477367,0.552762,-0.056374,0.146870,-0.955134,0.301873,0.925014,0.018402,0.992604,-0.607788,-0.616636,0.814806,-0.089074,-0.099054,-1.375742,-0.271390,-1.080709,-0.421355,-0.527912,-0.423977,-0.894268,-0.543666,-0.618715,-0.849454,-0.104161,-1.132275"
DB08896,"-1.032413,0.578037,-0.346100,-1.099113,-0.369721,-0.627414,-0.463562,0.664910,-0.876040,1.115048,1.639582,1.662825,-0.671842,-0.767147,-1.151681,0.319240,0.008357,0.444139,0.869697,-0.012932,-0.212686,-0.045034,0.762388,0.786836,0.870250,-0.628135,-0.741295,-0.780425,-0.744569,0.380678,0.534924,-0.110630,-0.981141,-1.289400,0.243633,-0.193628,0.640291,1.334654,0.800297,0.905855,0.026348,0.088459,-0.280808,0.338750,0.308507,0.360629,0.454432,-0.768633,-1.265498,-0.079815,0.516999,0.222568,-0.669169,-0.977022,-0.483468,-0.566964,-0.252724,-0.713777,-1.504703,-0.481963,-0.105379,-0.234541,0.140404,-0.493346"
DB01254,"-0.381152,-0.893453,0.650416,-0.412666,0.828376,1.873354,-2.484860,1.094210,0.838982,1.238395,1.790129,1.870294,-0.109567,0.785467,-0.396033,-0.709870,0.983684,0.524240,1.835153,-0.799392,0.154131,2.610723,1.482336,-0.525552,0.256932,-2.904485,-1.105758,1.370698,-0.764452,-0.935108,-0.576236,-2.069530,1.133176,-0.961973,-0.794900,-0.478198,0.390232,1.930963,-0.248724,1.409135,1.784874,-1.587298,0.746684,-1.357228,-0.797121,-1.106748,-0.678314,0.660116,-0.597009,-0.117862,1.493398,-1.801975,1.783132,-1.372454,0.665632,0.091294,0.259610,0.300955,-3.777147,1.621982,1.309631,0.804087,0.786538,1.146122"
DB05294,"-0.254809,-0.190365,0.120656,-0.790286,0.218648,0.614750,-1.972784,1.245754,0.784997,0.486825,1.862860,1.316455,0.040990,0.051298,-0.485637,-0.095797,0.594919,1.211684,0.344344,-1.043016,-0.503748,1.559472,0.677387,-0.163025,0.064704,-1.199707,-0.870012,-0.077782,-0.682453,-0.743740,-0.138570,-1.481639,0.665728,-0.850317,-0.163777,-0.801094,0.866515,1.338933,-0.206431,1.250134,0.183628,-1.205431,0.209576,-0.628622,-0.181199,-0.489327,-0.102128,0.467702,-0.723218,0.118902,1.083495,-1.083802,1.962419,-1.860115,0.153614,0.401533,0.201929,-0.654023,-2.360933,1.116486,0.541677,0.153127,0.053781,0.974391"
DB08875,"-0.966708,1.102898,-0.476470,-0.925983,-0.532315,-0.759107,-0.256461,0.128214,0.072229,1.297221,1.386803,1.681644,-0.948018,-0.542923,-1.731220,0.462174,0.543927,0.965842,1.591986,-0.288446,0.289195,0.237463,0.824300,0.807228,0.572209,-0.793986,-0.751866,-0.068304,0.008707,0.385229,0.583362,-0.073194,-0.806036,-1.086532,0.410891,-0.353809,0.613169,1.315835,0.692551,0.388170,-0.180775,-0.153068,-0.416660,0.755058,0.458919,0.338394,0.539440,-0.704390,-1.075305,-0.570120,0.720658,-0.071509,0.272897,-0.770164,-0.538663,0.150643,-0.629927,-0.344095,-0.871471,-0.277917,-0.171182,-0.386040,0.183633,-0.395610"
DB04946,"1.872512,-1.528683,2.156381,1.002049,2.153269,1.944798,-2.286556,-1.493594,-0.070181,-1.194769,-0.758571,-1.799400,1.623653,1.559833,1.029621,-2.036935,-1.995685,-0.775130,-0.438954,1.108356,-0.176249,0.487999,0.794720,-2.496335,-0.619957,1.007307,0.737479,-0.736445,-1.439177,-2.757879,-2.345014,-2.161875,2.941845,0.967638,-2.029191,0.543526,-0.684861,-2.360626,-2.815814,0.003052,0.647029,-1.058711,2.138762,-2.327282,-2.036917,-1.226826,-2.114138,2.737722,2.516965,-0.009510,0.787708,-0.253675,1.096410,1.253974,2.249497,2.740827,2.521000,1.090361,-0.152937,2.382116,-0.123334,1.941735,1.105069,2.034960"
DB06663,"0.330093,-0.931952,-0.109810,-0.055023,0.038655,0.450105,-1.356257,0.862424,0.315201,-0.435287,0.812457,0.029610,0.103341,0.507075,0.332326,0.166110,0.703717,1.238184,-0.788280,-1.736267,-1.058008,1.670089,-0.603097,-0.314880,-1.087327,-0.491759,-0.418051,-0.210560,0.135464,-0.742692,0.001196,-0.943250,1.048318,0.215781,0.143603,-1.220482,0.545492,0.346030,-0.494166,0.750481,-0.351965,-1.582198,-0.099942,-0.577901,0.068634,-1.161508,0.026767,0.469996,-0.365293,0.841284,0.603579,-1.672493,2.588978,-1.264802,0.025463,0.536558,-0.096700,-0.228290,-1.388011,0.990577,0.346775,-0.194562,-0.754948,1.237006"
DB13125,"-0.878221,0.545257,-1.083167,-0.870080,-1.078404,-0.804751,0.059610,0.726432,-0.512448,0.075463,0.587714,1.738336,-1.116113,-1.356140,-0.142751,1.049231,0.973351,1.053461,0.134327,-0.610596,0.066233,0.188823,0.266620,1.154281,0.656056,-0.089195,-1.206749,-0.494358,0.139149,0.622191,1.157879,-0.222641,-0.924150,-1.456888,1.027643,-0.927284,-0.157499,0.624760,0.645408,0.428909,-0.297377,0.236505,-1.071161,0.556893,1.060749,0.070857,1.102893,-0.723649,-0.715762,0.570465,-0.241656,0.018151,-0.998302,-0.386239,-1.154175,-0.420610,-0.715754,-0.551175,-0.477798,-0.747983,-0.588610,-1.002398,-0.407627,-1.056099"
DB11901,"-1.485281,0.824242,1.084719,0.331246,1.045307,0.006636,0.331864,0.822978,-3.184818,1.803206,-0.828116,-0.511691,0.533654,0.499251,0.601656,-1.220825,-1.507397,-1.868610,1.555607,1.092408,1.532159,-1.099430,1.103542,0.049297,0.303386,-0.791364,1.492389,0.793156,-1.256762,1.441712,-0.816145,1.070878,-0.919746,0.626886,-1.280179,1.299592,-0.060975,-0.077281,0.883965,1.503875,1.121054,-0.200735,1.143892,0.923941,-1.245259,0.403969,-0.976885,-1.346352,-0.501910,-1.787750,1.169662,1.329223,-1.040913,0.716863,0.840848,-2.759768,-0.152498,0.232986,1.591828,-0.818277,1.318805,1.291023,1.735132,1.172956"
DB11703,"-0.758904,1.544301,-0.477560,-1.274604,-0.549356,-0.657829,0.456320,0.209152,0.390350,1.522138,1.703413,0.547367,-0.786194,-0.551980,-0.849045,0.464131,0.406527,0.091887,0.821230,0.052345,-0.097752,-0.710711,0.233781,0.916842,0.138415,-0.826151,-0.471647,-0.608226,-0.044488,1.054874,0.574379,1.082698,-1.131378,-1.038789,0.412003,0.008573,1.714723,1.206058,1.458365,0.103168,-0.394410,-0.141768,-0.397766,1.541591,0.441731,0.237893,0.613868,-1.408925,-1.494990,-2.676510,0.019011,0.786668,1.309073,-1.496353,-0.527434,-1.158248,-0.802898,-0.501367,0.025637,-1.153130,0.016440,-0.437601,-0.784673,-0.146964"
DB12267,"-1.074290,0.608896,-0.536389,-1.186277,-0.542288,-0.333612,-0.348259,0.560705,0.185394,1.355968,1.097687,1.646776,-1.391746,-0.813490,-1.067979,0.469787,0.774871,0.723393,1.546174,0.117650,0.314185,0.067819,0.880433,0.911900,0.586554,-0.968405,-1.254813,0.190230,-0.473088,0.522607,0.689781,-0.468059,-0.758807,-1.917782,0.427488,-0.409878,0.206637,1.177396,0.663248,-0.214267,0.563155,0.173194,-0.465655,0.635051,0.464234,-0.023277,0.599309,-0.828586,-0.948102,-0.566417,0.183073,-0.158816,-0.467852,-0.461966,-0.644102,-0.603302,-0.533259,-0.182268,-1.169226,-0.438236,0.016543,-0.394856,0.319256,-0.681407"
DB12141,"-0.498568,-0.347491,0.137859,-0.884718,0.234814,0.582075,-1.961369,0.944705,0.897096,0.496154,1.833379,1.409809,0.106876,0.125611,-0.113674,-0.133197,0.765885,0.838181,0.272434,-0.878778,-0.251113,1.634500,1.144437,-0.086206,0.276636,-1.263514,-0.980127,0.040034,-0.856264,-0.591381,-0.135047,-1.375508,0.440535,-0.754965,-0.202704,-0.606292,0.925918,1.585220,-0.156620,1.345216,0.356546,-1.187135,0.221683,-0.511349,-0.219137,-0.545562,-0.097625,0.337400,-0.718381,-0.348672,0.868135,-1.129175,1.350321,-1.828282,0.117593,-0.054843,0.216817,-0.388330,-2.548161,1.030365,0.603345,0.193860,-0.021301,0.806732"
DB11978,"-0.443431,-0.747905,-0.079614,-0.267141,0.094546,0.745703,-1.859028,1.486914,0.431594,0.071226,0.210224,1.326006,-1.055174,0.100134,-0.227131,0.025083,1.219446,1.443920,0.935324,-1.112158,0.236701,1.843162,0.953111,0.009507,-0.763435,-1.020479,-1.145655,1.669042,-0.073354,-0.710522,0.105381,-2.462049,1.329300,-0.935629,-0.000772,-1.303220,-0.656182,0.350386,-0.952638,-0.536091,1.019028,-1.154596,-0.061238,-0.861036,-0.048613,-1.143269,-0.005095,0.481803,0.055477,1.716606,1.057421,-2.253802,1.131615,0.202857,-0.072821,0.610829,-0.059334,0.275686,-2.072518,1.664845,0.621305,0.012668,1.093768,0.526979"
DB04841,"-0.632676,-1.378928,1.377412,-0.454193,1.430299,1.711659,-1.550131,-1.921345,-2.428973,1.823308,-0.185016,-0.710226,-0.063761,1.235506,1.123547,-1.471970,-1.559524,-1.212515,2.653002,1.078107,1.553787,0.192224,2.226403,-0.837341,-0.414579,1.246307,0.351836,-0.498794,-0.024069,-1.402559,-1.190732,-1.751202,0.468688,-0.099031,-1.500840,0.990643,-1.610814,-0.110369,-1.481562,-1.337211,0.850302,-1.298267,1.343324,-1.225062,-1.459646,-1.356814,-1.289067,0.874318,1.203617,-0.990736,2.073711,-0.827650,-2.023224,2.238180,1.196708,1.125493,1.165149,2.778188,-0.777464,1.423524,-0.875030,1.452522,1.200567,0.121248"
DB08883,"-0.205041,0.393884,0.782911,-0.862667,0.693529,1.021842,-1.072308,-2.789007,-0.952532,-0.150820,0.804065,0.509959,0.139830,0.090101,1.056409,-0.788448,-0.861774,-0.570582,1.594135,1.391916,1.534022,0.247295,2.012862,-0.482782,1.252783,0.228494,-0.654552,0.494416,0.141455,-1.300611,-0.754874,-1.362852,-0.114595,-1.709591,-0.826840,0.928577,-0.069380,0.524974,-0.902898,-1.010986,-0.054532,-0.700713,0.803406,-0.159573,-0.716873,-0.155430,-0.538255,0.691829,0.853371,-2.197374,0.122631,0.705562,-0.339348,0.452262,0.613381,0.920187,1.684193,1.734121,-0.264524,0.748076,-1.761528,0.776085,0.394591,-1.400630"
DB11892,"0.785264,-1.374751,0.130240,0.535027,0.357459,1.188075,-1.834107,1.228060,0.836136,-1.025729,0.268700,-0.088825,0.475387,0.779980,0.971620,-0.070980,0.862705,1.051923,-1.025884,-1.842477,-0.410982,2.803404,-0.555761,-0.733022,-1.104580,-1.502752,-0.601374,1.080510,1.002384,-1.278101,-0.310178,-1.533268,1.899497,1.242406,-0.078996,-1.148746,0.156998,0.686373,-0.945205,0.292630,0.210076,-1.892588,0.115049,-1.117159,-0.176405,-1.278820,-0.269847,1.104146,0.531188,1.018218,0.758436,-2.325845,3.331901,-1.492366,0.299010,0.785374,0.106845,0.373135,-1.516748,2.046545,0.575177,0.043457,-0.306122,1.459811"
DB06693,"-0.606238,1.030513,-1.320106,-0.912805,-1.348067,-1.248303,0.684857,0.531761,-0.113429,-0.123771,0.552575,0.799176,-0.843569,-1.234020,-0.157430,1.325473,0.944215,0.979695,-0.701207,-0.764402,-0.139780,-0.314853,-0.389107,1.257641,0.025131,0.550904,-0.778603,-0.548257,0.820056,0.998362,1.300301,0.689622,-1.120157,-0.536036,1.331357,-0.985228,0.700459,0.368949,1.028959,0.258802,-1.303806,0.210246,-1.330268,1.241761,1.336509,0.320639,1.335766,-1.034553,-0.902915,-0.171509,-0.669232,0.266506,0.196052,-0.805347,-1.321067,-0.472466,-0.985001,-0.627837,0.531012,-1.059555,-0.610591,-1.336636,-1.232539,-0.868857"
DB01535,"0.338056,-0.432202,0.335761,-0.252149,0.288787,1.029967,-0.896785,-1.615390,0.940798,-0.317581,-0.420814,-0.071277,-0.034764,0.055089,0.332173,-0.283992,-1.144312,-0.072278,0.154913,1.234514,0.671793,0.354338,1.395093,-0.557897,0.069747,1.820455,-0.094016,-0.503049,0.442961,-1.557945,-0.354237,-1.055591,-0.058561,-0.944921,-0.259799,0.333472,-2.239343,-1.352147,-1.231346,-0.842105,0.572165,-0.423303,0.266015,-0.830042,-0.228952,-0.768501,-0.243253,0.899223,1.084489,-0.537849,-0.575778,0.376861,-1.603892,1.203604,0.245021,1.272714,1.284238,1.693323,0.789674,0.549077,-1.753122,0.245452,-0.196854,-0.960870"
DB08439,"1.801821,-0.421944,1.871897,2.579926,1.718000,0.276580,1.177262,-0.419255,1.794063,0.365297,-1.323407,-1.807036,2.172031,2.100793,-2.124800,-1.798311,-1.241413,-1.863123,1.013568,1.484223,-0.377942,-1.312827,-1.861706,-1.821416,0.950235,-1.760638,2.930432,1.108893,-1.692178,-0.218635,-1.905439,1.265678,0.915526,2.246472,-1.784944,2.898615,0.503367,0.177935,-0.658121,-1.535762,1.004484,2.299621,1.928341,-0.854861,-1.791243,2.233995,-1.943109,1.195208,1.415119,0.110114,0.697404,0.739771,-0.593891,0.983911,1.997414,0.635978,0.635654,-1.010703,-0.032288,0.774276,2.365000,1.886351,2.741147,1.202257"
DB12783,"0.806922,0.626631,0.183276,1.247736,0.021293,-1.068936,1.602441,-0.040935,-0.232577,-1.076335,-1.053412,-0.558324,0.963105,0.556998,-1.218283,-0.103212,-0.524284,-0.068595,-0.926747,0.572089,0.310840,-1.123325,-1.244760,-0.398721,0.872237,0.210224,1.184591,0.819931,-1.405337,0.687161,-0.286212,1.690172,-0.406699,0.691850,-0.075808,0.638267,0.171909,-0.647992,0.517637,0.104284,-0.698768,1.681343,0.202558,0.521368,-0.070113,1.773926,-0.204778,0.106874,0.218680,1.194334,-1.185717,1.335801,-0.374146,-0.171108,0.280798,-0.478431,-0.102034,-1.841982,0.975924,-1.110711,0.463892,0.120302,0.172140,0.103891"
DB01053,"-0.977694,0.422095,-1.145127,-0.819627,-1.100711,-0.807618,0.356762,1.098409,-0.537965,-0.435363,0.202517,0.906903,-0.660775,-1.091249,0.603326,1.097691,0.756230,0.529189,-0.460141,-0.562742,0.405461,0.037470,-0.231221,1.224638,0.048314,0.431333,-0.918641,0.115834,0.977335,0.824923,1.194740,0.341419,-0.825571,-0.382214,1.090537,-0.862174,0.243020,0.503772,0.762999,0.104777,-1.018504,0.128220,-1.170128,0.816466,1.097663,0.150137,1.165314,-0.901188,-0.634724,0.189772,-0.821651,0.032797,-0.271443,-0.702836,-1.217276,-0.834661,-0.728342,-0.367671,0.303133,-0.546361,-0.579603,-1.105808,-0.934070,-0.980321"
DB11675,"0.831722,0.536120,0.233906,-0.389150,0.071178,0.346435,-0.516408,-2.469012,0.764818,-1.662677,-0.004361,0.184032,0.378675,-0.136327,-0.234056,-0.090653,-1.252713,0.799578,-0.670739,1.266952,0.839712,0.304225,1.096241,-0.672800,1.307785,1.721872,-0.078167,-0.451161,0.212327,-1.708166,-0.342552,-0.876363,-0.057977,-0.910231,-0.076248,0.083713,-1.390616,-1.173345,-1.056537,-0.824594,-0.642083,0.293945,0.192582,-0.560440,-0.008237,0.328885,-0.071358,1.181514,1.284990,-0.238303,-1.521882,1.145315,-0.882397,0.269769,0.183621,1.685379,1.553029,0.359145,1.094069,0.319204,-2.210069,0.060958,-0.460755,-1.333173"
DB11614,"-0.220948,0.529424,0.536384,-0.661840,0.589891,0.030169,-1.703059,1.226994,0.429415,1.509853,1.868542,0.380358,-0.011933,0.636646,-2.013818,-0.480121,0.056882,1.406837,0.956750,-1.440648,-0.300391,0.939371,0.519273,-0.369119,-1.335738,0.121039,-0.137102,-1.840040,-0.052030,-0.923101,-0.554086,-1.247200,1.338990,0.634053,-0.566482,-0.895528,1.124500,0.656095,-0.392229,1.181022,-0.624076,-1.692533,0.585554,-0.462973,-0.589661,-0.561363,-0.514936,0.628356,-0.821802,-0.749565,2.593832,-1.797099,3.287813,-1.073691,0.641451,1.992644,-0.075181,-0.677947,-1.681389,1.849098,0.596678,0.497151,0.292470,2.305253"
DB12126,"-0.514791,1.164559,-1.353031,-0.922951,-1.399220,-1.311522,0.791328,0.349387,0.120855,-0.065292,0.742138,0.751468,-0.840823,-1.321761,-0.308133,1.380305,0.970561,1.078619,-0.664917,-0.801796,-0.230856,-0.362101,-0.444241,1.238756,0.060449,0.530980,-0.747163,-0.776238,0.866022,0.990314,1.308206,0.794271,-1.196701,-0.469072,1.385840,-1.027877,0.893771,0.403541,1.127816,0.483926,-1.329744,0.240924,-1.353407,1.303078,1.388911,0.355511,1.366813,-1.030820,-0.982212,-0.296507,-0.703980,0.406054,0.328712,-0.927200,-1.332953,-0.351041,-1.068722,-0.686452,0.652666,-1.277055,-0.677212,-1.382610,-1.361490,-0.831797"
DB00127,"-0.538678,1.170333,-1.358476,-0.936088,-1.405561,-1.330100,0.772219,0.342513,0.081356,-0.062544,0.740700,0.752035,-0.851834,-1.330918,-0.289597,1.386184,0.981717,1.075318,-0.689215,-0.811450,-0.226700,-0.363605,-0.429518,1.249805,0.050720,0.549281,-0.755498,-0.750886,0.872737,1.004658,1.314936,0.783609,-1.207000,-0.465313,1.390615,-1.027258,0.867495,0.389076,1.121232,0.456289,-1.335693,0.227060,-1.360448,1.305231,1.396084,0.365874,1.373126,-1.048883,-0.983442,-0.275839,-0.706924,0.398793,0.349642,-0.916997,-1.340296,-0.368558,-1.068820,-0.689374,0.650366,-1.264276,-0.666283,-1.390502,-1.363197,-0.831774"
DB03255,"-0.288952,-1.510961,-0.319457,-1.393264,-0.240932,0.143783,-1.732923,-1.667392,-2.089363,-1.417172,1.731014,0.801364,0.341475,-1.056589,2.666307,0.307979,1.338140,0.358000,1.313212,-0.226456,1.343551,2.248526,1.067627,0.137729,1.302408,0.105026,-1.726824,-0.336905,1.724626,-1.034410,0.305970,-1.336106,0.027335,0.479368,0.269635,-0.505037,0.952439,2.455016,-0.291152,2.355986,-0.190332,-0.682655,-0.298647,-0.920930,0.289396,0.310178,0.356707,0.615974,0.699776,0.131470,-1.090843,-0.451078,-0.378993,-1.354693,-0.437037,0.375636,0.532911,0.884629,-1.988159,0.418573,-1.154660,-0.222442,-0.370701,-0.937614"
DB07715,"-0.640397,-0.123683,-0.944727,-0.475860,-0.863647,-0.538723,0.339774,0.359723,0.279611,0.782323,0.072813,0.154533,-1.224515,-0.494572,0.235052,0.884590,0.678775,0.359633,0.012494,-0.797577,-0.491654,-0.129460,-0.183431,0.915099,-1.346185,0.639061,-0.536595,-0.860270,0.674280,0.738718,0.991876,0.614041,-0.913708,-0.371163,0.899539,-0.716735,-0.228509,0.205588,0.700528,-0.090663,0.087447,-0.326577,-0.973349,0.752360,0.859680,-0.876190,0.860690,-0.987122,-0.958888,-0.282658,-0.234389,-0.670246,-0.520537,0.474558,-0.941748,-0.479017,-1.102637,0.514230,-0.115026,-1.047610,-0.356427,-0.909411,-0.882842,-0.451802"
DB12539,"-0.493462,1.041110,-1.301958,-0.931983,-1.341699,-1.226792,0.667464,0.239613,0.043195,-0.125149,0.759469,0.751135,-0.796883,-1.293241,-0.174171,1.326703,0.986120,1.040342,-0.552512,-0.773262,-0.148660,-0.231054,-0.382269,1.182600,0.085362,0.505882,-0.779078,-0.732211,0.923357,0.881741,1.257782,0.687387,-1.125770,-0.433559,1.330774,-0.997176,0.880113,0.503134,1.046453,0.540338,-1.268594,0.180251,-1.301171,1.201375,1.333767,0.341148,1.316234,-0.948755,-0.893296,-0.285832,-0.715352,0.357791,0.328450,-0.923978,-1.287740,-0.297291,-0.980165,-0.588795,0.528658,-1.182145,-0.710698,-1.325526,-1.308346,-0.845265"
DB11268,"-0.517412,0.924558,-1.291597,-0.959129,-1.318430,-1.225802,0.678158,0.462739,-0.057109,-0.186544,0.747642,0.770258,-0.691913,-1.308305,-0.029986,1.310978,0.959879,0.987838,-0.633936,-0.702824,-0.061655,-0.190914,-0.390363,1.192338,0.120881,0.428240,-0.810364,-0.682686,0.898246,0.902248,1.264486,0.762455,-1.077412,-0.278991,1.313613,-0.992531,0.827936,0.444480,1.086757,0.645693,-1.214717,0.237846,-1.294304,1.170145,1.316690,0.313480,1.303247,-0.953354,-0.897032,-0.260356,-0.815245,0.391288,0.158252,-1.007403,-1.279963,-0.483408,-1.053491,-0.616515,0.493843,-1.132506,-0.626517,-1.311019,-1.267537,-0.778182"
DB01412,"-0.763218,0.204010,0.012737,0.208309,-0.000748,0.134685,0.714708,-0.082591,-0.160433,0.158533,-0.081794,0.472309,0.293080,0.216439,-0.347862,-0.056295,-0.156081,-0.275991,0.827412,0.179926,0.723922,0.071303,0.038208,0.287785,0.751843,-0.570403,0.312923,0.826968,0.021815,0.359386,0.053981,0.599049,-0.499046,0.549152,-0.068471,0.246688,-0.305357,0.812619,0.476128,-0.667002,0.032306,0.310752,0.004899,0.456009,-0.042909,0.470797,-0.006441,-0.267622,-0.312193,-0.022270,-0.031762,0.046313,-0.687061,-0.040242,-0.020134,-0.976795,-0.498832,0.155885,0.530126,-0.442140,0.092266,0.088313,-0.301828,-0.129132"
DB00277,"-1.602376,0.815128,0.073568,-1.166200,0.125183,0.224280,-0.277197,0.199515,-0.301808,2.034485,1.182608,0.760491,-1.598748,-0.009780,-0.638643,-0.196078,0.454946,0.058180,2.572471,-0.123636,1.116315,0.073194,1.121988,0.662151,-0.675183,-0.692812,-1.114486,0.153187,0.239151,0.331151,0.088315,-0.937134,0.101649,-0.709475,-0.261556,-0.558623,0.341464,1.400497,0.457011,-0.740795,0.656861,-0.663620,0.122097,0.521647,-0.228228,-0.656577,0.002930,-0.623499,-0.812555,-1.196695,1.629845,-1.200684,0.740551,0.573529,-0.012485,-0.031391,-0.717539,0.709719,-1.076067,0.361110,0.177302,0.224163,0.616608,0.044670"
DB04339,"-0.502280,1.126174,-1.345187,-0.902497,-1.386760,-1.285817,0.775334,0.363430,0.146756,-0.067979,0.719757,0.735702,-0.840023,-1.294045,-0.265516,1.371088,0.969237,1.054276,-0.654604,-0.800027,-0.233643,-0.323290,-0.446303,1.224135,0.013416,0.486744,-0.749309,-0.695899,0.898843,0.973225,1.298831,0.784612,-1.171278,-0.461965,1.377675,-1.017435,0.876942,0.400677,1.118326,0.452641,-1.277296,0.208974,-1.346184,1.286064,1.380038,0.319292,1.355733,-1.021597,-0.973120,-0.280819,-0.714452,0.388470,0.358877,-0.919710,-1.322582,-0.367350,-1.065777,-0.646670,0.650712,-1.248833,-0.680473,-1.376264,-1.350455,-0.833637"
DB00609,"-0.554528,1.005836,-1.295658,-0.937451,-1.328819,-1.226469,0.676675,0.345091,-0.021955,-0.157782,0.724155,0.740319,-0.782468,-1.284922,-0.110314,1.315357,0.957190,1.002543,-0.549772,-0.751601,-0.098557,-0.211395,-0.376932,1.190803,0.082245,0.514403,-0.800055,-0.688072,0.944489,0.894861,1.259909,0.696701,-1.128224,-0.404254,1.318173,-0.992276,0.815451,0.481554,1.057060,0.592168,-1.251485,0.164224,-1.296426,1.185690,1.322709,0.336632,1.311017,-0.961650,-0.915378,-0.188942,-0.740238,0.355377,0.256934,-0.937667,-1.287961,-0.385036,-0.991114,-0.586108,0.534398,-1.163526,-0.717868,-1.313949,-1.282024,-0.853498"
DB11894,"-0.493636,1.031183,-1.299546,-0.930616,-1.338499,-1.218984,0.661746,0.244016,0.045133,-0.125994,0.765098,0.756123,-0.789226,-1.296503,-0.162334,1.324373,0.983173,1.037680,-0.552493,-0.771675,-0.147005,-0.221593,-0.375683,1.180437,0.089981,0.496765,-0.779693,-0.733879,0.924236,0.879322,1.255839,0.685613,-1.121346,-0.420068,1.328324,-0.996505,0.878580,0.503908,1.045698,0.546137,-1.257974,0.184812,-1.298921,1.197508,1.330975,0.336486,1.313312,-0.947188,-0.890264,-0.291099,-0.721240,0.357344,0.324564,-0.931778,-1.285395,-0.301113,-0.984707,-0.583319,0.526915,-1.178134,-0.701203,-1.322874,-1.309549,-0.838139"
DB00210,"-0.516852,1.167089,-1.354662,-0.924908,-1.401206,-1.314375,0.791189,0.348816,0.119008,-0.062980,0.742443,0.751413,-0.842045,-1.320956,-0.303830,1.382119,0.969225,1.077355,-0.666445,-0.801991,-0.232485,-0.360617,-0.443729,1.239488,0.061801,0.529980,-0.746989,-0.771828,0.862475,0.990727,1.309417,0.792501,-1.196387,-0.469385,1.387997,-1.026757,0.896560,0.400351,1.128393,0.483576,-1.329384,0.238003,-1.355045,1.302228,1.391272,0.354969,1.368454,-1.031261,-0.984530,-0.289856,-0.701298,0.409156,0.325127,-0.927309,-1.334276,-0.354033,-1.068893,-0.687539,0.654304,-1.274280,-0.678576,-1.385218,-1.359894,-0.833295"
DB12321,"0.346341,-0.119845,-0.680765,-0.209951,-0.594101,0.000756,0.157560,1.022047,0.077245,-0.120324,0.226977,0.372989,0.044423,-0.424581,0.494843,0.685574,0.728061,0.368328,-1.049310,-0.755636,0.054952,0.945322,-0.445103,0.404276,0.361089,-1.200910,-0.675037,0.190066,1.374809,0.226038,0.668661,0.497012,-0.236319,0.110740,0.690946,-0.368055,0.002001,0.754579,0.679408,0.322937,-0.159187,-0.063878,-0.705884,0.058350,0.656746,-0.033625,0.608592,-0.380617,-0.182844,-0.339005,-0.389941,-0.331867,0.598169,-1.259380,-0.637621,-0.797325,-0.707068,0.066755,-0.231216,-0.016248,0.236312,-0.676500,-0.357444,-0.312006"
DB00091,"-1.091548,-0.241546,1.748399,0.972068,1.741528,0.856822,0.104134,0.897014,-3.607501,2.017938,-1.739423,-1.355738,1.216795,1.264986,1.576022,-1.921260,-1.624275,-2.866308,1.173440,1.360658,1.224258,-1.166171,1.314737,-0.577231,0.334485,-1.366600,2.082254,1.308467,-1.506543,1.176870,-1.496252,0.647697,0.008200,1.108588,-1.952509,1.920956,-0.606732,-0.842789,0.103002,1.571757,1.692600,-0.329355,1.784475,-0.178562,-1.950322,-0.023280,-1.710068,-0.676232,0.509687,-1.502345,1.645645,1.093225,-1.184118,2.045712,1.529370,-2.742597,0.474479,0.704563,1.263973,0.110401,2.451207,1.970842,2.450157,1.836434"
DB06803,"-0.374515,1.534743,-0.542093,-0.754801,-0.670252,-1.121412,-0.003183,-0.102168,0.546859,1.067749,2.116912,1.677326,-0.380300,-0.407484,-2.910844,0.619296,0.365900,1.441983,1.299484,-0.681852,-0.336059,0.389140,0.353902,0.712070,0.781845,-0.843041,-0.304232,-1.124619,0.190892,-0.006630,0.576571,0.541958,-0.754420,-0.394773,0.558206,-0.381431,1.438939,1.815913,0.834888,0.645186,-1.214644,-0.059864,-0.487910,0.828091,0.626916,0.896225,0.624838,-0.318738,-1.202720,-0.801385,0.924076,0.136111,1.111977,-1.633248,-0.495352,0.940427,-0.801648,-1.079150,-0.629604,-0.197152,-0.532857,-0.556952,-0.858191,-0.154597"
DB01195,"-0.484514,0.171910,0.343657,-0.595610,0.444543,0.526663,-1.667203,0.953257,0.461493,1.247852,1.577033,0.554169,-0.633218,0.482087,-1.681427,-0.345546,0.245282,1.502835,1.621195,-1.463078,-0.380337,1.264275,0.583250,-0.214858,-1.331453,0.148316,-0.481560,-0.924571,-0.247007,-0.836271,-0.329972,-1.845114,1.317425,0.507437,-0.406126,-1.203598,0.808182,0.881896,-0.501799,-0.049787,-0.084442,-1.616884,0.378752,-0.506862,-0.418611,-0.766696,-0.374548,0.573591,-0.755064,0.765639,2.549938,-2.232474,2.135651,-0.790434,0.441500,1.878771,-0.274488,-0.307891,-1.954076,1.729407,0.455535,0.351021,0.152974,1.812662"
DB01115,"-0.445759,-1.459891,1.333789,0.764215,1.454447,1.075386,-0.251934,0.400722,-2.011431,1.514799,-1.164050,-2.350567,0.734146,1.556774,0.730688,-1.460761,-0.726108,-1.313618,0.982671,-0.176355,-0.184265,-0.734069,-0.131945,-0.825866,-1.658948,0.926247,1.911295,-1.016345,-1.080599,0.398661,-1.177962,-0.277654,1.129693,2.243742,-1.451727,0.705549,-0.266414,-1.275291,-0.593602,-1.000705,0.986345,-0.696874,1.297582,-0.445086,-1.518443,-1.073732,-1.433426,0.016079,0.301016,0.577108,2.057029,-1.222940,-0.629267,1.493253,1.306936,-0.523495,-0.105073,0.559425,0.341213,0.631799,1.816633,1.410051,0.889579,2.903620"
DB06637,"0.475680,0.757674,0.025401,1.003777,-0.118335,-0.959271,1.539644,0.206497,-0.564723,-1.190787,-0.964847,-0.334350,0.893848,0.247175,-1.076486,0.036811,-0.479397,-0.029067,-1.028384,0.596849,0.498758,-1.157212,-1.109546,-0.184008,0.874899,0.434428,0.991582,0.984057,-1.507301,0.923689,-0.111179,1.677291,-0.521940,0.835919,0.066122,0.393662,0.219957,-0.684634,0.711262,-0.154182,-0.787217,1.635298,0.038588,0.721508,0.081930,1.696610,-0.031892,-0.101754,-0.025763,1.134140,-1.313108,1.364566,-0.497922,-0.499042,0.100123,-0.760477,-0.160303,-1.830198,1.255950,-1.275679,0.381882,-0.031585,-0.249532,0.173185"
DB00343,"-0.520563,-0.922724,1.782316,0.138716,1.930139,1.353568,-1.535274,0.655315,-1.600242,2.872580,-0.232501,-2.098343,0.009053,1.386839,0.708455,-1.920000,-0.650749,-1.664505,2.152756,-0.069618,-0.729290,-1.015329,0.768238,-0.962266,-2.750418,0.206968,1.316335,-1.369279,-1.019131,-0.103627,-1.608905,-1.523688,2.166113,1.125409,-1.955874,0.392060,0.952858,-1.345249,-1.162686,1.237614,1.755082,-1.629216,1.851071,-1.222100,-2.028861,-1.963201,-1.833448,0.191907,0.213827,-0.487603,3.643910,-1.047815,0.810600,1.984592,1.753432,0.261604,0.275906,0.946019,-0.291605,1.430761,2.399357,1.898534,2.377716,3.171438"
DB06774,"-1.196278,-1.845165,0.199409,-1.334807,0.347052,1.150682,-2.090574,-1.426353,-1.454643,0.349606,1.826180,1.318177,0.000086,-0.147683,2.213924,-0.302005,1.019412,-0.488977,2.862893,-0.104251,1.189362,2.408331,1.633384,0.039163,0.985925,-1.175336,-1.713053,0.102666,1.028370,-0.914634,-0.083503,-1.642861,0.130387,0.032864,-0.371565,-0.127407,0.662710,3.431316,-0.016106,1.729808,1.046461,-1.028907,0.229238,-1.285848,-0.327160,-0.332072,-0.186332,0.576695,0.118501,-0.237288,0.055310,-1.312556,-0.755002,-0.546534,0.064536,-0.192467,0.334526,1.625970,-3.650621,0.671225,-0.312182,0.406919,0.009635,-0.783085"
DB11886,"-0.466990,1.280036,-0.525953,-1.438035,-0.635216,-0.759612,0.284657,0.379195,0.653581,1.415828,2.124065,0.826304,-0.281952,-0.593831,-1.773298,0.587843,0.166553,0.855828,0.434326,-0.064256,-0.500502,-0.535335,0.121196,0.743658,0.740708,-0.630035,-0.323993,-1.655730,-0.159895,0.444856,0.590291,0.885005,-1.114981,-1.200348,0.531344,0.040193,1.481579,1.550868,1.272365,0.381071,-0.917433,0.399033,-0.431664,0.940216,0.559858,0.785484,0.658200,-0.823281,-1.508546,-1.886312,-0.068750,0.904222,1.337563,-2.123922,-0.528193,-0.505639,-0.548208,-1.205765,-0.554603,-0.766848,0.031044,-0.531449,-0.888980,-0.289149"
DB00139,"-0.585934,1.105566,-1.326752,-0.906143,-1.359320,-1.257119,0.746593,0.518034,-0.085472,-0.119104,0.630722,0.752185,-0.851999,-1.272684,-0.203748,1.342637,0.951095,1.005547,-0.691474,-0.801942,-0.136539,-0.341112,-0.375022,1.257241,0.050052,0.567487,-0.771634,-0.617371,0.852674,0.985304,1.301467,0.706193,-1.142400,-0.528233,1.344164,-1.001079,0.726734,0.394174,1.060125,0.332434,-1.324977,0.201242,-1.334275,1.241753,1.349800,0.340494,1.347201,-1.020184,-0.925619,-0.130548,-0.621641,0.299583,0.239672,-0.864357,-1.323424,-0.450039,-1.017145,-0.664094,0.636025,-1.144117,-0.648569,-1.347296,-1.284128,-0.866867"
DB12255,"-2.471940,1.717969,-0.067607,-0.913624,0.002628,-0.304855,-0.324694,0.525245,-2.057448,1.808740,0.541656,0.794800,-1.529469,-0.587724,1.237754,-0.130820,-0.034990,-1.171853,2.343948,0.079625,1.354515,-0.290384,1.599594,1.204705,-0.607990,-0.809331,-0.581056,1.556214,0.168227,1.708954,0.351286,0.097751,-1.286402,-0.604895,-0.210262,-0.094223,0.740611,0.952008,1.250767,0.924705,0.922698,-1.479771,-0.020430,1.660401,-0.154712,-0.585556,0.212721,-2.138539,-1.431152,-1.429858,1.469040,0.072817,-0.444675,0.095370,-0.347630,-2.181830,-0.712764,1.153257,0.656219,-0.771414,0.052105,0.158111,0.767808,-0.484501"
DB00289,"1.432333,-0.980367,1.677598,1.936269,1.667862,0.494786,-0.266251,0.359491,0.192088,-0.481663,-1.097630,-2.127894,1.673308,1.729390,-0.547798,-1.594969,-1.073988,-0.600502,-0.655955,0.063781,-0.835017,-0.445596,-1.195047,-1.873253,-0.961883,0.336241,1.911126,-0.142192,-2.101853,-0.649957,-1.821285,-0.078275,2.013879,2.363947,-1.585826,0.643301,-0.036144,-1.606958,-1.119934,0.445545,0.599418,0.090925,1.673718,-1.195825,-1.644719,0.162055,-1.784598,1.527041,0.994040,1.397690,1.113957,-0.661817,1.427287,0.893472,1.868508,1.188067,0.826455,-0.891285,-0.059534,1.111259,1.801773,1.570762,1.066274,2.914354"
DB00704,"-1.093084,-0.082675,-0.910865,-0.546756,-0.818437,-0.350869,0.166064,0.677494,-0.127666,0.882649,-0.056092,0.435451,-1.188349,-0.644272,0.623065,0.825028,0.472320,-0.027893,0.224596,-0.557753,0.038848,0.034743,0.271044,1.026470,-1.194129,0.620787,-0.825469,-0.251986,0.753035,0.762840,0.979419,0.310751,-0.980058,-0.542415,0.833537,-0.658131,-0.726771,0.201129,0.633814,0.158731,0.261680,-0.556837,-0.948387,0.686008,0.809610,-0.922283,0.861791,-1.043770,-0.907812,-0.202693,0.082910,-0.656985,-0.736330,0.392110,-0.971563,-0.678969,-0.847170,0.939165,-0.024272,-0.659046,-0.434189,-0.846735,-0.707933,-0.653194"
DB08930,"-0.963244,0.624373,-1.094265,-0.871926,-1.082880,-0.880608,0.089697,0.883969,-0.417871,-0.008895,0.582166,1.577356,-1.179705,-1.368757,-0.182105,1.055392,0.955624,0.966450,0.047645,-0.567421,0.038237,0.105033,0.304646,1.197970,0.500346,0.066191,-1.202072,-0.306989,0.151323,0.675199,1.174034,-0.212171,-0.979354,-1.429087,1.033843,-0.925554,-0.189877,0.525004,0.655494,0.449699,-0.372644,0.158891,-1.088397,0.647392,1.069223,0.065245,1.132341,-0.800177,-0.803777,0.764194,-0.218694,-0.048520,-0.963948,-0.444812,-1.182137,-0.502313,-0.676727,-0.559713,-0.310858,-0.695155,-0.660174,-1.019071,-0.501631,-1.087192"
DB06414,"-0.573039,1.423528,-0.308147,-1.206255,-0.437851,-1.107462,-0.103778,0.012401,-0.160974,1.547259,2.254312,1.445399,-0.122517,-0.317491,-2.171814,0.368751,0.003439,0.883865,1.017979,-0.253325,-0.219516,-0.125589,0.561171,0.658238,1.128073,-0.976362,-0.219425,-1.215487,-0.279582,0.375765,0.404944,0.737415,-1.019763,-0.907976,0.290206,0.105875,1.637258,1.785041,1.124798,0.985164,-1.089304,0.072277,-0.220746,0.874747,0.356107,0.913327,0.444839,-0.664625,-1.429054,-1.704243,0.701594,0.672048,1.101658,-2.034273,-0.340164,0.050001,-0.475118,-1.107552,-1.062082,-0.381790,-0.073891,-0.291159,-0.378209,-0.025769"
DB00661,"-1.284520,-0.568413,1.235395,0.685431,1.301613,0.728875,0.646745,0.650537,-2.677578,1.618289,-1.570237,-1.910343,0.412732,0.953365,1.578176,-1.417806,-1.155629,-2.525549,0.778140,0.739094,0.600629,-1.306558,0.148972,-0.198947,-0.612800,0.059369,2.089871,-0.420861,-0.931729,1.263365,-0.933234,0.522079,-0.249497,1.597028,-1.433944,1.251656,-0.672605,-0.807703,0.351087,0.082339,1.792331,-0.341156,1.212558,-0.034915,-1.449373,-0.381237,-1.218782,-1.070038,-0.045636,-0.343757,1.747254,0.541197,-2.176242,2.176383,1.024494,-2.882100,-0.370392,0.552328,1.455257,-0.553722,1.637770,1.431647,1.415032,1.524223"
DB00622,"-0.844790,-2.622504,1.805784,0.393980,2.131549,2.583332,-1.933633,0.517812,-0.845628,2.822372,-0.979142,-2.338305,-0.285520,1.931100,2.335916,-2.020155,0.154263,-2.122236,2.345584,-0.624865,-0.819493,-0.157023,0.833865,-1.067703,-3.595547,-0.066304,1.484621,-0.636161,-0.402945,-0.203903,-1.573428,-2.442479,2.393550,1.141560,-2.030088,0.371592,-0.286460,-1.177686,-1.589791,0.900792,3.286315,-2.055768,1.815688,-2.100018,-2.176276,-3.180393,-1.977753,0.238903,0.268463,0.077444,3.598638,-2.466033,0.067140,3.311082,1.737987,-0.191083,0.156787,2.346464,-1.161923,1.942483,3.121455,2.003438,2.545474,2.931021"
DB01068,"0.608834,-0.149865,1.362743,0.865201,1.198670,0.731869,0.102471,-1.895371,-1.057819,-1.140994,-1.261304,-0.648312,1.831421,1.134872,0.127703,-1.301199,-2.021580,-0.922634,-0.012788,2.001801,1.716153,-0.483876,0.805584,-1.351679,1.844512,1.057869,1.445619,0.708382,-0.989418,-1.124089,-1.391226,0.010919,-0.028996,0.217421,-1.289156,1.667976,-1.651525,-1.327948,-1.102784,-0.596362,-0.104196,0.745944,1.345341,-0.751329,-1.227686,1.150063,-1.217033,1.229967,1.600232,-0.439826,-0.888287,1.705853,-1.705034,0.847319,1.250072,0.305437,1.926893,0.267573,1.374168,0.449459,-0.841298,1.304740,0.861832,-0.330685"
DB01595,"0.323765,-0.182071,0.444248,-0.781720,0.361314,0.786675,-1.013351,-2.449643,-0.755770,-0.842738,0.228838,0.328289,0.328730,-0.208440,1.226523,-0.395129,-0.687591,0.112052,0.487747,1.129472,1.193077,0.268338,1.741197,-0.566561,1.060316,1.454672,-0.555414,-0.027495,0.775168,-1.812742,-0.498673,-1.671164,-0.070732,-1.709553,-0.396018,0.603851,-1.154136,-0.556599,-1.558668,-0.492498,-0.411290,-0.437985,0.423583,-0.808735,-0.338165,-0.073633,-0.264590,1.124121,1.470709,-1.129986,-0.353371,0.715788,-1.003263,1.076724,0.301474,1.590362,1.872475,1.585438,0.393434,1.149401,-1.967251,0.382571,0.481478,-1.772746"
DB01511,"0.521831,-0.274441,0.318567,-0.768052,0.223083,0.635704,-0.914998,-2.582547,-0.488140,-1.276755,0.306256,0.476952,0.417847,-0.269781,1.008348,-0.242385,-0.515888,0.451039,0.230289,1.047517,1.074630,0.369981,1.579337,-0.600709,1.256369,1.561215,-0.624523,0.021293,0.806006,-2.011509,-0.407999,-1.703015,-0.045715,-1.682620,-0.235866,0.493704,-1.208745,-0.602874,-1.707930,-0.656859,-0.674347,-0.239355,0.289300,-0.912948,-0.181130,0.126867,-0.150682,1.341551,1.580046,-0.689299,-0.605412,0.628795,-1.021318,1.001350,0.200011,1.952510,1.940351,1.413948,0.287742,1.252890,-2.127564,0.231099,0.332226,-2.036871"
DB08889,"0.053852,-0.742470,-0.556595,-0.150632,-0.438468,0.160048,-0.556041,0.868897,-1.232234,-0.135640,0.304150,1.535826,-0.455773,-0.413003,0.779605,0.514638,0.918734,0.644396,-0.616137,-0.938281,-0.078331,1.569658,0.474109,0.392763,0.594089,-1.645181,-1.137168,0.646804,0.436866,-0.085761,0.623336,-0.324386,-0.164323,-1.224755,0.493621,-0.718014,-0.915577,0.802725,0.286296,1.353538,0.610780,-0.525906,-0.567049,-0.584380,0.488448,-0.613016,0.472265,-0.153712,-0.177586,0.471662,-0.197910,-0.627926,-0.048791,-0.231680,-0.571787,-0.744683,-0.338656,0.077927,-1.624375,0.039161,0.043382,-0.470144,0.048869,-0.604194"
DB00188,"-0.475124,-0.573273,1.185082,-0.581405,1.315137,1.524144,-2.529450,1.423828,0.278879,2.588059,2.312240,1.343208,0.149708,1.327159,-1.929431,-1.211967,-0.070945,0.831927,2.418320,-0.941492,-0.077002,2.022140,1.701035,-0.824507,-0.360575,-1.881840,-0.416035,-0.754894,-0.984724,-1.358194,-1.061984,-1.858559,1.421746,-0.174543,-1.332400,-0.276951,0.350700,1.754433,-0.407363,1.768310,1.175991,-1.765668,1.284474,-1.616712,-1.335751,-0.921493,-1.197708,0.947212,-0.890518,-0.771552,2.969905,-2.180568,2.380943,-1.021321,1.234510,1.302437,0.297135,-0.103628,-3.705851,2.298061,1.511877,1.310135,1.059144,2.252999"
DB12376,"0.888753,-0.265478,-0.406869,-0.271243,-0.305675,-0.064804,-1.717359,1.183791,0.731556,-1.027404,1.181025,0.532096,0.138098,-0.197484,-0.067843,0.511374,0.957673,1.867926,-1.667788,-1.819091,-1.024935,1.833705,-0.352782,-0.179458,-0.576260,-0.350788,-0.993483,0.171474,0.121434,-0.937289,0.194248,-1.118596,1.135895,0.241116,0.497704,-1.575749,1.135571,0.598709,-0.662110,0.586512,-0.929767,-1.513022,-0.386480,-0.398067,0.433074,-0.513832,0.333263,0.767379,0.065199,0.843300,0.513184,-1.516961,2.876430,-1.740828,-0.234890,1.088357,0.036358,-0.648174,-1.213535,1.194622,0.063428,-0.538413,-0.779501,1.213799"
DB09570,"0.731011,0.678742,0.652361,0.907147,0.465422,-0.651134,1.226830,-0.089589,-0.335957,-0.048573,-0.216494,-0.528667,1.041585,0.901195,-1.671003,-0.572037,-0.871732,-0.321572,0.053632,0.904665,0.246511,-1.197760,-0.955794,-0.585099,1.104446,-0.563103,1.405533,0.263404,-2.019518,0.552503,-0.682691,1.732779,-0.405205,0.248344,-0.586821,1.039271,0.633267,0.210092,0.704795,0.373300,-0.339046,1.605100,0.729639,0.376403,-0.567570,1.842378,-0.610455,0.043132,-0.103793,-0.172377,-0.697912,1.615187,0.368053,-0.502770,0.730972,-0.763919,0.025950,-1.941381,0.338372,-1.064849,0.981948,0.627439,0.440312,0.530508"
DB00358,"-0.654947,-1.564263,0.033205,0.006730,0.290660,1.131381,-1.844103,0.918614,0.125005,-0.199441,0.338101,0.919215,-0.544200,0.292596,1.559563,-0.113604,0.896626,0.403481,0.548220,-1.319503,-0.302028,2.120857,0.548743,-0.102191,-1.438231,-0.621495,-1.139643,1.352818,0.255416,-0.738413,-0.028934,-1.765591,0.969165,0.052419,-0.143186,-1.062468,-0.564855,0.898206,-0.834865,0.599531,1.101631,-1.826922,0.020640,-0.859111,-0.199408,-1.769453,-0.128820,0.376572,-0.181432,0.875673,0.720793,-2.423012,1.047305,0.143049,0.016222,0.199759,0.070447,1.147812,-1.905326,1.444379,0.352323,0.110238,0.086124,0.496797"
DB00637,"-0.297996,0.353956,0.419234,-0.957093,0.518061,0.358425,-1.486706,1.345210,0.530840,1.457573,1.591503,-0.103253,-0.380347,0.338678,-0.709942,-0.430552,0.332681,0.657236,0.525971,-0.845656,-0.316362,0.352143,0.467143,-0.165776,-1.684939,0.002642,-0.524401,-1.104517,-0.425891,-0.294339,-0.406457,-1.146813,1.130387,-0.189233,-0.501921,-0.845919,1.063862,0.200408,-0.121920,0.456784,0.044272,-1.545336,0.482068,0.016244,-0.535087,-1.060623,-0.371257,0.059426,-0.863743,-1.265047,1.873018,-1.558803,2.969416,-0.989914,0.465764,0.763808,-0.031156,-0.225195,-1.500435,1.267962,0.767200,0.417923,0.232988,2.042272"
DB00434,"0.437318,-2.060469,0.799709,0.379084,0.948609,2.066762,-2.356516,-0.945427,1.922221,-0.859194,0.314880,-0.264746,0.460459,0.728113,1.670174,-0.755043,-0.337968,-0.246314,0.079540,0.128925,0.094570,2.273294,1.397389,-1.152258,-1.214000,0.627409,-0.516711,0.229575,0.184129,-2.187016,-0.893825,-1.843263,1.148650,1.061271,-0.756514,-0.044995,-1.299691,-0.248303,-1.913943,-0.412879,1.692070,-1.773147,0.715736,-1.504712,-0.802757,-1.970929,-0.816661,1.458033,1.002611,-0.592686,0.031170,-1.707068,0.266692,0.613510,0.786553,1.653718,1.187861,2.424651,-0.859803,1.896796,-0.634794,0.706238,-0.527888,0.487984"
DB06153,"1.606971,-0.828194,1.201575,0.915968,1.144633,1.665373,-0.687846,-1.424000,3.031248,-0.637190,-1.489750,-1.079548,0.740081,0.701856,-0.219626,-1.164638,-1.616778,-1.443877,-0.304084,2.087485,-0.450184,-0.471296,0.398109,-1.551060,0.213466,1.126658,0.814481,0.230855,-0.668516,-1.809410,-1.290775,-0.988206,1.070416,-0.621988,-1.087351,1.433969,-1.794139,-1.893422,-1.777849,-1.767087,1.373543,0.409097,1.169132,-1.688222,-1.058807,-0.278418,-1.183817,1.792315,1.861908,-0.004202,-0.559107,0.800141,-1.856579,1.598451,1.213454,1.524418,2.006444,1.112565,0.841403,0.835259,-0.943732,1.102836,0.665139,-0.158077"
DB12465,"-0.532092,1.164589,-1.356260,-0.934419,-1.401214,-1.318605,0.785449,0.374425,0.100239,-0.074654,0.738508,0.748406,-0.851047,-1.317549,-0.284922,1.382634,0.956030,1.065367,-0.661535,-0.791710,-0.222013,-0.355321,-0.440810,1.247283,0.053682,0.537360,-0.771317,-0.705620,0.878369,0.995113,1.313622,0.791586,-1.189398,-0.454892,1.388907,-1.027124,0.883595,0.389010,1.127297,0.486136,-1.322929,0.213083,-1.357887,1.304967,1.393461,0.354332,1.371142,-1.037309,-0.981809,-0.251627,-0.694630,0.398564,0.317938,-0.930876,-1.337955,-0.362448,-1.069123,-0.671937,0.641961,-1.252244,-0.673217,-1.388429,-1.355777,-0.835683"
DB00543,"0.448665,-2.953633,1.956927,0.696267,2.172365,2.691539,-2.273235,-0.438275,0.624503,0.505265,-0.748047,-2.112904,1.168656,1.581838,2.078535,-1.978814,-1.101591,-1.586659,0.475363,0.466778,0.072907,0.947458,1.110877,-1.895678,-2.307225,1.220134,0.526656,-1.150529,-0.395760,-2.111829,-1.975304,-2.366753,2.620020,2.094405,-1.973527,0.613613,-1.608389,-1.802988,-2.582569,-0.235053,2.331346,-1.885399,1.877066,-2.228009,-2.058721,-2.740650,-2.020427,1.928710,1.568308,-0.741692,2.026926,-2.276626,-0.041731,1.826018,1.942968,1.940480,1.565058,3.000821,-0.885166,2.860521,0.741158,1.898830,1.119715,2.651915"
DB06148,"0.457142,0.096350,1.591560,0.873845,1.455556,0.788124,-0.299805,-2.268056,-0.797734,-0.267591,-0.936795,-1.207967,0.479094,1.083993,-0.080154,-1.533210,-2.349878,-1.139353,0.976511,1.845286,1.254718,-0.397861,1.022363,-1.357766,-0.024988,1.049051,1.102473,-0.304992,-1.253990,-1.314553,-1.610108,-0.553455,0.724556,0.813887,-1.546915,0.637937,-1.643120,-1.496682,-1.215046,0.008086,0.576445,-0.223696,1.562495,-0.738008,-1.468464,-0.238906,-1.461043,1.256339,1.528072,-0.587068,0.583785,0.774423,-0.595684,2.096782,1.553510,1.428498,1.384895,1.158327,1.121761,0.469801,-1.009434,1.499072,0.705976,0.438016"
DB00669,"1.440491,-0.212724,1.784656,2.232219,1.600405,1.093427,0.430489,-1.396201,0.068675,-2.446054,-2.735200,-1.471140,2.134811,1.858304,-0.950320,-1.660104,-3.275574,-1.046996,-1.002362,2.655351,1.200774,-0.468992,-0.136751,-2.102384,1.541528,0.862984,2.272488,1.482078,-2.510728,-1.346722,-1.875444,0.402896,0.923352,1.403792,-1.619006,1.313736,-2.639791,-2.456046,-1.226063,-1.111235,0.482952,1.587674,1.751923,-1.172337,-1.548542,1.195712,-1.702465,1.919845,2.102820,1.693761,-1.863938,1.725107,-1.887873,0.817463,1.783949,0.368216,2.188229,-0.741882,2.070339,0.090480,-0.710802,1.629323,0.591534,0.552746"
DB00694,"-0.199668,-0.334569,-0.419691,-0.433661,-0.318041,0.009746,-0.372172,0.610253,-1.413281,0.160139,0.683753,0.779128,-0.375811,-0.288922,1.028857,0.369666,0.795953,-0.008244,-0.346366,-0.734208,-0.023865,1.136466,0.423820,0.471399,0.277428,-1.315510,-0.912694,0.796304,0.299976,0.475624,0.499673,0.210921,-0.522342,-0.509301,0.341282,-0.487765,0.209659,0.980056,0.747540,1.756571,0.390682,-0.893096,-0.423304,0.076699,0.342742,-0.486176,0.394354,-0.707381,-0.678254,-0.420128,-0.044911,-0.424319,0.451388,-0.764133,-0.469401,-1.288231,-0.360057,0.334336,-1.222499,-0.298305,0.251903,-0.348572,-0.319356,-0.171422"
DB01133,"0.439550,0.528455,0.045468,0.969837,-0.067121,-0.687870,1.559990,0.137013,0.278714,-0.733071,-0.892854,-0.490881,0.848608,0.331079,-0.966603,-0.005070,-0.278456,-0.245575,-0.718303,0.506983,0.286792,-1.020040,-1.268789,-0.155887,0.786112,0.062002,1.136046,0.615631,-0.796649,0.800850,-0.103413,1.598790,-0.514708,0.955177,0.024175,0.702395,0.154811,-0.311233,0.639854,-0.709902,-0.504634,1.515231,0.051728,0.668026,0.024452,1.538313,-0.067507,-0.155763,0.015265,0.582826,-1.105916,1.057993,-0.471410,-0.304440,0.106170,-0.727189,-0.279338,-1.367660,1.065476,-1.015608,0.481678,0.019458,-0.085538,0.109991"
DB00254,"0.553693,0.185783,0.206747,1.023414,0.094934,-0.706433,1.293502,0.242574,-0.314212,-0.999036,-1.025726,-0.478928,1.110760,0.436565,-0.578551,-0.167940,-0.412979,-0.296776,-0.689894,0.620578,0.535418,-0.810782,-1.110678,-0.358796,1.035141,0.147742,1.085012,0.865795,-1.097358,0.681087,-0.265589,1.505772,-0.329166,0.935556,-0.139496,0.782398,0.132073,-0.389892,0.518294,0.048971,-0.498120,1.537551,0.223320,0.293276,-0.136721,1.676869,-0.236313,0.099565,0.237075,1.144878,-1.319932,1.268667,-0.683023,-0.401214,0.266292,-0.754475,-0.052047,-1.611818,0.719410,-0.873468,0.580427,0.188222,0.111673,0.244083"
DB09031,"-0.530915,1.021547,-1.300965,-0.940548,-1.338036,-1.231680,0.676517,0.294573,0.034324,-0.121059,0.768233,0.759198,-0.771434,-1.297871,-0.154407,1.323161,0.976827,1.027110,-0.547537,-0.761313,-0.124787,-0.223613,-0.368913,1.189274,0.107411,0.505640,-0.795005,-0.739007,0.925592,0.903287,1.261259,0.715024,-1.139778,-0.394701,1.326487,-0.988071,0.867556,0.490215,1.070868,0.576506,-1.257098,0.190769,-1.301010,1.203897,1.329926,0.344587,1.314339,-0.964908,-0.918209,-0.266205,-0.751555,0.365438,0.282360,-0.963537,-1.289080,-0.348805,-1.005650,-0.595940,0.528336,-1.191766,-0.691517,-1.320899,-1.310977,-0.824970"
DB00972,"-0.821896,0.823448,0.867336,-0.582557,0.782151,0.867853,-0.995970,-1.698150,-0.404784,1.300430,0.447027,0.202164,-0.616940,0.405962,-0.589841,-0.903866,-1.044628,-0.313085,2.431094,1.268226,1.765236,0.271971,2.420302,-0.271284,0.208841,0.169837,-0.339964,0.150944,0.094950,-0.797460,-0.742547,-1.140293,0.149141,-0.667016,-0.947466,0.450532,-0.708912,-0.189318,-0.583669,-0.889568,0.844460,-0.982480,0.854959,0.078308,-0.857120,-0.700402,-0.697283,0.195448,0.482559,-1.600572,1.245521,0.006511,-0.345022,1.198681,0.720841,0.923498,0.579773,1.717458,0.457483,0.708365,-0.919913,0.898295,0.736391,-0.081854"
DB00454,"0.601460,-0.104474,1.736683,0.961718,1.543475,1.037302,0.187380,-1.351363,0.205956,-0.124073,-0.842203,-1.112247,1.899035,1.700129,-0.951277,-1.657470,-2.759126,-1.463953,0.126283,2.498339,1.474598,-0.483419,0.936750,-1.551935,1.673721,0.499276,2.048167,-0.283036,-1.757622,-0.961599,-1.688454,0.940942,-0.236845,0.637310,-1.666030,2.094018,-1.859168,-1.244860,-0.435536,-0.283614,0.733410,0.756000,1.738221,-0.596639,-1.605220,0.927944,-1.578241,0.906316,0.882983,-1.652383,-1.038824,1.908449,-1.302964,0.308420,1.646000,-0.332018,1.608711,0.131440,1.116980,-0.247315,-0.326508,1.672269,0.339868,0.696229"
DB00476,"-0.223063,-0.929716,1.906435,1.190627,1.856397,1.381012,-0.067260,-1.315978,-0.863552,0.413674,-1.286838,-1.355280,2.073686,1.910164,0.132403,-1.884516,-2.412182,-1.831564,0.636239,1.631921,2.010028,0.164871,1.096711,-1.481242,0.676015,0.626511,2.220269,-0.656584,-0.313330,-1.008033,-1.786371,0.331687,0.326226,2.377735,-1.900619,1.896617,-2.450050,-1.257779,-0.754357,0.037687,1.056817,-0.089793,1.826984,-1.023406,-1.875967,-0.138657,-1.826258,0.929832,0.906736,-1.545824,0.569691,0.569133,-1.186036,1.042130,1.777845,-0.056854,1.100972,1.442105,1.343289,0.838340,0.158530,1.893959,0.697470,1.456956"
DB01075,"-1.511887,-2.923640,1.558210,-0.433062,1.772951,2.842244,-3.665369,-2.312868,-1.476929,0.732801,1.308054,-0.005656,0.589210,1.313770,3.536484,-1.660491,-0.182457,-1.880824,3.637223,0.254424,2.348131,3.319283,3.245271,-1.128387,-0.987258,0.222372,-0.712102,0.000013,1.193611,-2.085886,-1.470222,-2.796769,1.071823,1.911615,-1.741627,0.514564,-0.729588,2.339767,-1.523108,2.177182,2.213952,-2.857558,1.505919,-2.363278,-1.738729,-2.055132,-1.491802,1.453731,0.718387,-1.635760,1.294937,-2.386996,0.189128,0.910721,1.339552,1.579200,1.620907,3.921355,-3.434748,2.474514,-0.563650,1.707521,-0.144580,0.537183"
DB00950,"-1.008002,0.518431,-1.084987,-0.836606,-1.061233,-0.804657,0.099491,0.966433,-0.652805,0.022606,0.324130,1.649596,-1.165819,-1.240321,0.043273,1.033238,0.914369,0.886687,0.025649,-0.616765,0.189254,0.138873,0.282667,1.217997,0.473378,0.015373,-1.149021,-0.164758,0.257963,0.689808,1.171107,-0.223773,-0.915451,-1.481987,1.011494,-0.897205,-0.347188,0.556205,0.591254,0.151797,-0.437956,0.142424,-1.085923,0.575080,1.040849,0.044771,1.110084,-0.796328,-0.694137,0.563820,-0.203483,-0.099300,-0.921331,-0.202916,-1.173581,-0.604849,-0.673787,-0.462889,-0.326847,-0.557629,-0.578399,-0.998527,-0.378346,-1.158435"
DB01151,"-0.144670,-2.225275,2.290976,1.757554,2.405150,2.311999,-0.706888,-0.333339,1.163676,0.130035,-1.587012,-2.559377,2.109471,2.313258,1.195041,-2.304472,-1.776449,-2.405200,0.235157,1.162863,0.950766,0.556081,0.429377,-2.017683,-1.221201,0.566608,2.080255,-0.335562,-1.143763,-1.078190,-2.253033,-0.260825,1.410063,3.659082,-2.297864,1.669322,-1.983219,-1.653289,-1.291866,-0.115341,2.491853,-0.816086,2.194192,-1.344529,-2.352889,-1.410546,-2.320943,1.285455,0.895030,-1.182344,0.759501,-1.022357,-0.416762,1.297237,2.237915,0.067737,1.120597,1.914152,0.719420,1.351690,1.152810,2.264003,0.463015,2.838384"
DB00308,"1.466491,-0.849963,0.876729,1.644702,0.875122,0.240710,-0.333464,0.516110,0.488847,-1.127159,-0.748047,-1.051149,1.406434,1.442498,-0.658839,-0.781583,-0.431856,0.290839,-0.953487,-0.373048,-0.593662,0.485376,-1.157413,-1.366900,-0.191433,-0.259955,1.266991,1.108437,-1.578000,-0.537608,-1.052700,0.218118,1.266798,1.781830,-0.762181,0.314250,0.246615,-0.614844,-0.708957,-0.290848,0.026472,0.114130,0.886318,-0.679493,-0.821673,0.549259,-1.001668,1.197493,0.807853,1.893926,-0.109031,-0.559393,1.296279,-0.358565,1.073837,0.589768,0.396143,-1.204609,-0.351326,0.589203,1.161751,0.769226,0.281889,1.895265"
DB00199,"-0.617924,-0.365531,-0.246246,-0.472342,-0.076225,0.142319,-1.411322,1.210376,-0.483715,-0.689616,0.732757,0.638916,-0.212785,-0.222190,0.955552,0.206262,0.646966,0.476966,-0.560879,-1.215605,-0.571992,1.365464,0.184685,0.213239,-0.876141,0.049523,-0.977094,1.328461,0.087042,-0.029591,0.230699,-1.183248,0.380144,0.154031,0.167970,-1.248905,0.828575,0.684734,-0.190383,0.821522,-0.572256,-1.540533,-0.251382,-0.065061,0.166605,-0.643574,0.253794,-0.079306,-0.708306,1.265227,0.601497,-1.438413,1.611759,-1.602899,-0.303877,-0.288870,0.184850,-0.173164,-1.263569,1.002728,-0.047174,-0.226481,-0.586313,0.496914"
DB01044,"-0.070472,-1.109165,0.227729,0.216919,0.431418,1.423376,-1.865279,0.818944,1.033136,-0.186326,0.510595,0.498221,0.174094,0.884495,0.493802,-0.226395,0.815531,0.897946,0.624292,-1.570915,-0.009525,2.744505,0.036998,-0.523460,-0.797858,-1.694914,-0.607866,1.229768,0.730814,-1.047519,-0.319061,-1.826847,1.641014,1.075499,-0.249524,-0.984893,0.364111,1.301690,-0.702506,-0.059287,0.528193,-1.716812,0.228700,-0.998563,-0.309770,-1.150641,-0.346349,0.913317,0.142409,0.943936,1.188074,-2.402719,2.571523,-1.213180,0.349717,0.793790,-0.007173,0.566837,-2.098458,1.993408,0.682547,0.229359,-0.124829,1.173206"
DB00555,"0.447771,-2.194289,1.743444,1.331312,1.818803,2.317361,-1.456737,-0.953763,0.988558,-1.097237,-1.268856,-1.154392,1.924506,1.708050,1.346342,-1.727133,-1.397979,-1.447429,0.224487,1.314694,1.032904,1.163617,0.926321,-1.877572,-0.028717,0.763329,1.316111,1.388948,-0.866962,-1.838191,-1.786020,-1.146172,1.123209,2.113067,-1.701435,1.401638,-1.921309,-0.879127,-1.978259,-1.210913,1.572522,-0.672083,1.672493,-1.764504,-1.731579,-0.604306,-1.735785,1.852709,1.656603,0.281311,-0.173006,-0.576940,-1.304385,0.858416,1.668157,0.560415,1.854202,1.747230,0.084458,1.790852,-0.034076,1.702495,0.423076,0.962072"
DB01264,"-2.355602,0.861004,0.296026,-0.960631,0.418230,0.274611,-0.283358,0.619692,-1.604507,2.564583,0.461661,-0.141955,-1.764108,-0.053880,1.305897,-0.500904,0.158568,-1.340259,2.277411,0.244191,1.431632,-0.798304,0.981420,0.846269,-1.925382,-0.315823,-0.104278,-0.112956,-0.146352,1.535293,0.014824,-0.149094,-0.672547,-0.316731,-0.582046,-0.510374,0.393831,0.217250,1.163464,1.934941,1.748699,-1.287172,0.361283,0.908256,-0.582916,-1.623241,-0.190813,-1.952491,-1.495434,-2.118344,1.629441,0.039392,-0.204305,1.312408,0.057835,-2.029869,-1.025066,0.976599,0.200179,-0.968868,0.574090,0.523656,1.057220,0.447350"
DB01165,"0.122482,-1.542327,0.080281,0.476264,0.329594,1.306732,-1.663513,1.285158,0.005795,-0.846376,-0.337313,0.166231,0.243675,0.800360,1.497779,-0.098576,0.768105,0.736010,-0.370588,-1.673115,-0.134051,2.500774,-0.239149,-0.451441,-1.171554,-1.376730,-0.479847,1.592692,1.078309,-0.920043,-0.162775,-1.769433,1.774658,0.770008,-0.099944,-0.964524,-0.392543,0.487210,-0.971841,-0.496953,0.318205,-1.673477,0.041090,-0.951530,-0.190894,-1.382171,-0.219848,0.763452,0.525002,1.354736,0.784025,-2.415883,2.686559,-0.812038,0.164500,0.403469,0.140577,0.669133,-1.561978,2.149243,0.681439,0.068097,0.039303,0.982492"
DB06211,"0.797381,0.447019,0.180035,1.182211,0.040979,-0.937909,1.411890,0.113476,-0.678525,-1.248744,-1.194674,-0.502787,0.918925,0.500252,-0.959957,-0.117909,-0.449423,-0.071413,-0.893733,0.580706,0.517573,-1.060419,-1.237927,-0.391824,0.792940,0.322626,1.064224,0.943693,-1.583598,0.717834,-0.273446,1.504742,-0.237533,0.555816,-0.089931,0.516490,0.152868,-0.577465,0.476415,0.026864,-0.664278,1.710388,0.200922,0.367219,-0.084650,1.759156,-0.202209,0.185130,0.316655,1.348046,-1.330270,1.253291,-0.401288,-0.180155,0.272920,-0.530620,0.006887,-1.896658,0.727334,-1.030027,0.510617,0.133484,0.164849,0.149267"
DB00564,"-0.710428,-0.137665,1.899744,0.722060,1.826116,1.388254,0.058259,-0.234268,-2.590728,0.807176,-0.769743,-1.092184,2.143716,1.611059,1.417489,-1.963934,-2.362088,-2.653083,0.519737,1.908275,2.240908,-0.247861,1.857626,-1.055009,1.644566,-0.755577,1.855864,0.782415,-0.921839,0.133525,-1.713177,1.069489,-0.602526,1.181393,-2.013409,2.452917,-1.156409,-0.654961,0.219014,1.492556,1.176353,-0.583813,1.912210,-0.073355,-1.962834,0.225636,-1.724229,-0.248331,0.304598,-2.946063,0.136796,1.732353,-1.102531,0.303990,1.660856,-2.387752,1.114317,1.158929,1.422183,-0.146766,0.669793,1.988874,1.066788,1.216637"
DB11989,"1.011345,0.631031,0.170718,1.349472,0.003830,-1.104034,1.580249,-0.121795,-0.036204,-1.108178,-1.002128,-0.573284,0.832400,0.568644,-1.303925,-0.081719,-0.398816,-0.015495,-0.773533,0.529911,0.214940,-1.147191,-1.446224,-0.441359,0.742378,0.187440,1.184428,0.881051,-1.439914,0.685255,-0.292249,1.727009,-0.319556,0.733022,-0.053407,0.575864,0.370272,-0.592031,0.520188,0.097479,-0.647733,1.745671,0.195691,0.488000,-0.049728,1.808905,-0.206920,0.159378,0.276100,1.255531,-1.221885,1.318727,-0.179948,-0.048669,0.297619,-0.257403,-0.185805,-1.923989,0.911087,-1.213452,0.496481,0.099201,0.159138,0.113823"
DB00455,"-0.346263,-0.410233,-0.340947,-0.158856,-0.186629,0.394755,-1.183605,1.172083,0.471120,-0.237135,0.334353,0.594681,-0.635999,0.016168,0.416186,0.322510,0.959629,0.988138,-0.071718,-1.376350,-0.251209,1.544121,0.176109,0.186021,-1.182826,-0.403413,-0.871523,0.887139,0.505457,-0.278896,0.295107,-1.160863,0.738634,-0.044916,0.308453,-1.240485,0.018884,0.232088,-0.384561,0.261205,0.240803,-1.352747,-0.356710,-0.151295,0.251435,-1.100453,0.266559,0.023098,-0.265967,0.703887,0.504979,-1.815368,1.768665,-0.387555,-0.294837,0.250745,-0.343730,0.316090,-0.799674,0.935879,0.371066,-0.337641,-0.294946,0.552450"
DB12131,"0.957990,-2.115684,1.019992,-0.213808,1.083767,1.719173,-1.481506,-1.967320,-0.573053,0.168609,-0.976938,-1.229179,-0.038028,0.830021,1.533696,-1.061838,-1.079821,-0.742838,1.000282,1.375130,0.095469,-0.119347,1.131296,-1.173470,-0.672050,1.990785,0.333096,-0.109521,0.043954,-2.150688,-0.942515,-2.035675,0.775511,-0.996588,-1.020754,1.053680,-2.060700,-1.256259,-2.408237,-2.753956,1.045735,-0.615473,0.960438,-1.710357,-1.022579,-1.318577,-0.988439,1.469447,2.138128,0.247172,0.610451,-0.604471,-3.091133,3.005087,0.897265,1.450679,1.781724,2.510955,-0.256529,1.533048,-1.415744,0.996907,1.375670,-0.868692"
DB12523,"0.610149,-0.194687,-0.437640,-0.270599,-0.331561,-0.018774,-1.508763,1.219174,0.785895,-0.844728,1.049927,0.568867,0.013373,-0.181704,-0.034739,0.526557,0.920956,1.777256,-1.383141,-1.809600,-0.924678,1.734859,-0.268217,-0.085147,-0.700068,-0.297934,-0.926209,0.308563,0.273623,-0.767438,0.247942,-1.099642,1.018135,0.243185,0.513295,-1.536147,0.904376,0.489289,-0.540564,0.505415,-0.824357,-1.475363,-0.425314,-0.279465,0.449932,-0.591568,0.361798,0.603115,-0.110130,0.891391,0.554443,-1.554218,2.772922,-1.600291,-0.279376,0.999204,-0.097633,-0.513879,-1.089443,1.133101,0.100051,-0.550157,-0.772082,1.092162"
DB00458,"-0.788998,-2.223212,2.297855,1.370758,2.422293,2.728400,-0.769111,-0.599155,0.777058,0.645168,-1.546896,-1.618126,1.715805,1.931022,1.568750,-2.397370,-1.706074,-2.775765,1.415218,1.604390,1.622772,0.506844,1.515724,-1.738371,-0.630269,0.105089,1.608343,0.481658,-0.708249,-1.246707,-2.188571,-1.092517,1.177723,2.565198,-2.388976,1.991108,-2.513997,-1.339524,-1.584222,-0.873633,2.776655,-0.809234,2.221110,-1.291718,-2.414348,-1.532952,-2.293430,1.214033,1.199311,-1.279345,1.072728,-0.858545,-1.635953,2.018426,2.143238,-0.048768,1.167708,2.861670,0.561244,1.631931,0.783450,2.377824,1.184557,1.834172"
DB06691,"0.751540,-0.777348,0.457109,-0.392515,0.466887,0.809741,-2.101268,-0.577537,0.340313,-0.964958,0.977266,-0.308816,0.666641,0.116978,0.473094,-0.329024,-0.277421,0.836459,-0.929526,-0.179439,-0.146424,1.236448,1.047299,-0.820674,-0.240963,1.393927,-0.713475,-0.951497,-0.212587,-1.827898,-0.600054,-1.752105,1.225628,0.263363,-0.351839,-0.586870,0.197053,-0.554007,-1.665614,0.105755,-0.450561,-1.329547,0.394666,-1.199750,-0.355440,-0.849454,-0.388167,1.494545,0.952870,0.439920,0.794431,-1.017093,0.786403,-0.309159,0.492569,2.068684,1.213352,0.755007,-0.697743,1.851794,-0.658857,0.275359,-0.454392,0.633667"
DB00835,"0.001369,-1.921951,0.605897,0.315172,0.777105,1.938117,-2.211576,-0.414368,1.617485,-0.636775,0.295547,-0.217011,0.269728,0.629351,1.754222,-0.592236,-0.111195,-0.328178,0.191019,-0.112959,0.082224,2.244420,1.379372,-0.844153,-1.407386,0.509012,-0.692810,0.511740,0.410849,-1.733829,-0.670291,-1.720144,0.988704,0.902403,-0.598317,-0.157871,-1.176935,-0.089786,-1.596345,-0.071665,1.644001,-1.935062,0.516528,-1.288443,-0.643762,-2.034168,-0.630432,1.081777,0.591320,-0.293764,0.364265,-1.911680,0.395633,0.384425,0.577423,1.217860,0.904079,2.403542,-0.871994,1.804403,-0.440807,0.546998,-0.563572,0.429240"
DB00976,"-1.852018,0.652551,0.450626,-0.843680,0.614786,0.785988,-1.228796,1.083207,-0.588854,2.081201,0.744222,-0.370131,-1.012356,0.280980,1.383675,-0.607092,0.324429,-1.147795,1.943790,-0.231404,1.019214,-0.019227,1.056749,0.406284,-2.357215,-0.417826,-0.041807,0.780972,-0.045979,1.015813,-0.275424,-0.662511,0.077927,0.473448,-0.677829,-0.655356,1.380351,0.494092,0.717400,1.744408,1.339238,-2.035144,0.515617,0.717883,-0.709734,-1.678248,-0.371165,-1.327357,-1.262588,-1.886393,1.895565,-0.582754,1.224158,0.220757,0.300245,-1.637756,-0.729618,1.048115,-0.060866,-0.088501,0.832146,0.601252,0.629215,1.245233"
DB00333,"-0.719370,-0.792332,1.914561,0.974681,1.909854,1.424644,-0.982616,-0.524637,-0.465156,0.967859,-0.418733,-1.095816,1.878764,1.963632,0.333597,-1.928044,-2.018420,-1.918309,1.006064,1.146442,1.700565,0.401486,1.441814,-1.370202,0.057675,0.370566,1.824505,-0.407882,-1.177374,-0.599176,-1.826533,0.225518,0.282057,2.521214,-1.969742,1.590531,-1.160077,-0.638172,-0.514739,0.943733,1.067856,-0.972086,1.869858,-0.701455,-1.957684,-0.528346,-1.826938,0.698828,0.363645,-1.991844,0.820484,-0.039527,-0.412343,0.581862,1.798795,-0.099248,0.971984,1.347274,0.359329,0.766263,0.555190,1.926246,0.212146,2.147762"
DB01002,"-0.037846,-2.140739,2.032503,0.190594,1.977960,2.575539,-2.314323,-2.893403,-1.288481,-1.123815,-0.848440,-0.534190,3.075283,1.314820,2.410842,-2.070703,-1.437319,-2.021066,1.622145,2.071860,2.509823,1.675013,2.073752,-1.938615,3.477631,-0.024013,1.183106,0.076851,0.423669,-2.179841,-2.035822,-1.700106,1.251251,1.179928,-2.051948,2.593552,-0.640339,0.736966,-1.827632,0.046424,0.372849,-0.110459,2.036990,-2.491208,-1.990532,1.044569,-1.928223,2.372866,2.472074,-0.977306,-1.217990,1.090727,-1.613535,0.134000,1.845447,0.516548,3.105445,1.554851,-1.172111,1.718721,-0.365688,2.118943,0.668033,0.494914"
DB00440,"0.097029,0.251276,0.697621,0.888482,0.588234,-0.589184,0.735544,0.024402,-1.023779,0.773468,-0.810697,-0.168038,0.558509,0.974303,-1.960172,-0.701354,-0.738377,-0.176023,0.760602,0.607860,0.494118,-0.871574,-0.059740,-0.368692,0.761919,-0.495741,1.518867,0.792482,-1.409080,0.458454,-0.594980,0.824441,-0.139307,0.553707,-0.708698,1.053847,-0.437278,-0.086275,0.089147,-0.978800,0.090310,1.047596,0.723651,0.149633,-0.691835,1.235769,-0.712921,0.021005,0.202579,0.523442,0.657211,0.445432,-0.698950,0.673598,0.682941,-0.476778,-0.089216,-0.952964,0.111808,-0.130052,1.084931,0.766819,1.452421,0.791800"
DB01267,"0.990689,-1.439597,2.522599,1.519142,2.507477,2.006945,-1.422829,-0.753225,-0.290237,-0.618013,-1.486267,-2.312211,2.273515,2.050730,0.581806,-2.466778,-2.403650,-1.410218,-0.217910,1.524981,0.714977,0.063863,0.876113,-2.451827,-0.246486,0.957651,1.861716,-0.500130,-2.043345,-1.772576,-2.572709,-1.142342,2.369265,2.136459,-2.464239,1.302838,-1.387990,-2.760571,-2.084448,-0.058085,1.411822,-0.525791,2.481913,-1.811146,-2.471804,-0.870583,-2.487797,2.105199,2.006116,-0.126846,0.908234,-0.125912,-0.136644,1.381585,2.526379,1.273518,2.086253,0.746517,0.776074,1.740253,0.726139,2.406206,1.403220,3.005139"
DB01114,"0.374914,-0.189843,0.684050,-0.550029,0.698103,0.673869,-1.924379,-0.569662,-0.623076,-0.159948,0.663030,-0.930119,0.247386,0.196125,0.786844,-0.621330,-0.706836,0.129682,-0.357107,0.233800,0.320539,0.427295,1.259949,-0.698838,-1.038762,1.749818,-0.456905,-1.353368,-0.310900,-1.129620,-0.741273,-1.502838,1.240782,0.505528,-0.652456,-0.571971,0.262866,-1.223100,-1.223895,0.437104,-0.060138,-1.480738,0.623317,-0.656038,-0.643200,-1.280267,-0.583138,0.893069,0.790988,-0.386896,1.261426,-0.850452,0.712885,0.297028,0.660264,1.605248,0.949592,1.070228,-0.209822,1.438974,-0.450141,0.537429,0.064606,1.228401"
DB11560,"0.852172,0.908394,0.837322,1.075975,0.569926,-1.274815,0.928625,-0.382231,-0.623756,0.289124,0.425729,0.209288,1.890902,1.268361,-3.244677,-0.670201,-1.112391,0.363090,0.325343,0.514313,0.207265,-0.816973,-0.662153,-0.748099,1.977178,-0.881004,2.016007,-0.422708,-1.593632,-0.010317,-0.848501,1.946667,-0.361028,0.682968,-0.720603,1.318360,0.718638,0.440104,0.474999,1.290094,-1.245274,1.611501,0.905617,0.055612,-0.673863,2.369290,-0.771296,0.489885,-0.183886,-0.433890,0.021544,1.722992,0.821380,-0.938584,0.930666,0.207573,0.072359,-2.346477,0.246224,-0.436591,0.967940,0.772227,0.683159,1.002097"
DB01265,"-0.514743,1.165951,-1.354348,-0.924150,-1.400759,-1.313375,0.791504,0.350080,0.120948,-0.064215,0.743130,0.750483,-0.841006,-1.321063,-0.305912,1.381623,0.970421,1.077873,-0.665231,-0.802047,-0.231120,-0.361509,-0.445357,1.239764,0.060791,0.533677,-0.745028,-0.775959,0.864081,0.991874,1.309313,0.794026,-1.197962,-0.468041,1.387413,-1.025255,0.896482,0.401639,1.128827,0.481782,-1.330109,0.239737,-1.354766,1.303121,1.390622,0.356918,1.368142,-1.031837,-0.983319,-0.293606,-0.701323,0.410026,0.326408,-0.926523,-1.334165,-0.352031,-1.068743,-0.687166,0.655778,-1.276603,-0.678379,-1.384448,-1.361183,-0.832365"
DB01173,"-0.693471,-1.593820,0.905903,-0.165218,1.062032,2.037915,-2.011142,-0.496504,0.512723,0.742383,0.620340,-0.519969,-0.032891,0.767855,1.798839,-0.943803,-0.282265,-1.062512,1.248456,0.093455,0.646670,1.366899,1.695416,-0.672200,-1.869113,0.919205,-0.486501,-0.707036,0.122388,-1.219850,-0.874178,-1.562189,0.791990,0.906496,-0.982079,0.072678,-0.807504,0.200712,-1.024731,0.423756,1.698760,-2.084636,0.832349,-1.045707,-1.004980,-2.241129,-0.856504,0.671758,0.028107,-1.563589,1.139360,-1.750090,0.379612,0.960558,0.830494,0.951076,0.682897,2.621780,-1.203675,1.433846,-0.183848,0.899376,-0.567124,0.917337"
DB00341,"1.275433,-1.079235,1.585021,1.627703,1.531198,1.334174,-1.172462,-1.037508,1.284977,-1.951065,-0.783180,-0.945957,2.193734,1.687206,-0.112491,-1.448232,-1.629651,-0.500242,-0.843707,1.286115,1.025513,1.046448,0.373063,-2.021068,0.616713,0.548438,1.271878,1.041795,-1.754325,-1.743825,-1.754556,-0.243184,1.147162,2.292001,-1.433648,0.786934,-1.025444,-1.330058,-1.517883,-0.249636,0.697318,-0.105932,1.538530,-1.323486,-1.439846,0.178995,-1.561551,1.987922,1.601544,0.499678,-0.982911,0.205279,-0.242079,-0.046625,1.641627,1.091469,1.606919,0.256934,0.563416,0.979775,-0.220687,1.417085,-0.140672,1.370919"
DB00751,"0.392129,-0.480413,0.929927,-0.505178,0.939078,0.957607,-1.987249,-0.916940,-0.196703,-0.478847,0.746241,-0.493567,0.518411,0.228672,0.644347,-0.844986,-0.877010,0.399115,-0.233456,0.313799,0.588595,0.666833,1.533407,-1.027338,-0.562932,1.905543,-0.451533,-1.156798,-0.166490,-1.904760,-1.014159,-2.002192,1.258483,0.252687,-0.876176,-0.208812,-0.487594,-1.201917,-1.753962,-0.085140,-0.161182,-1.463758,0.877399,-1.057340,-0.868321,-1.054167,-0.812005,1.411376,1.009923,-0.490257,0.986628,-0.763380,0.828441,0.412522,0.900460,2.266652,1.475447,1.211558,-0.256330,1.953525,-0.872709,0.782627,0.213094,0.825767"
DB00252,"-2.427550,0.534975,1.247630,-0.686236,1.330832,1.411714,-1.073791,-0.776009,-3.492922,2.258452,-0.300065,-0.397761,-0.605256,0.640014,2.761870,-1.474993,-1.492310,-2.733914,3.140265,1.318682,2.964181,-0.253933,2.825297,0.081107,-0.866289,0.074897,-0.147704,0.964245,0.413949,0.556966,-0.950957,-0.898043,-0.475727,-0.440908,-1.554526,1.016924,-0.636706,0.203634,0.116127,0.479242,1.551428,-2.097150,1.257655,0.479718,-1.470883,-1.487312,-1.024088,-1.056821,-0.135953,-3.101739,2.134414,0.148141,-0.820382,1.407866,0.875199,-1.403733,0.649628,3.063895,0.515715,0.399420,-0.519627,1.461914,1.446622,-0.058072"
DB00312,"-0.683808,-0.174402,1.832862,0.570396,1.766130,1.545287,0.063870,-0.026127,-2.036365,1.483550,-1.651664,-2.393192,1.787831,1.178425,1.613148,-1.925216,-2.781378,-3.192616,0.407180,2.232297,1.794543,-1.248893,1.664199,-0.930018,0.292905,1.143149,2.203307,-0.783508,-0.515560,0.292673,-1.653624,1.023761,-0.463442,1.374991,-1.923315,2.463449,-1.383522,-1.863807,0.008638,0.686303,1.369624,-0.831719,1.800771,0.053250,-1.878639,-0.467293,-1.671532,-0.320707,0.584312,-3.232131,0.627292,1.936733,-1.853580,1.221912,1.590886,-2.316601,0.960828,1.785788,3.315756,-0.607112,0.162604,1.880491,0.501247,2.036520"
DB00740,"0.193493,0.073888,0.472059,-0.604287,0.365840,0.936539,-1.143916,-2.582901,-0.036417,-0.942375,0.536951,0.864182,0.078102,-0.116252,0.232755,-0.409343,-0.835649,0.513458,1.005285,1.146980,1.176964,0.772828,1.692781,-0.570279,1.622411,0.750071,-0.822640,0.254550,0.077455,-1.884858,-0.510911,-1.843248,0.095655,-1.620678,-0.427322,0.272240,-1.081652,0.116299,-1.365519,-1.138917,-0.128715,-0.200775,0.457543,-0.799900,-0.323905,0.048748,-0.294672,1.313968,1.301495,-0.208111,-0.243130,0.461965,-1.129933,0.695094,0.369362,1.801757,1.621968,1.252638,-0.092177,0.947953,-1.997699,0.413667,0.182850,-1.566475"
DB12712,"0.268331,-0.462549,-0.440051,-0.228286,-0.314876,0.094326,-1.342111,1.185933,0.283861,-0.567867,0.662269,0.491254,-0.143324,-0.034543,0.170520,0.478118,0.757043,1.512167,-0.821435,-1.690238,-0.942329,1.478570,-0.159183,0.015258,-0.921370,-0.080376,-0.609187,0.387173,0.397717,-0.532023,0.323490,-1.069347,0.901214,0.229300,0.473448,-1.332981,0.490801,0.139975,-0.474970,0.040337,-0.708374,-1.295767,-0.446976,-0.196414,0.411125,-0.741561,0.348856,0.369431,-0.150726,1.290159,0.386151,-1.594238,2.201408,-1.190293,-0.324538,0.769590,-0.167388,-0.353830,-1.145376,1.012071,0.124441,-0.512351,-0.695116,0.898975"
DB06817,"-0.669481,1.010275,-1.303780,-0.899721,-1.325132,-1.226724,0.663083,0.578391,-0.277903,-0.098024,0.461852,0.848614,-0.948837,-1.233582,-0.114510,1.300684,0.926764,0.945527,-0.656913,-0.781477,-0.116962,-0.300004,-0.281919,1.272142,0.000115,0.557691,-0.811145,-0.494800,0.802170,1.000625,1.294165,0.584996,-1.132088,-0.649485,1.304463,-0.981449,0.527727,0.391337,0.988849,0.116971,-1.269614,0.162056,-1.316248,1.216487,1.312300,0.302279,1.321465,-1.041420,-0.879519,-0.079714,-0.573614,0.184215,0.182709,-0.693513,-1.317816,-0.481701,-0.964566,-0.568699,0.491222,-0.993705,-0.619393,-1.308727,-1.150039,-0.941557"
DB01182,"-0.230626,-2.600889,1.399795,0.586889,1.668530,1.752695,-0.957030,0.076531,-0.573392,1.654579,-0.544474,-2.092823,-0.466939,1.691694,0.933133,-1.514838,0.080749,-0.600260,1.969948,-0.926394,-0.854656,0.209889,-0.178924,-1.104246,-3.451969,0.575864,0.932198,-1.487524,-0.927808,-0.767136,-1.276664,-2.144847,2.299057,1.570216,-1.536661,-0.426604,-1.050646,-0.672839,-1.521950,-0.357405,2.397070,-1.312957,1.383136,-1.646895,-1.646566,-2.557368,-1.588727,0.879865,0.293791,1.419905,3.218651,-3.305091,-0.045455,2.785051,1.466094,1.120692,-0.232142,1.523140,-2.114891,1.764111,1.888376,1.504521,1.827956,2.618979"
DB00365,"-0.544737,-0.986587,0.301225,0.199079,0.505364,1.526395,-1.832292,0.683262,0.818417,0.138733,0.428236,0.463590,0.048495,0.879638,0.746454,-0.331719,0.690093,0.536662,1.110947,-1.413562,0.192816,2.581696,0.223097,-0.387514,-0.834518,-1.708688,-0.528018,1.176813,0.766024,-0.802702,-0.338008,-1.794565,1.413752,1.078865,-0.363894,-0.831170,0.388941,1.394566,-0.547478,0.054872,0.741757,-1.731713,0.297754,-0.831354,-0.410356,-1.211425,-0.390919,0.650898,0.073822,0.742169,1.326815,-2.228107,2.190676,-1.026342,0.366754,0.423004,-0.102030,0.716638,-1.806152,1.823125,0.731276,0.339667,-0.118858,1.029817"
DB01208,"0.746053,-1.401426,0.108254,0.496779,0.328677,1.112088,-1.817395,1.197854,0.827152,-1.019996,0.317290,-0.033962,0.468807,0.704475,0.978402,-0.053344,0.786952,1.028898,-1.009779,-1.780526,-0.528784,2.691470,-0.550826,-0.696921,-1.057166,-1.388676,-0.551587,1.114420,0.889581,-1.242359,-0.276239,-1.521749,1.820522,1.255669,-0.060285,-1.131118,0.161157,0.678353,-0.943525,0.196228,0.192698,-1.807162,0.094141,-1.062030,-0.156274,-1.243373,-0.246715,1.055363,0.498450,1.228920,0.683735,-2.259072,3.013809,-1.425580,0.265409,0.808711,0.116550,0.333239,-1.584044,1.977122,0.499485,0.025298,-0.288001,1.394372"
DB00904,"-0.175062,0.260257,1.342282,-0.457833,1.318593,1.282294,-2.168029,-1.433180,-0.050366,0.632830,1.158825,-0.134140,0.558688,1.001442,-0.262413,-1.300892,-1.154538,-0.015050,1.508229,0.428613,1.363220,1.086895,1.968319,-1.017097,-0.190590,0.448955,0.048940,-0.913519,-0.255646,-1.690022,-1.352557,-1.682886,1.178719,0.576011,-1.371109,0.222229,0.354882,0.335325,-1.189762,0.013397,0.000542,-1.742931,1.346018,-0.768528,-1.315720,-0.792099,-1.177575,1.244655,0.623564,-1.916908,1.813038,-0.695350,1.369578,0.095580,1.305554,2.036616,1.209985,1.259122,-0.752372,1.907225,-0.652605,1.271598,0.333027,1.234145"
DB01118,"-1.921871,-0.926334,1.136577,-0.766857,1.367704,1.655995,-1.320884,0.979952,-1.769186,3.318243,0.041251,-1.344736,-1.122210,1.025874,1.585141,-1.361095,0.042504,-1.685491,2.904890,-0.021695,0.537140,-0.661760,1.303585,0.017611,-2.867309,-0.020222,0.806480,-0.569945,-0.504043,0.811054,-0.778543,-1.559599,0.900934,0.621023,-1.425928,-0.299528,0.406238,-0.270005,-0.068795,1.281006,2.611565,-1.684124,1.183187,-0.598511,-1.499557,-2.484136,-1.131106,-1.080768,-0.782429,-0.858987,3.041833,-1.215505,-0.574694,2.105687,0.937278,-1.620261,-0.740641,1.627006,-0.554950,0.492065,2.117355,1.377791,1.940408,2.015110"
DB00582,"-2.066481,0.562408,0.716655,-0.652447,0.876658,0.956237,-1.524859,1.162356,-0.590282,2.300579,0.979926,0.061419,-0.396772,0.695464,0.785509,-0.842675,-0.270855,-1.023609,2.369592,-0.325426,1.060192,0.448638,1.309588,0.155683,-1.559274,-0.739941,0.220391,0.931622,0.091481,0.630922,-0.528074,-0.795913,0.116041,1.027138,-0.935149,-0.138464,1.200991,1.157581,0.535957,1.548685,0.945031,-1.981080,0.783328,0.209317,-0.950414,-1.161604,-0.637500,-0.881510,-1.237838,-1.268034,2.376740,-0.937945,1.109052,-0.587075,0.566115,-1.129096,-0.396701,1.042608,-0.637714,0.684096,1.113146,0.877811,0.861756,1.206866"
DB00204,"0.042296,-0.203796,-0.050039,-0.706305,0.040399,0.386303,-1.400850,1.073424,0.812886,0.595539,1.558488,0.423304,-0.103589,0.264004,-0.568584,0.086685,0.411063,1.049645,0.116798,-1.108076,-0.996992,1.085830,0.166728,-0.101310,-0.765856,-0.554268,-0.550237,-0.108849,-0.344493,-0.469696,0.000421,-0.802444,0.596339,-0.281173,0.047484,-0.761425,1.071008,0.827784,-0.083103,0.157959,-0.303968,-1.209827,0.007924,-0.126825,0.009959,-0.637628,0.037442,0.190936,-0.773005,-0.033465,0.770472,-1.208260,2.443519,-1.860121,0.039338,0.407140,-0.061963,-0.434699,-1.617773,0.813714,0.422783,-0.086967,-0.633549,1.106013"
DB00537,"-0.643984,-0.960579,1.700179,1.157647,1.806818,1.584053,-0.451029,0.833223,-1.116290,0.978343,-1.018583,-2.044502,1.269298,2.042827,1.302589,-1.759203,-0.856427,-1.598569,1.288100,0.103464,1.048186,0.129003,-0.241708,-1.162394,-1.235969,-0.964061,2.129491,0.935586,-0.855986,0.316452,-1.606837,-0.158387,1.211915,2.821073,-1.792396,0.727598,0.252034,-0.242308,-0.019678,1.252207,1.617184,-0.798405,1.706251,-0.652496,-1.861398,-0.699018,-1.732420,0.133082,0.281081,-0.079872,1.582206,-0.450763,0.875904,0.817026,1.684839,-1.510571,-0.125854,0.385685,0.512512,0.660397,2.276385,1.770137,1.233158,2.522024"
DB06700,"-1.822343,-0.750279,1.881549,0.745170,1.972510,1.925277,0.035806,-0.222087,-2.317579,0.729051,-1.444589,-1.399517,1.631761,1.586236,3.215397,-2.046990,-2.168530,-3.464053,1.291116,1.796204,3.150404,0.077535,1.897000,-0.783452,0.000824,-0.162819,1.840100,0.804794,0.154249,0.300290,-1.609856,0.635819,-0.491550,2.175745,-2.090416,2.097616,-2.157379,-1.012213,0.071115,1.430752,2.123717,-1.207258,1.833437,-0.004149,-2.075715,-0.990588,-1.738926,-0.631535,0.078703,-3.388970,0.419330,0.873008,-1.665590,1.388223,1.560222,-2.641505,0.635956,2.745540,1.816717,0.114716,0.449849,2.049741,1.090311,1.091363"
DB00401,"1.037181,-0.949757,1.133949,1.615691,1.130310,0.370213,0.953866,0.297622,-0.347556,0.420424,-2.125173,-2.577878,1.004847,1.079639,0.147358,-1.227239,-0.939000,-2.067910,-0.490554,0.908231,-1.491640,-2.052075,-1.251403,-0.970291,-0.515807,0.211126,2.008331,0.213010,-1.562578,0.618244,-1.096238,0.887007,0.848401,1.133772,-1.147131,1.792008,0.295476,-1.605491,-0.565675,-1.602263,0.895374,0.827041,1.137010,-0.477641,-1.184603,0.346825,-1.263038,0.216596,0.974069,1.344972,0.853766,0.599720,-1.600741,1.580211,1.175849,-0.854300,0.447731,-0.447075,1.307730,-0.214084,1.589352,1.168623,1.422008,1.525906"
DB08864,"-0.520480,0.100555,0.298789,-0.640856,0.408533,0.326760,-1.841753,1.454077,0.135406,0.797355,1.555591,1.060178,-0.438820,0.138313,-0.967420,-0.322422,0.491422,0.933546,0.862464,-1.047907,-0.357751,1.144558,0.795895,-0.143349,-0.742323,-0.442783,-0.857383,0.147705,-0.609037,-0.490703,-0.262599,-1.620443,0.964262,-0.360945,-0.392325,-0.826482,0.738692,0.672687,-0.320056,0.554412,0.167531,-1.530461,0.345161,-0.444009,-0.394466,-0.682873,-0.271019,0.270445,-0.817098,0.334003,1.686071,-1.757803,2.020191,-1.134689,0.302890,0.971895,0.177138,-0.389894,-2.145148,1.532174,0.479083,0.343784,0.403922,1.394787"
DB00184,"-1.264303,-0.012538,-0.918617,-0.505333,-0.805430,-0.334564,0.309140,0.740278,0.216706,0.158347,0.004717,0.633363,-1.308392,-0.913804,0.995147,0.831904,0.644520,-0.199281,-0.182299,-0.595045,0.002192,0.315516,0.138526,1.107769,-1.087253,0.547040,-0.915643,0.173885,1.042819,0.707959,1.014843,0.047977,-0.989686,-0.202275,0.823980,-0.736618,-0.784436,0.685805,0.675710,0.040825,0.288300,-0.388754,-0.978069,0.663346,0.818946,-0.735542,0.911472,-1.111132,-1.120930,0.086337,-0.101211,-0.918114,-0.541293,0.341394,-1.025286,-0.818429,-0.788476,0.821828,-0.053799,-0.413076,-0.475134,-0.840254,-0.821071,-1.106798"
DB00472,"-0.484995,-1.977044,1.632196,0.065664,1.789563,2.522016,-2.316438,-0.853754,-0.151438,0.413429,0.529644,-0.565160,0.945656,1.599000,1.618163,-1.653206,-0.968737,-1.108510,1.697517,0.457291,1.413859,2.053200,1.949487,-1.408749,-0.800305,-0.137955,0.093146,-0.637466,-0.020486,-1.941915,-1.560014,-1.920135,1.270357,1.311663,-1.711485,0.680632,-1.229644,0.255472,-1.417722,0.329609,1.771830,-1.912133,1.585638,-1.816855,-1.718326,-1.840034,-1.562148,1.362202,0.593269,-1.399930,1.304840,-1.653980,0.359830,0.354991,1.539114,1.072549,1.268167,2.566255,-1.704616,2.269229,0.009853,1.649546,0.347518,1.148454"
DB01601,"-1.384518,-0.794501,1.245987,0.570770,1.410792,1.330208,-0.765538,1.095748,-2.178769,1.155993,-0.486464,-1.147061,1.032660,1.509645,1.959081,-1.361170,-0.427266,-1.589021,0.567806,-0.273329,0.982395,0.364650,0.603976,-0.518725,-0.745555,-0.798211,1.910597,1.339484,-0.493367,0.830067,-1.039836,-0.111786,0.174072,2.309285,-1.423439,0.330606,-0.228168,-0.322752,0.294067,2.539890,1.268599,-1.526882,1.234125,-0.653597,-1.483092,-0.997502,-1.253547,-0.588250,-0.444912,-0.266631,1.621233,-0.574842,0.017288,0.842797,1.098158,-2.208358,-0.174976,0.673038,0.311689,0.499333,2.194362,1.403520,0.972647,2.151589"
DB01035,"0.315163,-1.410042,1.234540,1.099553,1.342370,0.624860,-0.469241,0.782758,-0.992086,0.194510,-0.922817,-1.642078,0.894722,1.508191,0.228314,-1.255648,-0.637883,-0.361606,-0.313043,-0.410964,-0.140245,-0.083217,-0.400099,-1.185521,-1.670382,0.910614,1.303818,-0.442828,-1.376881,-0.250889,-1.236040,-0.388828,1.485899,2.006886,-1.259118,0.170804,-0.898725,-1.360608,-0.776682,-0.002128,0.771857,-0.548509,1.191081,-0.823303,-1.337269,-0.713395,-1.347866,0.772493,0.367254,0.908145,1.030752,-1.585607,0.865515,1.181102,1.315599,0.503770,0.281941,-0.088128,-0.761344,1.110804,1.598352,1.221937,0.828199,2.739520"
DB01136,"-0.376387,-1.786982,1.241113,0.026296,1.393533,1.256602,-0.611373,-0.415246,-1.515304,3.033259,-0.510424,-1.680950,-0.698134,1.208362,0.103304,-1.413583,-0.290535,-1.109009,2.192534,-0.494932,-1.437957,-0.970283,0.316911,-0.541973,-1.998625,0.597079,1.157533,-2.672293,-0.734824,-0.357774,-1.004625,-1.722287,1.618873,0.475617,-1.419936,0.493351,-0.392368,-0.260119,-1.392188,-1.497802,1.430766,-0.867110,1.260840,-1.483147,-1.469616,-1.644323,-1.374748,0.405066,0.394707,0.706370,3.969716,-1.801407,-1.149819,2.794683,1.219287,0.966981,-0.065860,1.081739,-1.289053,1.485420,1.727106,1.404881,1.901976,2.053184"
DB00961,"0.079363,-1.571503,1.768128,0.650688,1.666260,1.589794,-1.568815,-3.025211,-1.494960,-2.375874,-1.099043,-0.940001,2.814120,1.520123,1.605369,-1.727019,-1.835893,-1.261190,0.743386,2.162570,3.261012,1.832110,1.419552,-1.901490,2.925136,0.753789,1.556873,0.157180,-0.227433,-1.922121,-1.779103,-0.685776,0.473459,2.054002,-1.733239,1.680286,-1.470124,0.491956,-1.220742,1.339680,0.283711,0.257970,1.748769,-2.079440,-1.661918,1.493468,-1.638204,2.103888,2.041221,0.117033,-2.077647,1.229188,-2.002208,0.067977,1.576306,0.352656,2.709768,0.536629,-0.785858,0.739327,-1.205149,1.796112,0.402448,0.164919"
DB00457,"2.173430,-0.331633,0.030536,0.368736,0.012428,-0.050805,-0.058401,0.906690,1.252289,-0.976353,-0.366367,-0.314900,-0.018115,-0.840662,0.032334,-0.045433,0.748153,-0.562271,-1.376116,0.098439,-3.491524,-1.891660,-0.748275,-0.441941,0.319175,-0.449383,-0.792135,0.557693,-0.951676,-0.424009,-0.262832,-1.209296,2.025970,-1.990833,0.052930,0.477726,2.255086,-1.130411,-1.558954,-0.367503,-0.604721,0.943305,0.119927,-1.287722,0.037480,0.760224,-0.151418,1.231940,1.311986,2.426178,0.330695,0.815664,0.290674,0.467734,0.240840,1.581136,1.048134,-1.226289,-0.501693,0.968199,1.059152,-0.014426,1.151495,-0.386740"
DB00281,"-1.197248,-1.681508,1.084295,-1.212515,1.145241,1.771609,-2.911683,-2.979029,-3.518904,0.248961,0.689942,-0.167589,0.689911,0.374755,3.496436,-1.197173,-0.338252,-1.639265,2.795868,0.986712,2.782141,1.820204,2.690135,-0.634529,0.957007,0.709343,-0.624197,-0.640761,1.156851,-1.373507,-0.975573,-2.257150,0.493357,0.366474,-1.248720,0.611409,0.072927,1.614183,-1.055273,1.537454,0.435853,-1.855275,1.061806,-1.628920,-1.170051,-0.762834,-0.938138,1.069922,1.408609,-1.292221,0.752471,-0.412617,-1.250348,0.973708,0.820427,0.635336,1.731247,2.801523,-2.380539,1.241690,-1.257612,1.219700,0.444682,-0.178862"
DB01244,"1.435604,-2.379621,1.256441,0.554937,1.460217,1.199794,-1.446925,0.613798,-0.448260,1.011747,-0.421807,-2.502512,0.260174,1.167753,0.618636,-1.313104,-0.071366,-0.485506,-0.012256,-0.970475,-2.723746,-0.681906,-0.870810,-1.430986,-2.739534,1.163249,0.665501,-2.416904,-0.958128,-1.090665,-1.308218,-1.963988,3.162424,0.929751,-1.277924,-0.052040,0.711789,-1.940210,-2.229182,-0.570813,0.694286,-1.163550,1.279270,-1.953004,-1.399300,-1.890701,-1.472500,1.425504,1.110303,1.899766,2.576229,-2.172234,0.854706,1.498487,1.448812,2.123453,0.624915,0.337448,-1.710344,2.033450,1.873393,1.215825,1.679639,3.109960"
DB08903,"0.160259,-0.223531,-0.330015,-0.418103,-0.214382,0.116652,-1.536146,1.025367,0.428244,-0.482154,1.050419,0.475646,-0.067119,-0.165113,0.395961,0.377699,0.888011,1.268632,-0.675638,-1.566509,-0.601811,1.513764,-0.058498,0.002338,-0.827937,-0.220041,-0.783341,0.286962,0.243639,-0.475016,0.198965,-1.042042,0.795609,0.346312,0.357023,-1.365251,1.081255,0.581069,-0.335865,0.762927,-0.543751,-1.493130,-0.309105,-0.171718,0.300865,-0.703238,0.277154,0.316385,-0.291473,0.568271,0.551501,-1.325932,2.332693,-1.385180,-0.227719,0.578661,-0.164402,-0.261248,-1.039492,0.859790,0.145260,-0.396397,-0.677671,1.036511"
DB00215,"0.562693,-1.662911,1.587826,-0.054605,1.713319,2.282587,-2.349758,-0.996633,-0.161497,-0.779989,0.447288,-0.821902,1.154269,1.389328,1.576415,-1.542570,-0.914706,-0.409080,0.616778,0.506314,1.425497,1.828570,1.413470,-1.667929,-0.540082,0.128369,-0.173210,-0.131064,-0.053507,-2.427135,-1.633029,-2.351030,2.009491,0.972036,-1.587298,0.312231,-0.726713,-0.163135,-1.942649,-0.513976,0.881499,-1.609979,1.553773,-1.920672,-1.597570,-1.363281,-1.490611,1.940410,1.425152,-0.835035,0.947196,-1.406852,1.175049,-0.033012,1.564560,1.652283,1.757039,1.937488,-1.384281,2.775254,-0.363226,1.504455,0.712341,0.983786"
DB00321,"-0.923450,-1.901357,2.209441,1.244725,2.356883,2.256437,-1.028157,0.212887,-0.299929,1.348236,-1.605527,-2.188929,1.401462,2.021645,1.299252,-2.325471,-1.529382,-2.423203,1.348659,0.922314,1.260036,0.331167,1.379783,-1.524255,-1.614724,0.412589,1.702225,0.070423,-0.982378,-0.595141,-2.069222,-1.002211,1.478780,3.126398,-2.326105,1.499451,-1.864275,-1.558686,-1.358817,-0.678423,2.679846,-1.316001,2.126504,-0.997919,-2.382394,-1.782196,-2.248949,0.741894,0.913108,-0.817469,2.155884,-1.618498,-0.844269,1.993660,2.078272,-0.203973,0.744760,2.463899,0.600302,1.763217,1.671649,2.291095,1.526734,2.980218"
DB01174,"-1.226687,0.197367,1.211918,-0.944524,1.227296,1.532850,-1.353007,-0.136125,-2.323227,2.358672,0.100463,-0.856863,0.312735,0.300719,1.979565,-1.353107,-1.698412,-2.671613,1.659326,1.484345,1.354189,-0.662769,2.519862,-0.148193,-0.170303,0.677162,0.377920,-1.204361,0.290757,0.047659,-0.959088,-0.470630,-0.360054,-0.732470,-1.400550,1.559416,-0.063052,-0.384921,-0.030322,1.072358,1.178119,-1.866948,1.227262,0.002788,-1.331470,-1.277791,-0.986950,-0.704937,-0.135241,-3.881957,1.723879,1.077052,-1.061065,0.703704,0.906381,-1.490325,0.919273,2.390385,1.095500,0.071690,-0.312243,1.321919,0.659505,0.990124"
DB01211,"-1.974630,0.120432,0.384008,-0.588262,0.616571,1.070626,-1.569933,1.412442,-0.402097,1.297510,0.381574,0.249329,-0.989402,0.304219,1.550510,-0.559470,0.645412,-0.892931,2.029176,-0.519396,1.154819,0.616000,1.070984,0.324870,-2.110526,-0.552516,-0.260337,1.740555,0.145901,0.690325,-0.219457,-1.418085,0.506001,0.512384,-0.625649,-0.913598,0.966153,0.643805,0.320771,1.492449,1.309389,-1.947045,0.429671,0.132719,-0.658599,-1.667134,-0.347805,-0.857209,-1.054697,-0.486235,1.625689,-1.277432,0.891754,0.310067,0.231518,-1.410786,-0.504069,1.042807,-0.812636,0.461541,0.809054,0.568406,0.866753,0.898859"
DB05154,"-0.891821,1.031049,-0.555724,-1.358258,-0.606716,-0.509290,-0.072380,0.664426,0.237644,1.265070,1.871727,1.441060,-0.649965,-0.904341,-1.070489,0.550390,0.401124,0.712200,0.828346,-0.066795,-0.207571,-0.271266,0.520099,0.881716,0.997079,-0.724314,-0.830737,-1.000179,-0.528558,0.566675,0.675337,0.242233,-1.130173,-1.666811,0.489158,-0.192034,0.887733,1.442794,1.105398,0.663331,-0.247226,0.305909,-0.466826,0.777449,0.533278,0.440987,0.669876,-0.884452,-1.376775,-0.944370,0.167700,0.546213,-0.024000,-1.588033,-0.630695,-0.766543,-0.563381,-0.901048,-0.755897,-0.797324,0.026526,-0.477908,-0.378707,-0.487854"
DB04889,"-0.991639,1.140831,-0.387995,-1.138865,-0.401163,-0.682950,0.107725,0.337616,-0.196469,1.678018,1.170006,0.320748,-1.377140,-0.491164,-1.250081,0.351794,0.486360,0.919478,1.082671,-0.676888,0.312079,-0.269269,0.327132,0.777345,-0.886966,0.685487,-0.735483,-1.789478,0.306673,0.476779,0.451656,-0.358199,-0.145055,-0.033092,0.309318,-1.131574,0.464800,0.471199,0.616888,0.124682,-0.524725,-0.603214,-0.373079,0.815647,0.327920,-0.345266,0.427423,-0.636791,-0.987522,-0.746059,1.538045,-0.863078,0.908551,0.083780,-0.380543,0.863149,-0.949303,-0.239612,-0.459159,0.027681,-0.214927,-0.355457,-0.367606,0.604808"
DB11951,"-0.096885,0.694737,0.471825,-0.355538,0.376517,0.655063,-0.914146,-1.616790,0.030938,-0.698074,-0.165636,0.282081,-0.043188,-0.208032,0.349439,-0.449209,-1.382832,-0.256682,0.229451,1.524578,1.167927,0.210016,1.784108,-0.382576,0.913012,1.222297,-0.157659,0.035444,-0.113917,-0.957784,-0.433899,-0.883022,-0.248864,-0.886349,-0.457950,0.313812,-1.283303,-1.156394,-0.706949,-0.261121,0.327001,-0.447216,0.435969,-0.209821,-0.365020,-0.302734,-0.285260,0.448765,0.844664,-0.700192,-0.601411,0.997684,-1.578264,0.665253,0.300024,0.548172,1.258156,1.003905,1.131342,0.112183,-1.772249,0.418227,0.065266,-0.788287"
DB12073,"-0.496376,0.957673,-1.302953,-0.886353,-1.333594,-1.267817,0.717683,0.400611,0.047235,0.018109,0.641430,0.636814,-0.856445,-1.197781,-0.282634,1.318411,0.891067,1.021854,-0.626897,-0.787378,-0.329284,-0.381515,-0.465320,1.187900,-0.073574,0.599268,-0.669435,-0.801836,0.795446,0.953955,1.275683,0.783075,-1.133519,-0.389405,1.326829,-0.980681,0.798787,0.315382,1.052350,0.288440,-1.258331,0.221213,-1.305925,1.223476,1.325581,0.245900,1.302790,-1.014254,-0.950176,-0.107296,-0.689679,0.292240,0.101747,-0.774172,-1.283910,-0.390537,-1.062377,-0.644186,0.514933,-1.238879,-0.651936,-1.328888,-1.281012,-0.755515"
DB01388,"0.549845,-2.072028,1.296156,0.565418,1.507211,1.647326,-1.401111,0.724515,0.193672,1.159230,-0.343125,-1.689095,-0.050709,1.171393,0.398492,-1.403383,0.231254,-0.804929,0.872328,-0.619702,-2.133911,-0.227183,-0.313613,-1.199928,-2.203660,-0.007003,0.540279,-0.782647,-1.318983,-0.864190,-1.254395,-2.095747,2.496987,0.331158,-1.387960,0.184616,0.543818,-1.026917,-1.766074,-0.622597,1.636228,-1.125869,1.343096,-1.722016,-1.475071,-1.772132,-1.456232,0.982931,0.516120,1.776808,2.651744,-1.941685,0.379494,1.482294,1.387100,0.933506,0.524639,0.409128,-1.641234,1.650651,1.918315,1.364179,1.775883,2.371065"
DB05015,"-0.117481,-0.455527,-0.445593,-0.276743,-0.354398,0.315794,-0.722747,0.617611,-0.837139,0.106290,0.937448,1.659161,-0.496109,-0.485321,0.177098,0.410366,0.883613,0.673739,0.075150,-0.798314,-0.151511,1.727020,0.770728,0.379072,0.935887,-1.817036,-1.325918,0.502489,0.149214,-0.156786,0.526868,-0.595590,-0.165639,-1.039930,0.374260,-0.691800,-0.436098,1.187765,0.354890,1.265597,0.830926,-0.536718,-0.445289,-0.531614,0.401934,-0.439951,0.395811,-0.113021,-0.347944,0.835215,0.387890,-0.718441,-0.197351,-0.732898,-0.468573,-0.507174,-0.364287,0.056307,-1.800869,0.093347,0.108579,-0.350853,-0.036263,-0.431453"
DB00342,"-2.155887,-0.411598,0.976759,-0.630544,1.220555,1.532546,-1.540685,0.990623,-0.359633,3.188325,0.746737,-0.589467,-1.357282,1.108656,1.280383,-1.174937,0.110632,-1.264313,2.997215,-0.402407,0.890801,0.246636,1.471871,-0.002219,-3.385982,-0.170918,-0.114826,-0.263596,-0.226581,0.531854,-0.739904,-1.137180,0.569997,0.480447,-1.263062,-0.445290,-0.010989,0.306195,0.263237,1.566853,2.573909,-2.389114,1.023943,-0.004165,-1.328745,-2.696263,-0.966415,-0.991578,-1.403720,-2.312312,2.522798,-1.971593,1.251424,1.447029,0.846623,-0.763617,-0.692847,1.987666,-1.210641,0.557019,1.454085,1.180027,0.978339,1.932915"
DB12806,"-0.539127,1.152977,-1.348934,-0.921639,-1.392377,-1.299949,0.776308,0.378890,0.099101,-0.054271,0.716475,0.764265,-0.852614,-1.306807,-0.292276,1.373478,0.960198,1.068402,-0.647655,-0.795201,-0.193000,-0.344428,-0.432095,1.240123,0.058552,0.528865,-0.769242,-0.717333,0.863730,0.987425,1.305890,0.774615,-1.189094,-0.477416,1.378778,-1.025075,0.852002,0.403200,1.113354,0.469283,-1.314028,0.224083,-1.349174,1.293268,1.382266,0.342479,1.361974,-1.029838,-0.976268,-0.270941,-0.687299,0.381234,0.302860,-0.910730,-1.330589,-0.361859,-1.062110,-0.658047,0.640410,-1.249944,-0.673314,-1.376290,-1.329286,-0.837009"
DB01421,"0.649107,0.200945,0.087693,0.988108,0.001850,-0.527902,1.305629,0.161845,0.801111,-0.825621,-0.857108,-0.537069,0.761659,0.380260,-0.725492,-0.053494,-0.180233,-0.363477,-0.416459,0.620351,0.323176,-0.795483,-1.414440,-0.268802,0.593754,-0.094457,0.979620,0.944968,-0.619480,0.591457,-0.146660,1.320144,-0.245028,1.042431,-0.024893,0.708514,0.254458,-0.017544,0.500544,-0.806967,-0.205813,1.608241,0.100259,0.385154,-0.029955,1.483863,-0.126585,0.048832,0.227701,0.984328,-1.331883,0.854257,-0.633204,-0.155963,0.162229,-0.489343,-0.265333,-1.261369,0.533811,-0.759206,0.441373,0.072680,0.129383,-0.042489"
DB00452,"0.646627,0.225688,0.086641,0.990196,-0.002944,-0.555571,1.311992,0.135585,0.753204,-0.829676,-0.858830,-0.534248,0.761022,0.378830,-0.733879,-0.049422,-0.179866,-0.330306,-0.428566,0.599895,0.330614,-0.794155,-1.413352,-0.271794,0.615040,-0.079764,0.985295,0.894173,-0.636347,0.601183,-0.147817,1.326644,-0.262975,1.030130,-0.021246,0.696770,0.256673,-0.032805,0.504767,-0.740252,-0.227858,1.611766,0.099632,0.388273,-0.026038,1.501627,-0.124557,0.046104,0.224315,0.970618,-1.331238,0.878587,-0.618214,-0.160746,0.161794,-0.475880,-0.267484,-1.288958,0.546866,-0.774245,0.450797,0.069957,0.128953,-0.038049"
DB00955,"0.625839,0.211874,0.082339,0.974134,-0.003705,-0.535908,1.301671,0.177651,0.755067,-0.828189,-0.860140,-0.521455,0.759850,0.371823,-0.709347,-0.048656,-0.188971,-0.353401,-0.421825,0.617461,0.339095,-0.796343,-1.403009,-0.258574,0.611269,-0.090817,0.977315,0.939057,-0.639172,0.603553,-0.140203,1.320397,-0.259615,1.044498,-0.020370,0.689092,0.242128,-0.017481,0.511053,-0.776942,-0.223901,1.600614,0.095025,0.393567,-0.024849,1.481489,-0.119695,0.042354,0.220181,0.983715,-1.332039,0.862468,-0.657647,-0.160945,0.154628,-0.511827,-0.269070,-1.269492,0.543182,-0.773321,0.429412,0.068136,0.116684,-0.036293"
DB00471,"-1.051537,1.165703,-0.456598,-0.760704,-0.497714,-0.762753,-0.212913,0.253088,-0.053734,1.359234,1.006058,1.733547,-1.105484,-0.372044,-1.738836,0.419415,0.586478,0.936649,1.680034,-0.376705,0.490768,0.236631,0.909489,0.859595,0.389120,-0.813309,-0.596615,0.464164,0.133139,0.460846,0.584943,-0.139566,-0.722223,-1.087224,0.370864,-0.366940,0.284277,1.191462,0.561050,-0.078044,-0.193620,-0.198217,-0.408476,0.803293,0.410844,0.263173,0.505242,-0.781355,-0.988126,-0.578414,0.874064,-0.303991,0.333728,-0.306120,-0.526108,0.053049,-0.711108,-0.207181,-0.651027,-0.066076,-0.017908,-0.349572,0.455946,-0.432570"
DB11998,"-0.517415,1.164895,-1.354091,-0.924023,-1.400348,-1.314178,0.792907,0.350523,0.130542,-0.060200,0.741744,0.754407,-0.839943,-1.323544,-0.309195,1.381117,0.972403,1.078160,-0.664048,-0.802955,-0.232277,-0.363101,-0.445627,1.240120,0.059706,0.534667,-0.745773,-0.776204,0.867515,0.992600,1.309281,0.795443,-1.198850,-0.468702,1.386611,-1.023471,0.896948,0.402336,1.127839,0.474708,-1.328218,0.240919,-1.354496,1.303017,1.389775,0.357939,1.367679,-1.033373,-0.984827,-0.298076,-0.705995,0.409089,0.328843,-0.924418,-1.333878,-0.352712,-1.068674,-0.688700,0.652872,-1.277070,-0.676919,-1.383555,-1.360054,-0.832441"
DB00649,"-0.806913,0.858415,-1.164383,-0.873746,-1.181378,-1.111359,0.599321,0.626069,-0.334553,-0.248551,0.359157,0.863311,-0.618818,-1.103225,-0.072018,1.150134,0.673190,0.767371,-0.806404,-0.555316,0.057677,-0.258870,0.064002,1.182984,0.193713,0.626020,-0.902985,-0.226232,0.686416,0.811520,1.176235,0.448792,-1.083105,-0.765425,1.152452,-0.712827,0.256190,0.126575,0.730766,-0.079128,-1.198667,0.131800,-1.191345,1.109542,1.164904,0.275998,1.198813,-0.943229,-0.767886,0.125701,-0.546384,0.132565,-0.186406,-0.714259,-1.213031,-0.558406,-0.627759,-0.402932,0.449113,-0.631954,-0.658749,-1.165902,-0.926656,-1.081277"
DB12028,"-0.495380,1.038580,-1.301435,-0.930130,-1.340874,-1.225358,0.666152,0.243198,0.053659,-0.124796,0.760509,0.751618,-0.791611,-1.294063,-0.172484,1.326133,0.983358,1.039016,-0.556973,-0.772231,-0.149717,-0.227175,-0.381817,1.182022,0.087472,0.504396,-0.777562,-0.737329,0.922989,0.882797,1.257637,0.690773,-1.125886,-0.425696,1.330197,-0.995961,0.879054,0.500974,1.046463,0.541327,-1.264361,0.183466,-1.300858,1.200295,1.332969,0.340201,1.315431,-0.949967,-0.893890,-0.288477,-0.722411,0.359084,0.324190,-0.930438,-1.287418,-0.301123,-0.982114,-0.589952,0.532119,-1.180234,-0.705743,-1.324878,-1.311443,-0.840187"
DB12831,"0.344099,-0.615555,-0.533566,-0.314579,-0.415788,0.308570,-0.242019,1.185829,-0.409008,-0.124726,0.207941,0.563012,0.398722,-0.437869,1.081098,0.529229,0.601361,0.238156,-0.849550,-0.623092,0.441603,1.446388,-0.136543,0.300734,0.715784,-1.496432,-0.752187,0.137974,1.528954,-0.012551,0.559959,0.221232,0.029942,0.415057,0.523982,-0.293183,-0.253355,0.898005,0.533508,0.779860,0.083107,-0.037099,-0.562677,-0.280918,0.487070,-0.107167,0.456220,-0.207005,0.092044,-0.370816,-0.395039,-0.377930,0.319072,-1.542913,-0.518571,-0.971686,-0.615481,0.324645,-0.599410,0.412685,0.496771,-0.501388,-0.045766,-0.154615"
DB09085,"0.012036,-1.716868,1.019238,-0.930891,0.983527,1.595349,-2.914947,-4.083568,-1.166878,-2.632702,0.743049,0.301831,1.600277,0.317196,2.691027,-0.967220,-0.471035,-0.304199,1.326125,1.517588,3.166226,2.871023,2.522228,-1.332450,2.561387,0.793237,-0.447638,-0.185431,1.332748,-2.855417,-1.079159,-2.351141,0.644411,0.701325,-0.993627,0.697731,-0.622693,1.682724,-1.700119,1.118190,0.006826,-0.619245,1.004009,-2.221886,-0.923650,0.600309,-0.843439,2.262847,2.121181,-1.035138,-2.082654,0.267601,-0.983763,0.071964,0.806469,1.796161,2.784207,1.707118,-2.286996,1.481964,-2.355956,1.030131,-0.009975,-1.251903"
DB00822,"-0.409198,0.029563,-0.260442,-0.447886,-0.108279,0.168272,-1.407995,0.984374,-0.375828,-0.274671,0.622169,0.283463,-0.304961,-0.081783,1.112521,0.228238,0.891162,0.597726,-0.087182,-1.344462,0.020962,1.185412,0.144461,0.211917,-1.168000,-0.054932,-0.891080,1.153765,0.371873,0.092789,0.191577,-1.070918,0.721293,0.399472,0.206798,-1.340597,1.148641,0.345820,-0.168947,0.743721,-0.376708,-1.687881,-0.258041,0.226823,0.172254,-0.968221,0.233645,-0.110428,-0.238251,0.582366,0.880748,-1.520302,1.754773,-0.984139,-0.233979,-0.024287,-0.297512,0.343455,-0.458509,0.838646,0.282299,-0.275814,-0.303462,0.951824"
DB01910,"-0.512517,1.142957,-1.349538,-0.926809,-1.394353,-1.307331,0.781600,0.351907,0.139215,-0.062908,0.742910,0.750043,-0.830832,-1.321166,-0.295318,1.376164,0.981394,1.074170,-0.646536,-0.792773,-0.218754,-0.351712,-0.450605,1.235755,0.055840,0.526536,-0.753792,-0.767278,0.878037,0.985307,1.305447,0.803919,-1.190789,-0.445529,1.381566,-1.020705,0.892890,0.406663,1.125494,0.487081,-1.316112,0.234535,-1.350037,1.301999,1.384194,0.354172,1.362420,-1.028515,-0.980762,-0.305604,-0.727949,0.403954,0.323420,-0.933569,-1.328758,-0.360744,-1.075002,-0.675423,0.642767,-1.267256,-0.671267,-1.378313,-1.361157,-0.818207"
DB12629,"-1.025377,0.705699,-1.066155,-0.914115,-1.032881,-0.872564,0.534178,0.812640,-0.706119,-0.073795,0.424632,0.866202,-0.987989,-1.134688,0.615384,1.028334,0.837113,0.483700,-0.058582,-0.575809,0.472962,-0.040203,-0.084443,1.226350,-0.195642,0.140159,-0.946421,0.001263,0.918105,0.912947,1.111889,0.395212,-0.956960,-0.443055,1.012392,-1.000736,0.302736,0.648968,0.981141,0.715852,-0.619634,-0.113032,-1.068361,1.014203,1.020812,-0.038235,1.091012,-1.060722,-0.891936,-0.175470,-0.418367,0.096804,-0.094446,-0.329332,-1.120902,-1.033076,-1.066072,-0.030568,0.420244,-0.938807,-0.539317,-1.016606,-0.724584,-0.930335"
DB01282,"0.562486,-0.002287,-0.879200,-0.921576,-0.882436,-0.426203,0.027780,0.713030,0.905972,0.117093,0.472338,0.113675,-0.412267,-1.265188,0.109207,0.870605,1.090995,0.538716,-0.986869,-0.779532,-2.294428,-1.094101,-0.668092,0.600695,0.338131,0.713035,-0.634914,-1.932119,0.803098,0.191948,0.789053,-0.509570,0.529121,-1.237227,0.933193,-0.322130,1.778388,-0.570265,-0.361424,-0.242349,-1.335918,0.451032,-0.838423,-0.145039,0.898127,0.170161,0.814148,-0.107130,-0.073493,0.539296,-0.361833,0.633436,0.058670,-0.597593,-0.777864,0.608943,-0.162296,-0.838290,0.037479,-0.122086,0.318753,-0.920760,-0.548782,-0.198110"
DB01212,"0.554455,0.317175,0.125254,0.990932,0.018022,-0.787894,1.362005,0.237811,-0.720543,-1.185467,-1.162130,-0.395208,1.000501,0.416758,-0.689116,-0.087257,-0.402976,-0.124755,-0.858415,0.589304,0.677601,-0.912088,-1.105803,-0.274424,0.885083,0.195369,1.042162,1.065104,-1.279502,0.747195,-0.177926,1.390363,-0.295311,0.720142,-0.060870,0.531812,0.007761,-0.465494,0.493076,-0.306895,-0.622213,1.660474,0.137188,0.397238,-0.059106,1.680359,-0.145275,0.062259,0.248811,1.235857,-1.351559,1.125538,-0.645806,-0.351842,0.182602,-0.754752,-0.043051,-1.663504,0.660886,-0.813809,0.528233,0.107421,0.178990,0.095934"
DB00627,"-0.596170,0.660453,-0.620505,-0.887580,-0.621043,-0.875051,0.323473,0.412348,-0.737747,0.502554,0.814845,0.054480,-0.881098,-0.703122,-0.078494,0.615653,0.586128,0.617146,-0.343715,-0.742443,-0.270110,-0.463767,-0.382658,0.803654,-0.752176,0.744178,-0.405065,-1.455927,0.431969,0.682508,0.685342,0.308022,-0.448071,-0.120777,0.588858,-0.900215,0.455657,0.252159,0.768806,0.244329,-0.872305,-0.286503,-0.641511,0.761881,0.583447,-0.282369,0.674464,-0.896849,-0.984953,-0.545608,0.267149,-0.252692,0.982557,-0.355075,-0.629645,-0.131928,-0.749212,-0.570168,0.078338,-0.384366,-0.254721,-0.644339,-0.907428,0.065724"
DB06670,"-1.139713,0.549072,-0.825886,-0.798090,-0.793191,-0.471120,-0.092262,0.912541,0.276319,0.872425,0.010532,1.619081,-1.857841,-0.879249,-0.819810,0.734165,1.112847,1.017191,1.162800,-0.215252,0.610730,0.174712,0.842209,1.094292,0.046340,-0.611570,-1.200255,0.778394,0.192178,0.641755,0.968237,-0.720115,-0.504891,-1.632453,0.721634,-0.828344,-0.658900,0.420156,0.356079,-0.714748,0.663376,0.151193,-0.808882,0.552952,0.730611,-0.318628,0.816091,-0.837218,-0.549930,0.339497,0.104576,-0.635792,-0.952563,0.672814,-0.922862,-0.510233,-0.841824,0.067128,-0.697629,-0.283746,-0.070127,-0.676338,0.672313,-0.973364"
DB01196,"-0.157658,0.189570,-0.731292,-0.343073,-0.663345,-0.383739,0.160676,0.515954,-0.727586,0.197845,0.545357,0.517198,-0.587220,-0.393693,0.621122,0.714671,0.826767,0.386562,-0.800170,-0.928327,-0.112672,0.636446,0.047218,0.624216,-0.234985,-0.802107,-0.810565,0.576043,0.852025,0.583312,0.724445,0.615890,-0.676180,-0.394965,0.705860,-0.779765,0.185788,0.577103,0.885613,1.405504,-0.192832,-0.717573,-0.739591,0.443950,0.687010,-0.481106,0.680341,-0.751392,-0.684989,-0.469940,-0.262973,-0.249165,0.917439,-0.466810,-0.712499,-0.840914,-0.760565,0.132553,-0.272991,-0.710139,-0.099232,-0.715075,-0.756669,-0.353264"
DB05223,"0.899488,-0.254624,-0.418735,-0.266162,-0.318623,-0.087362,-1.717644,1.185322,0.697360,-1.040418,1.184315,0.543625,0.156789,-0.223273,-0.051108,0.522748,0.946625,1.833736,-1.730710,-1.808257,-1.030276,1.824702,-0.377329,-0.166174,-0.545722,-0.346103,-0.997504,0.127861,0.110048,-0.914838,0.206117,-1.073281,1.104835,0.259086,0.509406,-1.566843,1.151992,0.597335,-0.644088,0.624912,-0.951430,-1.514925,-0.398668,-0.395588,0.445654,-0.500279,0.346646,0.751705,0.074219,0.800253,0.491329,-1.483281,2.840112,-1.767036,-0.249180,1.073673,0.056059,-0.659557,-1.199236,1.167332,0.042652,-0.551300,-0.811682,1.211448"
DB12565,"0.760632,-0.269941,-0.406654,-0.268464,-0.303198,-0.008042,-1.608599,1.138123,0.705637,-0.922287,1.122273,0.541560,0.089883,-0.160717,-0.068334,0.499970,0.932518,1.826928,-1.409818,-1.815842,-1.009468,1.785860,-0.322879,-0.160565,-0.615643,-0.330013,-0.914860,0.221696,0.216856,-0.869833,0.210467,-1.132426,1.088349,0.193364,0.487477,-1.522310,1.009267,0.514673,-0.608549,0.518830,-0.871093,-1.468837,-0.389544,-0.359604,0.425090,-0.544853,0.329137,0.694390,-0.022793,0.941799,0.533573,-1.522528,2.777410,-1.672681,-0.241397,1.081855,-0.023724,-0.585640,-1.221730,1.156364,0.061067,-0.524597,-0.738672,1.145807"
DB01188,"-0.511662,1.124306,-1.342206,-0.923181,-1.384862,-1.284308,0.775387,0.371259,0.127138,-0.075517,0.739847,0.754192,-0.818194,-1.315683,-0.267277,1.367742,0.972052,1.058397,-0.649114,-0.787893,-0.208649,-0.334226,-0.439131,1.229991,0.056462,0.512176,-0.754870,-0.753246,0.884421,0.974192,1.300121,0.790022,-1.174823,-0.438914,1.372803,-1.014723,0.880214,0.415206,1.119307,0.482818,-1.301734,0.243395,-1.343063,1.286737,1.375296,0.343721,1.355252,-1.020807,-0.969331,-0.302764,-0.730849,0.396583,0.313994,-0.938648,-1.323209,-0.368113,-1.068357,-0.666363,0.633174,-1.253938,-0.668374,-1.369472,-1.348786,-0.826016"
DB09069,"-0.514576,1.165529,-1.353111,-0.923265,-1.399356,-1.311566,0.790949,0.352172,0.123346,-0.063068,0.742256,0.753854,-0.841131,-1.322207,-0.308300,1.380291,0.969836,1.078169,-0.662933,-0.803250,-0.232419,-0.361989,-0.443511,1.239003,0.059199,0.530562,-0.747611,-0.773927,0.867824,0.990752,1.308512,0.794819,-1.196729,-0.468466,1.385885,-1.025959,0.896037,0.404644,1.128366,0.482682,-1.329737,0.239393,-1.353600,1.304782,1.388961,0.356152,1.367015,-1.031151,-0.981851,-0.296461,-0.704400,0.406128,0.329087,-0.927144,-1.333127,-0.350882,-1.069393,-0.686809,0.652265,-1.276914,-0.676669,-1.382640,-1.361709,-0.832403"
DB06813,"1.037343,-0.382936,0.466855,1.467319,0.417883,-0.132362,0.955427,0.367109,-0.991722,-1.056955,-1.161008,-0.464280,1.124146,0.901000,-0.333806,-0.422215,-0.408883,-0.375349,-1.089928,0.372268,0.421226,-0.120201,-0.974943,-0.708573,0.889221,-0.798763,0.977895,1.425571,-1.328054,0.308754,-0.512714,1.250921,0.047590,0.814250,-0.407216,0.608024,-0.610865,-0.200470,0.303001,0.402049,0.206443,1.196443,0.464337,-0.292346,-0.416008,1.144750,-0.537079,0.379207,0.489463,1.124285,-0.986896,0.563843,-0.313365,-0.002849,0.545072,-0.809818,0.117781,-1.198404,0.068779,-0.491587,0.893917,0.450634,0.381858,0.369901"
DB12093,"1.826805,-2.723399,1.858449,0.927319,1.958855,2.634990,-2.541816,-1.341940,0.584610,-0.348551,-1.215524,-2.202752,1.521482,1.671492,1.509512,-1.820606,-1.475791,-1.068208,-0.256290,0.750725,-1.031463,0.668850,0.681922,-2.288394,-0.939614,1.320943,1.094137,-0.624918,-0.864761,-2.597096,-1.967913,-2.285571,2.634311,0.773517,-1.763789,1.020495,-0.986508,-2.102345,-3.023528,-1.602046,1.227444,-1.264588,1.817690,-2.580886,-1.818692,-1.778569,-1.928136,2.491963,2.570334,0.717044,1.106919,-0.912936,-0.766453,1.451824,1.919550,2.034857,2.245082,1.807791,-0.198934,2.286151,0.087778,1.714814,0.894604,2.017887"
DB00934,"-0.387865,-1.450454,1.941233,1.137649,1.987779,2.034051,-1.135307,-0.854824,0.421585,0.330030,-0.845013,-1.200607,1.599259,1.906208,0.783717,-1.955982,-1.631632,-1.504225,1.034227,1.012759,1.695339,0.921315,1.379205,-1.638027,-0.457431,0.591629,1.356544,-0.142184,-0.948374,-1.240105,-1.925501,-0.714005,0.994093,2.453950,-1.970641,1.226286,-1.816008,-0.948428,-1.235361,-0.161116,1.736065,-0.947980,1.869722,-1.137863,-1.985216,-0.968215,-1.922595,1.283694,0.892059,-1.444926,0.689614,-0.791089,-0.275188,1.326973,1.885042,0.709685,1.128933,1.868784,0.130886,1.394589,0.468561,1.937583,0.321428,1.990970"
DB00766,"-0.529680,1.003929,-1.293155,-0.941023,-1.329322,-1.213608,0.654318,0.279201,0.023765,-0.119308,0.764928,0.761505,-0.761797,-1.291000,-0.132784,1.314767,0.973396,1.011718,-0.525660,-0.754274,-0.107377,-0.204724,-0.360762,1.182723,0.109894,0.497931,-0.794259,-0.733099,0.930005,0.893979,1.253796,0.701258,-1.127052,-0.380509,1.318048,-0.979140,0.873740,0.511088,1.062841,0.567678,-1.244684,0.187553,-1.293049,1.189662,1.321349,0.342664,1.306564,-0.954977,-0.904175,-0.275873,-0.748919,0.360673,0.278545,-0.968839,-1.282475,-0.344288,-0.993404,-0.576675,0.507484,-1.176255,-0.689120,-1.312415,-1.307100,-0.820429"
DB00540,"0.507204,-2.687701,2.322269,0.939018,2.489788,2.840740,-2.035828,-0.736675,1.598450,0.534777,-0.409005,-2.019946,1.204184,1.999437,1.284117,-2.317937,-1.244081,-1.765636,0.903947,0.885962,0.123677,0.971434,1.140323,-2.209178,-1.749026,0.212850,0.942389,-0.886470,-1.067317,-2.258792,-2.321060,-2.069973,2.397532,2.049619,-2.333076,1.064258,-1.495980,-1.247224,-2.289177,-0.007764,2.801263,-1.439299,2.285052,-2.267194,-2.396680,-2.337850,-2.335900,2.009940,1.332268,-1.292410,1.607349,-1.761213,0.249912,1.646162,2.306811,1.607629,1.604674,2.494690,-1.129831,2.386081,0.884067,2.279980,1.237998,2.445357"
DB00250,"-1.361527,1.205826,-0.486972,-0.897961,-0.496680,-0.772001,-0.086138,0.006474,-0.631087,1.210062,0.676790,1.164252,-1.401993,-0.636355,-0.673936,0.396959,0.563095,0.378912,1.684359,-0.144661,0.685730,0.051929,1.050929,1.005047,-0.033546,-0.562505,-0.989044,0.876983,0.258382,0.937943,0.635112,-0.123265,-0.864209,-1.004693,0.362222,-0.387733,0.457277,0.836865,0.705318,-0.142820,0.192429,-0.545506,-0.457529,1.238289,0.409000,-0.084702,0.549711,-1.234640,-0.976951,-0.586751,0.704356,-0.351074,0.076986,-0.220955,-0.624269,-0.463391,-0.620767,0.412060,-0.259368,-0.325298,-0.160646,-0.360187,0.454743,-0.514070"
DB01242,"-0.310568,-1.797356,2.539424,1.385947,2.599946,2.348474,-0.780106,-0.596816,-0.019683,0.567884,-1.363555,-2.002921,2.488234,2.456692,1.063851,-2.573368,-2.177371,-2.368695,0.942183,1.383948,1.505971,0.360978,1.021305,-2.042884,-0.197448,-0.183521,2.158484,0.002690,-1.175595,-1.265958,-2.498488,-0.570335,1.529028,2.963546,-2.583768,2.010046,-1.534122,-1.180200,-1.465924,-0.520572,1.644012,-0.757481,2.504124,-1.339319,-2.612778,-0.813038,-2.515315,1.513418,1.294131,-1.659394,1.225517,-0.454468,-0.142480,1.076617,2.467895,0.026112,1.503538,1.799575,0.445021,1.816422,1.118262,2.555226,1.089823,2.596725"
DB00235,"0.887016,0.663784,0.100345,1.217498,-0.058337,-1.085623,1.620411,0.006535,-0.310688,-1.199384,-0.942929,-0.527451,0.876202,0.406606,-1.227617,-0.019683,-0.366058,-0.000778,-0.912850,0.547120,0.240298,-1.224120,-1.389761,-0.344784,0.760020,0.267510,1.069794,0.910283,-1.530765,0.772450,-0.217144,1.711620,-0.356542,0.679692,0.010611,0.491877,0.441815,-0.607530,0.576018,0.019601,-0.747006,1.758695,0.123149,0.576581,0.016806,1.793441,-0.126942,0.095733,0.185519,1.268884,-1.219374,1.310658,-0.267987,-0.220245,0.216191,-0.407380,-0.163487,-1.934918,0.994638,-1.222769,0.467360,0.032129,0.034354,0.106230"
DB00421,"1.611397,-0.456101,0.628473,1.308573,0.566886,0.178976,0.971815,0.596971,1.202594,-0.055929,-1.424748,-1.382859,1.140561,0.251915,-0.701437,-0.669271,-0.340186,-1.542656,-1.168824,0.841128,-2.171829,-2.137770,-1.293962,-0.766180,0.515073,0.021476,1.114121,0.607146,-1.173099,0.248287,-0.721931,0.546114,0.877655,-0.335697,-0.570846,1.898124,0.993111,-1.217044,-0.729772,-2.019335,0.100157,1.345228,0.660666,-0.707934,-0.588843,1.220423,-0.752413,0.662515,0.977668,1.681123,0.436398,1.136089,-0.965440,0.566060,0.743586,0.015960,0.857375,-1.097184,0.886459,0.141452,1.306134,0.629564,1.069048,0.569669"
DB00700,"0.987105,-0.164373,0.752370,1.158543,0.699159,0.166979,0.990915,0.568300,-0.409658,0.194367,-1.438442,-1.868821,1.028009,0.122397,0.151779,-0.833918,-0.734737,-1.882203,-0.669882,0.962652,-1.748610,-2.127901,-0.693777,-0.532687,-0.102172,0.092491,1.146685,0.342157,-1.135198,0.729327,-0.779940,0.914574,0.623631,0.333046,-0.755533,1.636732,1.139118,-1.511859,-0.447174,-1.063464,0.424886,0.641464,0.771487,-0.014333,-0.758822,0.672251,-0.827901,-0.003612,0.779648,0.621510,0.713824,1.269561,-0.735901,0.704235,0.789064,-0.864198,0.512056,-0.433835,2.138047,-0.267804,1.302950,0.777506,0.850547,1.145702"
DB12833,"0.747462,0.502705,0.205341,-0.416646,0.045831,0.336323,-0.517059,-2.365926,0.831371,-1.647376,0.057745,0.172609,0.441464,-0.185665,-0.196279,-0.066218,-1.169633,0.749033,-0.703771,1.256978,0.804610,0.278705,1.107972,-0.628062,1.327195,1.724811,-0.094799,-0.427417,0.252688,-1.651525,-0.308043,-0.845395,-0.103083,-0.874908,-0.051191,0.129319,-1.260182,-1.169826,-1.044946,-0.806832,-0.655393,0.275504,0.159368,-0.552584,0.016442,0.339726,-0.042971,1.138864,1.221335,-0.172659,-1.431931,1.147331,-0.962871,0.221073,0.147474,1.623448,1.524107,0.367796,1.113720,0.342459,-2.169860,0.036579,-0.483084,-1.353106"
DB04948,"0.561636,-1.354898,2.249217,1.259235,2.228124,2.293073,-1.036941,-0.970344,1.392243,-0.051615,-1.208507,-1.676610,2.326892,1.759057,0.354061,-2.231881,-1.958786,-1.718907,0.345835,1.530230,0.655303,0.093706,0.903973,-2.115088,0.543761,0.685573,1.908624,-0.035993,-1.369661,-1.567223,-2.297503,-0.954582,1.636323,2.095532,-2.202561,1.960280,-1.150928,-1.586940,-1.737719,-1.353564,1.289195,-0.218055,2.209449,-1.520568,-2.205429,-0.249549,-2.226478,1.908939,1.600942,-0.808297,0.598844,0.112593,-0.624888,0.854875,2.244237,0.971872,1.855956,1.136875,0.869477,1.596599,0.656480,2.192898,0.611370,2.251735"
DB00953,"0.855696,0.535694,0.864012,2.193949,0.666042,-0.783860,1.642203,-0.035333,-0.540267,-1.293783,-1.989752,-0.902181,1.872328,1.079091,-1.431408,-0.786445,-1.786682,-0.946531,-1.136278,1.269411,0.115211,-1.349729,-1.085191,-0.994087,1.192909,0.125658,1.757462,1.330518,-2.347612,0.466457,-0.976017,1.919849,-0.012695,0.956228,-0.750189,1.253893,-0.387419,-1.615339,0.030302,0.526060,-0.421233,1.859620,0.878721,0.084392,-0.719334,1.935356,-0.887936,0.530551,0.628463,1.918920,-0.944073,1.921943,-0.824518,-0.093620,0.945722,-0.630145,0.668056,-1.909922,1.663528,-0.896794,0.773490,0.796016,0.731024,0.593932"
DB05266,"1.383424,-1.148459,-0.302980,-0.161827,-0.175661,0.758107,-0.315679,1.210646,0.920541,0.066834,0.153672,-0.318902,0.221137,-0.495087,0.942805,0.259083,1.047221,-0.343185,-1.222304,-0.794594,-2.547781,-0.167049,-0.707432,-0.086547,0.190235,-0.865751,-0.517984,-0.783451,1.080154,-0.361861,0.243964,-0.575155,1.159705,-0.806980,0.322932,0.377836,1.177531,-0.076774,-0.717277,-0.562202,-0.060788,-0.035481,-0.285704,-1.116751,0.259308,-0.277821,0.156944,0.346688,0.372546,0.456786,0.189112,-0.164024,0.227724,-0.562038,-0.185148,0.078252,0.137464,-0.023083,-0.657564,0.812026,0.967942,-0.301980,0.073388,0.109916"
DB00982,"0.343165,0.314796,0.165251,0.886621,0.083769,-0.716549,1.356796,0.521603,-1.053348,-0.643773,-1.339830,-0.395705,0.506583,0.299975,-0.486719,-0.180226,-0.265727,-0.406650,-0.635040,0.631989,0.560735,-1.275008,-0.873591,-0.129984,0.396496,0.158823,0.823135,1.227175,-1.578606,1.025416,-0.194109,1.158239,-0.281131,0.298609,-0.146505,0.598558,0.000665,-0.568562,0.461623,-0.789087,-0.270062,1.357664,0.181018,0.644210,-0.148647,1.305649,-0.188574,-0.162105,0.303515,0.739698,-0.833979,0.845907,-0.721914,0.283028,0.200772,-0.971974,-0.114145,-1.301720,0.555798,-0.775147,0.687201,0.185228,0.458604,0.126121"
DB01042,"0.412558,-0.223030,-0.739015,-0.126874,-0.654194,-0.196949,-0.000477,0.732445,-0.755260,-0.175689,0.401923,0.561288,-0.202351,-0.290030,0.629346,0.752252,0.811218,0.624424,-1.399046,-1.100565,-0.285337,1.186042,-0.109597,0.402292,0.159038,-1.183918,-0.897257,0.655023,1.114145,0.181297,0.699669,0.521344,-0.340679,-0.386316,0.752741,-0.754899,-0.176501,0.572315,0.639562,1.342000,-0.267939,-0.655275,-0.765882,-0.015296,0.723299,-0.396307,0.648295,-0.370070,-0.283985,-0.033025,-0.352978,-0.438630,1.084914,-0.827127,-0.676050,-0.677276,-0.614633,0.091011,-0.528000,-0.246510,0.041811,-0.753386,-0.684797,-0.313080"
DB00518,"-0.983993,1.508793,-0.277044,-1.259566,-0.364408,-0.126511,-0.043551,0.136794,1.461895,1.944682,2.327396,1.550928,-0.789888,-0.307122,-2.269066,0.279639,0.201976,0.802841,1.956167,-0.067591,-0.280303,0.144740,0.537088,0.725127,0.799077,-1.530698,-0.713690,-0.790418,-0.463439,0.196781,0.380539,0.291537,-0.906806,-1.445898,0.203956,-0.011330,1.410089,2.387539,1.109050,-0.330922,-0.230566,-0.089425,-0.162279,1.028187,0.271134,0.534152,0.407954,-0.727847,-1.599434,-1.908777,0.795254,0.219192,1.193810,-1.849212,-0.281330,-0.142995,-0.618740,-0.746173,-0.986138,-0.426035,-0.088298,-0.207556,-0.798548,-0.366058"
DB00550,"-0.166374,-0.661301,-0.679461,-0.255297,-0.522827,-0.060275,0.088340,1.474254,-1.150819,-0.735969,0.043400,0.664201,-0.204972,-0.409439,1.471177,0.634620,0.777745,0.104324,-1.162795,-0.760523,0.276146,1.249005,-0.050743,0.601774,-0.163102,-1.139394,-0.964476,1.095714,1.308582,0.145586,0.741935,0.320708,-0.126698,-0.020071,0.621103,-0.758169,-0.669936,0.744769,0.570249,1.155897,0.061758,-0.609274,-0.731721,-0.131971,0.598828,-0.521128,0.621151,-0.428050,-0.312315,0.358986,-0.518048,-0.667448,0.410844,-0.307042,-0.692658,-1.389484,-0.711517,0.409253,-0.570783,0.116571,-0.024192,-0.635153,-0.408240,-0.684848"
DB00774,"1.470331,-1.800362,0.933825,1.808532,1.053888,1.456755,0.655060,0.924482,1.762877,0.164135,-1.855905,-1.484009,1.244554,1.069467,0.242865,-1.041847,-0.360395,-2.230391,-1.128328,0.652028,-1.734856,-1.041468,-1.299967,-1.031038,-0.423317,-1.063341,1.184463,1.613846,-0.553485,-0.074350,-0.910791,0.299184,1.103041,0.027253,-0.960707,1.960008,-0.560235,-0.604273,-0.768334,-2.417908,1.917428,1.016318,0.915652,-1.372946,-1.025381,-0.067423,-1.127604,0.591322,0.694302,0.955077,0.416791,-0.284145,-1.154740,1.200828,0.995414,-0.629587,0.759762,0.354370,0.101824,0.747106,1.687594,1.007070,1.462300,0.682325"
DB00230,"1.172837,-1.822836,1.704645,1.397076,1.706925,1.843183,-1.374124,-1.236863,0.673716,-1.402514,-0.947127,-1.422263,2.464318,1.835911,0.754857,-1.610381,-1.554062,-0.760453,-0.721360,1.085591,0.483672,0.918536,0.272834,-2.058771,0.706818,0.659815,1.598034,0.736771,-1.110639,-1.936465,-1.817598,-0.728089,1.377145,2.149611,-1.591230,1.221849,-1.110891,-1.228032,-1.977965,-1.028551,0.496886,-0.411771,1.648861,-1.687132,-1.611288,-0.204629,-1.687162,2.077616,1.947751,0.577437,-0.168763,-0.154929,-0.836514,0.240523,1.710060,0.943199,1.873175,0.790304,0.543169,1.638040,-0.034031,1.568102,0.173175,1.469371"
DB04572,"-0.250022,-0.967410,0.008190,-0.327466,0.148864,0.715941,-0.437573,0.641917,-0.553139,1.209631,0.980687,0.376659,-0.290848,0.443205,0.639711,-0.053211,0.369183,-0.256757,-0.058144,-0.637670,-0.374099,1.254184,0.667467,0.101264,-0.393970,-1.561656,-0.718439,0.090503,0.299705,0.045080,0.100573,0.380959,-0.415773,-0.376426,-0.097981,-0.020083,-0.489535,1.299079,0.670775,1.515657,1.229610,-1.004030,0.011237,-0.400787,-0.130565,-0.984349,-0.069063,-0.553289,-0.967152,-1.238438,0.207645,-0.984762,1.016100,-0.391181,-0.002842,-1.190644,-0.446053,0.904775,-1.754277,0.009907,1.002683,0.090023,-0.258757,0.208016"
DB00967,"0.828254,-1.544230,0.598071,0.281508,0.687819,1.596715,-2.260940,-0.790984,1.873266,-1.184337,0.530412,-0.245910,0.549792,0.468850,0.971458,-0.503922,-0.371739,0.298736,-0.538198,0.095251,-0.238331,1.995491,1.040710,-1.083822,-0.766125,0.785216,-0.535067,0.096919,-0.108123,-2.138997,-0.728301,-1.600744,1.096500,0.711300,-0.504666,-0.293724,-0.820765,-0.477721,-1.810749,-0.160790,0.992972,-1.558042,0.523878,-1.388399,-0.535126,-1.523808,-0.595321,1.501839,1.012577,0.127685,0.022671,-1.273088,0.307716,0.118553,0.625200,1.790247,1.176576,1.648586,-0.514866,1.646448,-0.811795,0.450172,-0.686978,0.470737"
DB00697,"0.375517,-2.525455,1.230517,-0.149617,1.386712,3.061963,-2.913360,-1.307542,1.798025,0.025906,0.380318,-0.155852,0.846372,0.638678,2.118636,-1.260556,0.061783,-0.891158,1.376210,0.212248,-0.457203,1.749944,1.690072,-1.344631,-0.173638,0.429945,-0.520391,-0.319722,0.762047,-2.690381,-1.294210,-3.235643,2.013739,-0.213081,-1.243498,0.889877,-0.367255,0.236839,-2.802055,-1.406618,1.365001,-1.749306,1.196242,-2.525866,-1.266134,-1.721970,-1.230700,2.097899,1.518718,-0.624903,1.352775,-1.395447,-0.220914,0.920823,1.198904,2.047992,1.926423,2.800997,-1.279541,2.946711,-0.086033,1.221773,0.327214,0.449549"
DB01194,"-0.523089,1.143648,-1.350539,-0.923335,-1.391751,-1.310161,0.768741,0.409655,0.086816,-0.062151,0.719170,0.738371,-0.870651,-1.313979,-0.309440,1.373632,0.943443,1.046236,-0.657310,-0.784858,-0.219861,-0.366056,-0.449296,1.246884,0.022846,0.553275,-0.747685,-0.717634,0.869522,0.998816,1.309903,0.781009,-1.193415,-0.463076,1.378945,-1.019521,0.878159,0.393991,1.114131,0.437396,-1.315770,0.246716,-1.349799,1.291913,1.382868,0.354250,1.363891,-1.042302,-0.974313,-0.286809,-0.721965,0.403554,0.294358,-0.916937,-1.334899,-0.380641,-1.054406,-0.685436,0.640902,-1.249884,-0.682811,-1.379089,-1.335961,-0.833370"
DB00262,"1.000221,-0.482786,0.780844,1.496593,0.724314,0.340659,0.658951,-0.139923,-0.684894,-0.367718,-0.530421,-0.250560,1.334165,1.238575,-0.674437,-0.747710,-0.455356,-0.419402,-0.046369,0.245494,0.131536,0.510710,-0.548536,-0.906618,1.345873,-1.816299,0.962426,1.433209,-1.254586,-0.018491,-0.808337,1.107214,0.208447,0.870573,-0.749403,0.999167,-0.156182,0.593599,0.191934,0.184747,0.519687,0.790247,0.793494,-0.485241,-0.741940,1.113462,-0.863228,0.543887,0.475892,0.642827,-0.216383,0.295715,0.237252,-0.250745,0.886487,-0.624626,0.135705,-0.803455,-0.438049,-0.083357,1.273601,0.795583,0.464859,0.629140"
DB00501,"-1.480234,0.591671,0.560592,0.543864,0.543652,-0.279723,0.912837,0.376172,-2.689575,0.302411,-0.939248,0.160485,0.209981,0.313199,0.061247,-0.686218,-0.803069,-0.943926,0.771041,0.487429,1.199256,-0.691237,0.716177,0.246204,0.660480,-0.226347,0.834058,1.734350,-1.238417,1.119286,-0.369909,0.427978,-0.714278,0.499463,-0.715065,0.759573,-1.125637,-0.107501,0.358247,-1.201158,0.138399,0.166351,0.542185,0.895060,-0.661665,0.720520,-0.487136,-0.834776,-0.338059,0.663899,0.861045,0.084339,-0.947827,0.655570,0.380431,-1.696307,-0.002895,-0.102451,0.934425,-0.136066,0.667118,0.721728,0.903237,0.204427"
DB00826,"-0.516624,1.053514,-1.305638,-0.938094,-1.346104,-1.240103,0.671715,0.244289,0.029319,-0.113711,0.763619,0.757866,-0.793949,-1.298825,-0.179412,1.329726,0.982031,1.034009,-0.558820,-0.773265,-0.142785,-0.244691,-0.371171,1.190623,0.099763,0.511107,-0.778348,-0.737997,0.910610,0.902485,1.261997,0.697478,-1.143024,-0.424382,1.333774,-0.994847,0.895316,0.503745,1.063138,0.539369,-1.282033,0.187011,-1.304952,1.209446,1.337204,0.349674,1.320442,-0.959901,-0.908492,-0.285997,-0.713135,0.365336,0.314596,-0.929222,-1.292504,-0.309337,-0.984686,-0.597441,0.524987,-1.194610,-0.707254,-1.328589,-1.319575,-0.842273"
DB05812,"-1.224063,1.026711,-0.609078,-1.005829,-0.603335,-0.626943,0.181169,0.216291,-0.432024,1.306485,0.666030,0.607942,-1.591280,-0.649142,-0.628364,0.533518,0.831045,0.583392,1.254774,-0.489662,0.664208,-0.127719,0.503842,1.012184,-0.623678,0.222327,-0.969242,-0.347320,0.475011,0.861020,0.702189,-0.218941,-0.536677,-0.366675,0.510052,-1.022756,0.420804,0.621410,0.766935,-0.085084,-0.094555,-0.361930,-0.607818,1.020388,0.527067,-0.333939,0.633568,-1.027736,-0.890592,-0.475330,0.838618,-0.676576,0.264675,0.288677,-0.665233,-0.082469,-1.089001,0.170873,-0.046127,-0.426208,-0.116663,-0.528575,-0.186040,-0.144775"
DB01181,"0.444829,-0.423333,1.374639,1.135915,1.278585,0.252732,0.142687,-0.040782,-1.559003,0.917198,-0.322374,0.084616,1.266050,1.463730,-1.351695,-1.374177,-1.121630,-0.701462,1.059146,1.043791,0.647260,0.208693,0.486036,-1.010517,1.725663,-2.168174,1.241440,1.264034,-2.150827,0.020751,-1.236293,0.959161,0.018465,0.197851,-1.419881,1.724996,-0.625483,0.411469,0.056476,0.647160,1.253928,0.793581,1.444971,-0.562222,-1.398300,1.146111,-1.378551,0.204618,0.232139,-0.495354,0.222001,0.595803,-0.030929,0.046313,1.349641,-0.977572,0.614105,-0.593842,-1.003200,0.266962,2.047930,1.486274,1.905892,1.126521"
DB00468,"0.515622,-2.754204,1.873177,0.061573,2.065937,3.197000,-3.338615,-0.993775,-0.636359,0.262006,-0.020634,-0.989917,0.738924,1.674529,1.624611,-1.906464,-0.242923,-0.567457,1.818503,0.056099,0.534170,1.853100,1.621323,-1.826189,-0.804310,0.080539,0.337583,-0.703278,-0.381970,-2.466451,-1.806994,-3.704131,3.042500,0.192886,-1.932659,0.248386,-0.776826,-0.739491,-2.690220,-0.669013,1.889324,-1.903049,1.868955,-2.907205,-1.970482,-2.514870,-1.860635,2.068304,1.532192,0.107034,1.915138,-1.948136,0.364673,1.076286,1.838409,1.814547,1.800267,2.168748,-2.052428,3.001820,0.683031,1.870659,1.435740,2.363650"
DB00207,"0.120629,-0.167620,0.021951,-0.874671,0.102823,0.383352,-1.581041,1.075067,0.706509,0.342611,1.855148,0.590001,0.353053,0.169557,-0.275323,0.030891,0.543647,0.942884,-0.210844,-0.986423,-0.616933,1.245860,0.255816,-0.171038,-0.242727,-0.893603,-0.669615,-0.113235,-0.338668,-0.518431,-0.093316,-0.742412,0.654491,-0.122479,-0.020667,-0.673907,1.597123,1.260433,0.058416,0.808119,-0.527591,-1.143614,0.097099,-0.207247,-0.053928,-0.357200,0.003796,0.327544,-0.739530,-0.582428,0.500902,-0.917902,2.742531,-2.466796,0.098674,0.212464,0.135920,-0.615351,-1.901247,0.915444,0.487578,-0.015642,-0.680040,1.197268"
DB01423,"0.167413,0.195617,-0.937774,-0.232549,-0.886917,-0.600124,0.366289,0.598360,-0.564584,-0.175113,0.439172,0.588639,-0.556101,-0.479693,0.280906,0.955532,0.915096,0.800796,-1.373833,-1.123109,-0.440187,0.651347,-0.267103,0.647544,-0.100256,-0.756048,-0.851983,0.432713,0.909710,0.476114,0.888399,0.715099,-0.632180,-0.561272,0.958394,-0.929107,0.048805,0.426193,0.825595,1.123129,-0.562003,-0.509580,-0.961551,0.402010,0.936952,-0.331543,0.866762,-0.589212,-0.582339,-0.039750,-0.469573,-0.288065,1.061802,-0.530185,-0.870509,-0.585610,-0.803091,-0.155178,-0.209164,-0.685356,-0.212957,-0.963852,-1.008176,-0.514494"
DB08621,"-0.485350,1.011055,-1.291500,-0.934941,-1.329404,-1.212524,0.643684,0.244269,0.027801,-0.126805,0.756419,0.745502,-0.772536,-1.283977,-0.153564,1.315413,0.978542,1.028979,-0.539330,-0.755640,-0.122629,-0.200119,-0.370942,1.171432,0.097751,0.501912,-0.782921,-0.745693,0.932781,0.873485,1.249337,0.690531,-1.114464,-0.413367,1.319108,-0.983137,0.869622,0.509134,1.044021,0.558706,-1.248530,0.173804,-1.290741,1.180045,1.322117,0.345652,1.304750,-0.940596,-0.883638,-0.269634,-0.734664,0.364713,0.311382,-0.952626,-1.278253,-0.314995,-0.978307,-0.576313,0.504145,-1.164483,-0.699605,-1.313591,-1.294110,-0.826183"
DB01220,"-0.590228,0.738644,-1.218486,-0.938801,-1.233337,-1.157646,0.513975,0.360310,-0.528872,-0.165159,0.696450,0.768010,-0.837982,-1.291060,0.030542,1.224419,0.909866,0.875094,-0.482342,-0.750132,-0.138469,-0.161509,-0.274285,1.169415,0.036816,0.624103,-0.889240,-0.690208,0.641692,0.822566,1.216579,0.520284,-1.098426,-0.498708,1.219961,-1.035581,0.627730,0.522633,0.916715,0.537398,-1.082143,0.148310,-1.226826,1.009702,1.232289,0.230764,1.234998,-0.923594,-0.858512,0.062525,-0.524045,0.155071,-0.124786,-0.729553,-1.236614,-0.454796,-0.894959,-0.493807,0.393233,-1.078348,-0.695036,-1.222823,-1.206530,-0.838193"
DB01206,"0.434385,-0.269531,-0.722960,-0.087661,-0.633329,-0.189279,-0.014569,0.691315,-0.845224,-0.174564,0.389823,0.578886,-0.213313,-0.247235,0.641281,0.734022,0.813661,0.624801,-1.397481,-1.135730,-0.301003,1.216438,-0.078619,0.380627,0.130663,-1.249620,-0.868495,0.681215,1.067852,0.165805,0.684354,0.524715,-0.344585,-0.415348,0.734328,-0.759940,-0.222020,0.586379,0.645417,1.433919,-0.237745,-0.713291,-0.748669,-0.048808,0.703625,-0.444436,0.625741,-0.354866,-0.304870,-0.011380,-0.320475,-0.465749,1.130705,-0.762183,-0.657524,-0.678830,-0.597449,0.102894,-0.626105,-0.274074,0.027648,-0.733677,-0.681651,-0.300978"
DB12293,"-0.513065,1.166166,-1.354104,-0.924235,-1.400438,-1.313794,0.792178,0.351523,0.120410,-0.064236,0.740473,0.752009,-0.841279,-1.322076,-0.305214,1.381308,0.970383,1.076651,-0.668227,-0.802017,-0.234884,-0.361464,-0.443923,1.239810,0.058958,0.530792,-0.744939,-0.777340,0.864429,0.992276,1.309392,0.793248,-1.197159,-0.472359,1.387089,-1.026038,0.896014,0.402495,1.129530,0.480333,-1.328968,0.238844,-1.354620,1.304388,1.390172,0.355576,1.368026,-1.031911,-0.983970,-0.293051,-0.703881,0.408411,0.329131,-0.925654,-1.334046,-0.352899,-1.069480,-0.686798,0.653572,-1.276465,-0.677945,-1.383976,-1.359182,-0.834309"
DB00549,"-0.369039,1.408170,-0.415128,-1.025897,-0.568034,-1.397069,0.078515,0.049702,-0.255180,1.260024,2.196853,1.324776,0.035548,-0.258502,-2.595775,0.523938,-0.003694,1.224703,0.764795,-0.481665,-0.330796,-0.058465,0.413647,0.660141,1.055746,-0.689522,-0.089242,-1.375066,0.071410,0.134349,0.479414,0.812803,-0.926362,-0.634580,0.446350,-0.081374,1.364943,1.616026,0.940284,1.105902,-1.538010,0.145605,-0.356293,0.755191,0.510717,1.059202,0.538025,-0.452095,-1.318113,-1.108706,0.904366,0.512146,1.422964,-1.894223,-0.412562,0.413656,-0.557503,-1.212282,-0.642867,-0.217598,-0.171908,-0.445135,-0.490471,-0.051241"
DB00080,"0.387352,-0.046846,0.335676,1.101692,0.247728,-0.467308,0.879246,0.500138,-0.931633,-0.959463,-1.351938,0.384711,0.730430,0.412177,-0.808200,-0.345695,-0.375894,-0.167036,-0.389321,0.728867,0.611224,-0.689123,-0.646919,-0.350128,1.258180,-0.227911,0.816849,0.969099,-2.010062,0.530518,-0.313083,0.771931,-0.165399,-0.293825,-0.333115,0.653679,-0.718402,-0.433337,0.141014,-0.266926,0.126663,1.649909,0.360059,-0.108196,-0.310763,1.473702,-0.355552,0.239008,0.375391,1.463033,-1.005377,0.958729,-1.506540,0.302288,0.334956,-0.778901,0.263990,-1.711102,-0.162097,-0.568546,0.598121,0.396595,0.862851,-0.023346"
DB01199,"0.163271,-1.014289,0.306545,-0.117467,0.322506,1.169715,-0.839762,-1.167072,1.495680,-0.322815,-0.355273,-0.321217,0.010459,0.154159,0.557261,-0.302465,-0.953206,-0.489346,0.072608,1.162397,0.160129,0.454845,1.085865,-0.480957,-0.269241,1.578201,-0.063586,-0.270380,0.481468,-1.423377,-0.271077,-0.822544,-0.101230,-0.698954,-0.275823,0.444842,-2.123985,-1.137397,-1.149387,-0.889165,0.925282,-0.483230,0.215107,-0.902113,-0.250614,-1.062715,-0.255261,0.686511,0.729102,-0.215872,-0.507348,-0.064086,-1.871273,1.398480,0.200674,0.807683,1.094019,1.800111,0.470322,0.555063,-1.581977,0.247430,-0.326065,-0.868067"
DB00359,"-0.297291,-1.186458,0.919224,1.661530,0.990368,0.651704,0.575036,-0.195002,-0.904678,-0.152367,-2.084217,-0.884371,0.449367,1.688125,0.264171,-0.988876,-0.399133,-0.714031,0.632638,0.177134,1.143336,0.494709,-0.405144,-0.738385,-0.152250,-1.354664,1.446788,1.753057,-0.266291,0.234036,-0.814651,0.055787,0.582228,1.316271,-0.972868,0.864003,-1.740376,-0.256957,-0.257417,-1.029651,1.625470,0.436139,0.887458,-0.613165,-1.017425,-0.157250,-1.040181,0.166883,0.580832,1.083453,0.047064,-0.690882,-0.276451,1.535439,0.888069,-0.961875,-0.032869,0.340745,-0.141932,0.402850,1.332117,1.025041,1.598684,0.656209"
DB09555,"-0.165474,-0.134351,-0.006830,-0.835256,0.109660,-0.026258,-1.572183,1.097340,-0.621818,0.569245,1.087349,-0.211623,-0.302975,-0.216595,0.368026,0.023804,0.512226,0.966381,-0.288175,-1.405347,-0.381786,0.453041,0.096800,-0.021229,-1.642387,1.288083,-0.775289,-1.520426,0.005789,-0.323880,-0.054137,-1.398423,1.169897,0.479257,-0.015785,-1.449824,0.889953,-0.280626,-0.463774,1.039722,-0.582663,-1.490287,-0.014552,-0.269787,-0.071195,-1.142463,-0.003039,0.283583,-0.270465,0.136478,1.554398,-1.765262,1.876190,-0.531754,0.052479,1.187528,-0.101567,-0.040726,-1.053629,1.195963,0.410530,-0.069640,-0.132734,1.806293"
DB00724,"-0.534536,1.157236,-1.352362,-0.922562,-1.396231,-1.310985,0.778746,0.371895,0.105776,-0.064425,0.726269,0.764480,-0.848853,-1.323138,-0.300076,1.376894,0.962880,1.063095,-0.672240,-0.798640,-0.234030,-0.361330,-0.440453,1.244369,0.052419,0.544543,-0.759602,-0.742875,0.857010,0.995484,1.309724,0.779672,-1.202946,-0.485550,1.382031,-1.026520,0.876941,0.404316,1.120675,0.464713,-1.318529,0.238387,-1.353203,1.295052,1.386073,0.354462,1.366236,-1.037346,-0.987856,-0.271643,-0.702442,0.395534,0.306469,-0.911592,-1.335488,-0.365256,-1.056366,-0.681466,0.642480,-1.259036,-0.679596,-1.379985,-1.340075,-0.845221"
DB00715,"-1.304805,-1.383363,1.363714,0.033639,1.494775,2.242709,-1.214255,-1.438789,-0.997067,0.790990,-0.348100,-0.395048,0.308216,1.080970,2.276822,-1.464171,-1.390490,-1.951359,2.035246,1.070136,2.297070,1.321704,2.239682,-0.758030,-0.661935,0.276069,0.038461,-0.281564,0.887343,-1.258949,-1.186466,-1.296118,0.310344,0.794375,-1.509786,1.004618,-2.436724,-0.027911,-0.920236,0.061327,2.014123,-1.644833,1.278224,-1.051310,-1.480177,-1.835629,-1.256221,0.481257,0.521347,-2.164768,1.030561,-0.867541,-0.871396,1.569078,1.146024,0.213006,0.939782,3.494074,-0.215176,1.449154,-0.614591,1.452277,0.495518,0.023632"
DB00671,"-0.524458,0.909546,-1.264343,-0.937894,-1.292524,-1.158345,0.606538,0.346613,-0.053781,-0.154896,0.741819,0.768154,-0.672623,-1.284632,-0.010920,1.283486,0.950076,0.971981,-0.559772,-0.734677,-0.062518,-0.120460,-0.338199,1.157701,0.158722,0.430779,-0.793623,-0.734864,0.967249,0.860356,1.233116,0.678983,-1.076010,-0.321811,1.285815,-0.957070,0.812812,0.505527,1.045115,0.642439,-1.192717,0.197068,-1.266701,1.119877,1.288235,0.323958,1.276145,-0.929246,-0.866377,-0.262334,-0.769720,0.359990,0.239924,-1.024979,-1.258192,-0.410399,-0.977459,-0.560833,0.464502,-1.092510,-0.632134,-1.280046,-1.248539,-0.791418"
DB00731,"-0.999407,-0.635742,1.303977,1.107628,1.359266,0.451102,0.461337,-0.426045,-2.521629,1.204183,-1.175148,-1.738196,0.840121,1.813731,0.781485,-1.385601,-0.923620,-1.403888,0.973879,-0.012523,1.381324,-0.226658,-0.077829,-0.638081,-0.850897,-0.279835,2.098731,-0.363950,-0.212550,0.711360,-1.133376,0.688403,0.359913,2.498593,-1.418659,0.817552,-0.875229,-0.618508,0.207192,0.866770,0.884807,-0.576913,1.271986,-0.162825,-1.456336,-0.702604,-1.331741,-0.347740,-0.002870,-0.917032,1.410873,-0.456232,0.313155,1.363485,1.225461,-0.937711,-0.261339,0.649389,0.748046,0.165425,1.439404,1.393072,0.948604,2.127352"
DB00903,"0.641473,-1.130831,0.470778,0.955235,0.517571,0.713881,0.701732,0.577856,1.027183,0.367148,-1.686837,-1.191422,0.831143,0.653892,0.255622,-0.552262,-0.180096,-1.306577,-0.586247,0.289939,-1.103939,-1.084860,-1.149089,-0.487373,0.143574,-0.195535,1.395184,0.055282,0.036766,0.234582,-0.435794,0.167791,0.688329,0.411209,-0.480284,1.528246,-0.299477,-0.575964,-0.507464,-2.513852,0.581351,0.983024,0.465319,-0.652981,-0.536891,0.374427,-0.594669,0.234564,0.604449,0.790436,-0.033465,0.207892,-1.050951,0.633230,0.494356,-0.636588,0.365222,-0.227593,0.259796,0.394829,1.239544,0.525459,0.791228,0.569062"
DB06751,"-0.514495,1.164239,-1.353724,-0.923129,-1.399765,-1.312658,0.792206,0.350789,0.115975,-0.064912,0.741939,0.751456,-0.840923,-1.321749,-0.305922,1.380889,0.970659,1.076203,-0.662741,-0.800935,-0.232620,-0.361057,-0.442779,1.240313,0.057281,0.531599,-0.746859,-0.774170,0.865794,0.992037,1.309034,0.795049,-1.197081,-0.471402,1.386453,-1.027147,0.893801,0.403622,1.129442,0.480062,-1.326460,0.238208,-1.354181,1.303728,1.389494,0.356126,1.367554,-1.032507,-0.984427,-0.294622,-0.706987,0.406932,0.330043,-0.927946,-1.333746,-0.353429,-1.070810,-0.686072,0.652467,-1.277677,-0.677129,-1.383340,-1.359210,-0.833443"
DB01263,"-1.848907,0.605188,0.388108,-0.754511,0.544322,0.771281,-1.186789,1.127700,-0.100714,1.953028,0.834870,0.035372,-1.190299,0.234397,0.980319,-0.529683,0.474898,-0.684438,1.896834,-0.293937,0.816614,0.096617,1.063998,0.390511,-1.971214,-0.580810,-0.090858,0.954708,-0.230853,0.882660,-0.203107,-0.879526,0.006252,0.153787,-0.604655,-0.787601,0.929979,0.411396,0.639083,1.954284,1.532437,-1.783619,0.458126,0.479378,-0.636510,-1.603961,-0.324746,-1.223646,-1.337992,-1.172010,1.788410,-0.639239,0.809390,0.404943,0.242773,-1.446246,-0.778426,0.762493,-0.325436,-0.106103,0.964755,0.553003,0.836361,1.013356"
DB00684,"0.581732,0.179732,0.129220,1.019084,0.039204,-0.504655,1.307083,0.186939,0.669088,-0.733100,-0.972626,-0.544094,0.801402,0.411289,-0.668248,-0.099760,-0.272429,-0.426514,-0.474345,0.595569,0.286756,-0.799286,-1.319434,-0.277936,0.650464,-0.046093,1.053943,0.907207,-0.655244,0.608797,-0.181503,1.333057,-0.283701,0.935546,-0.070285,0.795202,0.121007,-0.125449,0.483346,-0.742857,-0.188856,1.521607,0.139132,0.352396,-0.074673,1.467605,-0.168017,0.021888,0.210682,0.921061,-1.252177,0.931081,-0.613030,-0.114900,0.195769,-0.592462,-0.193649,-1.252407,0.622447,-0.766247,0.486865,0.118280,0.118421,0.010699"
DB00625,"-1.414978,0.561915,1.185936,-0.572486,1.233366,1.547950,-1.832335,-0.895104,-0.869131,1.276144,0.481144,-0.074393,-0.199272,0.737856,1.382353,-1.302843,-0.638780,-1.408642,2.509445,0.842879,2.259379,0.547405,2.236422,-0.343754,-0.539455,-0.331785,-0.136645,0.832920,-0.176020,-0.143232,-1.038545,-1.345229,0.383110,-0.013583,-1.372133,0.447588,0.582672,0.452965,-0.211434,0.371600,1.315044,-1.938664,1.216748,0.057104,-1.314879,-1.365092,-1.000792,-0.217952,-0.063070,-2.494347,1.469560,-0.165172,0.303360,0.633413,0.988301,-0.299616,0.585636,1.965712,-0.115452,0.713817,-0.138899,1.282365,0.893667,0.886993"
DB09020,"-0.691348,-0.101943,-0.954951,-0.486433,-0.875003,-0.543052,0.327227,0.413597,0.237761,0.788960,0.080924,0.213757,-1.236453,-0.499792,0.258132,0.893129,0.645361,0.344222,0.057489,-0.777068,-0.444790,-0.122284,-0.127886,0.937376,-1.313301,0.617964,-0.557487,-0.672922,0.661579,0.752178,1.003224,0.602287,-0.936466,-0.368840,0.908135,-0.725388,-0.266258,0.205135,0.712350,-0.062938,0.059404,-0.348783,-0.983122,0.776196,0.870097,-0.862872,0.873330,-1.003372,-0.977166,-0.212019,-0.207353,-0.661426,-0.534838,0.446614,-0.957665,-0.523138,-1.080380,0.534789,-0.102901,-1.023749,-0.375738,-0.919119,-0.893388,-0.474448"
DB01008,"0.170949,-0.110237,-0.190386,-0.752997,-0.155176,0.159277,-0.404511,0.800313,-0.506589,1.222147,1.530046,0.696895,0.068344,0.078164,-0.403557,0.207121,0.297111,0.347329,-0.271389,-0.469063,-0.368587,0.835358,0.561898,0.195743,0.721937,-1.639225,-0.643764,-0.116227,0.031768,0.103498,0.249028,0.558427,-0.544852,-0.804341,0.161501,-0.020938,0.461678,1.366125,0.905089,1.439287,0.071686,-0.457490,-0.142612,-0.110088,0.151633,-0.024875,0.188140,-0.432418,-0.857725,-1.229681,0.144918,-0.118387,1.263043,-1.660557,-0.170356,-0.933405,-0.336693,-0.180406,-1.480884,-0.112608,0.767259,-0.155450,-0.393323,0.206592"
DB00709,"0.179029,0.370881,0.118796,0.939962,0.017407,-0.772286,1.375040,0.621467,-1.221619,-0.890884,-1.272076,-0.214900,0.687049,0.277955,-0.629627,-0.105922,-0.416639,-0.248243,-0.922923,0.497514,0.538751,-1.071811,-0.717888,-0.103355,0.840818,0.276348,0.855988,1.162416,-1.545806,0.870451,-0.141620,1.180799,-0.448695,0.292586,-0.084600,0.590040,-0.471248,-0.625638,0.446088,-0.628016,-0.545396,1.380218,0.116235,0.528921,-0.071658,1.481368,-0.116889,-0.102312,0.176029,1.299657,-0.863929,0.909829,-0.757607,-0.011959,0.136271,-0.949080,0.032710,-1.479114,0.770044,-0.752330,0.539006,0.118455,0.140556,-0.015736"
DB00601,"1.648970,-1.497861,0.757246,1.630505,0.816981,1.166472,-0.085211,1.303207,-0.046834,-0.905466,-1.288063,-1.130289,1.794405,0.786883,0.847881,-0.764721,-0.657962,-1.449616,-2.203229,0.231371,-2.100192,-0.050637,-0.396320,-1.142850,0.468137,-1.333957,0.006145,1.373014,-0.463716,-0.659603,-0.875277,-0.018498,1.593877,-0.661516,-0.696934,1.115301,-0.129801,-1.579719,-1.104296,1.034341,0.796999,0.033891,0.732515,-1.766190,-0.723284,-0.283779,-0.901713,1.055922,1.149442,1.799458,0.396711,0.393701,0.127860,-0.078817,0.872144,-0.339228,1.218812,-0.164121,0.388550,1.083590,1.295149,0.696844,0.950881,0.664059"
DB00273,"0.990827,-0.545599,1.499963,0.852393,1.325768,0.891845,-0.033940,-1.979383,-0.201716,-1.128754,-0.940817,-0.866642,1.837450,1.408925,-0.272432,-1.401157,-1.920359,-0.798255,0.164038,2.117508,1.561641,-0.208277,0.785953,-1.599443,1.897424,0.749461,1.606181,0.509187,-1.171214,-1.488657,-1.535787,-0.024272,0.158675,0.309664,-1.394251,1.823986,-1.671667,-0.858657,-1.155819,-0.545179,0.239824,0.943378,1.500053,-1.147627,-1.343018,1.243770,-1.364498,1.560667,1.546086,-0.463575,-1.088872,1.526606,-1.485443,0.775978,1.428881,0.560247,1.987096,0.144352,0.575382,0.489227,-0.746520,1.427090,0.814061,-0.268040"
DB01119,"2.000811,-0.642655,0.042137,0.573681,0.035335,0.204705,0.293819,0.604026,1.352677,-1.124948,-0.433146,-0.559298,0.463698,-0.560777,0.309515,-0.035752,0.819125,-0.478080,-1.322867,-0.125059,-3.319870,-1.513679,-1.326506,-0.525421,0.383387,-0.700367,-0.500057,0.493030,-0.238518,-0.443052,-0.267781,-0.708032,1.928136,-1.630014,0.068097,0.653315,2.261497,-1.148420,-1.331873,-0.549879,-0.506831,0.930347,0.107839,-1.152114,0.030523,0.615643,-0.184607,1.043848,1.057456,1.987123,0.095434,0.884113,0.816870,0.031008,0.266232,1.140526,0.823266,-1.051862,0.200830,0.808958,1.144548,-0.029965,0.704997,-0.243724"
DB00381,"0.148664,-0.480834,0.256656,-0.080297,0.286020,0.100397,0.202655,0.286661,-0.833849,1.641370,-0.158608,-1.307668,0.135571,0.064333,-0.006766,-0.332099,-0.329247,-1.440857,-0.099676,-0.006864,-2.008132,-1.472177,-0.846019,0.096773,-0.664006,0.268905,0.709398,-1.846077,-0.118170,0.522589,-0.117942,0.527765,0.072286,-0.073079,-0.313540,0.960680,1.118159,0.090664,0.075014,-1.614426,0.108762,-0.111108,0.251708,-0.256416,-0.317466,-0.225061,-0.281701,-0.503364,-0.264282,-0.261643,1.605400,0.187839,-0.433428,0.221046,0.212577,-0.937622,0.111818,-0.062444,0.416126,-0.194337,0.701571,0.293244,0.124890,0.776808"
DB01411,"-0.568115,1.345970,-0.799180,-0.969188,-0.879499,-1.239457,0.277923,0.211877,-0.282865,0.777060,1.360216,0.993821,-0.660714,-0.834228,-1.237085,0.836280,0.507977,0.935060,0.379924,-0.555784,-0.120649,-0.207358,0.159555,0.971027,0.255478,-0.108726,-0.459809,-0.993884,0.379821,0.681687,0.838347,0.699897,-1.039445,-0.519684,0.801055,-0.578130,1.141673,0.928218,1.060393,0.869463,-1.010114,-0.041167,-0.768908,1.109432,0.833883,0.471300,0.867470,-0.894095,-1.121430,-0.824609,0.241910,0.422063,0.701960,-1.130063,-0.811172,-0.144467,-0.898048,-0.694732,0.127215,-0.826349,-0.378450,-0.804829,-0.755782,-0.368746"
DB01097,"-0.303211,0.531632,-0.177487,-0.359509,-0.202604,-0.126931,-0.709689,0.215000,-0.228004,1.163538,1.865499,1.831483,-0.271040,0.031754,-1.925605,0.209755,0.233956,1.038833,1.193033,-0.782266,-0.454845,1.339768,0.835299,0.308732,1.000045,-1.811112,-0.693161,0.013367,-0.096260,-0.331015,0.255495,-0.086815,-0.373808,-0.574729,0.140730,-0.317852,0.584196,2.031085,0.539727,0.905668,-0.105850,-0.619051,-0.144266,-0.167092,0.203313,0.272059,0.193309,-0.002975,-0.855125,0.183822,1.402289,-0.559315,0.717512,-1.317173,-0.147006,0.501758,-0.475467,-0.389176,-1.597775,0.387747,0.077469,-0.136341,-0.362060,-0.083722"
DB09282,"0.125857,0.636160,-1.112861,-0.932169,-1.136465,-0.797113,0.400273,0.586970,0.611258,0.125872,0.579173,0.408471,-0.644043,-1.367223,-0.095097,1.117370,1.074751,0.683948,-0.836122,-0.760916,-1.306895,-0.788062,-0.550901,0.929820,0.137561,0.585282,-0.679894,-1.391528,0.943967,0.601623,1.043730,0.113154,-0.305022,-0.929455,1.155794,-0.589439,1.416625,0.013836,0.398847,-0.067173,-1.258918,0.374325,-1.092441,0.548200,1.139877,0.322509,1.087928,-0.563788,-0.477852,-0.089152,-0.419070,0.570699,0.295403,-0.789252,-1.053900,0.077835,-0.587104,-0.750049,0.399923,-0.650745,-0.148470,-1.143814,-0.948747,-0.532737"
DB00356,"0.027330,0.335631,1.352505,0.859035,1.177602,0.410059,0.448067,-1.337098,-1.399769,-0.130355,-0.854198,-1.084845,1.249012,1.128663,-0.460018,-1.311621,-2.055136,-0.958333,0.537355,1.637382,1.561880,-0.672459,0.784021,-1.000317,0.962003,0.751149,1.435090,-0.088972,-1.332460,-0.371108,-1.331025,0.583225,0.113057,1.142640,-1.320265,1.190429,-1.058004,-1.237058,-0.358885,-0.241502,0.025608,0.250536,1.314169,-0.102073,-1.252447,0.635801,-1.228996,0.642838,0.927510,-0.420808,0.171458,1.274320,-0.668797,0.944368,1.301610,0.188175,0.915924,0.130241,1.539133,0.012052,-0.322048,1.292000,0.220273,0.803910"
DB00287,"-0.375762,0.849223,-1.151394,-0.735978,-1.168063,-0.919689,0.874888,0.461752,0.765765,0.033873,0.554913,0.474904,-0.724072,-1.138319,-0.259852,1.158597,1.010653,0.658855,-0.442666,-0.573242,-0.241361,-0.423422,-0.674417,1.049395,-0.092129,0.313522,-0.619621,-0.572888,0.868262,0.916965,1.118600,0.711058,-0.989477,-0.180207,1.174463,-0.607747,0.843552,0.563354,0.995570,-0.349242,-0.832214,0.443732,-1.154075,1.186024,1.165138,0.357872,1.147926,-0.913250,-0.806672,-0.440501,-0.654519,0.148267,0.026114,-0.813560,-1.129957,-0.376407,-1.017536,-0.425598,0.447384,-0.999617,-0.413102,-1.160889,-1.046748,-0.791792"
DB00962,"0.458211,0.100061,1.439595,1.052876,1.276769,0.815746,0.044454,-1.841181,-1.082411,-0.978449,-1.690779,-1.051418,1.535387,1.159511,0.302334,-1.404174,-2.340682,-1.166480,0.217019,2.214753,1.829404,-0.480374,0.969220,-1.319709,1.210896,1.124316,1.526945,0.878222,-1.150312,-0.846079,-1.457680,0.181416,0.044694,0.535308,-1.385275,1.530281,-1.710035,-1.739450,-0.999083,-0.485415,0.291825,0.397251,1.411024,-0.352005,-1.318231,0.688736,-1.298418,0.950999,1.628231,-0.714964,-0.856334,1.681680,-1.588066,1.195298,1.324268,0.100920,1.769840,0.639611,2.006033,0.195661,-0.836998,1.377345,0.767195,0.086396"
DB00196,"-0.776556,-0.747034,1.574246,0.961830,1.673263,1.151520,-0.355790,0.855420,-1.141710,1.074848,-0.677007,-1.866141,1.247577,1.785473,0.913638,-1.628673,-0.853230,-1.381331,0.873163,0.087582,0.769252,-0.217177,-0.051499,-1.020961,-1.022014,-0.439009,2.336357,0.358110,-0.954662,0.461963,-1.446223,0.048865,0.755728,2.640056,-1.669336,0.714968,-0.014939,-0.647185,0.067671,1.797311,1.388206,-0.735537,1.587042,-0.671303,-1.738536,-0.606761,-1.594131,-0.031024,-0.090524,0.031459,1.558187,-0.254205,0.299606,0.799296,1.519968,-1.537113,-0.187964,0.070320,0.528746,0.378696,2.204347,1.660821,1.311928,2.556781"
DB00973,"-0.656392,0.967892,-1.285222,-0.941996,-1.305700,-1.238557,0.566297,0.691698,-0.431090,-0.176198,0.643717,0.851131,-0.959904,-1.324602,-0.139540,1.288237,0.970489,0.935512,-0.598745,-0.769018,-0.104442,-0.261025,-0.244070,1.280499,0.069725,0.608866,-0.903371,-0.503231,0.642998,0.933441,1.287895,0.511466,-1.124831,-0.701762,1.282498,-1.037514,0.525965,0.453869,0.969790,0.413314,-1.218013,0.169990,-1.298898,1.149349,1.299290,0.302841,1.319318,-1.002176,-0.839064,0.139340,-0.515807,0.156479,-0.002113,-0.739950,-1.311265,-0.549187,-0.952019,-0.620273,0.580735,-1.020255,-0.664878,-1.294736,-1.241081,-0.921436"
DB00310,"1.159566,-1.247911,0.715156,1.552561,0.761018,0.967744,0.745319,0.581743,1.711445,0.025550,-1.641547,-1.342076,1.127142,0.649005,0.066666,-0.790969,-0.204694,-1.850147,-0.883925,0.590925,-1.803979,-1.395094,-1.299067,-0.776864,-0.165400,-0.522905,1.096769,1.019859,-0.436479,0.073333,-0.735376,0.291863,0.963954,-0.100608,-0.709287,1.813344,0.045669,-0.861649,-0.743285,-2.126150,1.221786,1.059150,0.704762,-0.972942,-0.754291,0.224086,-0.866264,0.497811,0.632955,1.018190,0.391560,0.220213,-0.824929,1.048570,0.781937,-0.289145,0.702757,-0.016926,0.785767,0.468717,1.430381,0.755240,1.063624,0.572936"
DB00263,"0.316625,-1.780837,0.549683,0.814755,0.799186,1.307809,-2.343227,0.582334,-0.600296,-0.510573,0.277503,0.006204,0.475131,1.656045,0.610234,-0.513702,0.448130,1.030261,-0.035536,-2.186989,-0.267061,3.336410,-0.106765,-0.967259,-1.237856,-1.782728,-0.180860,0.834815,0.756478,-1.485637,-0.640257,-1.845425,2.069800,1.139730,-0.551417,-1.067136,-0.032006,0.849140,-1.176558,0.993368,0.375848,-2.512621,0.540510,-1.730949,-0.634986,-1.760900,-0.698773,1.229210,0.341526,1.490308,1.678689,-2.795984,3.411134,-1.172504,0.689911,1.063135,0.338452,0.613180,-2.250924,2.357051,0.662620,0.502232,0.074375,1.764326"
DB09018,"-0.527567,1.159634,-1.350694,-0.926848,-1.396207,-1.310291,0.774040,0.352787,0.117201,-0.057242,0.732307,0.744799,-0.848224,-1.323147,-0.302259,1.377496,0.968261,1.073960,-0.637928,-0.794319,-0.219787,-0.356788,-0.438193,1.240732,0.048372,0.545378,-0.765923,-0.729187,0.860154,0.994726,1.307862,0.784786,-1.193319,-0.467360,1.382813,-1.030317,0.879932,0.399217,1.119963,0.475445,-1.323942,0.226279,-1.352161,1.311790,1.386424,0.352905,1.365974,-1.037116,-0.975883,-0.282153,-0.689577,0.389167,0.318063,-0.945703,-1.332824,-0.357642,-1.060937,-0.676971,0.645287,-1.258588,-0.671694,-1.379742,-1.359843,-0.826119"
DB00951,"-2.176907,0.781993,0.806527,0.684579,0.808811,-0.105012,0.703259,0.739175,-4.032785,0.634043,-1.377610,-0.492386,0.908387,0.462247,1.920849,-0.972437,-1.779704,-2.373348,0.677305,0.715686,1.755533,-0.670964,0.821193,0.302417,0.541145,-0.148034,1.552358,1.425396,-0.785819,1.766196,-0.543075,1.463775,-1.358096,1.700457,-1.014060,1.210765,-0.675513,-0.234347,1.018618,1.264584,0.323339,-0.783287,0.776457,1.168794,-0.964308,0.422020,-0.679770,-1.614526,-0.673807,-0.834369,0.933545,1.134489,-1.604523,0.175342,0.508881,-3.234288,0.082252,0.600925,2.054317,-0.786009,0.540640,0.984508,0.572020,0.615324"
DB00701,"-2.381743,1.818632,0.540072,-1.158668,0.585353,-0.048645,-0.297911,0.605607,-1.573195,3.663355,1.134570,-0.118442,-1.508312,0.252141,-0.004816,-0.721206,-0.452641,-1.370492,3.071122,0.194650,1.427540,-0.860409,1.691889,0.815254,-1.883668,-0.352765,0.100019,-0.601028,0.152639,1.418323,-0.249471,0.406891,-0.804464,0.071708,-0.825446,0.049578,0.849052,0.799418,1.326084,1.442292,0.919713,-1.916845,0.620203,1.501459,-0.794492,-1.038587,-0.376317,-1.941715,-1.667679,-3.585915,2.696787,-0.031519,1.181812,0.382355,0.323607,-1.363004,-0.977148,1.035739,0.566373,-0.456527,0.351417,0.739831,0.686477,1.011101"
DB00916,"-0.645464,0.336673,0.079542,-0.598163,0.174029,0.275479,-1.647523,0.505303,0.171718,0.345883,1.378882,0.867424,-0.235808,0.314423,-0.265555,-0.087060,0.819235,0.836427,1.100652,-1.189073,0.256854,1.393901,0.673993,0.044599,-0.430575,-0.796358,-0.824323,1.361997,0.016681,-0.194157,-0.102865,-1.312291,0.756386,0.117172,-0.140792,-0.854320,1.580804,1.361783,-0.120941,0.599023,-0.300328,-1.474225,0.121221,-0.030220,-0.148520,-0.519431,-0.051229,0.140700,-0.602073,0.166360,1.199942,-1.665513,2.232136,-1.473328,0.100339,0.498707,0.024642,0.031566,-1.433571,1.194140,0.444756,0.097749,0.024211,0.833746"
DB04794,"-0.344799,1.004622,-1.043125,-1.193831,-1.106419,-1.148943,0.617282,0.309262,0.034786,0.575025,1.184186,0.609282,-0.864794,-0.964230,-0.794787,1.076800,0.738238,0.995950,-0.280792,-0.507130,-0.400175,-0.488187,-0.278524,1.036575,0.249496,0.183816,-0.715782,-1.025944,0.290036,0.858843,1.048254,0.800228,-1.148217,-0.823827,1.066716,-0.661873,1.078388,0.802775,1.177075,0.146609,-1.108493,0.290323,-1.009124,1.198262,1.076807,0.412729,1.088575,-1.003691,-1.147312,-0.793829,-0.539682,0.453103,0.561868,-1.263280,-1.026663,-0.521437,-0.924968,-0.781660,-0.047949,-1.184472,-0.348263,-1.067315,-1.149295,-0.557847"
DB01330,"0.786310,0.374958,0.119824,1.039697,-0.000117,-0.803154,1.354275,0.069505,-0.119105,-1.171459,-0.958024,-0.509203,0.985736,0.397076,-0.873370,-0.061368,-0.325915,-0.107290,-0.769361,0.615186,0.490273,-0.901987,-1.299852,-0.349147,0.816969,0.152096,1.021188,0.940948,-1.130130,0.651695,-0.198169,1.473955,-0.264904,0.838370,-0.033534,0.545029,0.303915,-0.366851,0.520349,-0.168700,-0.541278,1.718496,0.137332,0.370390,-0.031937,1.719969,-0.148512,0.127273,0.242458,1.276872,-1.384868,1.162928,-0.524610,-0.399758,0.204119,-0.526748,-0.124083,-1.676272,0.729727,-0.914297,0.481616,0.082837,0.121034,0.089078"
DB01280,"0.580312,-0.632886,-0.626112,-0.183444,-0.518462,0.096095,-0.307638,0.401468,-0.443047,-0.608946,0.665098,0.408489,0.039966,-0.355505,1.135425,0.637420,0.941332,0.389883,-0.971979,-0.897880,-0.148011,1.577040,-0.133228,0.244238,0.004922,-1.120046,-0.936077,0.917112,1.508336,-0.220671,0.582226,0.299280,-0.127639,-0.033148,0.634468,-0.685422,-0.054601,0.920026,0.430883,1.669992,0.007201,-0.758571,-0.641907,-0.194936,0.604607,-0.435983,0.545108,-0.172570,-0.124332,0.012989,-0.709072,-0.471907,1.049274,-1.071911,-0.578968,-0.536987,-0.418876,0.325162,-0.581443,-0.072918,-0.272383,-0.635221,-0.697560,-0.373708"
DB00654,"-0.407100,0.856607,-1.167572,-0.762149,-1.183938,-0.940055,0.891824,0.466759,0.722442,0.058444,0.566330,0.486426,-0.719665,-1.156385,-0.238004,1.172940,1.020437,0.657735,-0.463392,-0.587422,-0.252411,-0.433917,-0.656246,1.077187,-0.074548,0.319499,-0.613136,-0.568186,0.901810,0.934702,1.137823,0.711325,-1.016830,-0.204227,1.189011,-0.600425,0.839309,0.551949,0.999949,-0.367233,-0.859132,0.423465,-1.171089,1.200306,1.180098,0.358803,1.165560,-0.941252,-0.828264,-0.445196,-0.612546,0.165931,0.012308,-0.816369,-1.150109,-0.412331,-1.018925,-0.418295,0.477647,-0.987567,-0.422791,-1.176565,-1.042984,-0.809324"
DB00853,"1.790168,-0.463291,0.611128,1.865393,0.544914,-0.124123,1.006679,0.176036,-0.354151,-1.102731,-1.202830,-0.903907,1.307236,1.299202,-0.592127,-0.529908,-0.426681,-0.350636,-1.328487,0.317727,0.102992,0.003232,-1.332233,-1.081667,0.783521,-1.109751,1.064967,1.623877,-1.128402,0.099307,-0.726350,1.503486,0.360111,0.840016,-0.504137,0.808675,-0.314998,-0.326028,0.202407,0.551877,0.286186,1.249595,0.614117,-0.576871,-0.528839,1.259335,-0.726390,0.651680,0.784128,1.237800,-1.108215,0.616588,0.373852,-0.031819,0.777505,-0.461097,0.102385,-1.340003,-0.032128,-0.400886,1.176077,0.549193,0.605579,0.515119"
DB00531,"-0.743727,-0.146156,0.459321,-0.605781,0.501236,0.543914,-1.073140,0.316512,-1.313967,2.226478,1.335144,1.491524,-0.165415,0.487015,-0.811547,-0.542714,-0.146137,-0.227343,1.692799,0.173689,0.555505,1.236631,1.956993,0.083722,0.972432,-2.446226,-0.857967,0.893567,-0.555533,-0.008182,-0.242128,-0.151317,-0.357205,-1.223383,-0.623561,0.677294,-0.128823,1.589482,0.476411,1.061951,1.262259,-0.955881,0.533686,-0.124351,-0.586303,-0.406064,-0.415466,-0.552651,-0.886874,-1.706285,1.109535,-0.694203,0.659480,-1.095750,0.332243,-0.795648,0.366521,0.805385,-2.503384,0.658876,0.985174,0.634580,1.061848,0.363552"
DB13026,"-0.514176,1.163289,-1.352889,-0.923410,-1.398830,-1.312715,0.788739,0.353518,0.131842,-0.060249,0.741830,0.752341,-0.842475,-1.320391,-0.306577,1.380199,0.969101,1.077239,-0.662662,-0.799531,-0.228168,-0.359977,-0.446631,1.237201,0.060617,0.525897,-0.749646,-0.765446,0.865891,0.987832,1.307668,0.795271,-1.194774,-0.461285,1.385855,-1.027169,0.895685,0.403062,1.126132,0.487575,-1.330876,0.237374,-1.352863,1.302805,1.388949,0.352588,1.366372,-1.029071,-0.980469,-0.294592,-0.703563,0.404904,0.321488,-0.931822,-1.332259,-0.353437,-1.068807,-0.685423,0.652762,-1.275143,-0.678345,-1.382741,-1.360821,-0.829601"
DB00990,"-0.796358,1.113212,-1.116358,-0.985774,-1.140128,-1.053622,0.539684,0.302437,-0.205257,0.296373,0.757903,0.707477,-0.924754,-1.173750,0.000059,1.107592,0.846318,0.714236,-0.082261,-0.623583,0.081690,-0.313305,-0.131775,1.179436,-0.067150,0.352254,-0.771373,-0.561530,0.800620,1.025594,1.117906,0.622020,-1.160629,-0.505822,1.100454,-0.879461,0.902230,0.572228,1.124492,0.654028,-0.912364,-0.012459,-1.103081,1.262265,1.108870,0.179075,1.146069,-1.132964,-1.000796,-0.619232,-0.394633,0.377210,0.258388,-0.778390,-1.141347,-0.607232,-1.000558,-0.354737,0.530730,-1.213052,-0.555660,-1.100903,-1.000685,-0.730916"
DB09274,"-0.503371,1.066446,-1.295177,-0.957067,-1.341045,-1.270718,0.649698,0.098980,-0.023375,-0.096992,0.726929,0.676293,-0.839893,-1.260903,-0.219861,1.322590,0.975358,1.065325,-0.562454,-0.760478,-0.177043,-0.261443,-0.352244,1.176579,0.072583,0.573712,-0.839531,-0.695153,0.925676,0.865564,1.248368,0.616476,-1.113901,-0.496904,1.326596,-0.987415,0.875358,0.479634,0.982952,0.419450,-1.308135,0.146204,-1.297431,1.179314,1.334541,0.335909,1.316643,-0.922639,-0.843337,-0.242580,-0.633087,0.307787,0.346945,-0.886683,-1.285958,-0.220918,-0.882511,-0.547883,0.504307,-1.087496,-0.741315,-1.324498,-1.297644,-0.895003"
DB07615,"-0.077135,-1.283485,0.370386,0.007870,0.515310,0.503913,-0.934604,0.669440,-0.348500,2.209500,0.281723,-0.093181,-0.142844,1.068610,-0.794880,-0.453807,-0.342714,-0.289393,1.221380,-0.567059,-0.789291,0.681531,0.263440,-0.136167,-0.792233,-0.775411,0.583248,-0.903160,0.085294,-0.266511,-0.126685,0.095845,0.024516,0.414889,-0.489599,0.493576,-0.336635,1.048171,-0.024435,-0.561176,1.000587,-0.658689,0.362762,-0.946966,-0.522891,-0.768824,-0.490091,-0.188614,-0.509160,-0.054169,1.780200,-1.433827,-1.069065,0.386952,0.345982,-0.383738,-0.497448,0.645767,-1.738195,0.636836,0.906274,0.495403,0.939189,0.815204"
DB01060,"0.488048,0.354966,0.141166,1.015292,0.029278,-0.681533,1.284779,0.209136,-0.327879,-1.093703,-1.053925,-0.468721,1.051818,0.408503,-0.676122,-0.099408,-0.453433,-0.229338,-0.734050,0.636781,0.614473,-0.851838,-1.153483,-0.297546,0.929470,0.213753,1.105412,0.844292,-1.129772,0.739741,-0.202338,1.527078,-0.360298,1.003921,-0.072224,0.585645,0.135049,-0.406427,0.592286,-0.070994,-0.569483,1.530490,0.154672,0.409710,-0.066751,1.622678,-0.160413,0.047880,0.181173,1.114952,-1.401883,1.259275,-0.645856,-0.497542,0.196951,-0.790431,-0.074609,-1.631966,0.891345,-1.005253,0.407814,0.116233,-0.067998,0.227784"
DB00560,"-0.649220,0.777025,-1.251908,-0.991968,-1.267307,-1.163794,0.598419,0.439995,-0.134936,-0.224238,0.802100,0.815713,-0.628103,-1.299325,0.174109,1.259573,0.952272,0.888303,-0.489503,-0.671858,0.038372,-0.077164,-0.294974,1.176839,0.214081,0.427473,-0.874142,-0.571663,0.967965,0.867181,1.235164,0.699168,-1.090508,-0.210829,1.259365,-0.942948,0.785007,0.556518,1.061119,0.711256,-1.162274,0.201741,-1.254569,1.095631,1.265402,0.330510,1.264367,-0.931571,-0.889197,-0.166994,-0.909658,0.370964,0.023208,-1.024835,-1.257785,-0.534960,-1.022597,-0.562472,0.382268,-1.090711,-0.652733,-1.255933,-1.240126,-0.803157"
DB00643,"-0.526128,1.167321,-1.354915,-0.924342,-1.401514,-1.313975,0.791179,0.345858,0.111824,-0.060162,0.742088,0.755354,-0.843302,-1.322335,-0.305333,1.381877,0.968787,1.080416,-0.663025,-0.805536,-0.225866,-0.363795,-0.441641,1.242502,0.062869,0.539028,-0.753401,-0.762849,0.870298,0.996218,1.310202,0.793598,-1.201056,-0.465425,1.387701,-1.024802,0.896864,0.403276,1.128333,0.475045,-1.333202,0.240963,-1.355637,1.304650,1.391421,0.356567,1.368925,-1.035498,-0.983818,-0.288829,-0.699355,0.407510,0.330976,-0.926927,-1.335379,-0.351237,-1.067251,-0.683484,0.655042,-1.274651,-0.677048,-1.385308,-1.359668,-0.832361"
DB01410,"0.074815,-1.665081,0.507253,0.303952,0.742842,0.732748,-0.198162,0.696187,-1.620569,0.651481,0.054171,-1.144620,-0.324447,0.984609,1.751802,-0.581039,0.477527,-0.479133,-0.986802,-0.964043,-0.094836,0.900742,-0.266116,-0.404490,-2.044721,-0.474646,-0.236671,-0.214390,0.579997,0.006761,-0.402224,-0.168486,0.934046,1.264871,-0.620211,-0.664759,-1.211545,-0.311277,0.049987,1.861814,1.406199,-1.437256,0.434073,-1.018345,-0.697957,-2.054657,-0.628738,-0.120072,-0.321245,-0.376596,0.876036,-2.061717,1.433328,1.447224,0.532479,-0.137460,-0.400951,1.004462,-1.651403,0.986342,1.162503,0.547478,0.373685,1.450222"
DB01032,"-0.100801,0.101811,0.564146,0.900180,0.469237,-0.296936,0.895885,0.155218,-0.991620,-0.141600,-0.744824,-0.119323,0.968097,0.779853,-1.152490,-0.542046,-0.591196,-0.313568,0.182478,0.619689,0.681410,-0.480249,-0.446407,-0.354008,1.268458,-0.832409,1.188095,0.972535,-1.191850,0.488120,-0.491095,0.867932,-0.221932,0.678645,-0.552513,0.977142,-0.557900,0.048657,0.270382,-0.924181,0.046871,1.296914,0.565530,0.075392,-0.528675,1.378650,-0.539538,0.014598,0.094657,0.639549,-0.187791,0.550922,-0.343603,-0.149321,0.533878,-0.904857,0.128803,-1.046726,0.220355,-0.049148,1.086834,0.600472,0.784170,0.398184"
DB00718,"0.405624,0.619024,-0.037310,0.908991,-0.153733,-0.899197,1.464741,0.197267,-0.397937,-0.992759,-0.998143,-0.347604,0.737484,0.263276,-0.900993,0.079718,-0.333163,-0.010151,-0.935262,0.445971,0.457002,-1.044458,-1.154341,-0.088256,0.740325,0.250190,0.974621,0.855835,-1.146622,0.871153,-0.025994,1.458471,-0.469639,0.652541,0.104461,0.369505,0.077529,-0.442469,0.624727,-0.439184,-0.745784,1.531135,-0.027964,0.649134,0.111111,1.534849,0.027105,-0.114996,0.051740,0.959811,-1.229812,1.058910,-0.459745,-0.286282,0.023427,-0.697493,-0.186398,-1.617292,0.909947,-1.035025,0.365276,-0.067253,-0.097887,0.057637"
DB00758,"-1.469940,0.461004,0.170903,-0.310963,0.261778,0.478804,-0.818287,0.386346,-0.530112,1.751660,0.568684,1.365479,-0.879357,0.181387,-0.326391,-0.310458,0.020355,-0.294903,2.407028,-0.111398,0.972972,1.111582,1.413951,0.483731,0.243534,-1.815243,-0.698467,1.576055,0.314725,0.374049,0.059854,-0.568387,-0.340587,-0.127800,-0.373439,0.138124,-0.149619,1.661405,0.434799,-0.386566,1.268744,-0.889012,0.197815,0.241398,-0.330925,-0.401761,-0.168409,-0.807587,-0.702157,-0.283121,1.643827,-1.115760,-0.346086,-0.046352,0.029447,-0.714794,-0.452693,1.170346,-1.132454,0.547244,0.688498,0.383265,1.267879,-0.191830"
DB11994,"-0.731088,1.331465,-0.579113,-0.978912,-0.648500,-1.025745,0.241208,0.099825,-0.384441,1.071877,1.499182,0.730190,-0.882007,-0.538278,-1.658875,0.605501,0.409026,1.127407,0.737482,-0.868927,-0.045997,0.094052,0.216841,0.855788,-0.082957,0.361134,-0.447285,-1.521227,0.363722,0.409758,0.631363,0.289676,-0.636891,0.229294,0.560238,-0.889398,1.016447,1.130429,0.845495,0.646996,-1.118071,-0.453110,-0.576024,0.914147,0.596845,0.353919,0.640629,-0.676392,-1.130619,-0.561608,1.104123,-0.339594,0.937922,-0.810603,-0.564759,0.598091,-0.965081,-0.699382,-0.162242,-0.231765,-0.379925,-0.590041,-1.004766,0.125815"
DB00238,"-1.736389,1.557291,0.027707,-0.963014,0.021358,-0.591821,-0.202346,0.056376,-1.033186,2.413817,1.107922,0.421041,-1.302970,-0.138437,-0.947339,-0.116299,-0.111994,0.034029,2.136798,-0.412821,0.736721,-0.250055,1.046486,0.810384,-1.075332,0.139096,-0.285789,-1.049707,0.383232,0.759537,0.142866,-0.040296,-0.527895,0.191866,-0.190435,-0.524668,0.570818,0.837944,0.793220,0.691847,-0.170661,-1.304080,0.052516,1.160464,-0.146065,-0.451383,0.070261,-1.147848,-1.260249,-1.542358,2.306524,-0.573950,1.148417,0.099464,-0.083799,0.182228,-0.815489,0.361852,0.016101,0.086777,-0.077267,0.126758,0.079872,0.617175"
DB09220,"1.972930,-0.521833,0.882144,1.802060,0.772127,0.042259,1.282831,0.452818,0.654261,-0.506035,-1.811170,-1.812311,1.269319,0.728297,-0.759838,-0.873828,-0.589052,-1.489860,-1.067846,0.993482,-1.767457,-2.056219,-1.681842,-1.118901,0.405520,0.034527,1.625611,0.818717,-1.843037,0.292697,-0.997274,0.964209,0.906938,0.319610,-0.780696,1.858414,0.730885,-1.189067,-0.528686,-1.668992,0.271813,1.744057,0.912320,-0.695983,-0.797049,1.578868,-1.000479,0.843028,1.225899,2.088084,0.027524,1.298350,-0.947251,0.742605,1.039298,-0.146979,0.744395,-1.611123,0.859243,-0.224270,1.366530,0.843665,1.063139,0.697495"
DB00911,"0.417973,0.553096,0.214767,1.023752,0.092115,-0.842322,1.388236,0.052324,-0.858683,-0.750117,-1.130074,-0.616965,0.752691,0.463308,-0.775745,-0.190250,-0.496043,-0.345485,-0.564437,0.614786,0.537296,-1.118208,-1.017544,-0.230713,0.630656,0.185669,1.127290,0.839800,-1.341170,0.933429,-0.259379,1.542314,-0.441758,0.712032,-0.166312,0.623096,0.184743,-0.514966,0.584504,-0.204173,-0.489981,1.342325,0.232116,0.645521,-0.154264,1.532372,-0.223880,-0.164113,0.148356,0.715061,-0.921460,1.212187,-0.364603,-0.062678,0.257949,-0.862010,-0.092593,-1.467119,0.961472,-1.056085,0.523408,0.200823,0.170948,0.294928"
DB00760,"1.030056,0.507647,0.221094,1.342532,0.060045,-1.007924,1.443167,-0.124100,-0.198420,-1.263145,-1.094393,-0.603027,0.882782,0.587176,-1.166694,-0.137130,-0.455623,-0.048906,-0.723492,0.633028,0.370742,-1.054820,-1.429643,-0.514095,0.744159,0.213180,1.137217,0.951228,-1.604759,0.644196,-0.343357,1.623591,-0.209548,0.731055,-0.107640,0.531656,0.356160,-0.530221,0.485541,0.144426,-0.578427,1.793824,0.248765,0.353083,-0.100730,1.831471,-0.255590,0.273594,0.362742,1.465016,-1.380584,1.326973,-0.278017,-0.086293,0.346154,-0.256854,-0.061581,-1.955538,0.713010,-1.160601,0.467892,0.154416,0.168952,0.134461"
DB01248,"-0.345554,-0.048170,0.007965,-0.702065,0.075963,0.366447,-0.500119,0.628004,-0.614576,1.324416,1.188539,0.863231,-0.250314,0.161514,0.244602,-0.072260,0.419260,-0.319072,0.427676,-0.161511,-0.018266,0.779383,0.766619,0.307645,0.353315,-1.902312,-0.599746,0.715639,-0.226574,0.413670,0.135453,0.454442,-0.565252,-1.022264,-0.128475,0.173483,0.384134,1.337952,0.821548,1.043246,0.606977,-0.799917,0.059516,0.236642,-0.125011,-0.384830,0.026310,-0.851792,-0.987331,-2.084549,0.254577,-0.252178,1.057836,-1.035480,-0.056716,-1.375984,-0.171561,0.327878,-1.477733,0.018176,0.796270,0.116740,-0.040715,0.147499"
DB00285,"-0.041759,-1.186297,1.514597,1.048926,1.532412,1.405406,-0.019211,-0.822274,-1.090486,-0.645003,-1.369133,-1.243530,1.231002,1.235289,1.012390,-1.520756,-1.911392,-1.599087,0.132820,1.856726,2.098678,-0.046900,0.991111,-1.238520,-0.116172,1.093714,1.167982,0.510959,-0.952756,-0.833062,-1.412101,-0.208367,0.467916,1.865525,-1.526773,0.924289,-2.792333,-1.968256,-0.910816,-0.111171,1.567528,0.134957,1.414561,-0.821450,-1.513640,-0.637948,-1.442879,0.764043,1.018056,-0.116021,-0.151481,0.071325,-1.890266,1.663621,1.377710,-0.026995,1.000824,1.658957,1.126753,0.697943,-0.086917,1.499687,0.767351,0.709530"
DB00695,"0.941826,-0.883890,0.773323,1.498510,0.757969,0.429702,1.009245,0.700489,-0.056977,-0.487931,-2.055660,-1.216037,1.253582,0.734182,0.004977,-0.826087,-0.682328,-1.498162,-1.024579,0.820482,-1.041448,-1.473251,-1.034694,-0.783852,0.386984,-0.320245,1.440891,1.437904,-1.084706,0.253566,-0.789342,0.417141,0.862486,0.425474,-0.747029,1.601743,-0.257774,-1.274047,-0.681157,-2.169843,0.423495,1.309479,0.777261,-0.572105,-0.773704,0.873295,-0.876928,0.492192,0.922558,1.644626,-0.077049,0.733614,-0.937489,0.635360,0.813041,-0.634908,0.788186,-0.667008,0.910229,0.346271,1.299442,0.797016,1.094706,0.581328"
DB00833,"0.362077,0.226128,0.157609,1.009986,0.066993,-0.665435,1.307369,0.486158,-0.951207,-1.129568,-1.388102,-0.351987,0.967390,0.446470,-0.505098,-0.144400,-0.459447,-0.276735,-0.925058,0.607294,0.699068,-0.938858,-1.003496,-0.214701,0.856704,0.216418,1.016828,1.142815,-1.287725,0.788035,-0.182873,1.275902,-0.252081,0.572938,-0.116576,0.627293,-0.221880,-0.548344,0.413231,-0.529160,-0.585530,1.496766,0.157689,0.352419,-0.112526,1.549621,-0.172961,0.023135,0.300709,1.208045,-1.175927,1.038105,-0.722994,-0.174887,0.188236,-0.924553,0.053898,-1.531566,0.660254,-0.657616,0.585948,0.155140,0.221633,0.085775"
DB01059,"-0.345248,-1.313566,0.256418,0.359487,0.492192,1.612476,-1.885650,0.895580,0.421345,-0.243518,0.050496,0.572847,0.061668,1.000037,1.030143,-0.294093,0.843952,0.684228,0.753534,-1.634317,0.250633,2.808912,0.204361,-0.452039,-0.854089,-1.740220,-0.578446,1.700858,0.938753,-0.963720,-0.311320,-2.053547,1.695285,0.943432,-0.316479,-0.933761,-0.068990,1.300781,-0.836065,-0.483823,0.563202,-1.804542,0.237209,-1.089642,-0.377073,-1.294230,-0.379839,0.849573,0.305316,1.155732,1.306421,-2.566045,2.471428,-0.809638,0.336678,0.535975,0.042673,0.820643,-2.056525,2.194139,0.763354,0.294722,0.070692,0.959398"
DB00905,"0.294574,0.360507,-0.942153,-0.823408,-0.929586,-0.435757,0.451107,0.888345,1.226526,0.423247,0.328290,0.124995,-0.579452,-1.260297,-0.035142,0.907608,1.114543,0.099352,-0.759964,-0.478266,-1.453525,-1.019648,-0.664736,0.808838,-0.116433,0.428670,-0.536432,-0.948356,0.889208,0.616508,0.903904,0.001977,-0.163152,-0.845338,0.961567,-0.023998,1.362794,0.154914,0.288620,-1.216202,-0.710242,0.432950,-0.926341,0.460970,0.934467,0.278798,0.898822,-0.509860,-0.310863,0.022131,0.008718,0.244586,-0.245040,-0.606092,-0.902707,-0.031030,-0.440360,-0.458430,0.211722,-0.273219,0.020424,-0.941029,-0.563374,-0.535922"
DB00593,"0.750510,-2.906602,1.328254,0.186239,1.482029,2.329714,-2.374940,-1.638145,-0.979695,-0.009646,-0.457779,-1.474567,0.629338,1.306297,2.381767,-1.344716,-0.885025,-0.808100,0.967489,0.538642,0.087178,1.027022,1.390451,-1.498888,-1.358711,1.662842,0.414475,0.029843,-0.176487,-2.281168,-1.308719,-2.276395,1.453589,0.752048,-1.332275,0.559609,-1.466391,-0.957850,-2.618854,-1.652714,1.202603,-1.684226,1.251907,-1.990510,-1.375898,-2.086249,-1.340229,1.717991,1.973272,0.439192,1.231511,-1.631474,-1.684544,1.980435,1.254468,1.558903,1.598594,2.873436,-0.690140,2.134811,-0.657996,1.271584,0.640813,0.617782"
DB06412,"-0.589696,0.451885,-1.128620,-0.577108,-1.105301,-0.872707,0.595076,0.342997,-0.208082,-0.305597,0.325907,0.558635,-0.730472,-0.899587,0.390533,1.129985,0.895769,0.811738,-0.636602,-0.893777,-0.112361,0.192836,-0.524974,1.001696,-0.277955,0.097478,-0.699987,-0.262613,1.087760,0.742670,1.107562,0.542024,-0.820126,-0.173102,1.137060,-0.999906,0.378077,0.431022,0.873976,0.543676,-0.816221,-0.062488,-1.147747,0.892732,1.124443,-0.144484,1.107793,-0.861963,-0.814797,-0.064315,-0.687350,-0.048066,0.513104,-0.609170,-1.116506,-0.521456,-0.922555,-0.212586,0.306657,-0.838103,-0.540135,-1.141948,-1.157931,-0.777178"
DB01086,"-0.919645,-1.241656,1.094687,-1.188734,1.091099,1.465925,-2.703184,-3.732054,-3.438324,-0.906274,0.882815,0.067962,0.684306,0.307855,3.050836,-1.138057,-0.390021,-0.951835,2.456428,0.969286,3.017051,2.080155,2.760955,-0.849992,1.554904,0.679847,-1.028545,-0.637327,1.396670,-2.058116,-1.065126,-2.604787,0.542916,-0.349509,-1.200050,0.672904,-0.135460,1.861654,-1.380320,1.160986,-0.140440,-1.735627,1.066479,-1.769865,-1.087914,-0.150560,-0.881263,1.577803,1.617106,-1.042304,0.462724,-0.235907,-0.310606,0.713664,0.842522,1.594470,2.366299,2.480575,-2.431495,1.629253,-2.162009,1.173591,0.415193,-1.163039"
DB00776,"0.678209,0.276987,0.496695,-0.788611,0.351562,0.541829,-0.595671,-2.458292,-0.586469,-0.967971,0.691991,-0.034612,0.473055,-0.123843,0.715428,-0.404097,-0.810800,-0.021856,0.146019,1.341929,0.792852,-0.041944,1.479941,-0.543209,1.335230,1.094927,-0.413766,-0.134388,0.430226,-1.517582,-0.528846,-0.832449,-0.071085,-1.430080,-0.420350,0.844182,-0.333555,-0.522978,-1.049138,-0.741781,-0.666902,-0.350227,0.471431,-0.237097,-0.333981,0.114770,-0.258398,0.833595,1.103719,-1.722680,-0.551714,1.041736,-0.263206,0.178434,0.380817,1.191105,1.749449,1.097102,0.684959,0.697479,-1.927061,0.369843,-0.164017,-1.363903"
DB00698,"0.638787,-0.101035,0.280985,1.090391,0.198887,-0.464851,1.210859,0.346697,-0.751404,-0.638952,-1.415697,-0.870336,0.841769,0.569857,-0.578854,-0.272504,-0.507261,-0.540963,-0.704302,0.512749,0.027674,-1.171088,-1.122276,-0.349204,0.497731,0.378391,1.239072,0.605137,-1.333998,0.708456,-0.293650,1.164461,-0.121731,0.678750,-0.236148,0.807671,-0.095131,-0.483018,0.272391,-1.059896,-0.229051,1.463427,0.275785,0.126295,-0.237777,1.328322,-0.326183,0.086631,0.375041,1.468732,-0.627826,0.855305,-0.995349,0.180084,0.321930,-0.931029,0.031411,-1.411475,0.641304,-0.744812,0.672838,0.272245,0.315140,0.336339"
DB00485,"-0.457912,0.651465,-0.919024,-1.421354,-0.963461,-0.893008,0.260725,0.443684,-0.102050,0.586879,1.550226,0.856078,-0.403271,-1.019963,-0.357567,0.948001,0.801086,0.867608,0.086052,-0.399415,0.022547,-0.085114,0.102143,0.946177,0.731462,-0.139591,-0.879811,-1.123321,0.485078,0.689911,0.931676,0.601384,-1.006823,-0.554579,0.924666,-0.560769,1.246069,1.236984,1.228039,0.932020,-0.979191,0.357447,-0.873731,0.889661,0.939257,0.556739,0.972876,-0.747664,-0.986720,-0.987168,-0.714211,0.483894,0.287726,-1.759957,-0.921499,-0.606081,-0.874414,-0.692462,-0.515387,-0.956097,-0.256602,-0.910853,-1.104240,-0.453478"
DB01080,"0.800955,-0.299867,0.313060,-0.723456,0.206965,0.699735,-1.056365,-2.679972,-0.244536,-1.390754,0.330710,0.273481,0.301261,-0.303767,0.931758,-0.210270,-0.498127,0.540269,0.164087,1.123166,0.853953,0.368041,1.419687,-0.666290,1.126896,1.711687,-0.548590,0.009149,0.713250,-2.118363,-0.411423,-1.795857,0.119650,-1.506921,-0.203476,0.352826,-1.141777,-0.634016,-1.821171,-0.775618,-0.591616,-0.255079,0.275023,-1.068248,-0.147776,0.101286,-0.140521,1.465457,1.755092,-0.381351,-0.523013,0.596729,-1.073688,1.102871,0.210599,2.163952,1.969227,1.357629,0.322500,1.314362,-2.126717,0.196941,0.258400,-1.961956"
DB00887,"0.492246,-1.121174,0.514898,0.964626,0.571003,0.713533,0.599760,0.967729,0.313171,0.054429,-2.096487,-0.812911,0.874070,0.744100,0.366178,-0.621948,-0.270438,-1.304178,-0.833005,0.451735,-0.651928,-1.170863,-0.857790,-0.455003,0.318816,-0.257119,1.324732,0.675597,-0.407526,0.281189,-0.466592,-0.087062,0.874894,0.007259,-0.549292,1.464965,-0.704256,-0.864989,-0.679878,-2.723518,0.381467,1.086341,0.509561,-0.620576,-0.601948,0.417206,-0.626486,0.309167,0.778852,0.987676,-0.101546,0.153383,-1.134944,0.862303,0.513151,-0.729189,0.599057,-0.286802,0.076950,0.705298,1.339284,0.590063,1.073544,0.478680"
DB01015,"0.822386,-2.042703,1.643384,1.904515,1.799418,1.637082,-1.230753,0.715993,-0.615080,-0.083689,-0.615656,-1.349477,2.215337,2.743705,0.094880,-1.614043,-0.674670,-0.573466,-0.374231,-0.839085,-0.285385,1.909480,-0.559680,-1.869948,0.044239,-1.969641,1.922786,1.220790,-0.622394,-0.905974,-1.656446,-0.274722,1.638638,2.652431,-1.635718,0.938503,-0.468524,0.069354,-0.817505,0.521136,0.847350,-1.085175,1.621104,-1.978039,-1.709651,-0.415220,-1.788486,1.336632,0.682203,1.245815,1.245090,-1.636816,1.681187,-0.659127,1.747978,-0.087684,0.704353,-0.075165,-1.289965,1.892857,2.062543,1.636721,0.726805,2.714975"
DB09055,"-0.593745,1.020529,-1.311765,-0.887972,-1.338054,-1.222884,0.692669,0.547551,-0.100054,-0.078152,0.487660,0.823311,-0.900520,-1.197697,-0.219109,1.314989,0.935706,0.988936,-0.680718,-0.773901,-0.115391,-0.316253,-0.352388,1.259953,0.020141,0.513886,-0.762672,-0.588323,0.833655,0.972974,1.293315,0.657730,-1.100562,-0.597888,1.319838,-0.973960,0.646377,0.399838,0.999847,0.130089,-1.312347,0.225538,-1.321816,1.234604,1.322648,0.317986,1.324036,-1.018337,-0.873297,-0.249031,-0.647588,0.216595,0.254998,-0.699501,-1.311755,-0.451622,-0.987938,-0.606306,0.491872,-1.046143,-0.594040,-1.322215,-1.193645,-0.895672"
DB13132,"-0.740096,1.005516,-1.259998,-0.977826,-1.287224,-1.228020,0.585867,0.380969,-0.341581,-0.064220,0.645168,0.763362,-0.887072,-1.296595,-0.106861,1.262681,0.872625,0.898695,-0.560378,-0.709937,-0.064880,-0.200061,-0.161012,1.214752,0.059325,0.703422,-1.006797,-0.408992,0.763357,0.924394,1.242073,0.516658,-1.193569,-0.570349,1.264463,-0.966276,0.576405,0.432026,0.944082,0.393716,-1.195530,0.043542,-1.271074,1.182870,1.279705,0.302944,1.290434,-1.005359,-0.917781,0.000100,-0.453343,0.131192,0.040247,-0.915265,-1.288596,-0.385690,-0.809188,-0.415044,0.463626,-0.973099,-0.742288,-1.264528,-1.153805,-0.944570"
DB00763,"-1.722134,0.228464,1.135904,0.731760,1.180888,0.453868,0.470432,0.792025,-3.730899,0.915336,-0.630493,-0.417889,1.101809,0.817129,1.721055,-1.263208,-1.644260,-2.109972,0.560279,0.459169,1.488987,-0.036415,0.916213,-0.062601,0.895246,-0.955552,1.734633,0.951885,-0.569972,1.100334,-0.848100,1.147813,-1.041527,2.010064,-1.347588,1.158484,-1.043525,0.373639,0.832326,2.146144,0.912246,-0.717453,1.124190,0.114720,-1.320536,0.388112,-1.055310,-1.167259,-0.606918,-0.822423,1.309952,0.720957,-1.213374,0.704801,0.892199,-3.016768,-0.125295,0.605424,1.257432,-0.337721,1.475994,1.343583,1.150108,0.872669"
DB00845,"-0.424034,-0.095943,-0.217028,-0.553311,-0.096225,0.373170,-1.564337,1.043358,0.774243,-0.196776,1.216644,1.166889,-0.413499,-0.245096,0.051801,0.207818,1.191353,1.098666,0.306742,-1.202386,-0.275342,1.444224,0.382119,0.109929,-0.373115,-0.662773,-1.056934,0.715638,-0.164051,-0.317866,0.177995,-1.532476,0.567701,-0.656121,0.165894,-1.152285,0.773633,0.870545,-0.178297,0.992001,0.129417,-1.230464,-0.173385,-0.323682,0.148230,-0.663200,0.213178,0.190659,-0.701592,0.723898,0.671958,-1.313452,1.612887,-1.277205,-0.199426,0.311867,-0.011107,-0.361522,-1.744858,0.843970,0.213815,-0.177964,-0.116498,0.582498"
DB01099,"1.535792,-0.300385,0.512175,1.735338,0.453336,-0.202898,1.131123,0.373297,-0.369566,-1.128983,-1.158193,-0.746014,1.287328,1.126659,-0.573666,-0.442617,-0.434289,-0.368452,-1.423638,0.349599,0.174557,-0.165366,-1.302141,-0.913523,0.796758,-1.039574,1.070338,1.712720,-1.155036,0.246838,-0.610979,1.529808,0.223242,0.934472,-0.417048,0.721938,-0.347747,-0.362302,0.331782,0.394007,0.175035,1.283832,0.512088,-0.369071,-0.439755,1.246690,-0.611927,0.500079,0.622506,1.204449,-1.099532,0.638457,0.110637,-0.088385,0.659430,-0.664659,-0.005015,-1.347815,0.134065,-0.472957,1.078532,0.458744,0.516179,0.440609"
DB00349,"-0.042745,-0.291677,1.557498,0.887182,1.413462,0.852701,0.000551,-1.455846,-1.882850,-0.304409,-1.314832,-0.680025,1.474628,1.104598,0.276768,-1.550249,-2.158228,-1.292341,0.440639,1.936399,1.750441,-0.458427,1.265819,-1.218777,1.616247,0.822826,1.384462,0.191166,-1.296569,-0.767493,-1.495866,-0.043163,-0.093364,0.185842,-1.559481,1.728945,-2.009785,-1.427397,-0.902714,-0.189310,0.513966,0.332040,1.532069,-0.732304,-1.483866,0.678627,-1.403663,0.870422,1.304154,-0.548252,-0.235110,1.613050,-1.788491,1.217528,1.391834,-0.145221,1.689007,0.474363,1.193190,0.328210,-0.504853,1.561848,0.975984,0.233738"
DB00879,"-0.526229,1.180566,-1.364366,-0.933090,-1.411872,-1.331041,0.779766,0.311312,0.088802,-0.063863,0.757855,0.747317,-0.852690,-1.318121,-0.275373,1.392449,0.971455,1.075382,-0.675810,-0.806871,-0.246773,-0.361185,-0.434934,1.246806,0.072234,0.536688,-0.744082,-0.736268,0.873141,0.998712,1.316657,0.771684,-1.203566,-0.477154,1.398848,-1.029885,0.902938,0.384840,1.127461,0.460224,-1.330517,0.234108,-1.364500,1.295490,1.403858,0.356624,1.377447,-1.041614,-0.984558,-0.261061,-0.682550,0.439029,0.331037,-0.916005,-1.342582,-0.353908,-1.066479,-0.696513,0.677322,-1.250828,-0.671736,-1.399209,-1.345843,-0.835966"
DB01087,"-2.068829,0.927612,0.603604,-0.913481,0.751325,0.887840,-1.242622,0.832093,-0.396545,2.652045,0.891545,-0.380146,-1.288611,0.400570,0.716405,-0.760831,0.079717,-0.920668,2.743759,-0.294427,1.069070,-0.083143,1.161505,0.399484,-2.572442,-0.234836,-0.151650,0.189508,0.006565,0.789856,-0.412007,-0.954419,0.377088,0.607290,-0.847156,-0.755628,1.347552,0.710102,0.594236,1.009326,1.292462,-2.114156,0.663017,0.734551,-0.857727,-1.680799,-0.517956,-1.147686,-1.242738,-1.951103,2.685243,-1.043898,1.453345,0.433194,0.482626,-0.960753,-0.781476,1.130413,-0.125198,0.235969,0.777912,0.755857,0.653701,1.409632"
DB01069,"-0.541246,-1.492973,1.910839,1.035423,1.958712,1.777769,-1.248234,-0.585717,-0.407819,0.380606,-0.833336,-1.250288,1.997716,1.785271,1.096040,-1.920088,-1.818606,-1.710899,0.564625,0.923879,1.635335,0.839144,1.572344,-1.549076,-0.390167,0.888336,1.426375,-0.522252,-0.682088,-1.140505,-1.883853,-0.532937,0.890014,2.541570,-1.941688,1.402142,-1.835219,-1.135848,-1.238477,0.395427,1.290454,-1.168229,1.826395,-1.168839,-1.954386,-0.941883,-1.861473,1.210277,0.867768,-1.581428,0.816965,-0.666207,-0.234097,0.916149,1.809731,0.508030,1.337606,1.866826,0.281128,1.634063,0.462020,1.896211,0.267443,2.162059"
DB00271,"1.031168,0.577575,0.182958,1.338289,0.019506,-1.073718,1.574848,-0.061117,-0.095055,-1.121000,-1.050754,-0.567256,0.827622,0.568791,-1.250678,-0.097820,-0.405780,-0.029171,-0.796963,0.554371,0.221971,-1.163496,-1.415441,-0.458373,0.730749,0.181445,1.150564,0.985516,-1.528443,0.684416,-0.305418,1.664811,-0.280435,0.646935,-0.067104,0.596472,0.338792,-0.601548,0.502053,0.041420,-0.609459,1.770552,0.210457,0.458904,-0.065373,1.808696,-0.220744,0.189296,0.306448,1.369491,-1.241228,1.310527,-0.241903,-0.049262,0.312055,-0.285495,-0.150746,-1.938177,0.800826,-1.164267,0.527523,0.113972,0.214648,0.084014"
DB00794,"-0.960481,0.119220,1.347442,-0.805235,1.333725,1.511339,-1.329638,-0.736285,-1.759224,2.266392,0.359425,-0.549117,0.545901,0.552224,1.363582,-1.460640,-1.733720,-2.389755,1.791514,1.477829,1.240286,-0.522021,2.389003,-0.392250,0.222133,0.423060,0.533709,-1.334906,0.269644,-0.413077,-1.118491,-0.432413,-0.244031,-0.895392,-1.511028,1.783526,-0.218123,-0.183516,-0.242326,0.556241,0.839726,-1.598201,1.373085,-0.152669,-1.434304,-1.014709,-1.122766,-0.314798,-0.048425,-4.063022,1.536058,1.078718,-0.694574,0.539972,1.088151,-0.824448,1.125588,2.221024,0.686637,0.306962,-0.468105,1.437318,0.562672,0.834166"
DB12829,"-0.483083,1.032780,-1.301662,-0.934173,-1.341076,-1.238162,0.670551,0.263894,0.036882,-0.138538,0.760817,0.728224,-0.782440,-1.288677,-0.177425,1.326543,0.985638,1.046047,-0.566531,-0.763728,-0.144318,-0.223852,-0.391010,1.178858,0.091249,0.515455,-0.786857,-0.756235,0.929586,0.885948,1.258741,0.713179,-1.128407,-0.422657,1.330277,-0.997347,0.875668,0.488150,1.055329,0.577605,-1.270178,0.179413,-1.301095,1.195226,1.333852,0.351287,1.315374,-0.949726,-0.896089,-0.247950,-0.738787,0.372676,0.312526,-0.954057,-1.286990,-0.318820,-0.994151,-0.608863,0.540296,-1.188257,-0.710490,-1.325187,-1.310987,-0.828123"
DB01221,"-0.466461,-0.774826,1.781916,1.379663,1.714231,1.328991,-0.201650,-1.305961,-0.106484,0.416929,-1.510090,-0.142184,1.162156,1.848611,-0.702331,-1.809439,-2.060283,-1.396591,1.759600,1.896891,2.164235,0.526430,1.624121,-1.326889,1.083306,-0.257032,1.586798,1.126855,-0.860736,-1.070346,-1.635507,-0.189683,0.121619,0.815244,-1.823633,2.000027,-3.081480,-0.715512,-1.043226,-0.773443,1.910809,0.213821,1.746679,-0.956490,-1.782635,0.183709,-1.726414,0.875184,0.927719,-0.842753,0.046378,0.324266,-1.628709,1.830389,1.624074,0.007884,1.228353,1.447983,0.331418,0.834902,0.180387,1.871449,1.741095,0.379272"
DB00224,"-2.558100,1.119856,-0.040561,-0.668661,0.119074,0.068918,-0.239128,0.711348,-2.435569,1.673486,-0.605224,0.191546,-1.888571,-0.298891,2.367687,-0.231863,0.345133,-1.562408,2.326387,-0.063730,1.778741,-0.298273,1.369959,1.205768,-1.768694,-0.610860,-0.281283,1.873011,0.655564,1.936057,0.351334,-0.203751,-0.881211,-0.357951,-0.279809,-0.380269,0.124379,0.300757,1.050264,0.570554,1.524450,-1.674141,-0.029475,1.588780,-0.271066,-1.302902,0.118221,-2.343128,-1.061269,-1.645089,1.459825,-0.314589,-0.441425,1.456134,-0.335613,-2.689813,-1.048425,1.739995,1.032411,-0.630831,0.332294,0.221481,1.161553,-0.319164"
DB00291,"0.427211,-0.543769,-0.638255,-0.162783,-0.530769,0.023097,-0.168814,0.452963,-0.635556,-0.317640,0.443136,0.535572,-0.214263,-0.255716,0.997764,0.639195,0.935703,0.536661,-1.087609,-1.054687,-0.343048,1.306184,-0.100171,0.300452,0.042713,-1.107203,-1.028552,1.066205,1.214187,-0.122553,0.598457,0.146587,-0.182628,-0.516338,0.639886,-0.714738,-0.308411,0.755432,0.279345,1.166151,-0.094996,-0.782419,-0.666009,-0.248658,0.605243,-0.523423,0.553343,-0.183706,-0.082517,-0.084706,-0.302353,-0.713528,0.987313,-0.493622,-0.593094,-0.496378,-0.347455,0.396269,-0.665292,0.101905,-0.072939,-0.639468,-0.474541,-0.543749"
DB01217,"-0.769860,0.555456,-1.068817,-0.884701,-1.059186,-0.776599,0.320742,0.707619,0.129249,0.409104,-0.000952,1.050439,-1.568698,-0.856184,-0.626220,1.022717,1.156745,1.076715,0.500540,-0.503503,0.441706,0.098585,0.332931,1.143045,-0.132936,-0.150960,-1.022618,0.574589,0.757881,0.698495,1.127390,-0.261915,-0.575324,-1.156787,1.030225,-0.913066,-0.231137,0.471736,0.513002,-1.064642,-0.168116,0.313644,-1.075774,0.776192,1.024558,-0.024252,1.043721,-0.828419,-0.503278,0.197923,-0.343834,-0.500526,-0.090326,0.369813,-1.104541,-0.373958,-0.966623,-0.025046,-0.134681,-0.425610,-0.244990,-1.000214,0.008669,-1.040355"
DB01232,"-2.459031,-0.037582,0.545202,-0.539878,0.783338,1.037772,-1.401592,1.018519,-1.553699,1.747253,-0.214660,0.129032,-1.595551,0.489556,2.028091,-0.777012,0.677336,-0.887458,2.491528,-0.488112,1.648167,0.413534,1.433523,0.427067,-2.251587,-0.571847,-0.095805,1.552274,0.047590,0.973981,-0.265165,-1.851074,0.496096,-0.034970,-0.847947,-0.963003,-0.291093,-0.031346,0.159080,1.438562,2.111404,-1.910779,0.562975,-0.018255,-0.889485,-2.134640,-0.522957,-1.198804,-0.869090,-0.181728,2.207257,-1.504375,0.152897,1.952299,0.322641,-1.435017,-0.692163,1.413057,-0.805904,0.628032,1.224789,0.798198,1.796235,0.834799"
DB01023,"0.149127,-1.448776,1.024348,0.529523,1.183216,0.972546,-1.302228,0.252366,-1.192140,1.120950,-0.704000,-1.572678,0.071697,0.959225,0.636705,-1.126963,0.122389,-0.696780,0.983861,-0.784662,-1.520956,-0.255381,0.083443,-0.804780,-2.113852,0.320484,0.835623,-0.304946,-0.499873,-0.280673,-0.951706,-1.642001,2.081640,0.898866,-1.106300,0.105331,0.627511,-1.191561,-1.479556,-0.864248,1.043666,-1.123822,1.010155,-1.279177,-1.186639,-1.383518,-1.169783,0.523476,0.671795,1.595479,2.544053,-1.738419,0.669853,1.434468,1.053255,0.734759,0.408131,0.562958,-0.601951,1.673089,1.874209,1.080955,1.588743,2.154244"
DB00535,"0.489152,0.311645,0.140729,1.013952,0.036271,-0.748576,1.320862,0.369847,-0.918981,-1.228080,-1.243690,-0.334435,1.015333,0.402541,-0.640428,-0.108343,-0.434441,-0.153277,-0.929859,0.602017,0.733754,-0.962492,-1.036412,-0.274966,0.882822,0.278883,0.955685,1.157437,-1.440051,0.784652,-0.194945,1.332941,-0.238957,0.590520,-0.080645,0.525087,-0.031124,-0.561053,0.484856,-0.254999,-0.628264,1.654205,0.151168,0.370311,-0.076838,1.637000,-0.157129,0.089067,0.266517,1.329189,-1.330238,1.122965,-0.669835,-0.374243,0.193960,-0.793980,0.028221,-1.714192,0.683308,-0.810513,0.554687,0.123591,0.169724,0.128762"
DB01262,"0.432272,-0.223084,-0.734896,-0.079797,-0.647458,-0.178903,0.011565,0.701327,-0.776534,-0.221579,0.386559,0.535078,-0.212851,-0.277838,0.651255,0.749943,0.808922,0.621925,-1.415781,-1.114180,-0.292105,1.209487,-0.112661,0.388234,0.078332,-1.240596,-0.896707,0.685060,1.155408,0.161734,0.691227,0.522371,-0.306393,-0.390107,0.750179,-0.770304,-0.200256,0.550106,0.642338,1.332552,-0.228650,-0.683370,-0.763327,-0.015427,0.720650,-0.444085,0.643208,-0.355060,-0.275014,-0.005120,-0.351042,-0.456881,1.197045,-0.813572,-0.666971,-0.657682,-0.620204,0.122604,-0.497050,-0.249899,0.009087,-0.752243,-0.720937,-0.331233"
DB00446,"0.014731,0.018789,-0.553076,-0.504122,-0.492998,-0.287548,-0.003926,0.312944,-1.685210,-0.179852,0.773899,0.438920,-0.122943,-0.314907,1.157075,0.552161,0.842680,0.093652,-1.014403,-0.973233,-0.035558,0.942009,0.030075,0.525582,0.395995,-1.119346,-0.844325,0.355691,0.713671,0.584174,0.575557,0.545869,-0.506888,-0.157655,0.522715,-0.539121,0.751256,1.079667,1.001068,1.648914,-0.338708,-0.719086,-0.574462,0.334962,0.527759,-0.236521,0.552031,-0.730332,-0.623807,-0.741370,-0.248180,-0.249916,1.264403,-1.101139,-0.562880,-1.237901,-0.465052,0.051925,-0.633076,-0.425738,0.192955,-0.554721,-0.883464,-0.221489"
DB09267,"-0.505998,1.080782,-1.325966,-0.885395,-1.362409,-1.224742,0.752982,0.384702,0.216051,-0.100123,0.713939,0.721555,-0.810504,-1.287285,-0.206099,1.351101,0.970293,1.014621,-0.615195,-0.782708,-0.195173,-0.262291,-0.475865,1.206690,0.017411,0.435030,-0.770772,-0.685286,0.972972,0.935321,1.280930,0.771309,-1.117451,-0.378142,1.356453,-1.006954,0.872038,0.441768,1.108465,0.455664,-1.246537,0.202790,-1.328450,1.255952,1.358315,0.297037,1.336612,-0.995607,-0.932781,-0.292311,-0.739226,0.365991,0.385295,-0.958663,-1.304037,-0.392479,-1.075080,-0.608296,0.662927,-1.216407,-0.675842,-1.354690,-1.350606,-0.823847"
DB02703,"-2.664523,1.358989,0.174665,-1.021590,0.304178,-0.032064,-0.281138,0.679472,-2.234291,2.732347,0.050722,-0.197472,-1.980450,-0.311533,1.631619,-0.431917,0.070598,-1.695231,2.650137,0.181607,1.765951,-0.929434,1.467730,1.111982,-2.257584,0.073285,-0.356599,0.360773,0.473205,1.819466,0.119538,-0.102801,-0.765716,-0.072816,-0.501455,-0.429244,0.323125,0.175149,1.150925,0.852756,1.183842,-1.743168,0.207202,1.573937,-0.482014,-1.463923,-0.057370,-2.157448,-1.241967,-2.441432,2.083833,-0.331833,0.154928,1.391959,-0.101582,-1.913634,-1.020209,1.559338,0.910756,-0.637331,0.148799,0.416590,0.838669,0.400560"
DB01140,"0.670345,0.243486,0.196074,1.115265,0.080522,-0.766935,1.358450,0.218751,-0.680733,-1.182695,-1.217064,-0.481356,1.000874,0.472249,-0.657951,-0.153800,-0.422872,-0.194900,-0.798921,0.613640,0.548792,-0.945323,-1.138741,-0.371137,0.844672,0.183213,1.033613,1.085118,-1.382375,0.705141,-0.265605,1.383456,-0.199409,0.643744,-0.123682,0.652034,0.082504,-0.522548,0.423906,-0.255795,-0.546487,1.651496,0.210255,0.318869,-0.121766,1.683137,-0.223448,0.157716,0.355041,1.358372,-1.290399,1.169897,-0.547382,-0.254134,0.269457,-0.650855,0.022972,-1.697754,0.622810,-0.802924,0.581949,0.170313,0.223207,0.106218"
DB00339,"0.827700,0.562227,0.162722,1.216933,0.010146,-0.987732,1.481786,-0.028390,-0.376145,-1.221938,-1.036893,-0.535045,0.904445,0.502589,-1.098809,-0.088818,-0.461977,-0.043530,-0.791433,0.603573,0.470277,-1.030648,-1.292447,-0.404108,0.810455,0.287095,1.135523,0.847269,-1.496384,0.726428,-0.265628,1.657186,-0.361909,0.822755,-0.060760,0.508572,0.276196,-0.524377,0.569678,0.140675,-0.628418,1.704040,0.186192,0.456612,-0.053608,1.808605,-0.188253,0.125389,0.215204,1.322129,-1.369644,1.345759,-0.403104,-0.244814,0.263705,-0.449591,-0.116595,-1.889910,0.848281,-1.200663,0.414753,0.106943,0.059243,0.148900"
DB00350,"2.319866,-0.109054,-0.011832,0.530786,-0.100925,-0.402810,0.325542,0.338917,1.118985,-1.360794,-0.191602,-0.477565,0.210020,-0.821549,-0.122775,0.063974,0.669476,-0.153591,-1.325851,0.059442,-3.552263,-1.828761,-1.120995,-0.512291,0.485395,-0.544604,-0.623528,0.203256,-0.779220,-0.432011,-0.281357,-0.611768,1.903852,-1.653262,0.163999,0.323687,2.647470,-1.290032,-1.368604,0.377647,-0.961069,1.115238,0.077387,-1.059411,0.151163,1.003193,-0.104724,1.194122,1.253562,2.076089,-0.116427,1.419129,1.099520,0.249334,0.254554,1.686933,0.828494,-1.523547,0.203592,0.545420,1.023090,-0.122402,0.723315,-0.286009"
DB00479,"0.674694,0.301860,0.069385,0.987749,-0.027663,-0.644994,1.341285,0.098724,0.579584,-0.929927,-0.843300,-0.536855,0.780976,0.373199,-0.813917,-0.025641,-0.202371,-0.260715,-0.497212,0.612165,0.378873,-0.833904,-1.421787,-0.265696,0.625892,-0.029264,0.989443,0.886766,-0.754575,0.625531,-0.136595,1.389765,-0.276017,1.051326,0.001358,0.606461,0.304507,-0.076453,0.534053,-0.613843,-0.332297,1.637508,0.083558,0.430109,-0.001154,1.552695,-0.102704,0.052137,0.214439,1.017428,-1.357724,0.917913,-0.590483,-0.208385,0.148254,-0.470468,-0.266235,-1.380880,0.578685,-0.838273,0.415909,0.045629,0.087820,-0.014148"
DB01172,"0.628670,0.211753,0.093877,0.999590,0.004494,-0.536929,1.328002,0.191754,0.725276,-0.805511,-0.891051,-0.541653,0.766623,0.374787,-0.716945,-0.060310,-0.207808,-0.387097,-0.458548,0.610373,0.287246,-0.830269,-1.376575,-0.263607,0.594970,-0.064802,0.996216,0.938744,-0.674217,0.608780,-0.153889,1.344548,-0.259268,0.976870,-0.030534,0.725599,0.230584,-0.082867,0.506366,-0.756953,-0.218643,1.569882,0.105810,0.397732,-0.034928,1.463999,-0.131800,0.035727,0.206197,0.959695,-1.277963,0.892868,-0.596167,-0.143734,0.168329,-0.531699,-0.238139,-1.273388,0.602147,-0.792419,0.442874,0.076574,0.095573,-0.019905"
DB12319,"-0.688126,1.177620,-0.912175,-0.930298,-0.979235,-1.286959,0.332932,0.239833,-0.602658,0.292369,1.188317,1.056823,-0.646435,-0.937128,-0.853615,0.937850,0.602273,0.948290,0.031679,-0.716905,-0.234773,-0.032125,0.130934,1.056306,0.446001,0.071331,-0.594587,-0.573809,0.389553,0.719627,0.957453,0.527153,-1.118822,-0.625119,0.905906,-0.639553,0.848435,0.912271,0.931329,0.431546,-1.229006,-0.063534,-0.910461,1.057448,0.950447,0.609900,0.986350,-0.896711,-1.053729,-0.163316,0.193161,0.231591,0.476743,-1.190511,-0.949028,-0.186847,-0.725057,-0.764955,0.070633,-0.578087,-0.520684,-0.913719,-0.962171,-0.666413"
DB01395,"-0.089264,-0.659811,0.658342,0.141123,0.667745,0.315907,0.578996,0.477451,-0.169800,1.032876,-0.050370,-0.640408,1.245256,0.753292,-0.262938,-0.716315,-0.595243,-1.104038,0.202948,0.727538,0.078388,-0.715275,-0.508373,-0.329334,1.003127,-0.688375,1.246278,-0.445930,-0.857558,0.501963,-0.500814,1.152991,-0.475952,0.715352,-0.729010,1.421147,0.063028,0.564387,0.563290,-0.434954,0.492388,0.830867,0.697586,-0.097447,-0.739195,0.715780,-0.656241,-0.283253,-0.335443,-0.890346,-0.003405,0.542830,-1.460503,-0.558353,0.583117,-1.708731,-0.072193,-0.474932,-0.179618,-0.338577,1.097897,0.768060,0.553397,0.959125"
DB00270,"-0.624257,-1.541779,1.735976,0.883605,1.891168,1.800274,-0.578281,0.698978,-1.817949,1.835233,-1.447457,-3.016048,1.130839,1.724977,2.177657,-1.889934,-0.667539,-2.577130,1.073151,0.137324,-0.358628,-0.990104,-0.078953,-1.017317,-2.054285,0.272886,2.361789,-0.035222,-0.929175,0.752856,-1.571671,-0.312007,1.257627,2.319498,-1.881795,1.193136,0.569456,-1.304437,-0.509745,0.529087,1.886274,-1.232703,1.733533,-0.818574,-1.967901,-1.419520,-1.810622,-0.190599,0.321759,-0.065392,2.434876,-0.484979,-0.417760,1.634603,1.663762,-1.755150,0.124592,0.983511,1.103608,0.542851,2.569133,1.852925,1.353879,3.087957"
DB00943,"-0.586374,1.072452,-1.322782,-0.899657,-1.350737,-1.260637,0.724224,0.583299,-0.106265,-0.146982,0.554234,0.732480,-0.849799,-1.242394,-0.218485,1.333363,0.914932,0.980019,-0.774201,-0.765703,-0.104359,-0.352469,-0.377647,1.261220,0.005827,0.589693,-0.740771,-0.562572,0.823023,0.996765,1.304378,0.694502,-1.117626,-0.530758,1.336135,-0.973271,0.699074,0.331974,1.038346,0.238377,-1.316395,0.208258,-1.332040,1.238223,1.340584,0.340452,1.344048,-1.032230,-0.908680,-0.139764,-0.663672,0.286886,0.207407,-0.856363,-1.324854,-0.462277,-0.965986,-0.676511,0.563769,-1.078856,-0.642240,-1.341088,-1.246313,-0.865117"
DB01198,"-0.072982,0.696428,0.737316,-0.433047,0.595877,0.670967,-1.005708,-2.129628,0.289563,0.063311,0.576434,0.870898,-0.085966,0.297013,-1.208214,-0.684228,-1.327538,0.389588,1.478953,1.498574,1.250014,0.491488,2.097724,-0.579088,1.324634,0.212901,-0.360009,0.227652,-0.253209,-1.481474,-0.683464,-1.169490,-0.026137,-1.448540,-0.718112,0.719194,-1.162581,-0.230714,-0.931039,-1.055557,0.450713,-0.258327,0.753778,-0.373872,-0.617787,0.037451,-0.549359,0.765977,0.688597,-0.808295,-0.068163,0.630350,-0.483624,0.294874,0.604039,1.417198,1.390261,0.897810,0.044430,0.757236,-1.408483,0.705452,0.714677,-0.849942"
DB00503,"-2.780660,0.451887,0.773648,-0.711513,0.981669,1.124221,-1.453652,0.947469,-1.692819,2.757180,0.285954,0.345452,-1.666384,0.616404,1.294531,-1.021353,0.270044,-1.196382,3.460577,-0.284456,1.929767,0.296526,1.833270,0.449046,-2.219455,-0.735740,-0.263342,1.110316,-0.098254,0.977270,-0.469019,-1.676726,0.308140,-0.013493,-1.118494,-0.665892,0.108541,0.686014,0.452620,1.401265,2.158561,-2.180816,0.828126,0.223950,-1.120815,-1.988686,-0.706017,-1.261406,-1.206961,-0.984586,2.907415,-1.389502,0.379921,1.492716,0.534686,-1.229432,-0.688524,1.580620,-0.935594,0.556357,1.019374,1.051834,1.719259,1.041119"
DB06623,"0.872674,0.616699,0.158563,1.271376,-0.002899,-1.042054,1.564508,-0.034665,-0.159530,-1.027616,-1.046936,-0.511584,0.866473,0.536121,-1.208525,-0.080146,-0.435695,-0.042333,-0.827387,0.521604,0.259451,-1.137444,-1.322091,-0.390787,0.815085,0.212975,1.204636,0.846728,-1.406572,0.729438,-0.267335,1.705029,-0.378943,0.679763,-0.050558,0.613919,0.259746,-0.625389,0.545130,0.044265,-0.673327,1.673597,0.181508,0.512842,-0.047693,1.771631,-0.190969,0.098646,0.224660,1.182310,-1.216364,1.357087,-0.252089,-0.113360,0.270060,-0.403572,-0.155501,-1.871968,0.941696,-1.194661,0.504793,0.096489,0.105179,0.138516"
DB08942,"2.426011,-0.575339,1.385644,2.832195,1.275334,0.314386,1.823970,-0.069131,2.741842,-0.972612,-2.161003,-2.061466,1.616497,1.752142,-1.623426,-1.336202,-0.762531,-1.907951,-0.036784,1.793162,-0.456419,-1.833963,-2.734782,-1.751825,0.362409,-1.105681,2.312584,2.586913,-2.245684,0.126667,-1.520838,1.196669,1.107474,1.887813,-1.265456,2.355136,0.313206,-0.409317,-0.590025,-2.932439,1.186929,3.036810,1.434866,-0.629778,-1.296962,2.294704,-1.512579,1.272507,1.695772,2.025334,-0.663793,0.523541,-1.516899,0.988270,1.579782,0.506109,0.646739,-1.370886,-0.261710,0.279823,1.903215,1.364476,2.369565,0.328537"
DB09224,"1.079582,-1.028768,1.672734,1.214214,1.588038,1.207929,-1.056017,-1.132471,-0.010697,-1.205656,-0.792127,-1.528035,2.296067,1.541473,0.177557,-1.550066,-2.006190,-0.625032,-0.888465,1.197804,0.795969,0.421768,0.447839,-1.894793,0.725891,1.304371,1.562409,-0.489210,-1.517495,-1.567186,-1.784971,-0.280955,1.154766,2.129077,-1.545217,1.047510,-0.930432,-1.676827,-1.554173,-0.316183,0.107551,-0.209292,1.610118,-1.324654,-1.536719,0.119034,-1.611248,1.842236,1.717236,0.107670,-0.231328,0.385883,-0.546550,0.287824,1.694494,1.178256,1.712562,0.281753,0.792794,1.114224,-0.149512,1.502580,-0.016645,1.788623"
DB00778,"-0.352901,-0.192753,-0.316992,-0.426584,-0.182636,0.188337,-1.320014,1.030513,0.111833,-0.552052,0.938130,0.648844,-0.079002,-0.165259,0.660849,0.322233,0.812859,0.805285,-0.450711,-1.360216,-0.443866,1.378230,0.032103,0.140275,-0.720244,-0.212086,-0.737441,0.869797,0.262626,-0.172143,0.241059,-1.026481,0.505518,0.234690,0.291408,-1.244635,1.035576,0.657944,-0.093004,1.026908,-0.629143,-1.458021,-0.304369,-0.067265,0.261683,-0.645385,0.303191,0.073712,-0.623296,0.815487,0.418500,-1.243389,2.009052,-1.570706,-0.288932,0.104388,-0.014144,-0.242249,-1.184698,0.768355,0.014383,-0.332055,-0.737740,0.638496"
DB13781,"1.384291,0.134127,0.115265,1.354577,0.053605,-0.591185,0.954735,-0.163475,1.375697,-0.770527,-0.888169,-0.664855,-0.121425,0.179063,-0.892395,-0.064739,-0.086093,-0.632897,-0.419080,0.441434,-1.164048,-1.089529,-1.575954,-0.422677,-0.691071,-0.355345,0.487396,0.755993,-1.143032,0.145993,-0.253197,0.696602,0.441593,0.094339,-0.029235,0.134923,0.447300,-0.326251,-0.174675,0.018776,0.332481,1.171458,0.142353,-0.211226,-0.033436,0.648635,-0.198359,0.470391,0.509768,1.184419,-0.162287,0.323769,-0.098682,1.066079,0.273863,0.659636,0.037648,-0.724570,0.020335,-0.473189,0.363215,0.060170,0.677286,-0.325435"
DB12332,"-1.702750,1.513126,0.133722,-1.050773,0.125973,-0.115774,-0.377497,0.077055,0.171398,2.425765,1.706615,0.981180,-1.496307,-0.156627,-1.645253,-0.231524,0.097773,0.257989,2.776557,-0.193225,0.508734,0.094481,1.120546,0.672888,-0.594599,-0.773496,-0.801337,-0.755765,-0.117750,0.396832,0.040513,-0.520316,-0.349727,-0.570511,-0.316337,-0.382046,0.797287,1.582817,0.797075,-0.053721,0.484849,-1.016364,0.203094,1.015748,-0.242395,-0.349955,-0.017531,-0.883178,-1.401210,-1.404765,2.227317,-0.705401,1.172950,-0.326896,0.037685,0.423475,-0.697987,0.102921,-0.796924,0.171596,-0.178256,0.268524,0.147623,0.417574"
DB11793,"-0.501533,1.047844,-1.304063,-0.931341,-1.344026,-1.229989,0.673216,0.247327,0.046958,-0.118280,0.756142,0.754254,-0.798523,-1.295041,-0.179835,1.328606,0.979752,1.039235,-0.553603,-0.773965,-0.151094,-0.237864,-0.381428,1.186506,0.086386,0.506523,-0.774191,-0.740129,0.919744,0.889811,1.260507,0.692947,-1.130633,-0.434238,1.332692,-0.997122,0.879832,0.497527,1.051905,0.535424,-1.270695,0.185510,-1.303526,1.205029,1.335691,0.342300,1.318247,-0.954378,-0.899132,-0.285044,-0.715094,0.361534,0.324206,-0.922878,-1.290025,-0.303572,-0.984342,-0.593075,0.533715,-1.186623,-0.706858,-1.327444,-1.311402,-0.845393"
DB05767,"0.341329,-0.127622,-0.687836,-0.209999,-0.598027,-0.006376,0.160641,1.028276,0.121581,-0.138103,0.240076,0.360740,0.007513,-0.427778,0.478778,0.691984,0.743483,0.363342,-0.999617,-0.742014,0.028217,0.944848,-0.449933,0.411106,0.291856,-1.212638,-0.712421,0.250450,1.392352,0.206258,0.674723,0.508165,-0.213878,0.140993,0.697536,-0.365429,0.042744,0.768218,0.673251,0.242376,-0.143093,-0.090748,-0.713228,0.080944,0.663695,-0.060006,0.614596,-0.370973,-0.180664,-0.302415,-0.398173,-0.376814,0.615900,-1.248046,-0.640641,-0.798465,-0.725254,0.107097,-0.224888,-0.021882,0.207276,-0.684616,-0.375295,-0.343831"
DB00142,"-0.529889,1.144094,-1.347234,-0.922663,-1.389998,-1.299816,0.780716,0.378314,0.123867,-0.061405,0.726264,0.759385,-0.847126,-1.306983,-0.292598,1.371725,0.965314,1.066622,-0.636627,-0.787403,-0.197528,-0.346509,-0.433938,1.238986,0.048493,0.524124,-0.768568,-0.711448,0.874553,0.984058,1.304564,0.786471,-1.185230,-0.460524,1.376982,-1.023330,0.860772,0.410880,1.118492,0.479858,-1.311871,0.221314,-1.347647,1.303221,1.379901,0.341371,1.360327,-1.027876,-0.976369,-0.271631,-0.699762,0.378751,0.308738,-0.916311,-1.328783,-0.363668,-1.073027,-0.651635,0.638800,-1.257352,-0.679665,-1.373873,-1.340850,-0.832272"
DB00857,"-1.397930,1.406968,0.114283,-0.873079,0.091371,-0.100370,-0.405873,0.129429,0.449821,2.313054,1.575962,1.472850,-1.697525,-0.012404,-2.318876,-0.203886,0.410729,0.746887,2.976316,-0.293764,0.510035,0.462310,1.205952,0.611269,-0.200093,-1.101406,-0.719735,0.027770,-0.226434,0.201867,0.071517,-0.656258,-0.255979,-0.733868,-0.281201,-0.369104,0.408713,1.660014,0.499873,-0.522302,0.647930,-0.837439,0.186217,0.786936,-0.222439,-0.139999,-0.037979,-0.769350,-1.185377,-1.177689,1.960815,-0.976958,0.984849,0.136759,0.049096,0.615607,-0.787860,0.047089,-1.006759,0.427640,0.164637,0.262978,0.555580,0.277375"
DB12930,"0.934135,-0.940679,1.218579,1.071317,1.188670,1.299220,-0.248362,-1.616754,1.454656,-1.619231,-1.492266,-0.567313,1.161025,1.015622,0.340749,-1.173910,-1.645964,-1.133997,-0.104165,2.040891,0.824307,0.121707,0.520864,-1.494040,0.382334,0.567355,0.614036,1.509190,-0.497755,-1.834978,-1.281325,-0.899269,0.822228,0.079641,-1.131311,1.170947,-2.239453,-1.705988,-1.757048,-1.210820,1.149729,0.436412,1.181031,-1.255720,-1.101853,-0.119439,-1.166670,1.650919,1.752303,0.360686,-0.872441,0.481750,-1.790068,1.224282,1.159672,1.132028,1.930094,1.315733,0.618841,1.201707,-1.165592,1.144351,1.118634,-0.854487"
DB01129,"0.289423,0.734981,0.072736,0.961318,-0.059809,-1.114241,1.604038,0.067655,-1.544370,-1.216135,-0.839037,-0.312377,0.694493,0.146738,-0.896986,-0.028016,-0.620776,-0.052051,-1.098629,0.471818,0.375178,-0.985054,-0.747995,-0.096327,0.923316,0.323402,0.909137,0.807989,-1.572820,0.893955,-0.108919,1.458033,-0.710705,0.745048,-0.018831,0.393357,-0.314175,-0.544051,0.619298,-0.373701,-0.724420,1.375547,0.076837,0.795675,0.020387,1.667808,-0.051551,-0.216510,-0.010547,1.541195,-0.888588,1.069519,-0.574377,-0.427694,0.086592,-0.836353,-0.084465,-1.606300,0.994378,-1.103247,0.266926,0.045393,0.009224,0.037672"
DB00134,"-0.514072,1.165432,-1.353049,-0.923091,-1.399430,-1.311087,0.791889,0.352603,0.123722,-0.064469,0.744119,0.753067,-0.841346,-1.320706,-0.309504,1.380305,0.970008,1.079113,-0.662259,-0.801473,-0.230285,-0.361512,-0.445129,1.239465,0.060595,0.531430,-0.750482,-0.772623,0.868181,0.990322,1.308542,0.796682,-1.195976,-0.468454,1.385804,-1.025342,0.897340,0.405125,1.128760,0.486850,-1.330179,0.239261,-1.353678,1.302329,1.388946,0.356322,1.367014,-1.031101,-0.981647,-0.296747,-0.704785,0.405921,0.328402,-0.930540,-1.333213,-0.348419,-1.069395,-0.686320,0.651667,-1.278473,-0.674987,-1.382626,-1.363468,-0.832719"
DB01192,"-0.296075,-0.545693,0.700699,-0.524902,0.692172,0.923265,-0.834590,-1.134239,-1.020963,1.051566,-0.159243,-0.883141,-0.327214,0.193075,0.931106,-0.710427,-1.226153,-0.684315,0.729398,1.033323,1.168507,-0.291456,1.719988,-0.427082,-0.996245,2.233907,-0.016990,-1.841625,0.453714,-1.008368,-0.631835,-0.950460,0.181130,-0.190665,-0.722317,0.243044,-2.044569,-1.722848,-0.964143,0.076584,0.645626,-1.155227,0.624164,-0.543111,-0.705212,-1.540775,-0.590794,0.407757,0.747040,-1.594255,0.819016,-0.059681,-0.872203,1.969898,0.577108,1.190812,0.796532,2.222309,0.731390,0.622774,-1.159181,0.652167,0.082591,0.336292"
DB00504,"-0.538280,0.942257,-1.283493,-0.847532,-1.306163,-1.164343,0.696522,0.394690,0.134289,0.101856,0.603789,0.685438,-0.918976,-1.175153,-0.209429,1.292597,0.905461,0.933974,-0.521329,-0.778428,-0.239335,-0.322883,-0.362994,1.189062,-0.196518,0.516948,-0.714643,-0.685143,0.824704,0.943438,1.255899,0.758204,-1.145492,-0.494946,1.300310,-0.971394,0.656893,0.381626,1.054951,0.360738,-1.085169,0.133228,-1.287815,1.210146,1.295729,0.134670,1.280172,-1.019655,-0.971232,-0.285203,-0.615043,0.220183,0.193414,-0.675525,-1.267571,-0.389349,-1.062731,-0.452748,0.505936,-1.217901,-0.634494,-1.299078,-1.265104,-0.787727"
DB00708,"1.271808,-0.917150,1.199566,0.476315,1.157848,1.617584,-0.972000,-0.982645,1.124741,0.237718,-1.426866,-1.258921,0.556553,0.506708,0.306181,-1.203872,-1.662778,-1.630046,-0.261738,1.884231,-0.505165,-0.861620,1.023718,-1.313328,-0.090115,1.659040,0.696925,-0.617393,-0.477542,-1.589213,-1.243012,-1.187452,0.949549,-0.924875,-1.133228,1.427854,-1.716406,-2.197548,-1.833331,-1.333762,1.069567,-0.176252,1.171274,-1.651993,-1.105575,-0.635895,-1.166697,1.504753,1.934360,-0.336622,0.242067,0.859715,-2.079440,2.059617,1.157862,1.173162,1.979517,1.440728,1.007565,0.800261,-0.787056,1.131631,0.882402,0.190733"
DB00854,"-0.062968,-0.348530,0.226429,-0.258782,0.190049,0.859507,-0.698927,-1.336584,0.985989,-0.212961,-0.270741,0.076000,0.030656,-0.031624,0.337534,-0.195000,-1.028139,-0.182958,0.152255,1.115799,0.726136,0.320633,1.462151,-0.362986,0.122742,1.672944,-0.199502,-0.474139,0.578247,-1.268317,-0.229705,-0.770096,-0.293303,-0.809900,-0.174726,0.387586,-2.042275,-1.292556,-0.989669,-0.593537,0.484749,-0.469741,0.152988,-0.566773,-0.144795,-0.750902,-0.138694,0.636629,0.759159,-0.595031,-0.579097,0.351519,-1.572099,0.922214,0.118107,0.984490,1.060772,1.670966,0.876857,0.397727,-1.687888,0.158839,-0.387165,-0.999767"
DB11691,"0.886330,0.481004,0.175974,1.305162,0.030881,-0.976497,1.493836,-0.027944,-0.345042,-0.956790,-1.134717,-0.578868,0.806361,0.556603,-1.204851,-0.110203,-0.442963,-0.132759,-0.819809,0.551318,0.268229,-1.199806,-1.296808,-0.395089,0.535304,0.302095,1.139977,0.781626,-1.535940,0.727113,-0.276565,1.679611,-0.311226,0.557928,-0.077637,0.562270,0.166292,-0.697949,0.496799,-0.040935,-0.510858,1.617229,0.193407,0.447649,-0.078488,1.568664,-0.219430,0.109803,0.235938,1.171529,-1.085285,1.218914,-0.335063,0.094456,0.288217,-0.410941,-0.144313,-1.723815,0.888347,-1.194949,0.514132,0.118879,0.154132,0.211162"
DB00606,"1.652490,-1.390391,0.877770,1.800584,0.921097,0.994976,0.767242,0.844047,0.783738,-0.458329,-1.698560,-1.497446,1.600607,0.889407,0.194287,-0.928362,-0.467202,-1.712672,-1.436101,0.541517,-1.833366,-1.167634,-1.359038,-1.064276,0.257585,-0.994293,1.184490,1.508379,-0.682388,-0.085860,-0.920929,0.400965,1.275393,-0.004949,-0.851490,1.794748,0.126322,-0.960822,-0.855302,-1.654573,0.976536,1.195255,0.874911,-1.299079,-0.897988,0.552441,-1.038923,0.761010,0.982836,1.531377,0.245358,0.394038,-0.571462,0.620120,0.975737,-0.447163,0.892233,-0.465629,0.617074,0.684570,1.686135,0.897608,1.305592,0.689172"
DB00891,"-0.471602,0.771809,-0.832416,-0.601056,-0.872795,-1.092570,0.294004,0.014321,-0.713297,0.270670,0.821041,0.767571,-0.526824,-0.533859,-0.755251,0.876068,0.558225,1.057428,-0.027561,-0.937946,-0.027422,0.295361,-0.060067,0.830732,0.120546,-0.189651,-0.439795,-0.765812,0.859911,0.469963,0.838096,0.442786,-0.748584,-0.248794,0.855279,-0.737860,0.587703,0.796738,0.792861,0.751380,-1.034500,-0.131654,-0.835013,0.740689,0.870265,0.210157,0.846936,-0.643710,-0.863507,-0.122409,0.164883,-0.039082,0.996154,-0.943656,-0.820899,0.023577,-0.755526,-0.426213,-0.104366,-0.511613,-0.399941,-0.857683,-0.776524,-0.439457"
DB00935,"1.289318,-0.102635,0.112943,1.310569,0.063500,-0.660320,1.118179,-0.146168,1.020446,-0.999199,-0.895199,-0.723265,-0.123057,0.222786,-0.612297,-0.061739,0.008458,-0.585741,-0.202307,0.452507,-1.077469,-0.997931,-1.617255,-0.398162,-0.799715,-0.546562,0.410748,1.260408,-1.025285,0.105873,-0.240482,0.658912,0.511259,0.334517,-0.029438,0.028525,0.424992,-0.146374,-0.212406,-0.097054,0.269971,1.238348,0.133345,-0.124019,-0.035622,0.660821,-0.192034,0.478582,0.556053,1.393324,-0.273183,0.151398,0.024236,1.076287,0.265470,0.446097,-0.076564,-0.617240,-0.052650,-0.321250,0.376916,0.060247,0.752051,-0.506165"
DB01656,"0.620867,0.122317,0.996662,0.967015,0.875011,0.179471,0.754862,-0.063252,-0.414696,0.475325,0.264439,-0.247926,1.200957,1.262044,-1.599691,-0.943096,-0.944781,-0.438198,0.536378,0.767821,0.010863,-0.220585,-0.423916,-0.835217,1.447912,-1.794482,1.143783,0.530192,-2.155324,0.121077,-0.974383,1.326232,-0.189787,0.511485,-0.978362,1.267833,0.313119,0.933394,0.549848,0.264987,0.503434,1.014000,1.068288,-0.107402,-0.948056,1.422246,-0.982615,0.287169,-0.098616,-0.181251,0.097185,0.799368,0.343209,-0.589891,1.076676,-0.810669,0.104423,-1.215317,-0.567229,-0.359240,1.503111,1.016332,0.555565,0.779844"
DB04905,"-0.268956,-0.115653,0.225956,-0.900213,0.299419,0.125107,-0.203415,0.991778,-0.996476,1.657607,0.933735,-0.679458,-0.202691,0.029921,0.116156,-0.263777,0.054407,-0.083137,0.238540,-0.197843,0.381052,-0.059776,0.086551,0.134469,-0.701695,0.058685,-0.226936,-2.034507,0.324102,0.313389,-0.087470,0.024561,0.296681,0.812333,-0.317000,-0.352929,0.107795,0.095078,0.528283,0.961374,0.370196,-0.440959,0.228158,-0.129055,-0.346985,-0.554421,-0.211100,-0.502248,-0.528724,-1.349692,1.244177,-0.769199,0.624127,-0.351072,0.203783,-0.264204,-0.601408,0.176588,-0.793470,0.529535,1.051288,0.278593,0.459917,1.373097"
DB00719,"0.028165,-1.313663,-0.185040,0.036518,0.025046,0.775192,-1.752156,0.757089,1.015727,-0.241799,0.684319,0.338540,-0.398910,0.250186,1.148185,0.181457,0.910121,0.749550,-0.217911,-1.595351,-0.910166,2.036106,0.159001,-0.155608,-1.732956,-0.231154,-1.040873,0.749533,0.371446,-0.783982,0.077258,-1.182280,0.849136,0.545356,0.172704,-1.162416,0.086360,0.770037,-0.722645,0.385090,0.634393,-1.923227,-0.207084,-0.550197,0.087951,-1.647117,0.060568,0.419701,-0.183037,0.458119,0.534519,-2.350820,1.734579,-0.348108,-0.094762,0.697700,-0.147529,0.998798,-1.360885,1.156730,0.234026,-0.212614,-0.813251,0.864670"
DB13068,"0.164923,0.173338,-0.926376,-0.232764,-0.871627,-0.558088,0.341918,0.621663,-0.504070,-0.147398,0.407684,0.612260,-0.535343,-0.472243,0.294253,0.940058,0.899926,0.767739,-1.337772,-1.097483,-0.392855,0.685279,-0.261536,0.639540,-0.085915,-0.797203,-0.848382,0.445985,0.968433,0.452115,0.880548,0.697819,-0.604908,-0.550348,0.943680,-0.889303,0.010933,0.453877,0.806305,1.021936,-0.542983,-0.495334,-0.949294,0.385043,0.920998,-0.329607,0.853456,-0.580623,-0.559357,-0.103483,-0.491448,-0.286191,1.061295,-0.558699,-0.861218,-0.591861,-0.788289,-0.128810,-0.251776,-0.634022,-0.205044,-0.947947,-0.952749,-0.518313"
DB00173,"-0.536257,1.193944,-1.360226,-0.945067,-1.406945,-1.346624,0.754298,0.308500,-0.002980,-0.070883,0.739746,0.748040,-0.874232,-1.312509,-0.283067,1.389168,0.971604,1.085072,-0.653998,-0.824357,-0.229594,-0.337616,-0.434713,1.243908,0.071315,0.552045,-0.778329,-0.719020,0.869712,0.986881,1.313962,0.734591,-1.194380,-0.427539,1.395307,-1.047005,0.867285,0.389522,1.101856,0.471818,-1.361849,0.246745,-1.359370,1.291578,1.401524,0.348606,1.375996,-1.032287,-0.970212,-0.220889,-0.686756,0.411160,0.343467,-0.913788,-1.340479,-0.382049,-1.044819,-0.692907,0.643224,-1.224262,-0.668725,-1.398245,-1.357467,-0.841950"
DB01088,"0.666084,-0.133651,-0.840687,-0.744140,-0.814940,-0.252189,-0.014430,0.760848,1.010155,0.040902,0.416873,0.088096,-0.305611,-1.117295,0.178564,0.831178,0.963437,0.350694,-1.012437,-0.788980,-2.304782,-0.797825,-0.894524,0.537113,0.273106,0.303743,-0.428469,-1.868424,0.989108,0.035840,0.772036,-0.401177,0.550454,-0.993066,0.886331,-0.299490,1.564052,-0.299057,-0.349867,-0.450789,-1.183386,0.378793,-0.804271,-0.271488,0.851616,0.065600,0.774237,-0.089577,-0.055790,0.290328,-0.415916,0.519880,0.038779,-0.709602,-0.741675,0.349031,-0.143133,-0.749351,-0.051985,-0.027043,0.185250,-0.882301,-0.595453,-0.196754"
DB00917,"-0.918441,0.910249,-1.260778,-0.835732,-1.252070,-1.097260,0.559550,1.028548,-0.533201,-0.263679,0.238734,0.868328,-0.883110,-1.163189,0.074444,1.232410,0.783063,0.745805,-0.707628,-0.732657,0.147033,-0.277585,-0.198613,1.332843,0.002716,0.643020,-0.833641,-0.078785,0.742851,0.997446,1.289535,0.448142,-1.061764,-0.727386,1.226353,-0.925083,0.253811,0.347131,0.865727,0.009465,-1.259956,0.105142,-1.285232,1.058590,1.238094,0.270631,1.293876,-1.041135,-0.815585,0.282814,-0.452880,0.037792,-0.109780,-0.603009,-1.315491,-0.679915,-0.799188,-0.540045,0.548808,-0.743156,-0.603498,-1.245376,-1.025903,-1.025440"
DB12836,"-0.777286,0.629592,-1.111410,-0.855547,-1.116100,-0.849074,0.180579,0.649850,-0.123570,0.113913,0.641121,1.630622,-1.135565,-1.343392,-0.342561,1.083629,1.039798,1.086269,0.082714,-0.593763,-0.090580,0.105481,0.176577,1.143367,0.551823,-0.092643,-1.135896,-0.551666,0.212123,0.654432,1.170461,-0.094995,-0.954232,-1.431367,1.067721,-0.913535,-0.017848,0.550510,0.683918,0.344270,-0.318426,0.275287,-1.096827,0.634910,1.096423,0.104182,1.127439,-0.761246,-0.791803,0.376676,-0.344811,0.075240,-0.826425,-0.431209,-1.165894,-0.364214,-0.761876,-0.607964,-0.438981,-0.818945,-0.589187,-1.039681,-0.476048,-1.028181"
DB00425,"-0.400253,0.940416,1.031846,-0.689028,0.893478,0.665151,-1.027589,-2.045794,-0.627614,1.325765,1.256100,0.204264,0.086352,0.730912,-1.159303,-0.988079,-1.584517,0.059096,2.167840,0.886731,1.360788,0.404457,2.019174,-0.550635,0.626999,0.340081,0.242324,-1.507130,-0.011657,-1.294507,-0.962754,-0.809583,0.137581,-0.256311,-1.060649,0.528446,-0.205395,0.627262,-0.509504,0.145381,-0.269528,-1.003217,1.051484,-0.260043,-0.958596,-0.110143,-0.827681,0.693183,0.321186,-2.289392,1.503019,0.346130,0.590493,0.324921,0.953144,1.743221,0.840408,0.898027,-0.219950,0.936317,-1.229201,0.995469,0.136297,0.234774"
DB04953,"1.656600,-1.286400,1.735933,1.417431,1.662294,1.534422,-1.444520,-1.491241,0.606775,-2.190021,-0.883913,-1.009965,2.404415,1.731414,0.339111,-1.587118,-1.599994,-0.316625,-0.789786,1.311999,0.992075,1.040153,0.436084,-2.223982,1.160264,0.602424,1.336690,1.336417,-1.673652,-2.168080,-1.925701,-0.939383,1.488982,1.752734,-1.570709,1.017745,-0.901696,-1.044391,-2.037589,-0.823099,0.272738,0.015011,1.707837,-1.783271,-1.572357,0.493087,-1.686236,2.433910,2.208636,0.796541,-0.695774,0.344489,-0.256892,0.155399,1.783468,1.414637,2.189077,0.175795,0.329391,1.671955,-0.190971,1.563317,0.435343,1.097054"
DB03128,"-0.577262,0.731824,-1.237975,-0.816085,-1.244572,-1.084044,0.704894,0.364107,0.124272,-0.005866,0.566584,0.603255,-0.923373,-1.109966,-0.034875,1.240992,0.917334,0.866511,-0.507066,-0.796256,-0.294138,-0.267515,-0.464786,1.154722,-0.268791,0.532228,-0.702339,-0.682025,0.899934,0.865497,1.224361,0.666697,-1.050901,-0.390293,1.245749,-0.969679,0.551095,0.433907,0.974874,0.205073,-1.007861,0.178889,-1.249144,1.119918,1.243080,0.056067,1.230554,-0.986417,-0.934669,-0.081191,-0.683220,0.084311,0.127078,-0.531363,-1.227029,-0.430863,-1.085205,-0.397656,0.403696,-1.136846,-0.590947,-1.253067,-1.220332,-0.802205"
DB00657,"1.605657,-1.204471,0.902566,1.564860,0.902577,0.797490,0.723277,0.748459,1.634142,0.013709,-1.806530,-1.320898,0.968624,0.652000,-0.140588,-0.976826,-0.250907,-1.932959,-0.720718,0.969628,-1.928512,-1.894728,-0.870960,-1.008482,0.026230,-0.409506,0.955317,1.523395,-1.307768,0.020701,-0.993731,0.076858,1.274765,-0.644299,-0.873597,2.057242,0.338530,-1.237584,-1.037770,-1.899787,1.000189,1.268613,0.931450,-1.078207,-0.917391,0.683629,-1.063519,0.899662,1.100901,1.588753,0.338085,0.653457,-0.849962,1.257795,1.021766,0.133323,0.968347,-0.354357,0.277161,0.575888,1.687307,0.938609,1.457268,0.498787"
DB01156,"-0.020122,0.541639,1.424235,1.037640,1.200777,0.044915,0.266999,-1.594700,-1.547595,-0.178210,-0.634412,-0.566972,1.986785,1.402224,-1.262982,-1.327141,-2.590301,-0.888847,0.376147,1.660561,1.771700,-0.467049,1.043580,-1.140625,1.816948,0.811272,1.993358,-0.179277,-1.006328,-0.643106,-1.397179,1.015158,-0.308753,1.372150,-1.353426,1.636605,-1.267510,-1.084603,-0.347889,0.452071,-0.718764,0.405791,1.393056,-0.277654,-1.263026,1.215202,-1.262605,0.835330,0.796560,-0.729958,-0.065248,1.730176,-0.772606,0.063660,1.334264,0.389682,1.246086,-0.118816,1.548240,0.011885,-0.692771,1.341766,0.204961,0.700563"
DB00613,"0.024732,-0.533930,0.009300,-0.204295,0.125403,0.493603,-1.907864,0.801513,0.675736,0.044966,0.984562,1.129985,-0.536612,0.325362,-0.949267,0.009160,0.952781,1.688116,0.758769,-1.330991,-0.265733,2.072656,0.644632,-0.200947,-0.525518,-0.966920,-1.009440,1.124657,-0.177900,-0.956792,-0.052685,-1.862529,1.279465,-0.100595,-0.024779,-1.164132,0.273665,0.900461,-0.910232,-0.393229,0.367717,-1.383439,0.038541,-0.681988,-0.060779,-0.784227,-0.079979,0.697428,-0.023381,1.343837,1.248972,-2.192223,1.819131,-0.867918,0.087595,1.233293,-0.022081,0.060883,-2.027895,1.700099,0.490662,0.018989,0.410470,1.047667"
DB00974,"0.281504,-0.596871,-0.556567,-0.342345,-0.437289,0.310861,-0.197315,1.211769,-0.257363,-0.167042,0.193241,0.536789,0.404416,-0.485592,1.127164,0.549538,0.610854,0.195221,-0.797694,-0.584938,0.449834,1.392739,-0.189674,0.337983,0.638480,-1.429004,-0.733745,0.137108,1.613936,0.002632,0.586454,0.236181,0.040318,0.478520,0.544563,-0.282431,-0.201979,0.898589,0.545784,0.650469,0.071039,0.014063,-0.587017,-0.236288,0.508025,-0.114931,0.484626,-0.233247,0.065122,-0.399992,-0.458935,-0.355693,0.289068,-1.569860,-0.544339,-1.011029,-0.640898,0.333045,-0.482718,0.407667,0.448164,-0.524206,-0.080688,-0.205631"
DB03166,"-0.517039,1.027354,-1.301680,-0.941035,-1.339644,-1.238609,0.676628,0.285810,0.022094,-0.130805,0.767014,0.749004,-0.774707,-1.296512,-0.159081,1.324533,0.977568,1.033711,-0.557063,-0.763785,-0.133814,-0.227831,-0.374034,1.186461,0.105351,0.510220,-0.794166,-0.744516,0.923733,0.899508,1.260979,0.713388,-1.138521,-0.406494,1.327954,-0.993248,0.874457,0.490196,1.068858,0.579435,-1.269013,0.187392,-1.301480,1.202363,1.331926,0.349089,1.315657,-0.959391,-0.912435,-0.248850,-0.742662,0.370834,0.289551,-0.964607,-1.289375,-0.341254,-1.000335,-0.605152,0.532478,-1.194273,-0.704511,-1.322670,-1.312290,-0.829591"
DB00928,"1.587108,-0.418615,0.565358,1.783623,0.512979,-0.102637,1.026054,0.217001,-0.352619,-1.157841,-1.111507,-0.787212,1.324516,1.211503,-0.538262,-0.492231,-0.417465,-0.388845,-1.279599,0.354856,0.265568,0.030082,-1.291430,-0.987496,0.769694,-1.114978,1.083178,1.626743,-1.057497,0.151974,-0.663513,1.517300,0.262245,1.124101,-0.470557,0.706067,-0.388936,-0.239543,0.293932,0.526358,0.296561,1.251146,0.564260,-0.452922,-0.494551,1.221885,-0.669845,0.550513,0.659688,1.123907,-1.172933,0.553030,0.189356,-0.105942,0.709691,-0.586568,0.010056,-1.236394,0.031175,-0.436690,1.081488,0.515142,0.514207,0.503955"
DB01110,"-2.343018,1.791815,0.035532,-0.996648,0.085206,-0.388771,-0.141254,0.397469,-1.984905,2.413995,0.559292,0.145506,-1.701881,-0.396143,0.777410,-0.211190,-0.140981,-1.215450,2.210464,0.088879,1.305096,-0.598132,1.441249,1.119443,-1.434113,-0.291969,-0.375341,0.379468,0.309303,1.659936,0.225339,0.347593,-1.087449,0.034643,-0.284730,-0.269760,0.824857,0.536554,1.315808,1.148472,0.883027,-1.676832,0.068964,1.740936,-0.247970,-0.881912,0.102107,-2.137507,-1.443426,-2.207426,1.796176,0.015530,0.338233,0.481669,-0.203439,-1.804849,-0.929036,1.186330,0.843243,-0.852170,0.139743,0.212931,0.483794,0.117052"
DB09065,"-1.275813,1.242697,-0.383561,-1.017029,-0.353338,-0.677984,0.003515,0.515730,-0.982424,1.357518,0.714475,0.444849,-1.466954,-0.921559,0.126808,0.270278,0.491267,-0.146531,0.799838,-0.172922,0.437925,-0.610229,0.611793,0.992995,-0.869265,0.294174,-0.817108,-0.893482,0.106717,1.138457,0.543581,-0.022146,-0.653544,-0.665765,0.220258,-0.661939,0.441510,0.023451,0.879750,0.479633,0.272102,-0.681811,-0.361712,1.237673,0.255107,-0.621624,0.478396,-1.385759,-1.086619,-1.171368,0.931408,-0.174499,0.062650,0.161157,-0.523672,-0.670346,-0.771075,0.162915,0.012975,-0.590339,-0.134275,-0.276603,0.190545,0.143690"
DB13179,"-2.093216,1.825844,-0.104941,-1.032586,-0.036192,-0.175751,0.090636,0.626029,-0.904509,2.131448,0.605095,-0.025653,-1.597461,-0.550425,1.072400,-0.076186,0.088827,-1.539801,1.989473,0.366245,1.192598,-0.938102,0.948623,1.160394,-1.568756,-0.545310,-0.466918,0.742486,0.474551,1.820419,0.332235,0.692303,-1.136585,-0.197014,-0.142100,-0.162812,1.600385,0.762704,1.615115,0.903380,0.932278,-1.309771,-0.040041,2.020874,-0.107885,-0.865085,0.251890,-2.255599,-1.573836,-2.992795,1.044296,0.519830,0.383942,0.003914,-0.325529,-2.448992,-1.089469,1.081378,1.092917,-1.462957,-0.044605,0.073555,0.293426,-0.074647"
DB00576,"-0.289155,0.768198,-0.781359,-0.607162,-0.832263,-1.173032,0.257329,0.176788,-0.460387,0.332722,0.983356,0.793061,-0.337400,-0.448453,-1.119462,0.841878,0.559551,1.159572,-0.015356,-0.914909,-0.144400,0.225816,-0.180427,0.755319,0.152003,-0.221198,-0.257699,-1.071709,0.775172,0.355111,0.786007,0.607931,-0.699120,-0.213102,0.817096,-0.657896,0.761388,0.844235,0.788488,0.997278,-1.182937,-0.036235,-0.775023,0.664520,0.827342,0.334134,0.799244,-0.532910,-0.887059,-0.375062,0.160378,0.056911,1.054611,-1.038332,-0.751473,0.129806,-0.808317,-0.660158,-0.111692,-0.460011,-0.337428,-0.817059,-0.755373,-0.269320"
DB01127,"-0.516633,1.157869,-1.361072,-0.937742,-1.405856,-1.312197,0.754636,0.317461,0.105771,-0.039269,0.732335,0.772662,-0.854208,-1.323799,-0.293323,1.386712,0.987812,1.062177,-0.678893,-0.813792,-0.282194,-0.363124,-0.439390,1.254263,0.036603,0.582733,-0.793850,-0.662641,0.863399,1.012813,1.318852,0.772399,-1.215519,-0.538964,1.391041,-1.041119,0.854772,0.420887,1.113155,0.421537,-1.280314,0.198156,-1.364651,1.279503,1.397179,0.379882,1.375368,-1.047152,-0.998022,-0.233806,-0.726084,0.393328,0.333167,-0.937126,-1.343706,-0.349107,-1.079345,-0.684588,0.600905,-1.238925,-0.638438,-1.391946,-1.293988,-0.834230"
DB00362,"-0.515346,1.163773,-1.352587,-0.924232,-1.398920,-1.311926,0.793031,0.351225,0.122969,-0.064680,0.745070,0.750527,-0.840649,-1.322822,-0.310863,1.379746,0.971000,1.075953,-0.660849,-0.803499,-0.228269,-0.361130,-0.447092,1.239777,0.059644,0.535049,-0.746671,-0.770217,0.865332,0.990900,1.308296,0.795533,-1.197103,-0.464068,1.385158,-1.027075,0.898658,0.409596,1.129117,0.484035,-1.329727,0.240124,-1.353401,1.304167,1.388186,0.360627,1.366567,-1.032893,-0.980600,-0.301762,-0.705165,0.404396,0.328284,-0.930950,-1.332791,-0.354516,-1.070089,-0.688172,0.654389,-1.277231,-0.672581,-1.381881,-1.366559,-0.829807"
DB01104,"-0.856047,-0.242652,1.151469,-0.391791,1.143676,1.019634,-0.951545,-1.372342,-1.641065,0.522496,0.321750,-0.229665,0.796017,0.809270,0.839301,-1.156597,-1.653039,-0.887779,1.238201,1.048992,2.100135,0.662109,2.111347,-0.719614,0.515026,0.559976,0.128405,-0.679839,0.612887,-1.173267,-1.037853,-0.863180,0.186303,0.532903,-1.211813,0.941391,-1.319598,-0.401969,-0.698514,0.375158,0.266585,-1.059628,1.112586,-0.711105,-1.156421,-0.634563,-0.983873,0.602065,0.593974,-1.477127,0.837940,0.061279,-0.336205,0.121478,0.972662,0.692493,1.142748,1.792135,0.135454,1.308732,-0.912983,1.156005,0.565918,0.010338"
DB01011,"0.898485,0.684717,0.350288,0.954265,0.155747,-1.034960,1.516880,-0.153591,-0.700937,-0.639896,-0.478905,-0.573497,0.976515,0.629725,-1.588758,-0.254500,-0.639325,0.068149,-0.604188,0.692616,0.161473,-1.141963,-1.090078,-0.440513,1.208792,-0.148025,1.224960,0.291261,-1.791787,0.669902,-0.414754,1.835498,-0.503506,0.445203,-0.247644,0.828743,0.405121,-0.198323,0.655983,0.056378,-0.706291,1.700692,0.395133,0.600856,-0.227074,1.945878,-0.329116,0.018392,-0.002217,0.444955,-1.008408,1.476520,0.162704,-0.628983,0.442343,-0.609286,-0.043408,-1.932283,0.672754,-1.105658,0.761825,0.288301,0.122164,0.363022"
DB13066,"-0.504654,1.038875,-1.301893,-0.931291,-1.341056,-1.225913,0.668410,0.246670,0.045389,-0.124076,0.759935,0.755937,-0.792798,-1.295563,-0.170498,1.326077,0.981960,1.036144,-0.550535,-0.771555,-0.144056,-0.229331,-0.378337,1.184598,0.088418,0.504501,-0.777871,-0.736521,0.924642,0.885791,1.258665,0.691047,-1.128378,-0.425100,1.330038,-0.995948,0.876081,0.501166,1.050244,0.544782,-1.266168,0.183026,-1.301276,1.200955,1.332976,0.339737,1.315926,-0.951831,-0.897973,-0.284962,-0.722565,0.359221,0.321673,-0.929524,-1.288318,-0.305558,-0.983631,-0.589444,0.528603,-1.184042,-0.707632,-1.324672,-1.311102,-0.842658"
DB06419,"-1.422131,0.952094,-0.673166,-0.925726,-0.632474,-0.582041,-0.033774,0.536688,-0.684373,0.585515,0.568835,1.187505,-1.178583,-1.044857,0.540098,0.556150,0.728662,-0.132658,0.841650,-0.187625,0.464762,-0.034350,0.619811,1.143803,0.068629,-0.379072,-0.907257,0.436380,0.169515,1.168783,0.825140,0.053346,-1.095058,-0.820522,0.520285,-0.528176,0.720858,0.777485,0.984283,0.729962,0.207506,-0.442964,-0.645346,1.149423,0.562140,-0.146440,0.746819,-1.394382,-1.149724,-0.617050,0.116348,0.133560,-0.775895,-0.299013,-0.840746,-1.346165,-0.655766,0.129265,-0.315664,-0.876674,-0.335829,-0.527706,-0.010445,-0.720368"
DB12825,"-0.166885,-0.318031,0.144368,-0.850374,0.234978,0.727642,-1.878985,1.147229,1.306870,0.782095,1.954114,1.393998,-0.056907,0.148384,-0.904070,-0.128825,0.837211,1.153020,0.657504,-0.848073,-0.497806,1.502537,0.733831,-0.209909,0.082518,-1.384807,-0.871978,-0.137049,-0.783252,-0.723340,-0.152899,-1.351869,0.643035,-1.017591,-0.191440,-0.594570,0.893050,1.385231,-0.144323,0.894120,0.419475,-0.975340,0.247870,-0.650630,-0.212373,-0.478981,-0.127763,0.465699,-0.818374,-0.377240,0.727318,-1.064509,1.957625,-1.911351,0.187001,0.396915,0.168011,-0.666889,-2.760298,1.025684,0.662771,0.193570,0.036341,1.016341"
DB01013,"-0.326989,-1.158478,0.146145,0.194074,0.337304,0.923037,-0.163854,0.563577,-0.600742,0.326286,0.044794,-0.120838,-0.188772,0.558679,2.018845,-0.236186,0.641722,-0.919279,-0.213281,-0.534336,0.079497,1.354478,-0.069787,0.037979,-0.519682,-1.898756,-0.343695,1.648397,0.685602,0.449959,-0.011017,0.156601,-0.024176,0.539922,-0.267726,-0.083170,-0.323091,1.082895,0.541835,1.449186,1.648653,-0.908473,0.106119,-0.440972,-0.311122,-1.140122,-0.220509,-0.699812,-0.498053,-0.863928,0.042968,-1.135129,0.414373,0.385922,0.091166,-1.652538,-0.451801,1.232465,-1.240621,0.378117,1.200445,0.253150,0.313447,0.004719"
DB12216,"-0.507626,1.123542,-1.343863,-0.904926,-1.385424,-1.277421,0.775726,0.372484,0.180482,-0.069570,0.719954,0.737343,-0.840125,-1.295250,-0.282692,1.369444,0.970993,1.054796,-0.642901,-0.791858,-0.220761,-0.323919,-0.449374,1.226562,0.018413,0.495582,-0.752712,-0.707323,0.899654,0.966902,1.299037,0.788093,-1.167526,-0.447894,1.375554,-1.013412,0.878660,0.414001,1.113654,0.438288,-1.277712,0.221474,-1.344661,1.287179,1.377556,0.325066,1.354577,-1.020596,-0.973489,-0.299284,-0.728398,0.379563,0.350669,-0.918349,-1.321660,-0.369323,-1.069825,-0.639965,0.639829,-1.248591,-0.674564,-1.373624,-1.352205,-0.833124"
DB06190,"1.226943,0.116386,0.111515,1.290954,0.050735,-0.624563,0.978171,-0.207463,1.229462,-0.623400,-0.803257,-0.593152,-0.019558,0.143602,-0.860345,-0.068181,-0.057973,-0.648646,-0.412050,0.355144,-1.220237,-1.104650,-1.415042,-0.361376,-0.484626,-0.409782,0.535663,0.767991,-0.876282,0.131907,-0.236168,0.648390,0.401979,0.097697,-0.034314,0.280105,0.434611,-0.392363,-0.288466,-0.056738,0.125544,1.077239,0.133124,-0.235494,-0.041041,0.688050,-0.191729,0.424427,0.522247,1.093007,-0.003572,0.338549,-0.011958,1.031379,0.252294,0.688623,0.098508,-0.593656,0.075056,-0.271359,0.480082,0.067051,0.770684,-0.362422"
DB11770,"0.835461,-3.409566,1.399172,0.654683,1.696083,1.885142,-1.759620,0.786375,-0.656037,1.309251,-1.027786,-2.036913,-0.032639,1.329131,1.234345,-1.526022,0.069558,-0.574285,0.498915,-1.035531,-2.399318,-0.203617,-0.175093,-1.435551,-2.960566,1.028666,0.667259,-1.879443,-1.186890,-1.263552,-1.338435,-2.808375,3.191451,0.339087,-1.495031,-0.004677,-1.000583,-1.907344,-2.582330,-0.888870,1.975784,-1.240763,1.392798,-2.552229,-1.635382,-2.593423,-1.662625,1.510677,1.011715,2.434738,2.972979,-3.057370,-0.302854,2.633941,1.505460,1.844639,0.777692,1.129913,-2.625423,2.506361,2.174479,1.469886,2.302626,2.961052"
DB08911,"0.995542,0.559469,0.188523,1.298739,0.030798,-0.988383,1.451988,-0.086611,-0.321428,-1.255379,-1.088158,-0.541478,0.843856,0.547432,-1.194272,-0.107427,-0.454365,-0.033910,-0.779121,0.623774,0.394288,-1.079350,-1.360264,-0.467267,0.711702,0.276097,1.112131,0.904679,-1.606011,0.669110,-0.307001,1.602094,-0.251071,0.707573,-0.077654,0.491472,0.312780,-0.523056,0.510094,0.073131,-0.590910,1.767698,0.216846,0.409989,-0.071485,1.807211,-0.219564,0.223957,0.315706,1.417145,-1.352884,1.312270,-0.324765,-0.138478,0.305791,-0.308211,-0.072348,-1.939377,0.732496,-1.186847,0.427605,0.123955,0.153689,0.119425"
DB00557,"0.600042,-0.329703,0.732441,-0.391427,0.737274,0.843533,-1.898446,-0.938277,-0.207817,-0.640874,0.739349,-0.756237,0.432146,0.226035,0.871658,-0.654064,-0.661244,0.099376,-0.342493,0.415037,0.494318,0.615455,1.248878,-0.843869,-0.671710,1.481492,-0.467699,-0.873162,-0.331784,-1.375536,-0.817997,-1.466333,1.181625,0.468420,-0.681384,-0.396841,0.269184,-1.137428,-1.363104,0.083172,-0.028692,-1.382595,0.676253,-0.750153,-0.668405,-1.133784,-0.620252,1.076905,1.005514,-0.576769,0.710416,-0.602791,0.681824,0.195559,0.718072,1.664228,1.118477,1.174807,-0.129930,1.380243,-0.687026,0.576079,-0.077241,0.955493"
DB12867,"0.616033,0.447429,0.202386,-0.456563,0.050036,0.318135,-0.477751,-2.343826,0.471071,-1.390364,0.073368,0.250993,0.409449,-0.184912,-0.033812,-0.080928,-1.178789,0.641447,-0.602873,1.187776,0.807301,0.254760,1.289948,-0.556290,1.275982,1.631207,-0.253372,-0.465113,0.375814,-1.609262,-0.303310,-0.851177,-0.179428,-1.110080,-0.069015,0.255348,-1.317494,-1.124066,-1.055164,-0.711179,-0.695010,0.104918,0.160499,-0.443728,-0.001267,0.220153,-0.038899,1.052724,1.205344,-0.407116,-1.262315,1.093874,-0.865165,0.277890,0.134143,1.586805,1.540347,0.613969,1.020312,0.430451,-2.162900,0.048286,-0.401145,-1.426691"
DB08841,"1.450909,0.320133,0.083372,1.597029,-0.034040,-1.182871,1.387037,-0.545533,0.099188,-1.656761,-0.983288,-0.714615,-0.079182,0.384090,-1.032281,0.037491,-0.286579,-0.085729,-0.239873,0.481761,-0.500381,-0.887662,-1.972797,-0.465597,-0.844136,-0.382447,0.600946,1.014029,-1.479746,0.166983,-0.243673,1.186957,0.342536,0.698777,0.049360,-0.510775,0.373747,-0.152625,0.115309,0.709359,0.007964,1.580455,0.104404,0.138418,0.061259,0.991178,-0.136068,0.483488,0.520061,1.632795,-0.786230,0.509442,0.400442,1.049687,0.266573,0.407592,-0.312769,-1.215092,0.304914,-0.969551,0.066275,-0.023466,0.515125,-0.483800"
DB04816,"-0.621200,-0.117642,-0.949421,-0.474938,-0.870613,-0.557133,0.355494,0.323941,0.294719,0.751923,0.102559,0.141000,-1.209825,-0.497088,0.204922,0.892619,0.694761,0.393805,-0.002002,-0.811349,-0.517292,-0.132130,-0.218812,0.910003,-1.338862,0.655144,-0.538331,-0.899149,0.658257,0.734972,0.993193,0.637111,-0.913387,-0.365564,0.907469,-0.722799,-0.182022,0.197071,0.702099,-0.067734,0.069409,-0.311214,-0.977512,0.768784,0.867514,-0.864024,0.865768,-0.985514,-0.967178,-0.297639,-0.267844,-0.667171,-0.498856,0.446729,-0.942563,-0.462037,-1.110257,0.485725,-0.098138,-1.069855,-0.353693,-0.917873,-0.912225,-0.438967"
DB12147,"-0.935917,1.151691,-0.082118,-1.207987,-0.186253,-0.642588,-0.559019,0.161830,0.076720,1.909508,2.414974,1.978181,-0.100226,-0.335748,-2.309966,0.111314,-0.106847,0.844489,1.663720,-0.023450,-0.156891,0.076440,1.013150,0.547722,1.486051,-1.333268,-0.361042,-1.322119,-0.672187,0.061128,0.242876,0.175472,-1.028091,-1.498948,0.011843,0.271482,1.118126,2.035985,0.911815,1.228487,-0.394182,0.187165,0.034854,0.415789,0.087647,0.811179,0.226732,-0.494761,-1.542871,-1.294225,1.019166,0.628064,0.476155,-1.913907,-0.172923,-0.042461,-0.231446,-1.106661,-1.671499,-0.207526,0.131420,0.012341,0.256555,-0.125251"
DB00970,"-0.017784,-0.874641,-0.497665,-0.200937,-0.374777,0.224419,-0.725709,0.899781,-1.628441,-0.075462,0.246755,1.707721,-0.499109,-0.455393,0.816247,0.446840,0.865929,0.658203,-0.457759,-0.859405,0.082408,1.674048,0.700961,0.393335,0.753157,-1.703682,-1.212891,0.500780,0.273969,-0.159156,0.593523,-0.576103,-0.112496,-1.380444,0.420282,-0.705798,-1.174633,0.828559,0.173672,1.392787,0.760638,-0.509483,-0.507219,-0.708789,0.421772,-0.627440,0.419672,-0.096946,-0.087326,0.605587,0.013053,-0.681709,-0.298271,-0.176535,-0.540603,-0.718135,-0.228644,0.165042,-1.899494,0.197236,0.097414,-0.389808,0.277012,-0.587039"
DB00920,"-0.465652,1.022432,-1.322204,-0.883236,-1.352222,-1.215527,0.742153,0.447414,0.265411,-0.060242,0.665234,0.745809,-0.861284,-1.213496,-0.280209,1.340676,0.950909,1.013518,-0.613209,-0.746843,-0.169461,-0.272428,-0.433492,1.210131,-0.063709,0.431046,-0.741386,-0.534463,0.910767,0.912807,1.283391,0.770093,-1.100308,-0.443861,1.347463,-0.985095,0.784547,0.453336,1.070156,0.338372,-1.200895,0.204340,-1.322071,1.279438,1.345174,0.273261,1.326056,-1.002745,-0.953448,-0.349886,-0.787393,0.282393,0.344748,-0.833321,-1.297510,-0.401756,-1.073821,-0.544316,0.536962,-1.177241,-0.651016,-1.347425,-1.294463,-0.837398"
DB09061,"-0.259926,-0.475346,1.611821,0.501110,1.533882,1.337010,-1.211714,-1.674998,-0.826800,0.513876,-0.159399,0.403722,0.464964,0.948123,-0.191962,-1.622538,-1.649559,-1.136901,2.665341,1.774577,1.314222,0.359090,2.086930,-1.129549,1.097148,-0.572158,0.363980,1.210673,-1.244264,-1.575993,-1.500408,-1.458346,0.556766,-0.678122,-1.670450,1.335753,-1.604297,0.090206,-1.458985,-0.104364,1.330489,-0.277218,1.642836,-1.290649,-1.574308,-0.136111,-1.465000,1.257202,1.010256,-0.558541,1.353334,0.194140,-1.148981,1.512435,1.454339,1.129582,1.811828,1.489781,-0.538980,1.291869,-0.514421,1.687373,1.757398,-0.230519"
DB11644,"-0.636705,1.016534,-1.293527,-0.929805,-1.318039,-1.205956,0.616703,0.663678,-0.369191,-0.157659,0.658979,0.847305,-0.878222,-1.303141,-0.126393,1.305971,0.927490,0.981701,-0.599200,-0.778991,-0.057043,-0.256386,-0.294446,1.265698,0.144156,0.563148,-0.919731,-0.516267,0.690545,0.925985,1.284956,0.577861,-1.090648,-0.596522,1.299615,-1.045582,0.622511,0.458715,0.996249,0.480685,-1.243514,0.173671,-1.303135,1.156053,1.313619,0.297001,1.321474,-0.968473,-0.850225,0.095400,-0.488705,0.194416,0.002104,-0.822686,-1.304753,-0.502197,-0.988427,-0.607689,0.625403,-1.088606,-0.653044,-1.307234,-1.213319,-0.877895"
DB08801,"-1.056583,-0.720283,-0.731881,-0.115724,-0.557554,0.261996,0.122607,0.325766,1.032553,0.905263,-0.241355,0.293441,-1.432445,-0.259847,1.181734,0.613155,0.748337,-0.347982,0.590009,-0.709423,-0.256792,0.525802,0.195749,0.819078,-2.136093,0.076362,-0.727553,-0.167737,1.233478,0.556217,0.812442,0.324950,-0.767680,-0.140154,0.628954,-0.429979,-0.994074,0.639805,0.583537,-0.219532,1.383487,-0.739977,-0.787080,0.464014,0.570978,-1.602162,0.614042,-1.001595,-1.077042,-1.055992,-0.353327,-1.265994,-0.193255,1.154150,-0.763844,-0.625553,-1.033917,1.606209,-0.493152,-0.577389,-0.149877,-0.634077,-0.835206,-0.684783"
DB00670,"-1.047615,-0.743509,-0.719919,-0.098967,-0.544643,0.268212,0.132140,0.259382,1.028169,0.909027,-0.230030,0.229824,-1.428779,-0.235635,1.180542,0.602947,0.774972,-0.328535,0.581627,-0.753913,-0.290666,0.529610,0.160281,0.802311,-2.167606,0.119145,-0.725460,-0.313634,1.217541,0.560168,0.799607,0.336876,-0.766247,-0.121207,0.618433,-0.434744,-0.965142,0.624551,0.578334,-0.153011,1.430772,-0.750212,-0.776706,0.449929,0.558626,-1.631396,0.598773,-1.004591,-1.086325,-1.104511,-0.333480,-1.300070,-0.202935,1.190997,-0.749290,-0.607805,-1.056441,1.610351,-0.479600,-0.614897,-0.110944,-0.623491,-0.842037,-0.634717"
DB00411,"-0.527928,0.604734,-1.208908,-0.762238,-1.205105,-0.988276,0.738858,0.320504,0.322007,-0.021908,0.522338,0.560243,-0.904909,-1.033311,-0.014301,1.208254,0.923074,0.837752,-0.423901,-0.765112,-0.308004,-0.193876,-0.501928,1.112681,-0.404155,0.403739,-0.683536,-0.683249,0.960297,0.808945,1.194044,0.709179,-0.977770,-0.337854,1.215831,-0.925938,0.541971,0.484229,0.951826,0.104598,-0.847574,0.188972,-1.219224,1.108089,1.204588,-0.043301,1.190243,-0.956368,-0.946084,-0.285192,-0.773639,0.011692,0.203760,-0.458195,-1.189068,-0.425994,-1.110152,-0.267849,0.365976,-1.113974,-0.578183,-1.218634,-1.194731,-0.802358"
DB08897,"0.013822,-0.784565,0.446869,1.530492,0.503567,0.421186,0.933911,0.036231,1.105516,0.171958,-1.503509,-0.864527,0.223937,1.025769,-0.029804,-0.509485,-0.366176,-1.355576,0.185431,0.555525,0.334000,-0.450711,-0.789530,-0.394301,-1.114873,0.009474,1.063390,0.604733,-0.542852,0.541845,-0.411128,1.304939,-0.276669,1.274919,-0.474537,0.895765,-1.263811,-0.268330,0.355445,-0.743481,1.684425,0.587885,0.402537,0.028736,-0.518347,-0.237254,-0.568520,-0.190023,-0.172468,-0.242111,-0.650611,-0.224436,-0.979425,1.467678,0.469581,-0.844707,-0.440039,0.509105,0.447011,-0.812900,0.685758,0.504309,0.103481,0.464874"
DB04365,"-0.500481,0.640424,-1.220895,-0.773281,-1.221565,-1.023532,0.767714,0.302159,0.332355,-0.057408,0.576017,0.541773,-0.895817,-1.056323,-0.048524,1.224976,0.950090,0.854129,-0.474256,-0.774200,-0.324356,-0.208267,-0.522938,1.117946,-0.374793,0.417374,-0.680449,-0.709609,0.960964,0.816427,1.202712,0.737308,-0.994801,-0.324944,1.231952,-0.934396,0.596875,0.486493,0.976625,0.149981,-0.888716,0.195155,-1.231006,1.121776,1.221952,-0.005468,1.206089,-0.959710,-0.957217,-0.288068,-0.800058,0.046473,0.236052,-0.504251,-1.198667,-0.418992,-1.115715,-0.323498,0.387244,-1.146979,-0.590954,-1.235384,-1.243157,-0.798658"
DB03600,"-0.514967,1.123822,-1.341155,-0.925096,-1.383947,-1.284184,0.772125,0.374570,0.117233,-0.073271,0.741821,0.754635,-0.813344,-1.318273,-0.264986,1.366708,0.967186,1.059529,-0.648086,-0.786966,-0.210662,-0.334869,-0.432712,1.229208,0.064944,0.517218,-0.756530,-0.759956,0.880432,0.975835,1.299441,0.788902,-1.177832,-0.435993,1.371673,-1.011976,0.881629,0.412566,1.119587,0.486264,-1.303664,0.244881,-1.342162,1.283785,1.374311,0.348210,1.354344,-1.021002,-0.969774,-0.291736,-0.726427,0.397498,0.303948,-0.947327,-1.322753,-0.369377,-1.066407,-0.667943,0.634894,-1.251145,-0.662335,-1.368096,-1.346848,-0.823565"
DB11780,"-0.554589,-1.622749,-0.387684,0.783684,-0.170582,0.457546,0.081518,-0.248951,-1.255953,-0.561684,-1.109952,-0.444422,-0.543117,0.755127,1.898161,0.337574,0.545539,0.387550,-0.457847,-1.602226,-0.053252,1.642542,-1.037092,0.099283,-1.534523,-1.087062,-0.120776,0.138509,1.684759,-0.097406,0.398052,-0.235392,0.449781,0.313944,0.351326,-0.954492,-1.386432,0.024192,-0.111989,0.457915,0.568709,-1.127456,-0.447564,-0.343748,0.267827,-1.973983,0.223125,-0.258957,-0.135669,0.844383,-0.106388,-1.573632,1.227700,0.606390,-0.347347,-0.457540,-0.611978,1.164632,-0.526525,0.125815,-0.159563,-0.382711,-0.435139,-0.147005"
DB08908,"0.145284,0.171287,-0.930722,-0.222550,-0.874989,-0.562051,0.349656,0.602608,-0.533085,-0.175746,0.402390,0.619593,-0.559832,-0.471800,0.319623,0.943561,0.916909,0.768636,-1.312719,-1.109968,-0.395781,0.683951,-0.261225,0.646368,-0.133099,-0.790706,-0.855138,0.475995,0.947801,0.457654,0.884352,0.697923,-0.604254,-0.556661,0.947102,-0.908384,0.011364,0.451157,0.806807,1.024683,-0.530330,-0.515635,-0.954070,0.401459,0.925112,-0.359647,0.857884,-0.583918,-0.571232,-0.089378,-0.497926,-0.301280,1.080959,-0.519049,-0.865129,-0.591615,-0.793770,-0.117071,-0.233398,-0.659275,-0.233051,-0.952517,-0.985727,-0.532235"
DB01301,"-0.683973,0.712306,-1.232439,-0.996549,-1.242144,-1.119899,0.564833,0.443074,-0.158374,-0.220886,0.797581,0.848220,-0.624784,-1.294174,0.251858,1.235556,0.956704,0.863050,-0.421262,-0.656949,0.076980,-0.041661,-0.262738,1.167837,0.221452,0.411393,-0.898205,-0.521154,0.985616,0.844890,1.220778,0.660855,-1.072762,-0.165145,1.234231,-0.930821,0.750071,0.597769,1.039310,0.706185,-1.128712,0.186523,-1.235224,1.068132,1.240033,0.309390,1.244011,-0.915122,-0.871108,-0.153711,-0.924029,0.344487,-0.020076,-1.010187,-1.243891,-0.549016,-1.009906,-0.517368,0.319035,-1.060509,-0.659937,-1.228944,-1.220103,-0.812767"
DB06715,"-0.474446,-0.409355,-0.805395,-0.628223,-0.683909,-0.267454,0.504481,1.060295,0.652881,0.089916,-0.027867,0.111339,-0.719011,-0.758214,0.748785,0.725951,0.804264,-0.179771,-0.117007,-0.278757,-0.218774,-0.053223,-0.559832,0.870933,-0.779253,-0.022700,-0.445594,-0.000105,1.342003,0.475606,0.894074,0.309923,-0.396521,0.304962,0.742728,-0.270564,-0.001561,0.805362,0.578844,-1.049169,0.085285,0.021114,-0.833422,0.460213,0.714432,-0.309727,0.754904,-0.688102,-0.539500,0.239236,-0.323882,-0.540606,-0.846525,0.095436,-0.836597,-1.071050,-0.981766,0.458973,-0.175872,-0.283280,-0.347436,-0.735542,-0.382870,-0.738598"
DB00869,"0.036197,0.636492,-1.139790,-0.933936,-1.152181,-0.855784,0.421145,0.670765,0.426701,0.163752,0.443917,0.402070,-0.730779,-1.296986,-0.204163,1.136048,0.930410,0.649661,-0.813043,-0.703784,-1.112189,-0.746105,-0.580991,0.989562,-0.011315,0.586294,-0.556108,-1.336906,0.932946,0.645881,1.096808,0.169502,-0.401478,-0.728600,1.170401,-0.646397,1.238026,0.104242,0.451150,-0.318213,-1.273493,0.383866,-1.120806,0.644371,1.155273,0.297104,1.120455,-0.644612,-0.486666,-0.191335,-0.513121,0.478907,0.160381,-0.790199,-1.103223,-0.068276,-0.604151,-0.721374,0.274600,-0.660044,-0.284272,-1.163201,-0.921801,-0.543989"
DB06824,"0.878167,0.663210,0.141056,1.307803,-0.026735,-1.092642,1.616890,-0.079649,-0.260074,-1.133386,-0.978767,-0.559862,0.883568,0.490278,-1.217111,-0.053795,-0.425848,-0.011616,-0.836451,0.503776,0.215263,-1.179089,-1.395283,-0.383382,0.793717,0.203458,1.192748,0.807848,-1.434311,0.742332,-0.259159,1.764897,-0.371619,0.758708,-0.026840,0.539068,0.359722,-0.614853,0.572419,0.153898,-0.734212,1.692701,0.162125,0.525755,-0.019890,1.780937,-0.168152,0.107636,0.215628,1.207212,-1.203598,1.373070,-0.147550,-0.114698,0.258958,-0.369485,-0.172867,-1.939268,1.064260,-1.256361,0.466206,0.069164,0.019038,0.148326"
DB00761,"0.747685,-0.101256,0.293408,1.197815,0.225527,-0.450137,1.309647,0.239085,0.489623,-0.183820,-1.304618,-1.002687,0.628966,0.647879,-0.783417,-0.290534,-0.356310,-0.698356,-0.638108,0.517513,-0.260456,-1.264427,-1.269625,-0.401713,0.050030,0.316768,1.345683,0.444343,-1.053010,0.677584,-0.323492,1.389573,-0.200532,0.739384,-0.243757,1.023571,-0.094772,-0.589278,0.335260,-1.084397,0.154483,1.292908,0.291919,0.221876,-0.266601,1.033130,-0.373370,0.017246,0.255815,0.919774,-0.524647,0.657420,-1.006867,0.593775,0.369291,-0.639322,-0.190271,-1.047196,0.695113,-0.865948,0.684856,0.284723,0.328860,0.367831"
DB06795,"-0.515405,1.161689,-1.354086,-0.924030,-1.400229,-1.310813,0.787050,0.350922,0.129237,-0.061282,0.739881,0.752472,-0.842017,-1.324225,-0.310820,1.381230,0.975532,1.075871,-0.657367,-0.802898,-0.234850,-0.361950,-0.448869,1.240418,0.057922,0.536380,-0.751474,-0.773282,0.869604,0.992898,1.309095,0.793878,-1.198849,-0.473901,1.386550,-1.024748,0.893485,0.404334,1.125362,0.469454,-1.322704,0.239253,-1.354413,1.301180,1.389758,0.356916,1.367766,-1.032717,-0.981097,-0.296905,-0.712778,0.406181,0.331063,-0.924088,-1.333981,-0.349689,-1.067716,-0.684831,0.647933,-1.274791,-0.676249,-1.383612,-1.356638,-0.831486"
DB00259,"-0.538634,1.113641,-1.333946,-0.941461,-1.377853,-1.297729,0.755838,0.283897,0.048365,-0.077337,0.755270,0.748733,-0.833311,-1.307211,-0.254813,1.359002,0.998680,1.068647,-0.626885,-0.808913,-0.192550,-0.320488,-0.412061,1.224261,0.089565,0.554687,-0.792946,-0.737518,0.900251,0.965573,1.290119,0.733982,-1.192605,-0.495537,1.362420,-1.017533,0.867119,0.450635,1.094452,0.495158,-1.307742,0.208461,-1.334086,1.258675,1.367555,0.368432,1.349462,-1.009389,-0.956329,-0.298142,-0.718542,0.372001,0.322235,-0.929342,-1.319991,-0.334506,-1.025085,-0.661346,0.565757,-1.237493,-0.694940,-1.358526,-1.318511,-0.847934"
DB01021,"1.290069,-1.553834,0.833678,1.715579,0.956544,1.506537,0.679052,1.024937,2.061790,0.067348,-1.820035,-1.386596,1.398037,1.013111,0.205461,-0.940846,-0.361310,-2.202223,-1.240487,0.668358,-1.471326,-0.941722,-1.415076,-0.896811,-0.243756,-1.068201,1.310165,1.604321,-0.231310,0.011540,-0.792290,0.457890,0.972847,0.222165,-0.865325,1.944060,-0.599615,-0.557714,-0.591190,-2.547570,1.786713,0.980688,0.809435,-1.164865,-0.924992,0.010279,-1.002565,0.431883,0.536180,0.674790,0.337453,-0.222222,-1.171058,0.802609,0.871892,-0.864019,0.688308,0.338321,0.484986,0.714016,1.545175,0.905871,1.220341,0.720299"
DB09395,"0.944961,0.659037,0.140934,1.283308,-0.020037,-1.097763,1.596831,-0.069345,-0.116381,-1.159878,-1.000712,-0.530727,0.819779,0.512543,-1.309044,-0.057267,-0.402149,-0.003619,-0.824765,0.575207,0.295976,-1.173041,-1.431699,-0.397220,0.743879,0.199992,1.150408,0.904721,-1.514807,0.730398,-0.255734,1.718896,-0.343473,0.772718,-0.028141,0.510432,0.337211,-0.585786,0.559270,-0.030415,-0.672485,1.761924,0.164161,0.545900,-0.022824,1.802504,-0.171190,0.130355,0.242065,1.265563,-1.262306,1.299195,-0.288095,-0.105602,0.260844,-0.336750,-0.199326,-1.913997,0.889848,-1.217785,0.450882,0.072735,0.114918,0.103264"
DB08329,"1.063397,-0.790465,0.556373,-0.365850,0.489981,1.129291,-1.213616,-2.747230,-0.197293,-1.523376,-0.167554,0.028927,0.437716,0.200595,1.219402,-0.451692,-0.692375,0.494048,0.038161,1.037626,0.872929,0.783967,1.219181,-0.993239,0.904051,1.321094,-0.321824,0.300871,0.784125,-2.430276,-0.658071,-1.990566,0.587197,-1.301618,-0.437239,0.354146,-1.678169,-0.850793,-2.056882,-1.022884,-0.170197,-0.348128,0.509093,-1.397765,-0.400188,-0.339612,-0.420176,1.723795,2.028488,-0.415494,-0.628427,0.318351,-0.756814,1.355138,0.479879,2.136339,2.117628,1.598045,0.298347,1.570898,-1.993258,0.424579,0.391030,-1.630278"
DB09154,"-0.042294,-0.654272,-0.482877,-0.377722,-0.361469,0.281286,-0.089918,1.183978,-0.160971,-0.255533,0.219569,0.416185,0.572626,-0.391025,1.202273,0.458292,0.533210,0.003535,-0.854401,-0.486349,0.540055,1.357786,0.036405,0.342287,0.707897,-1.184278,-0.804257,0.371379,1.482708,0.046235,0.534397,0.208699,-0.148368,0.525789,0.452862,-0.133177,-0.305827,0.807724,0.463599,0.796073,0.120769,-0.099506,-0.524736,-0.188529,0.421554,-0.096503,0.431559,-0.319087,-0.075662,-0.263273,-0.377752,-0.457595,-0.128750,-1.613821,-0.521728,-1.122981,-0.447054,0.449679,-0.489501,0.502919,0.368743,-0.436891,0.000693,-0.298465"
DB05804,"-0.628981,0.961675,-1.290972,-0.911064,-1.319173,-1.249260,0.685495,0.364390,-0.210803,-0.166047,0.652659,0.692029,-0.866779,-1.255116,0.021634,1.297675,0.976101,0.923106,-0.660507,-0.796469,-0.281273,-0.237647,-0.390152,1.243625,-0.009041,0.559770,-0.849832,-0.412719,0.810516,1.029213,1.278366,0.674989,-1.180859,-0.448242,1.301027,-1.039613,0.751242,0.434858,1.034404,0.413263,-1.231919,0.129396,-1.309838,1.267058,1.313000,0.295354,1.312346,-1.091131,-0.943243,-0.106376,-0.585673,0.229346,0.192014,-0.882968,-1.305175,-0.539121,-1.000177,-0.560497,0.572426,-1.073202,-0.630678,-1.306148,-1.310477,-0.894622"
DB08834,"-0.366683,0.838272,-1.223102,-0.842155,-1.239412,-1.057505,0.580673,0.511909,-0.088763,-0.120418,0.659127,0.745011,-0.617366,-1.200014,-0.004803,1.243842,0.911286,0.940332,-0.724303,-0.776212,-0.112662,-0.018936,-0.371785,1.093305,0.171724,0.198526,-0.786867,-0.625695,0.991304,0.806877,1.194229,0.688226,-0.966611,-0.355163,1.246334,-0.925562,0.697259,0.473454,1.018411,0.581111,-1.099019,0.169994,-1.229734,1.016554,1.245422,0.268513,1.222972,-0.886234,-0.780513,-0.275086,-0.667645,0.301008,0.325436,-1.035699,-1.205422,-0.494630,-0.993357,-0.533488,0.429811,-0.980196,-0.501486,-1.242692,-1.139834,-0.723352"
DB02123,"-0.447794,0.714806,-1.199512,-0.838391,-1.200539,-0.993581,0.531922,0.679782,-0.329406,-0.217929,0.494274,0.753878,-0.607053,-1.145549,0.142379,1.201125,0.904953,0.844773,-0.747044,-0.743011,-0.027440,-0.018490,-0.362385,1.126163,0.130913,0.242872,-0.800078,-0.434722,0.938247,0.831906,1.196766,0.611457,-0.890107,-0.428423,1.202924,-0.914146,0.567048,0.447855,0.936746,0.403685,-1.094985,0.157498,-1.216259,0.966340,1.204700,0.263515,1.204168,-0.902759,-0.697355,-0.190615,-0.613509,0.209744,0.213006,-0.930767,-1.203842,-0.620812,-0.924763,-0.516492,0.386415,-0.811199,-0.451983,-1.206616,-1.069641,-0.748398"
DB05076,"-0.589838,0.977341,-1.290737,-0.977425,-1.324402,-1.250279,0.653662,0.270213,-0.140863,-0.151877,0.794912,0.813669,-0.747669,-1.311744,-0.067446,1.307851,0.996359,1.020146,-0.537642,-0.773746,-0.065001,-0.203400,-0.338394,1.194857,0.186804,0.510024,-0.843390,-0.756954,0.885916,0.910969,1.256802,0.689158,-1.155714,-0.415493,1.309218,-0.993219,0.873285,0.549945,1.074099,0.652813,-1.274066,0.194863,-1.289902,1.172860,1.315780,0.367799,1.305827,-0.950254,-0.912974,-0.268796,-0.755655,0.374302,0.194686,-0.961806,-1.287150,-0.382828,-0.996453,-0.624571,0.428705,-1.200891,-0.699585,-1.302893,-1.275784,-0.835028"
DB11824,"-0.588455,-1.648933,-0.388800,0.773399,-0.166905,0.479685,0.085779,-0.226012,-1.173674,-0.562623,-1.124660,-0.372788,-0.578397,0.756299,1.933927,0.331928,0.552903,0.357238,-0.397826,-1.545768,-0.013189,1.645481,-0.970602,0.115009,-1.593199,-1.148022,-0.161419,0.344370,1.686111,-0.100732,0.403619,-0.234375,0.438839,0.284318,0.346697,-0.933123,-1.449500,0.082166,-0.109761,0.343117,0.631701,-1.108404,-0.448735,-0.328399,0.262170,-1.997098,0.221938,-0.265128,-0.170451,0.810553,-0.181814,-1.604822,1.241710,0.679180,-0.351125,-0.466563,-0.602236,1.232289,-0.590340,0.166774,-0.166169,-0.376375,-0.419212,-0.217702"
DB12214,"-0.584083,-1.767123,-0.353078,0.773426,-0.125031,0.525930,0.079174,-0.228013,-1.236707,-0.432600,-1.177314,-0.511831,-0.579278,0.799224,1.918080,0.290803,0.509351,0.295542,-0.343215,-1.566761,-0.124078,1.558813,-1.041179,0.089306,-1.688751,-1.005759,-0.051826,0.022341,1.656311,-0.118002,0.381130,-0.253999,0.477161,0.328614,0.307403,-0.889905,-1.468074,0.047454,-0.167607,0.201733,0.677150,-1.089362,-0.413235,-0.384574,0.218545,-2.054403,0.179968,-0.265145,-0.152752,0.819802,-0.100989,-1.643909,1.036286,0.772382,-0.317809,-0.491613,-0.612149,1.248244,-0.635136,0.130816,-0.131029,-0.338108,-0.362174,-0.125637"
DB00810,"-1.258725,-0.660702,-0.454717,-0.354211,-0.296946,0.103794,0.018136,0.306265,-0.324718,1.441685,-0.098772,-0.149467,-1.469552,-0.189905,1.195579,0.338376,0.494020,-0.434641,0.572965,-0.726225,0.108611,0.147330,0.434219,0.748881,-2.344599,0.943657,-0.587527,-1.224435,0.894716,0.643231,0.576005,0.040310,-0.517458,0.304434,0.330594,-0.718319,-1.184083,0.101028,0.510862,0.616613,1.134843,-0.996866,-0.523747,0.298489,0.276269,-1.815214,0.378001,-0.985739,-1.043856,-0.883428,0.567891,-1.465104,-0.262247,1.467931,-0.518786,-0.280043,-0.980658,1.545909,-0.583730,-0.330539,0.063575,-0.366080,-0.603209,0.077574"
DB08918,"-1.394607,-0.826087,0.714125,1.112362,0.826573,0.865995,0.667510,0.612535,-0.143514,0.225966,-1.542889,-0.441836,1.237621,1.042207,1.181789,-0.839952,-1.045748,-1.987529,0.239596,0.733429,1.802665,0.443865,0.117460,-0.270125,0.252084,-0.523571,1.020720,1.044192,0.088428,0.593387,-0.557171,0.863125,-0.567169,1.826923,-0.837993,1.255916,-1.971723,-0.155945,0.380425,0.450738,1.557268,0.078161,0.663783,0.004135,-0.866455,-0.131999,-0.740263,-0.538058,-0.334582,-0.682238,-0.361993,-0.040614,-1.798499,0.033729,0.541011,-2.077094,0.030592,1.071761,0.477841,0.019936,0.781515,0.868271,0.653918,0.480981"
DB04896,"-1.990477,-0.668948,1.812308,0.891692,1.889954,1.872328,0.136987,0.071928,-1.838323,1.052341,-1.510145,-1.319637,1.761271,1.595519,2.737153,-1.974606,-2.306833,-3.439224,1.177423,1.768533,2.983092,0.089354,1.754839,-0.710065,0.195980,-0.362712,1.892853,0.539923,0.193593,0.429183,-1.545128,0.930316,-0.632676,2.250959,-2.016345,2.221791,-2.047798,-0.862194,0.243841,1.703091,2.246386,-1.073617,1.767911,-0.012256,-2.006658,-0.835329,-1.691634,-0.716598,-0.086729,-3.355208,0.344537,0.965359,-1.805642,1.194979,1.499543,-2.900220,0.534088,2.550789,1.839960,-0.072470,0.690425,1.988132,1.066633,1.121910"
DB00579,"0.185225,0.477420,0.104586,-0.547026,-0.028596,0.202985,-0.354387,-1.980746,0.518651,-1.308953,0.181368,0.402831,0.509303,-0.320994,0.080895,-0.007216,-0.935356,0.471722,-0.569644,1.098027,0.969479,0.175485,1.319644,-0.374516,1.358310,1.604577,-0.297743,-0.230306,0.542198,-1.307030,-0.179418,-0.684259,-0.400681,-0.938647,0.005461,0.337429,-1.113712,-1.100775,-0.834646,-0.606470,-0.745905,0.030323,0.059251,-0.276929,0.069835,0.294615,0.054088,0.805886,0.855785,-0.383379,-1.201276,1.060535,-1.012342,0.001225,0.008894,1.227813,1.337677,0.581789,1.125296,0.315646,-2.058736,-0.020442,-0.509223,-1.445476"
DB00245,"-0.190048,-1.623941,1.304328,1.339321,1.452875,1.149579,-0.793467,0.454943,-0.114856,0.577931,-0.893510,-1.508469,0.869359,1.663875,0.808832,-1.343397,-0.603820,-1.017339,0.382146,-0.345819,0.279638,0.531282,-0.064672,-1.175498,-2.038356,0.641205,1.145949,-0.308602,-0.919168,-0.291186,-1.304644,-0.295333,1.248865,2.588522,-1.353086,0.331988,-1.017508,-0.833663,-0.683352,0.547490,1.607926,-1.007226,1.248180,-0.942752,-1.440349,-1.266844,-1.430513,0.671171,0.165910,0.150986,1.082080,-1.791536,0.706865,1.256515,1.354511,0.424728,0.185411,0.861316,-0.592620,1.022780,1.552553,1.321645,0.380512,2.627398"
DB01576,"-0.522324,-0.118839,0.520480,0.676468,0.525856,-0.202845,0.480731,0.271847,-1.180345,0.768703,-1.068348,-1.086881,-0.020627,0.331745,0.654007,-0.569605,-0.923612,-1.389057,0.355595,0.402298,0.263044,-0.944396,-0.040266,-0.123186,-1.260540,0.680824,0.623605,-0.531942,-0.435864,0.503083,-0.486151,0.316822,0.335712,1.151282,-0.573416,0.077815,-0.817717,-0.999734,-0.079143,1.294993,0.442416,-0.263383,0.492233,-0.047555,-0.577842,-0.563660,-0.532310,-0.125369,0.136283,0.051194,1.283005,-0.090476,-0.263753,1.376222,0.486066,-0.026876,0.019334,0.631673,0.573811,0.052496,0.376997,0.546506,0.613876,0.866363"
DB12395,"1.356270,0.631560,0.213808,-0.289671,0.022745,0.305667,-0.516480,-2.676055,1.162456,-1.931441,-0.001988,-0.033054,0.218009,-0.078696,-0.698639,-0.026746,-1.333935,1.107280,-0.821686,1.361350,0.538092,0.326929,0.847678,-0.784087,1.189767,1.762753,0.029561,-0.673981,-0.009177,-1.912192,-0.347381,-0.844026,0.175820,-0.787319,-0.010185,-0.161695,-1.289312,-1.221427,-1.124243,-1.001707,-0.612608,0.530291,0.168159,-0.621233,0.058669,0.388063,-0.056101,1.353383,1.454745,-0.021318,-1.690718,1.155260,-0.648401,0.380042,0.211041,1.958916,1.516033,0.085004,1.155062,0.229077,-2.243674,-0.008272,-0.585569,-1.283606"
