uniprot_id,seq_features
Q96KS0,"0.162011,0.188047,0.210414,-0.182739,0.174562,0.162685,0.186754,-0.165908,0.189043,-0.174076,0.164178,0.187363,-0.200532,-0.150952,-0.219527,-0.163740,-0.220714,0.152285,-0.208860,-0.181209,-0.160617,0.224513,0.205634,0.178395,-0.167883,-0.188917,0.196895,0.182257,0.256608,-0.171219,-0.161271,-0.161559,0.205047,-0.183326,0.184817,0.198244,-0.186654,-0.179267,0.182208,-0.209606,0.182265,-0.258693,0.169399,-0.212008,0.193145,0.182814,-0.228941,-0.197485,-0.157825,0.227908,0.223657,0.144892,-0.191993,0.203560,-0.204754,-0.206208,-0.222626,0.169403,0.220283,-0.183810,-0.196972,0.223045,0.197412,0.182072"
Q16236,"-3.699013,-2.883586,-2.960489,3.131802,-2.898069,-2.641756,-2.798874,3.213574,-2.535261,1.611728,-3.558637,-2.677194,1.949275,3.026988,2.636687,2.173367,3.642970,-1.966388,1.934709,2.662481,2.619902,-1.936619,-3.448404,-2.808052,2.694980,3.068990,-1.983348,-2.370485,-0.740485,2.921664,2.541200,2.135665,-0.789883,2.385339,-3.276602,-2.737962,3.511993,2.820374,-3.021696,0.809863,-2.263260,1.899433,-3.041877,1.271280,-2.185698,-3.136955,3.438381,2.740611,3.382149,-2.318476,-1.755664,-2.173828,1.504119,0.252384,3.330553,3.529969,0.749056,-2.513065,-2.101749,2.581594,2.299226,-1.758181,-2.365473,-2.953518"
P31639,"0.133383,0.175124,0.164410,-0.171093,0.172954,0.152182,0.173482,-0.172448,0.160524,-0.144793,0.174597,0.158362,-0.164687,-0.145980,-0.169036,-0.140732,-0.198858,0.144878,-0.150703,-0.165192,-0.148518,0.165060,0.168204,0.157483,-0.158282,-0.174690,0.151550,0.163733,0.154418,-0.152135,-0.160117,-0.146490,0.136646,-0.170563,0.169401,0.171307,-0.185684,-0.169258,0.181321,-0.141045,0.155473,-0.180101,0.155595,-0.151526,0.169240,0.183580,-0.173873,-0.174027,-0.164798,0.177014,0.177679,0.129805,-0.164036,0.144473,-0.177402,-0.165151,-0.135078,0.155874,0.173283,-0.159831,-0.156032,0.161515,0.152054,0.140507"
P11274,"0.088078,-0.033373,0.080466,0.025461,-0.022267,0.045788,-0.023326,0.045284,-0.033338,-0.117977,-0.056579,0.036828,-0.001907,-0.117057,-0.060987,-0.162679,0.107087,0.070159,0.011823,0.015812,-0.084912,0.071958,0.025361,0.016591,-0.005327,0.059199,0.106094,-0.012362,-0.009209,-0.070554,-0.057904,-0.105838,0.193584,0.013520,-0.006746,0.015507,0.046481,0.031890,-0.037296,-0.143945,0.023902,0.019055,0.035214,-0.132321,-0.003719,-0.075713,-0.010502,-0.018644,0.012148,-0.010279,-0.041078,0.100808,0.024562,0.093505,0.005196,0.028381,-0.109509,-0.000454,-0.036112,0.011964,-0.085650,0.023539,0.015469,0.102298"
P00519,"0.351722,-1.878368,-0.035940,0.456184,-0.999558,-1.377010,-1.761534,1.879299,-1.715826,0.942272,-1.434247,-0.599327,1.231105,0.249514,0.735999,0.188531,1.667690,-1.262787,0.312080,1.763874,1.102774,-1.006576,-1.182530,-1.215625,1.859981,1.791993,-0.716825,-1.508246,-0.087041,0.727833,1.502055,0.830153,0.344254,1.917583,-1.310337,-1.452863,0.850390,1.267900,-1.861558,0.822088,-0.401500,1.165889,-1.424265,0.220529,-1.641755,-1.752006,0.805715,1.511591,1.713343,-1.590012,-1.719292,-0.264508,1.480202,-0.936583,1.274960,1.038649,-0.558434,-1.942533,-1.492115,1.470212,0.758286,-0.252321,-0.383902,-0.457349"
P30556,"0.259946,0.055553,0.263458,-0.240514,0.142432,0.118288,0.063980,-0.060594,0.059927,-0.202872,0.085067,0.255512,-0.128361,-0.278317,-0.138238,-0.249624,-0.031212,0.192057,-0.320341,-0.058690,-0.139218,0.138485,0.083142,0.152121,-0.050492,-0.065378,0.190657,0.144784,0.310929,-0.149244,-0.121275,-0.245222,0.330355,-0.059340,0.061209,0.079256,-0.160981,-0.189456,0.048924,-0.255057,0.249004,-0.072368,0.092505,-0.251617,0.076630,0.086654,-0.088865,-0.100601,-0.065988,0.050911,0.067064,0.286436,-0.150152,0.312623,-0.063586,-0.093505,-0.379539,0.053722,0.089631,-0.124442,-0.193463,0.245625,0.199840,0.188352"
P25101,"0.182104,0.116296,0.133193,-0.171620,0.149437,0.144142,0.119954,-0.125728,0.134909,-0.131337,0.130769,0.169666,-0.140925,-0.164230,-0.147550,-0.149623,-0.103046,0.140049,-0.160752,-0.137283,-0.126942,0.134428,0.136309,0.151004,-0.134793,-0.132093,0.158195,0.143807,0.177643,-0.143848,-0.122718,-0.162373,0.168715,-0.129410,0.131260,0.120033,-0.130448,-0.149754,0.121495,-0.109393,0.180105,-0.104235,0.131998,-0.139708,0.120953,0.116035,-0.133184,-0.130373,-0.123949,0.111086,0.115501,0.180606,-0.142850,0.134569,-0.133563,-0.162451,-0.170171,0.130120,0.134873,-0.132958,-0.146010,0.147504,0.167521,0.159778"
P36888,"0.374585,-0.224542,0.280488,-0.155146,0.033084,-0.113288,-0.200801,0.243438,-0.206513,-0.016538,-0.098037,0.099742,0.067414,-0.206727,-0.066117,-0.215586,0.187375,-0.056478,-0.174826,0.204438,0.028771,-0.024141,-0.065844,-0.073961,0.227488,0.224766,0.068870,-0.140433,0.250994,-0.072922,0.137787,-0.059983,0.352851,0.241453,-0.059369,-0.104389,-0.065501,0.038783,-0.217479,-0.058086,0.196016,0.030850,-0.120039,-0.213100,-0.162274,-0.207498,-0.047708,0.154672,0.188121,-0.165404,-0.171308,0.181294,0.142391,-0.019881,0.059137,0.014052,-0.401778,-0.247550,-0.121979,0.115823,-0.067753,0.213516,0.161992,0.134205"
P52333,"0.195675,0.162379,0.198133,-0.196917,0.185260,0.164257,0.165032,-0.162328,0.165677,-0.176241,0.174948,0.186683,-0.179969,-0.187920,-0.190231,-0.188382,-0.178991,0.160506,-0.193125,-0.164494,-0.173047,0.181730,0.177330,0.173233,-0.152224,-0.168511,0.175479,0.171180,0.199076,-0.185219,-0.160940,-0.162227,0.193869,-0.161044,0.175817,0.171216,-0.196651,-0.166162,0.163975,-0.159515,0.191125,-0.191146,0.165356,-0.196591,0.169410,0.166216,-0.193875,-0.171074,-0.159372,0.170044,0.172551,0.176898,-0.176468,0.165609,-0.179759,-0.177771,-0.206707,0.149811,0.177031,-0.171190,-0.177068,0.209864,0.201165,0.185065"
Q13464,"0.107695,-0.061511,0.160391,-0.114839,0.040614,0.016955,-0.041414,0.049935,-0.066992,-0.141897,-0.025168,0.146083,-0.019312,-0.190098,-0.060841,-0.168381,0.078802,0.095203,-0.169781,0.046896,-0.060400,0.055070,-0.023023,0.022660,0.041700,0.054469,0.098770,0.030549,0.167875,-0.057400,-0.057960,-0.186303,0.294954,0.015178,-0.038083,-0.018365,-0.040957,-0.072055,-0.035644,-0.179817,0.140902,0.048192,-0.018148,-0.175675,-0.033153,-0.019267,0.026925,-0.028882,0.038450,-0.058071,-0.024083,0.180394,-0.035548,0.291807,0.045992,0.052564,-0.270900,-0.048287,-0.030919,0.007744,-0.098777,0.098362,0.030905,0.048795"
P28335,"0.028681,-0.279062,-0.057113,0.387360,-0.318231,-0.109189,-0.317574,0.295267,-0.319581,0.014236,-0.365207,-0.178272,0.287342,-0.002209,0.226215,-0.088732,0.549470,-0.065847,0.263098,0.268291,0.020841,-0.204523,-0.204607,-0.192035,0.166201,0.390509,-0.062955,-0.309473,-0.456095,0.089613,0.077300,-0.023395,0.003072,0.270694,-0.245386,-0.266212,0.420904,0.275165,-0.324330,-0.082972,-0.273899,0.434030,-0.111096,0.111322,-0.270694,-0.375072,0.298586,0.254898,0.170414,-0.304131,-0.426876,-0.032685,0.396593,-0.174686,0.303592,0.329963,0.150270,-0.185424,-0.379420,0.242641,0.076218,-0.341425,-0.296423,-0.001869"
Q05940,"0.281625,-0.014601,0.243220,-0.233140,0.112435,0.057953,-0.030278,-0.024203,-0.033494,-0.148554,0.046048,0.252428,-0.061331,-0.278076,-0.095334,-0.210684,0.020886,0.103653,-0.298299,0.011621,-0.102701,0.052757,0.042977,0.105305,0.025164,-0.008331,0.106732,0.071206,0.209215,-0.129582,-0.070848,-0.207980,0.262304,0.007637,0.018867,-0.000836,-0.148161,-0.142700,-0.007705,-0.128752,0.188923,0.027966,0.039129,-0.171974,-0.017588,0.052544,-0.058326,-0.059721,-0.029837,-0.052597,-0.041341,0.260827,-0.056138,0.239136,-0.002839,-0.047610,-0.330946,-0.038520,-0.000848,-0.051424,-0.136480,0.168578,0.131112,0.133761"
P28223,"0.162398,-0.030931,0.142430,0.017545,-0.020659,0.069452,-0.040769,0.038483,-0.046378,-0.156724,-0.058886,0.074238,-0.003680,-0.172117,-0.040645,-0.218546,0.155207,0.106269,-0.044263,0.017517,-0.126394,0.056383,0.021189,0.034456,-0.013254,0.076299,0.119126,-0.012285,-0.032578,-0.101858,-0.086067,-0.159416,0.210893,0.019527,-0.008132,-0.002925,0.058735,0.006951,-0.050606,-0.197426,0.029964,0.066751,0.061632,-0.140884,-0.013546,-0.068803,0.007820,-0.007131,-0.016758,-0.033217,-0.074886,0.143346,0.041312,0.112940,0.029112,0.049430,-0.150566,0.002208,-0.056035,-0.004881,-0.110324,0.014253,0.016972,0.140497"
P41595,"0.122052,0.091560,0.118348,-0.041314,0.066302,0.125240,0.089842,-0.082292,0.086286,-0.146828,0.065317,0.081975,-0.086845,-0.130978,-0.102402,-0.163041,-0.035241,0.126906,-0.048664,-0.095451,-0.149822,0.118298,0.112541,0.099935,-0.109878,-0.065004,0.128389,0.079663,0.015418,-0.130893,-0.129583,-0.124375,0.130997,-0.091843,0.098373,0.105713,-0.048523,-0.056231,0.078096,-0.152756,0.061456,-0.076564,0.130580,-0.128774,0.097451,0.057959,-0.095669,-0.098412,-0.108007,0.092870,0.066188,0.110243,-0.061600,0.082964,-0.092282,-0.067258,-0.087708,0.107592,0.066905,-0.093472,-0.120838,0.071048,0.081621,0.147848"
Q07343,"0.128471,0.130155,0.123551,-0.128079,0.127918,0.131734,0.119075,-0.120222,0.124738,-0.179532,0.102389,0.157547,-0.162136,-0.143049,-0.139137,-0.166378,-0.090747,0.151745,-0.176111,-0.131170,-0.125331,0.141872,0.112811,0.143751,-0.118116,-0.128740,0.144818,0.145503,0.183539,-0.115224,-0.127480,-0.137317,0.184278,-0.137836,0.113005,0.114569,-0.127975,-0.147990,0.114076,-0.178388,0.156082,-0.165557,0.122262,-0.176882,0.148320,0.115207,-0.128929,-0.123890,-0.111206,0.124863,0.154762,0.141542,-0.171223,0.222912,-0.112688,-0.121567,-0.183564,0.125500,0.161382,-0.139917,-0.145806,0.194058,0.173500,0.122035"
Q08499,"-0.200763,-0.187341,-0.121930,0.183202,-0.189316,-0.170756,-0.212148,0.204586,-0.235959,0.022502,-0.228158,-0.079680,0.141893,0.105826,0.190505,0.065898,0.287491,-0.069677,0.028049,0.202417,0.161938,-0.181596,-0.275702,-0.179026,0.182397,0.210432,-0.119135,-0.142332,-0.039768,0.215923,0.122522,0.052920,0.007444,0.157178,-0.257922,-0.238591,0.208515,0.080532,-0.198733,-0.055766,-0.076537,0.206902,-0.217385,0.064420,-0.158323,-0.195168,0.291849,0.188779,0.209531,-0.200387,-0.150839,-0.110284,0.091393,0.181237,0.273037,0.278274,-0.005040,-0.178513,-0.151952,0.151761,0.108439,-0.105981,-0.188431,-0.225287"
O76074,"0.027467,0.117974,0.071466,-0.082748,0.102684,0.107884,0.123657,-0.103949,0.135118,-0.139988,0.085281,0.089000,-0.144784,-0.062420,-0.095869,-0.093794,-0.096921,0.129635,-0.128619,-0.120949,-0.106717,0.131940,0.077722,0.102010,-0.110614,-0.111903,0.107700,0.132353,0.172593,-0.086355,-0.109770,-0.092018,0.125383,-0.134823,0.091461,0.114525,-0.088017,-0.097556,0.109697,-0.150911,0.107055,-0.165116,0.098076,-0.142072,0.144021,0.110203,-0.079831,-0.111130,-0.087498,0.133882,0.167633,0.092640,-0.170227,0.202249,-0.089620,-0.071450,-0.140014,0.123909,0.146278,-0.124423,-0.099981,0.153248,0.121542,0.076046"
P27815,"-0.036290,-0.044176,-0.032120,0.073961,-0.069437,-0.050961,-0.059834,0.069053,-0.065905,0.015271,-0.079258,-0.024462,0.022723,0.029590,-0.016496,-0.021636,0.067314,-0.052211,0.066586,0.046357,0.070390,0.000027,-0.036736,-0.047740,0.056221,0.051334,0.012130,-0.053535,-0.004347,0.058639,0.055430,0.058118,0.047383,0.051324,-0.063442,-0.058615,0.064502,0.042889,-0.055388,-0.020895,-0.019366,-0.008788,-0.063303,-0.037130,-0.025182,-0.092034,0.012516,0.046001,0.077192,-0.004280,-0.030504,-0.074870,0.025976,0.014316,0.029553,0.024188,0.000300,-0.066298,0.001624,0.059473,-0.009650,0.008538,-0.003461,-0.026470"
Q16790,"0.162807,0.176841,0.170610,-0.165289,0.168519,0.167217,0.173244,-0.175580,0.173624,-0.157417,0.171537,0.162148,-0.171556,-0.158650,-0.175392,-0.167012,-0.189741,0.154246,-0.158676,-0.171365,-0.168691,0.174705,0.180025,0.172868,-0.164435,-0.178722,0.164019,0.165976,0.147797,-0.171042,-0.166536,-0.143711,0.143217,-0.168093,0.174355,0.173268,-0.181835,-0.159113,0.174909,-0.149211,0.155600,-0.184239,0.172183,-0.166746,0.175164,0.177224,-0.182867,-0.171446,-0.174336,0.184061,0.168178,0.143972,-0.168867,0.132698,-0.179268,-0.177197,-0.145428,0.162904,0.174191,-0.173241,-0.166410,0.175801,0.174058,0.174147"
P00915,"0.152742,0.197198,0.159526,-0.169993,0.184022,0.175374,0.198626,-0.189818,0.199021,-0.157364,0.192725,0.155841,-0.189946,-0.146793,-0.198308,-0.156738,-0.219708,0.154201,-0.138979,-0.195013,-0.169329,0.195242,0.200864,0.178863,-0.182776,-0.199938,0.171570,0.181103,0.163355,-0.178153,-0.167394,-0.131339,0.142992,-0.188736,0.198652,0.200080,-0.193122,-0.160345,0.196029,-0.140342,0.163610,-0.225423,0.182825,-0.174425,0.198937,0.184450,-0.214362,-0.189137,-0.181844,0.211166,0.204369,0.132716,-0.186612,0.121306,-0.211307,-0.202333,-0.140453,0.181901,0.203766,-0.183190,-0.170904,0.190108,0.195149,0.177422"
Q01959,"0.272743,0.043180,0.266347,-0.139330,0.100633,0.104222,0.029516,-0.040129,0.016325,-0.219491,0.049907,0.213258,-0.087901,-0.265307,-0.129662,-0.242119,0.004858,0.152479,-0.262940,-0.028330,-0.172738,0.097055,0.104836,0.123825,-0.047982,-0.029347,0.158024,0.076209,0.179789,-0.167432,-0.128769,-0.261241,0.309284,-0.043041,0.074457,0.031510,-0.115617,-0.144831,0.031246,-0.290360,0.146052,0.007228,0.090144,-0.213335,0.044170,0.075275,-0.098525,-0.088300,-0.078389,0.045256,0.011704,0.293859,-0.051784,0.263179,-0.029716,-0.041504,-0.361238,0.056323,0.028354,-0.079997,-0.199243,0.157427,0.125490,0.167039"
P27338,"-0.665787,-1.092652,-0.729337,0.825516,-0.878832,-1.015120,-0.958051,1.108120,-0.910233,1.033026,-0.881182,-1.004847,0.967116,0.879280,0.790254,0.861955,0.817568,-1.093254,0.969768,1.017141,0.905149,-0.820232,-0.851396,-1.032858,1.080039,1.034129,-0.898427,-1.015200,-0.670172,0.759283,1.121099,1.118420,-0.759904,1.103494,-0.853037,-0.896621,0.825456,1.175617,-1.059298,1.110145,-0.811549,0.752054,-0.985677,0.724018,-1.002346,-1.081839,0.720913,1.005888,1.083735,-0.893820,-0.965581,-0.900587,1.025023,-1.234478,0.801235,0.840214,0.661970,-1.099811,-0.971398,0.999319,0.965110,-0.678804,-0.731396,-0.689708"
P35354,"0.158076,0.205802,0.169117,-0.182311,0.191115,0.183495,0.204905,-0.199699,0.204118,-0.169829,0.199262,0.171224,-0.197604,-0.159218,-0.203754,-0.165625,-0.224796,0.167356,-0.158063,-0.202079,-0.177708,0.202109,0.205853,0.190464,-0.189670,-0.209064,0.179876,0.192998,0.173018,-0.183571,-0.179128,-0.147982,0.154203,-0.197164,0.202118,0.206197,-0.201132,-0.175649,0.203748,-0.155947,0.172062,-0.226767,0.189241,-0.180663,0.206313,0.194007,-0.216749,-0.198013,-0.191186,0.213415,0.211386,0.144968,-0.197973,0.142469,-0.213675,-0.206371,-0.156035,0.190390,0.210536,-0.193693,-0.179256,0.195933,0.200884,0.182658"
P02788,"0.163735,-0.031100,0.150591,-0.168479,0.101226,0.037336,0.010942,-0.002905,0.031276,-0.075990,0.063098,0.102615,-0.050450,-0.119045,-0.037843,-0.070820,-0.018521,0.057997,-0.193791,0.006900,-0.094753,0.045561,0.021446,0.051567,0.010629,-0.002570,0.037576,0.051511,0.180588,-0.117021,-0.025572,-0.095441,0.123167,0.010185,0.037420,0.052474,-0.094245,-0.025164,-0.019187,-0.030564,0.110212,-0.007700,0.039589,-0.085336,-0.006046,0.043027,-0.046316,-0.036617,-0.007898,-0.030285,0.008249,0.203265,-0.041571,0.077115,-0.010080,-0.017322,-0.264986,-0.007643,-0.026221,-0.053503,-0.030508,0.116845,0.105078,0.094923"
P17252,"-0.900748,-2.226468,-0.238582,0.861392,-1.438458,-1.398747,-2.048414,2.225718,-2.066177,0.093685,-2.154746,-0.500692,1.238646,0.231598,1.234501,0.009224,2.779396,-0.514460,-0.092019,1.981526,0.938416,-0.881932,-2.160978,-1.523397,1.839814,2.300903,-0.417402,-1.308615,0.442280,1.043924,1.037768,-0.297316,1.438617,1.706689,-2.175790,-1.748956,1.845441,1.136649,-2.073618,-0.723407,-0.410568,2.024393,-1.810092,-0.285965,-1.761656,-1.954417,2.281519,1.497279,2.115479,-1.895763,-1.609095,0.311131,0.976409,1.583551,2.347280,2.429348,-1.561309,-1.866744,-1.823111,1.555897,0.574555,-0.780840,-1.382789,-1.102559"
P50591,"0.146016,0.079428,0.094146,-0.112481,0.100884,0.122726,0.085676,-0.081155,0.097423,-0.141097,0.074971,0.131666,-0.111596,-0.148978,-0.112617,-0.153197,-0.031761,0.136840,-0.122243,-0.102362,-0.110425,0.109235,0.097677,0.118826,-0.104592,-0.084576,0.139220,0.110394,0.136421,-0.112702,-0.104342,-0.147595,0.172792,-0.099818,0.090238,0.088087,-0.079274,-0.109699,0.077058,-0.123893,0.143721,-0.077169,0.109079,-0.137089,0.093390,0.065093,-0.091751,-0.095719,-0.086090,0.071374,0.085305,0.164031,-0.112149,0.149939,-0.088579,-0.108367,-0.142146,0.107486,0.098766,-0.098544,-0.123173,0.126540,0.134505,0.131638"
P08588,"0.238175,0.109852,0.233180,-0.206498,0.163293,0.146520,0.102369,-0.118336,0.100481,-0.201320,0.124036,0.228846,-0.156284,-0.241447,-0.177929,-0.235974,-0.096709,0.164871,-0.241794,-0.115035,-0.168310,0.162437,0.138353,0.164585,-0.108101,-0.115244,0.188195,0.147585,0.215124,-0.178886,-0.154936,-0.214615,0.270011,-0.118489,0.124661,0.117152,-0.171185,-0.171949,0.112600,-0.201309,0.207775,-0.119285,0.133727,-0.222399,0.120143,0.126552,-0.148526,-0.144797,-0.122963,0.109224,0.109160,0.228797,-0.151526,0.239302,-0.121150,-0.133957,-0.281564,0.098875,0.129519,-0.139507,-0.194639,0.206307,0.185136,0.186217"
P03372,"-2.724949,-2.770445,-2.959665,3.139152,-3.066297,-2.571606,-3.270499,3.219623,-2.980708,0.888151,-4.054394,-1.758255,1.638199,2.320680,2.489689,1.292761,4.672270,-1.608042,1.047778,2.726442,2.908862,-2.200377,-3.557581,-2.288742,2.884555,3.010035,-1.744189,-2.285844,-0.402639,3.379125,2.635691,1.807357,-0.123245,2.458106,-3.583617,-3.333196,3.527056,1.878535,-3.386165,-0.105380,-1.831651,1.750587,-3.057849,0.873434,-2.082755,-3.472705,3.245646,3.062132,3.415532,-2.776688,-1.900692,-1.868730,1.294288,1.442775,3.626262,3.129074,0.203071,-2.603558,-1.669249,2.455819,1.798136,-0.891704,-1.476030,-2.940017"
P23945,"0.128830,0.195851,0.146789,-0.161557,0.178273,0.174797,0.198268,-0.189033,0.199894,-0.165664,0.186418,0.151691,-0.190557,-0.136626,-0.181298,-0.146715,-0.209475,0.162271,-0.147698,-0.193891,-0.170718,0.188524,0.184448,0.174725,-0.183535,-0.197799,0.163475,0.186347,0.168416,-0.169103,-0.170225,-0.135011,0.136340,-0.193207,0.187955,0.194376,-0.182942,-0.159841,0.193444,-0.149780,0.159036,-0.216921,0.178751,-0.168955,0.199726,0.186990,-0.191335,-0.186665,-0.178536,0.205131,0.209209,0.134335,-0.196754,0.149227,-0.194734,-0.181942,-0.143205,0.186502,0.200933,-0.186811,-0.161786,0.185205,0.182773,0.162344"
P35372,"-1.096469,-2.723697,-2.771221,1.648703,-2.180840,-2.215047,-2.791238,2.193774,-2.664710,3.060292,-2.170541,-1.790570,3.004666,1.740641,2.941032,2.770552,2.861097,-2.439389,2.144122,2.547158,2.632516,-3.473567,-2.409805,-2.041481,2.295264,2.405986,-2.725133,-2.440042,-3.025864,2.491492,2.539325,1.683880,-3.181913,2.643529,-2.452525,-2.976116,2.296791,1.744292,-2.542054,3.733576,-2.036952,4.199188,-2.279219,3.743481,-3.208905,-2.269544,2.880246,2.608691,2.034202,-3.551283,-3.615140,-1.464755,3.070938,-3.318574,2.676233,1.792175,3.213049,-2.399503,-3.200384,2.580137,2.727112,-3.408242,-2.681104,-2.330557"
P32239,"0.233481,0.158691,0.218848,-0.223663,0.180281,0.164214,0.149913,-0.160820,0.144474,-0.194356,0.162593,0.217723,-0.176303,-0.213481,-0.192278,-0.206644,-0.158332,0.163342,-0.220416,-0.158122,-0.175842,0.184549,0.167758,0.174933,-0.143924,-0.164697,0.192228,0.177969,0.217557,-0.182178,-0.166432,-0.207625,0.232193,-0.156366,0.165869,0.153870,-0.198693,-0.204989,0.162297,-0.200951,0.206366,-0.160047,0.160930,-0.212236,0.158222,0.169910,-0.185094,-0.167266,-0.159342,0.155199,0.159315,0.213355,-0.179613,0.205442,-0.159198,-0.185872,-0.250193,0.137433,0.168677,-0.172441,-0.201605,0.199854,0.196423,0.183937"
Q9Y289,"0.159046,0.206069,0.169452,-0.183035,0.192794,0.184325,0.205161,-0.202066,0.203258,-0.170492,0.202308,0.171684,-0.196087,-0.161299,-0.197127,-0.164414,-0.224579,0.168719,-0.161159,-0.201627,-0.178782,0.194467,0.202267,0.188281,-0.191099,-0.208824,0.174536,0.192581,0.168868,-0.183052,-0.181252,-0.149131,0.146550,-0.198824,0.202223,0.202670,-0.204390,-0.179007,0.205740,-0.152980,0.173283,-0.220547,0.190660,-0.175783,0.203568,0.200382,-0.211653,-0.197555,-0.193892,0.210181,0.209226,0.146892,-0.196271,0.145260,-0.210554,-0.202236,-0.147050,0.191236,0.208191,-0.193357,-0.177087,0.193239,0.195060,0.177566"
P54760,"0.098418,-0.139216,-0.120009,0.000599,-0.039663,-0.005047,-0.097090,0.109894,-0.052485,0.053755,-0.076633,-0.023264,0.087320,-0.031922,0.083238,0.021543,0.238160,0.013434,0.071535,0.057322,0.045227,-0.106020,-0.062495,-0.028039,0.026517,0.106597,-0.006771,-0.056372,-0.023580,0.017040,0.084228,-0.063301,0.015816,0.085748,-0.060662,-0.077760,0.139883,0.054390,-0.126739,0.125864,0.041535,0.213277,-0.029268,0.088125,-0.127889,-0.161309,0.106700,0.101548,0.076834,-0.186756,-0.149881,0.124528,0.094690,-0.111536,0.079589,0.006890,0.015414,-0.022919,-0.136198,0.072890,0.060314,-0.102824,-0.005303,0.025852"
P11217,"0.117403,-0.007200,0.097061,-0.060076,0.054305,0.020854,0.006948,0.033064,0.017681,-0.046668,0.004117,0.050120,-0.060271,-0.073406,-0.116248,-0.122832,-0.003311,0.023656,-0.048125,-0.014983,-0.016098,0.090618,0.046064,0.020108,-0.000444,0.012210,0.110993,0.007626,0.163001,-0.066272,0.000848,-0.033631,0.197861,0.000540,0.040364,0.032930,-0.038726,-0.011062,-0.001947,-0.065564,0.119709,-0.106147,0.008090,-0.155087,0.034648,-0.038513,-0.090051,-0.014648,0.027252,0.060415,0.043047,0.063112,-0.035412,0.045062,-0.065646,-0.071350,-0.154376,-0.009407,0.069535,-0.002314,-0.089462,0.138110,0.125413,0.096727"
P50750,"-0.454239,-0.715777,-0.350851,0.508465,-0.594262,-0.538313,-0.746635,0.801759,-0.683632,0.061638,-0.913432,-0.251370,0.321285,0.301955,0.466335,0.065897,1.081244,-0.241129,-0.015121,0.657881,0.523668,-0.341827,-0.810507,-0.517390,0.681910,0.771613,-0.206901,-0.473872,0.244867,0.589796,0.510461,0.166886,0.381207,0.576180,-0.819373,-0.716019,0.734212,0.405556,-0.789104,-0.232530,-0.204988,0.416014,-0.689560,-0.079025,-0.495328,-0.776425,0.759763,0.634575,0.825623,-0.616933,-0.433770,-0.146725,0.236108,0.609423,0.830647,0.783288,-0.381568,-0.639242,-0.409668,0.550993,0.267919,-0.045052,-0.285154,-0.498059"
Q03181,"0.082947,-0.069973,0.048174,0.004580,-0.035800,-0.018273,-0.109287,0.089426,-0.094737,-0.114326,-0.132839,0.094012,-0.036949,-0.098966,-0.044712,-0.165758,0.199650,0.049179,-0.102939,0.059268,0.021653,0.038837,-0.055549,0.018184,0.069355,0.085546,0.090826,-0.026441,0.117929,0.019503,0.011811,-0.092521,0.262405,0.050033,-0.085742,-0.065772,0.066968,-0.031019,-0.100901,-0.190747,0.061407,-0.011464,-0.047401,-0.161532,-0.021169,-0.113390,0.019216,0.046519,0.084863,-0.061352,-0.030120,0.090991,-0.024698,0.240708,0.077623,0.038926,-0.222511,-0.071226,0.007062,0.038962,-0.094509,0.112368,0.086942,0.023072"
O14980,"0.271075,-0.130891,0.268210,-0.172735,-0.009485,-0.012562,-0.142248,0.112507,-0.188745,-0.175269,-0.082481,0.242715,0.055145,-0.327759,-0.029249,-0.269297,0.164792,0.092036,-0.324727,0.134501,-0.074301,-0.013782,-0.036788,0.042005,0.130969,0.130483,0.107017,-0.013567,0.139608,-0.059801,-0.049089,-0.276109,0.380005,0.113311,-0.087137,-0.097426,-0.072379,-0.109774,-0.124480,-0.251809,0.157681,0.149295,-0.043020,-0.187046,-0.146649,-0.056847,0.028391,0.028204,0.050929,-0.185011,-0.151159,0.283237,0.054120,0.328994,0.122501,0.073004,-0.380004,-0.132389,-0.124112,0.046840,-0.118811,0.088433,0.023518,0.082750"
P23219,"0.257660,0.175864,0.277699,-0.258073,0.222566,0.187051,0.171713,-0.181552,0.179861,-0.239417,0.196976,0.269813,-0.214339,-0.265205,-0.238413,-0.263380,-0.200835,0.210251,-0.328827,-0.183404,-0.213993,0.209705,0.201367,0.223205,-0.175138,-0.192968,0.238326,0.216318,0.321605,-0.221509,-0.202459,-0.251037,0.302051,-0.189465,0.195188,0.200396,-0.242528,-0.240715,0.188192,-0.271308,0.280517,-0.244603,0.185196,-0.279699,0.182836,0.201394,-0.219592,-0.189680,-0.187507,0.199270,0.214556,0.272235,-0.221102,0.284167,-0.200178,-0.212748,-0.338761,0.180130,0.214856,-0.206168,-0.251983,0.279383,0.238778,0.224142"
P08908,"0.202123,0.149957,0.202897,-0.191234,0.173931,0.164876,0.145045,-0.148412,0.147730,-0.197281,0.149444,0.205655,-0.182079,-0.206462,-0.184146,-0.211591,-0.137062,0.174424,-0.218954,-0.154081,-0.170581,0.178594,0.158641,0.174294,-0.143057,-0.152553,0.185225,0.169585,0.213334,-0.174648,-0.164836,-0.186826,0.230388,-0.156141,0.154530,0.148623,-0.177591,-0.179114,0.146379,-0.197698,0.200636,-0.171485,0.157319,-0.214208,0.159824,0.153947,-0.172255,-0.162496,-0.148768,0.150837,0.161608,0.194376,-0.179079,0.224272,-0.153199,-0.159999,-0.235880,0.140975,0.173882,-0.163444,-0.187962,0.214308,0.200290,0.180244"
P28222,"0.169019,0.184408,0.179889,-0.182747,0.184881,0.178479,0.185170,-0.181125,0.184007,-0.179721,0.180836,0.176699,-0.188998,-0.174207,-0.192035,-0.179346,-0.192645,0.170567,-0.171645,-0.184272,-0.180656,0.193431,0.188884,0.181750,-0.175036,-0.185507,0.180410,0.182456,0.178501,-0.184450,-0.177033,-0.165861,0.176405,-0.183394,0.186400,0.189388,-0.190988,-0.169481,0.184407,-0.167516,0.175182,-0.201910,0.180931,-0.189361,0.187646,0.182176,-0.196450,-0.187614,-0.177016,0.190533,0.191329,0.166654,-0.186708,0.166195,-0.191396,-0.182597,-0.177131,0.174797,0.189637,-0.180906,-0.179435,0.193996,0.190436,0.181455"
Q96EB6,"-2.000386,-2.639884,-2.340329,2.480747,-2.623906,-2.355098,-3.078070,3.039066,-2.795187,1.079894,-3.684464,-1.423500,1.446044,1.824379,1.650567,0.865579,4.014714,-1.746274,1.189857,2.508197,2.710795,-1.540230,-2.821514,-1.976918,2.724725,2.799172,-1.136321,-2.228385,-0.238745,2.747169,2.452428,1.524404,0.530547,2.391742,-3.088275,-2.803392,3.019176,1.853065,-3.051545,0.066349,-1.523844,1.384262,-2.782488,0.380311,-2.007031,-3.275858,2.399817,2.583353,3.187318,-2.284630,-1.855724,-1.530979,1.331573,0.878547,2.905394,2.384474,-0.147708,-2.645818,-1.491669,2.483717,1.243610,-0.757571,-1.075607,-2.240758"
P22607,"-19.093291,-16.520750,-17.244324,16.301981,-18.011829,-18.503903,-17.859452,15.661903,-19.725457,17.437183,-16.418584,-15.181493,18.923995,15.958155,19.819270,18.328225,15.769332,-17.332885,14.777547,18.229212,19.179759,-20.747076,-19.109452,-17.777572,18.126192,16.430865,-19.946363,-17.038679,-19.888417,20.265198,16.281973,16.156863,-19.814059,16.994509,-19.092011,-20.013087,15.168164,13.221575,-16.000657,16.531760,-17.781374,20.513065,-18.646310,20.078918,-18.760424,-14.199792,19.788454,17.337588,16.081692,-19.403856,-18.300998,-19.004107,17.532004,-12.377471,19.487927,19.156103,20.779886,-18.180985,-17.844916,17.876718,18.234715,-19.602386,-21.136731,-21.827003"
P00533,"-6.093817,-12.069473,-9.450159,8.800552,-9.724040,-10.425421,-11.525160,11.817863,-10.521463,10.494806,-10.745249,-9.491424,10.206628,8.570610,9.280388,8.820993,12.197483,-10.445206,9.427420,10.995969,10.681932,-10.011844,-9.967265,-9.955000,11.225694,11.351304,-9.313364,-10.850288,-7.383263,9.231741,11.894746,9.972228,-7.396913,11.845372,-10.260573,-10.677075,10.510771,10.879838,-12.203274,11.162905,-8.296199,10.236415,-10.458832,8.799974,-11.251821,-12.456789,9.074773,11.392212,11.620120,-11.536807,-11.438959,-7.800196,10.887371,-11.302769,9.988069,8.687947,7.026405,-11.317488,-10.773674,10.853109,9.831820,-8.167605,-7.393520,-7.960167"
P26664,"0.163470,0.135625,0.198313,-0.192865,0.169671,0.139610,0.139861,-0.137271,0.134597,-0.167450,0.152584,0.181788,-0.159410,-0.180090,-0.169773,-0.175428,-0.150678,0.158094,-0.198349,-0.135436,-0.154194,0.167050,0.141967,0.148754,-0.128801,-0.139412,0.165987,0.155184,0.206989,-0.164560,-0.153891,-0.174055,0.209252,-0.140279,0.141682,0.154030,-0.173232,-0.162455,0.145307,-0.177324,0.184149,-0.159016,0.134110,-0.191652,0.145327,0.147359,-0.152140,-0.155551,-0.133035,0.144440,0.155785,0.175263,-0.165337,0.198778,-0.146119,-0.136283,-0.228688,0.126007,0.151193,-0.149764,-0.170023,0.186053,0.168139,0.154643"
P07900,"-4.024277,-4.352498,-4.210002,4.774746,-4.335745,-4.286621,-4.251575,5.049333,-3.876666,3.913831,-5.020091,-4.592730,3.310868,4.655739,2.710815,3.190122,4.517850,-4.442064,4.887455,4.031024,4.552806,-2.592057,-3.791000,-4.297361,4.353598,4.528381,-2.809545,-4.438789,-2.216576,4.039349,4.768455,4.790128,-1.760503,4.288834,-4.058903,-3.763161,4.793725,5.021262,-4.582994,3.061746,-3.690919,1.834051,-4.449001,2.019865,-3.457500,-5.421268,3.041484,4.297534,5.135286,-2.866470,-3.175919,-4.478020,3.565535,-3.586023,3.454700,3.434191,2.477806,-4.389230,-2.992134,4.494696,3.283960,-2.493556,-2.581061,-3.356544"
P30536,"-0.285766,-0.625647,-0.764403,0.537643,-0.603981,-0.496781,-0.670971,0.515136,-0.604495,0.828278,-0.547148,-0.520362,0.766125,0.529589,0.770541,0.721073,0.780871,-0.610226,0.695579,0.550547,0.637248,-0.871884,-0.562096,-0.511172,0.456361,0.588586,-0.632107,-0.632753,-0.930065,0.615265,0.615893,0.438835,-0.913722,0.618488,-0.572235,-0.749764,0.743800,0.482514,-0.606033,0.958596,-0.585165,1.109472,-0.517042,1.047364,-0.766116,-0.626077,0.741955,0.685990,0.437498,-0.842273,-0.921644,-0.467647,0.802017,-1.043379,0.632379,0.405904,0.959934,-0.501911,-0.776930,0.616118,0.681703,-1.016735,-0.699565,-0.508528"
P30542,"0.285476,0.078969,0.283637,-0.201898,0.138141,0.141732,0.061246,-0.081017,0.059812,-0.224512,0.086348,0.243618,-0.143836,-0.275647,-0.172434,-0.292900,-0.025184,0.186615,-0.284595,-0.086033,-0.185990,0.157384,0.120169,0.147011,-0.086319,-0.069066,0.213641,0.115024,0.241630,-0.196348,-0.151787,-0.250173,0.342173,-0.086255,0.100846,0.088018,-0.136958,-0.166823,0.070217,-0.248194,0.218482,-0.086355,0.119716,-0.259617,0.089194,0.091055,-0.131162,-0.123469,-0.100036,0.081521,0.068346,0.265038,-0.125011,0.287940,-0.084367,-0.105866,-0.359440,0.074163,0.102183,-0.121586,-0.220832,0.208624,0.177785,0.211081"
P41145,"0.176234,0.126784,0.152559,-0.181183,0.154291,0.133853,0.120802,-0.137765,0.118646,-0.135170,0.141508,0.179100,-0.136182,-0.175526,-0.149860,-0.151286,-0.137036,0.129206,-0.170144,-0.128583,-0.127818,0.127403,0.140967,0.151592,-0.119732,-0.139083,0.139248,0.142686,0.152290,-0.140472,-0.131088,-0.156128,0.155392,-0.128735,0.133414,0.119933,-0.168589,-0.161728,0.133904,-0.110092,0.167676,-0.115539,0.128946,-0.140408,0.119221,0.142376,-0.144200,-0.140903,-0.134143,0.113650,0.115728,0.160498,-0.137309,0.145853,-0.135579,-0.153541,-0.154679,0.113640,0.132711,-0.130411,-0.145193,0.152043,0.152625,0.139980"
P11387,"0.183451,0.055259,0.218694,-0.164002,0.124783,0.103996,0.069830,-0.045571,0.073605,-0.158688,0.072653,0.175134,-0.131983,-0.191762,-0.172641,-0.214001,-0.072597,0.119044,-0.206684,-0.074878,-0.123175,0.169368,0.099542,0.101640,-0.061744,-0.059333,0.186231,0.103878,0.256848,-0.150243,-0.108439,-0.167492,0.307592,-0.075606,0.087253,0.081151,-0.120561,-0.106721,0.067455,-0.188725,0.202008,-0.117662,0.077524,-0.241390,0.086229,0.069967,-0.121942,-0.109156,-0.051064,0.107070,0.095889,0.187474,-0.125918,0.231076,-0.093473,-0.093433,-0.299143,0.049754,0.116944,-0.081363,-0.170800,0.200766,0.161545,0.164551"
Q96RP8,"0.142436,0.201165,0.150607,-0.166670,0.182385,0.179623,0.199705,-0.194167,0.202083,-0.170679,0.188211,0.159688,-0.195728,-0.145014,-0.184834,-0.155225,-0.209720,0.165808,-0.157051,-0.198069,-0.172771,0.188816,0.190101,0.182148,-0.185911,-0.202073,0.166310,0.189250,0.169574,-0.171314,-0.173122,-0.138140,0.138884,-0.196458,0.193055,0.194117,-0.190335,-0.168367,0.195996,-0.151981,0.163624,-0.222752,0.184573,-0.171458,0.203240,0.191371,-0.199651,-0.188274,-0.184467,0.204977,0.210830,0.138735,-0.198674,0.151698,-0.198698,-0.190738,-0.141953,0.189671,0.207726,-0.190091,-0.166078,0.193913,0.192839,0.167137"
O43526,"0.147801,0.196288,0.157594,-0.154737,0.174524,0.179671,0.195447,-0.190834,0.196477,-0.165176,0.186128,0.150992,-0.183977,-0.146654,-0.183143,-0.157977,-0.203647,0.162236,-0.137645,-0.193074,-0.179027,0.187653,0.193222,0.177379,-0.187150,-0.193846,0.166917,0.178761,0.141722,-0.178085,-0.175543,-0.137653,0.131920,-0.188708,0.192577,0.195095,-0.178029,-0.155730,0.191648,-0.149993,0.150023,-0.206777,0.187913,-0.164503,0.196239,0.183047,-0.197861,-0.185822,-0.186651,0.202802,0.194599,0.135662,-0.179729,0.124100,-0.198611,-0.185703,-0.130928,0.187201,0.192065,-0.185291,-0.166955,0.173792,0.179438,0.177389"
Q9Y5S1,"0.144910,0.195559,0.153470,-0.154891,0.173283,0.180540,0.197093,-0.188923,0.195878,-0.167071,0.186023,0.149668,-0.182436,-0.148977,-0.183008,-0.158686,-0.202865,0.164286,-0.131416,-0.193476,-0.179333,0.187444,0.194835,0.176903,-0.186282,-0.193051,0.166773,0.179935,0.137938,-0.177656,-0.175346,-0.140179,0.134673,-0.189472,0.192925,0.196065,-0.178187,-0.154895,0.191535,-0.149696,0.150054,-0.206100,0.188288,-0.166683,0.194427,0.181802,-0.197913,-0.186704,-0.186379,0.200996,0.195295,0.134897,-0.179327,0.126819,-0.199201,-0.184509,-0.128028,0.187235,0.190189,-0.183089,-0.165600,0.171513,0.177782,0.175291"
P17658,"0.146165,0.196182,0.155050,-0.156166,0.174568,0.180625,0.197194,-0.190028,0.196535,-0.167058,0.186712,0.150999,-0.183554,-0.149051,-0.183906,-0.158864,-0.204058,0.164158,-0.134338,-0.193806,-0.179429,0.188139,0.194885,0.177692,-0.186817,-0.194049,0.167330,0.180372,0.140553,-0.178107,-0.175825,-0.140109,0.134951,-0.189869,0.193352,0.196381,-0.179433,-0.156092,0.192248,-0.150021,0.151176,-0.207170,0.188413,-0.166787,0.195465,0.182918,-0.198664,-0.187220,-0.186721,0.201855,0.195932,0.136066,-0.180400,0.127374,-0.199658,-0.185714,-0.129757,0.187606,0.191494,-0.184176,-0.166502,0.173357,0.179109,0.176029"
P29972,"-2.772969,-5.237116,-3.842262,5.309669,-5.615422,-5.261172,-6.545867,4.940141,-7.554603,5.731634,-5.398865,-3.972748,7.033083,3.215263,6.031586,3.962534,6.330057,-5.197722,5.191834,6.173427,5.522439,-7.537642,-5.400630,-5.271550,5.237225,6.110239,-5.380741,-6.623372,-9.135500,5.775544,4.209013,3.388165,-5.952773,5.965179,-5.567477,-6.848494,5.018741,3.254063,-5.037921,4.785565,-5.434415,8.579327,-5.199609,7.129257,-6.733639,-4.989332,6.218791,5.835302,3.955150,-6.938747,-8.089672,-5.332936,7.952565,-6.200673,5.958143,5.265008,8.070579,-5.761548,-6.702766,6.220583,4.578183,-8.014400,-7.372877,-5.617936"
Q9H2S1,"0.179768,0.220375,0.204315,-0.201363,0.209047,0.198721,0.223323,-0.214997,0.215089,-0.191711,0.212938,0.193019,-0.212438,-0.178427,-0.209205,-0.175681,-0.232983,0.187784,-0.186063,-0.210961,-0.196031,0.215053,0.216289,0.200647,-0.201402,-0.220588,0.190467,0.211508,0.210544,-0.194264,-0.191288,-0.170477,0.163189,-0.211722,0.212407,0.217334,-0.216947,-0.198997,0.214862,-0.179996,0.189288,-0.239696,0.206740,-0.194075,0.221942,0.216431,-0.224695,-0.215110,-0.200385,0.223608,0.223997,0.169302,-0.208094,0.173427,-0.226571,-0.211489,-0.181708,0.203083,0.219075,-0.210796,-0.194156,0.224739,0.211809,0.198181"
P48050,"0.139126,0.195995,0.145738,-0.168157,0.175061,0.164934,0.189962,-0.195275,0.182263,-0.141980,0.191909,0.154754,-0.170767,-0.141857,-0.174301,-0.134271,-0.222740,0.142057,-0.135895,-0.185260,-0.156726,0.166156,0.189256,0.172255,-0.173692,-0.199233,0.144813,0.175179,0.126285,-0.158773,-0.165164,-0.128469,0.104183,-0.183763,0.188072,0.181694,-0.198157,-0.170143,0.197588,-0.118980,0.145896,-0.194408,0.174165,-0.138756,0.182435,0.196462,-0.195369,-0.183326,-0.186852,0.190125,0.185980,0.117205,-0.171551,0.112889,-0.195086,-0.190382,-0.099675,0.172497,0.187247,-0.174119,-0.153011,0.159483,0.164212,0.149141"
Q16322,"0.257031,0.115761,0.253425,-0.204245,0.163271,0.157546,0.108104,-0.117010,0.107537,-0.218412,0.126014,0.233685,-0.165344,-0.249823,-0.187367,-0.258075,-0.092314,0.180078,-0.257249,-0.121572,-0.183521,0.172184,0.145513,0.167492,-0.120467,-0.113517,0.206867,0.147995,0.228096,-0.191256,-0.165554,-0.227641,0.291821,-0.125379,0.132525,0.125523,-0.165791,-0.178232,0.114532,-0.231430,0.218854,-0.130575,0.144820,-0.240920,0.125863,0.128458,-0.158676,-0.149716,-0.130942,0.123648,0.119004,0.239060,-0.152663,0.255088,-0.125230,-0.139464,-0.304201,0.110087,0.138589,-0.147518,-0.210139,0.212476,0.191761,0.200122"
Q9UGI6,"0.301372,0.221873,0.328654,-0.311327,0.238259,0.226981,0.213846,-0.210913,0.208118,-0.290283,0.209205,0.318835,-0.252013,-0.306796,-0.268621,-0.301486,-0.217682,0.257154,-0.370301,-0.213880,-0.265009,0.269534,0.243893,0.238581,-0.184976,-0.212694,0.271734,0.235002,0.378369,-0.283080,-0.223677,-0.274728,0.359078,-0.209874,0.233731,0.215649,-0.278985,-0.261804,0.201430,-0.310194,0.258856,-0.244883,0.210007,-0.342398,0.219492,0.246341,-0.279016,-0.251855,-0.203073,0.230511,0.211069,0.349114,-0.256696,0.357182,-0.209632,-0.241722,-0.433606,0.198870,0.223763,-0.237171,-0.287352,0.307551,0.283377,0.268568"
P16389,"0.242677,0.168503,0.257567,-0.238184,0.184382,0.209607,0.188200,-0.166613,0.172580,-0.234815,0.182186,0.236880,-0.198430,-0.242562,-0.202792,-0.272005,-0.183944,0.224463,-0.260715,-0.161956,-0.222141,0.206150,0.200700,0.197042,-0.168219,-0.162992,0.235008,0.192373,0.248782,-0.215955,-0.199033,-0.225086,0.288212,-0.156488,0.178604,0.186403,-0.223305,-0.200175,0.159231,-0.264966,0.223539,-0.180675,0.197088,-0.248850,0.176106,0.201568,-0.204434,-0.197295,-0.176213,0.180605,0.159235,0.284238,-0.191522,0.264827,-0.175605,-0.194204,-0.304693,0.171371,0.166504,-0.179579,-0.237495,0.226370,0.232533,0.218678"
Q09470,"0.384173,-0.115932,0.344101,-0.180356,0.051386,0.037662,-0.155633,0.100556,-0.167550,-0.232933,-0.086022,0.297774,-0.022673,-0.378369,-0.096440,-0.380577,0.240082,0.140618,-0.342660,0.102553,-0.107804,0.039910,-0.033998,0.063360,0.082589,0.139992,0.198590,-0.010684,0.228321,-0.130415,-0.079278,-0.331645,0.494883,0.088623,-0.069535,-0.101627,-0.036834,-0.136084,-0.114807,-0.312121,0.239721,0.141525,-0.012460,-0.281691,-0.089522,-0.082536,0.030762,0.018408,0.045428,-0.128914,-0.149408,0.337926,0.016196,0.374893,0.099893,0.048853,-0.483870,-0.115832,-0.069914,0.019134,-0.218764,0.159671,0.105145,0.172544"
P22001,"0.208913,0.123958,0.208536,-0.182049,0.155180,0.144084,0.114019,-0.125451,0.106314,-0.181637,0.129603,0.200376,-0.148654,-0.214437,-0.170079,-0.215306,-0.109342,0.158591,-0.200950,-0.122973,-0.155177,0.152349,0.141381,0.153510,-0.119760,-0.120836,0.176676,0.138674,0.175929,-0.164210,-0.155077,-0.191378,0.228824,-0.125343,0.131809,0.125591,-0.164235,-0.168482,0.126673,-0.188281,0.186540,-0.128541,0.136752,-0.197264,0.126992,0.129084,-0.150322,-0.142754,-0.132311,0.120704,0.118475,0.189042,-0.139508,0.200603,-0.132394,-0.137491,-0.219099,0.112239,0.137496,-0.135053,-0.183709,0.180551,0.167969,0.168583"
P48547,"0.163950,0.125182,0.141965,-0.163889,0.143078,0.120179,0.110181,-0.131117,0.096779,-0.116606,0.133653,0.165945,-0.117357,-0.164250,-0.138181,-0.140298,-0.134067,0.116705,-0.148448,-0.116506,-0.108616,0.102897,0.131826,0.136882,-0.111283,-0.128318,0.124356,0.123633,0.116979,-0.118831,-0.125307,-0.147506,0.134649,-0.120474,0.126354,0.104768,-0.165230,-0.167013,0.133602,-0.099372,0.155584,-0.101856,0.115916,-0.117800,0.106910,0.138678,-0.132939,-0.129472,-0.132780,0.104770,0.102242,0.128930,-0.112962,0.127999,-0.128074,-0.146458,-0.110662,0.103457,0.124918,-0.112560,-0.136496,0.126363,0.125902,0.114151"
Q86W47,"0.171446,0.176013,0.170066,-0.169435,0.173343,0.171457,0.173304,-0.175460,0.180056,-0.161806,0.174712,0.168126,-0.179299,-0.156943,-0.178054,-0.166787,-0.176339,0.157804,-0.163108,-0.179421,-0.171052,0.178483,0.178252,0.173016,-0.174743,-0.178596,0.173497,0.170371,0.166391,-0.176175,-0.164776,-0.150553,0.154303,-0.173350,0.178059,0.173722,-0.168661,-0.160163,0.173909,-0.152099,0.167372,-0.183012,0.173243,-0.166898,0.179342,0.167893,-0.184020,-0.170195,-0.172023,0.182226,0.175545,0.155947,-0.176830,0.136547,-0.181668,-0.181922,-0.166851,0.170565,0.181618,-0.178228,-0.171337,0.177111,0.186579,0.181163"
P22460,"0.150929,0.141151,0.157196,-0.099415,0.121404,0.135998,0.124254,-0.132395,0.120245,-0.138680,0.120267,0.126271,-0.125461,-0.139539,-0.133486,-0.153824,-0.116304,0.129135,-0.115300,-0.128483,-0.148175,0.130335,0.140793,0.132645,-0.135014,-0.120644,0.136226,0.113078,0.077355,-0.142637,-0.145060,-0.132140,0.117900,-0.126960,0.137083,0.125711,-0.120292,-0.124774,0.131533,-0.156727,0.102508,-0.120066,0.142744,-0.132281,0.135337,0.126658,-0.136542,-0.127254,-0.146086,0.141187,0.112264,0.116993,-0.103047,0.095155,-0.131294,-0.120459,-0.110442,0.132147,0.125269,-0.131504,-0.146032,0.116834,0.121120,0.150006"
Q03721,"0.164937,0.169641,0.142558,-0.182091,0.176107,0.173843,0.178883,-0.171615,0.188158,-0.148344,0.175134,0.162868,-0.175245,-0.157097,-0.174154,-0.157214,-0.178491,0.164213,-0.156126,-0.180265,-0.156846,0.172361,0.179330,0.177538,-0.174197,-0.184863,0.172892,0.175458,0.175226,-0.166923,-0.157697,-0.155147,0.150126,-0.173676,0.175312,0.176276,-0.175610,-0.167151,0.175069,-0.131805,0.180066,-0.175121,0.172168,-0.161112,0.172002,0.170055,-0.176956,-0.167917,-0.168818,0.175461,0.174486,0.165418,-0.182112,0.132563,-0.182573,-0.195374,-0.145282,0.176660,0.178793,-0.174027,-0.162121,0.177093,0.188785,0.174103"
Q8NET8,"0.163092,0.207545,0.173162,-0.186205,0.196207,0.188546,0.208192,-0.203647,0.208186,-0.176796,0.204018,0.175205,-0.201186,-0.164845,-0.201331,-0.169212,-0.225245,0.173342,-0.166205,-0.204948,-0.184746,0.200827,0.205180,0.192492,-0.194070,-0.211122,0.179731,0.197339,0.177580,-0.188632,-0.183891,-0.153408,0.154802,-0.201984,0.205023,0.206573,-0.205504,-0.179240,0.206525,-0.158067,0.177903,-0.224922,0.194251,-0.183171,0.207703,0.201439,-0.214482,-0.200905,-0.195188,0.213819,0.213227,0.154241,-0.202137,0.151857,-0.212918,-0.204483,-0.158426,0.194428,0.210865,-0.198006,-0.180871,0.200118,0.201210,0.184201"
P25105,"0.166612,0.173123,0.160137,-0.177647,0.178134,0.164842,0.175855,-0.170509,0.178846,-0.153297,0.178814,0.161940,-0.175699,-0.156705,-0.181715,-0.157436,-0.185619,0.155025,-0.155546,-0.175873,-0.158829,0.174766,0.180315,0.170322,-0.166536,-0.179284,0.165422,0.169997,0.172445,-0.170785,-0.155641,-0.142877,0.152052,-0.168694,0.180185,0.180289,-0.181130,-0.161116,0.173508,-0.136225,0.172273,-0.192599,0.168368,-0.165329,0.175975,0.164854,-0.192245,-0.169819,-0.165456,0.177115,0.180564,0.150863,-0.173300,0.126635,-0.188377,-0.188157,-0.157491,0.166970,0.182852,-0.171435,-0.162863,0.183528,0.191330,0.172241"
P14324,"0.090988,0.055035,0.083655,0.002301,0.020642,0.038940,0.008637,-0.047185,-0.024648,-0.029621,0.028336,0.049557,0.005342,-0.072145,-0.025692,-0.082450,-0.015108,0.030434,-0.004798,-0.017906,-0.040204,-0.015390,0.041544,0.031242,-0.042877,-0.009459,0.035293,-0.011461,-0.110696,-0.026048,-0.073296,-0.060552,0.001023,-0.023525,0.040323,0.003721,-0.035454,-0.073109,0.050194,-0.060762,0.008273,0.022097,0.047107,0.006280,0.016513,0.039932,-0.024924,-0.022593,-0.081876,0.020486,-0.029682,-0.011461,0.046928,-0.025000,-0.031067,-0.031007,0.068323,0.024562,0.010171,-0.013890,-0.060301,-0.040578,-0.023334,0.031068"
Q13258,"0.215891,0.228730,0.221030,-0.234088,0.208847,0.215183,0.237859,-0.222362,0.236173,-0.213714,0.222240,0.206707,-0.226315,-0.194984,-0.226474,-0.207849,-0.258405,0.196392,-0.223630,-0.222717,-0.218942,0.241030,0.224289,0.215461,-0.207984,-0.235190,0.217753,0.227894,0.225111,-0.213323,-0.212961,-0.186448,0.191738,-0.220498,0.223156,0.235470,-0.241401,-0.220891,0.229389,-0.225070,0.202435,-0.250426,0.223971,-0.232743,0.226251,0.245055,-0.246054,-0.224538,-0.222712,0.247573,0.239411,0.210603,-0.232365,0.191044,-0.222008,-0.241280,-0.222494,0.211857,0.228483,-0.231860,-0.212140,0.226776,0.230921,0.210625"
P43115,"-0.200857,-0.399027,-0.079998,0.084485,-0.290960,-0.386727,-0.423752,0.326350,-0.533225,0.266483,-0.274479,-0.075408,0.409321,0.088998,0.349361,0.228847,0.289699,-0.300271,0.034260,0.460303,0.352245,-0.432232,-0.408459,-0.350237,0.431201,0.361296,-0.335636,-0.327135,-0.252289,0.343405,0.263484,0.087679,-0.148652,0.407237,-0.431929,-0.456552,0.171630,0.095838,-0.328809,0.200023,-0.186994,0.595733,-0.421675,0.330998,-0.482463,-0.209624,0.420395,0.308215,0.335566,-0.484965,-0.474743,-0.149904,0.369049,0.001146,0.454741,0.414444,0.100954,-0.471490,-0.457072,0.387612,0.244798,-0.383349,-0.459949,-0.442536"
O75762,"0.186993,0.198740,0.203576,-0.212050,0.198786,0.190735,0.197609,-0.195702,0.195556,-0.194170,0.196960,0.204134,-0.204719,-0.193924,-0.209013,-0.200423,-0.211430,0.188401,-0.207518,-0.197786,-0.194283,0.207827,0.203855,0.194474,-0.182995,-0.200107,0.196604,0.195853,0.216742,-0.204003,-0.186884,-0.174122,0.202055,-0.193077,0.200715,0.200873,-0.212771,-0.187957,0.194931,-0.177288,0.196957,-0.222664,0.188716,-0.212673,0.198690,0.199135,-0.218303,-0.203955,-0.186367,0.203579,0.200294,0.189674,-0.207776,0.196668,-0.204811,-0.204725,-0.212483,0.183611,0.204597,-0.195852,-0.198269,0.217377,0.212251,0.197141"
P21917,"0.281952,0.044311,0.268244,-0.192001,0.116761,0.132083,0.044663,-0.049131,0.034490,-0.237075,0.062003,0.242285,-0.119903,-0.289341,-0.159967,-0.300512,0.008177,0.174682,-0.256172,-0.058437,-0.173701,0.144116,0.096148,0.132403,-0.062583,-0.030822,0.208775,0.108863,0.207074,-0.173579,-0.146749,-0.254874,0.354398,-0.067291,0.071982,0.071679,-0.118531,-0.152260,0.045328,-0.269244,0.206334,-0.049553,0.108779,-0.263012,0.062946,0.064795,-0.105109,-0.109395,-0.082577,0.046374,0.044346,0.276917,-0.098364,0.294355,-0.057857,-0.078642,-0.353032,0.049849,0.067102,-0.093302,-0.203812,0.175542,0.163092,0.188434"
P14416,"0.261212,0.155945,0.253301,-0.216053,0.193907,0.180051,0.153116,-0.147763,0.151017,-0.248092,0.153731,0.246717,-0.190788,-0.275243,-0.217526,-0.256803,-0.132059,0.209296,-0.262835,-0.153739,-0.210929,0.201388,0.190044,0.202094,-0.146201,-0.155359,0.217731,0.183591,0.251643,-0.215565,-0.186499,-0.257426,0.304873,-0.164065,0.172698,0.154685,-0.210119,-0.208406,0.152042,-0.275379,0.217386,-0.155881,0.170197,-0.275141,0.166296,0.165751,-0.195734,-0.184342,-0.161803,0.163620,0.160469,0.274100,-0.182354,0.280998,-0.156861,-0.160881,-0.323492,0.156072,0.168587,-0.177541,-0.232892,0.251240,0.222569,0.219260"
P18825,"0.203598,-0.062598,0.173216,-0.025485,-0.011513,0.017016,-0.104213,0.050572,-0.112644,-0.094629,-0.070649,0.120514,0.026880,-0.175365,-0.018076,-0.194289,0.158331,0.051797,-0.126653,0.070362,-0.058474,-0.012229,-0.028435,0.018459,0.035124,0.097658,0.085871,-0.050329,-0.006379,-0.052922,-0.054527,-0.148678,0.183023,0.064108,-0.048674,-0.074562,0.026310,-0.045242,-0.068682,-0.151458,0.058182,0.125784,0.002061,-0.084471,-0.061746,-0.058888,0.042479,0.030739,0.005319,-0.082866,-0.134762,0.137045,0.074328,0.104647,0.071404,0.044451,-0.150528,-0.060757,-0.072800,0.025759,-0.100044,0.007120,-0.000436,0.091724"
P28566,"0.163552,0.150757,0.166673,-0.144343,0.148729,0.154850,0.146071,-0.147715,0.141724,-0.164469,0.142942,0.155536,-0.151256,-0.166305,-0.162953,-0.177205,-0.141893,0.152635,-0.144591,-0.147634,-0.162010,0.159238,0.158731,0.154736,-0.147373,-0.144536,0.161357,0.144394,0.129043,-0.160377,-0.159835,-0.153851,0.164237,-0.147707,0.153007,0.152442,-0.153466,-0.144948,0.148783,-0.161502,0.147564,-0.154404,0.156832,-0.166116,0.152645,0.142773,-0.160426,-0.153470,-0.152943,0.152009,0.142074,0.148435,-0.142294,0.142911,-0.154641,-0.148595,-0.147992,0.144772,0.148423,-0.149327,-0.162930,0.157285,0.154870,0.164591"
P34969,"0.161136,0.206066,0.172748,-0.183221,0.192540,0.189116,0.208658,-0.201774,0.208840,-0.175292,0.201256,0.170219,-0.198704,-0.163704,-0.198029,-0.171684,-0.224278,0.175394,-0.164014,-0.202860,-0.185665,0.200785,0.205051,0.192136,-0.193052,-0.210459,0.180166,0.194619,0.171468,-0.187959,-0.185292,-0.152665,0.151569,-0.199643,0.202851,0.207471,-0.204579,-0.176728,0.205419,-0.161724,0.173904,-0.223468,0.195736,-0.183792,0.206411,0.201854,-0.211272,-0.198062,-0.196109,0.214586,0.210357,0.153034,-0.200316,0.148067,-0.210871,-0.202534,-0.152466,0.195249,0.207173,-0.198282,-0.179759,0.199004,0.198738,0.185713"
P50406,"0.231701,0.136573,0.232511,-0.213226,0.177695,0.161879,0.131365,-0.138540,0.126542,-0.205772,0.147468,0.227124,-0.173840,-0.236465,-0.192760,-0.237321,-0.128697,0.178143,-0.237597,-0.139029,-0.174591,0.177397,0.157769,0.173948,-0.132127,-0.139664,0.199628,0.162256,0.221814,-0.186204,-0.169469,-0.213080,0.264069,-0.141259,0.147363,0.143412,-0.187606,-0.186671,0.139859,-0.210241,0.217247,-0.152290,0.151415,-0.228271,0.143880,0.147944,-0.171135,-0.162111,-0.142725,0.139405,0.140865,0.221425,-0.169233,0.237059,-0.148066,-0.156158,-0.268162,0.125162,0.157286,-0.155189,-0.204325,0.215826,0.198371,0.189288"
Q9HBA0,"0.271775,0.151134,0.291798,-0.250792,0.213851,0.189623,0.151507,-0.155740,0.156980,-0.223544,0.175972,0.274358,-0.209471,-0.273632,-0.232388,-0.252346,-0.158325,0.193014,-0.304098,-0.158388,-0.203404,0.219645,0.176820,0.197720,-0.146214,-0.172536,0.219099,0.195873,0.300978,-0.207458,-0.193901,-0.231413,0.303475,-0.164892,0.171181,0.158322,-0.218213,-0.224826,0.154370,-0.254458,0.268012,-0.173345,0.172842,-0.273265,0.162943,0.183473,-0.200242,-0.196087,-0.160851,0.158747,0.169996,0.253047,-0.195547,0.301619,-0.165420,-0.188373,-0.342902,0.137578,0.195665,-0.181857,-0.229283,0.264738,0.238952,0.224938"
Q9P0L9,"0.174913,0.217790,0.192119,-0.203990,0.200818,0.197539,0.216074,-0.212211,0.214074,-0.186280,0.210885,0.188340,-0.210379,-0.175806,-0.211472,-0.184748,-0.234836,0.189146,-0.194158,-0.213713,-0.200509,0.212124,0.218371,0.197963,-0.199543,-0.219168,0.191977,0.200977,0.205167,-0.205433,-0.190936,-0.163213,0.176713,-0.208998,0.216840,0.215412,-0.217572,-0.189646,0.212078,-0.164243,0.187006,-0.239729,0.199866,-0.200013,0.212340,0.215214,-0.231767,-0.214655,-0.201667,0.222427,0.218740,0.172068,-0.212160,0.178598,-0.219360,-0.218134,-0.186254,0.202391,0.218612,-0.206097,-0.193965,0.212891,0.208456,0.195672"
Q56921,"0.075194,0.178696,0.105316,-0.118112,0.147500,0.151170,0.182143,-0.168409,0.188881,-0.149266,0.157007,0.111289,-0.176442,-0.092340,-0.148046,-0.114579,-0.181427,0.151139,-0.127957,-0.178326,-0.146472,0.167820,0.152342,0.148982,-0.168807,-0.178266,0.135319,0.167543,0.154331,-0.135584,-0.147463,-0.106888,0.114859,-0.183678,0.162213,0.171146,-0.143321,-0.137248,0.170930,-0.138378,0.129023,-0.206353,0.154051,-0.145804,0.187995,0.168397,-0.159371,-0.161691,-0.154312,0.189484,0.207380,0.100208,-0.188208,0.154525,-0.162677,-0.148076,-0.115759,0.176813,0.189704,-0.169057,-0.132232,0.167029,0.153507,0.124802"
Q9UIG8,"0.186876,0.142084,0.177955,-0.193459,0.160189,0.137038,0.131172,-0.150500,0.119510,-0.135796,0.150612,0.190647,-0.137240,-0.197523,-0.156603,-0.165052,-0.156758,0.145187,-0.188867,-0.125683,-0.122446,0.128121,0.147577,0.155867,-0.118251,-0.147140,0.140371,0.147081,0.161381,-0.136789,-0.145451,-0.158866,0.150241,-0.128426,0.131404,0.129688,-0.195134,-0.192314,0.150025,-0.134366,0.174235,-0.131932,0.137583,-0.151675,0.124999,0.163107,-0.150207,-0.151738,-0.144411,0.126568,0.118047,0.156714,-0.133872,0.161961,-0.145370,-0.159591,-0.136493,0.115864,0.145724,-0.131307,-0.162787,0.170146,0.154156,0.139021"
Q96BD0,"0.163092,0.207545,0.173162,-0.186205,0.196207,0.188546,0.208192,-0.203647,0.208186,-0.176796,0.204018,0.175205,-0.201186,-0.164845,-0.201331,-0.169212,-0.225245,0.173342,-0.166205,-0.204948,-0.184746,0.200827,0.205180,0.192492,-0.194070,-0.211122,0.179731,0.197339,0.177580,-0.188632,-0.183891,-0.153408,0.154802,-0.201984,0.205023,0.206573,-0.205504,-0.179240,0.206525,-0.158067,0.177903,-0.224922,0.194251,-0.183171,0.207703,0.201439,-0.214482,-0.200905,-0.195188,0.213819,0.213227,0.154241,-0.202137,0.151857,-0.212918,-0.204483,-0.158426,0.194428,0.210865,-0.198006,-0.180871,0.200118,0.201210,0.184201"
P04150,"0.333490,-0.168732,0.308110,-0.154090,-0.003491,-0.066194,-0.225485,0.226608,-0.219400,-0.258070,-0.264466,0.305856,-0.074979,-0.310742,-0.110519,-0.355247,0.363441,0.107754,-0.493125,0.180305,0.024004,0.078269,-0.114064,0.047447,0.233039,0.190226,0.204282,-0.020708,0.564564,0.016632,0.047433,-0.291741,0.654567,0.147380,-0.178038,-0.192852,-0.008625,-0.171001,-0.218531,-0.498057,0.246080,-0.016988,-0.146373,-0.427092,-0.064397,-0.183998,0.040017,0.109635,0.213759,-0.141111,-0.066595,0.350664,-0.063534,0.630047,0.186282,0.082749,-0.736514,-0.184108,0.026294,0.057944,-0.220625,0.405789,0.257405,0.092694"
Q9BZV2,"0.068648,-0.216682,-0.201183,0.005502,-0.104552,-0.106444,-0.223882,0.153789,-0.194963,0.203551,-0.153959,-0.003044,0.198885,-0.020893,0.161692,0.116427,0.281763,-0.109579,0.075395,0.159169,0.214678,-0.256508,-0.153674,-0.081588,0.132866,0.165369,-0.105128,-0.135539,-0.112446,0.154254,0.168028,-0.028342,-0.095989,0.176217,-0.178063,-0.245432,0.149522,0.012012,-0.177228,0.284168,0.003006,0.406817,-0.148917,0.238962,-0.266426,-0.175312,0.215232,0.168824,0.141824,-0.310613,-0.308684,0.058737,0.201531,-0.158758,0.185280,0.038498,0.187983,-0.148682,-0.211089,0.200869,0.124119,-0.230456,-0.136110,-0.112012"
O60779,"0.212702,0.236310,0.236179,-0.218913,0.231020,0.210334,0.237271,-0.230800,0.236757,-0.221363,0.231709,0.217120,-0.232286,-0.217311,-0.245728,-0.203488,-0.258051,0.206426,-0.241118,-0.229695,-0.226008,0.234597,0.243590,0.237498,-0.214896,-0.244057,0.214296,0.235117,0.255175,-0.225645,-0.215972,-0.209109,0.220161,-0.234260,0.238426,0.230137,-0.244813,-0.230833,0.236856,-0.240194,0.211332,-0.255024,0.216628,-0.245535,0.238260,0.239903,-0.252933,-0.227215,-0.225481,0.254866,0.251693,0.229259,-0.233043,0.214817,-0.235718,-0.230545,-0.254069,0.231948,0.243592,-0.233188,-0.230897,0.254559,0.240734,0.221160"
Q96FL8,"0.163092,0.207545,0.173162,-0.186205,0.196207,0.188546,0.208192,-0.203647,0.208186,-0.176796,0.204018,0.175205,-0.201186,-0.164845,-0.201331,-0.169212,-0.225245,0.173342,-0.166205,-0.204948,-0.184746,0.200827,0.205180,0.192492,-0.194070,-0.211122,0.179731,0.197339,0.177580,-0.188632,-0.183891,-0.153408,0.154802,-0.201984,0.205023,0.206573,-0.205504,-0.179240,0.206525,-0.158067,0.177903,-0.224922,0.194251,-0.183171,0.207703,0.201439,-0.214482,-0.200905,-0.195188,0.213819,0.213227,0.154241,-0.202137,0.151857,-0.212918,-0.204483,-0.158426,0.194428,0.210865,-0.198006,-0.180871,0.200118,0.201210,0.184201"
Q7Z2H8,"0.149655,0.148392,0.149426,-0.163682,0.147929,0.131948,0.135504,-0.153960,0.120801,-0.126607,0.152990,0.162466,-0.131468,-0.158339,-0.146344,-0.138333,-0.169090,0.118975,-0.143207,-0.135870,-0.128602,0.124559,0.151900,0.146688,-0.125468,-0.151522,0.124263,0.139213,0.104081,-0.133232,-0.140502,-0.135117,0.115789,-0.138298,0.143866,0.128775,-0.179357,-0.160660,0.153901,-0.107549,0.138067,-0.131579,0.135256,-0.124230,0.128741,0.161913,-0.155045,-0.148776,-0.152357,0.131332,0.126110,0.117462,-0.129458,0.122430,-0.147539,-0.151029,-0.104810,0.119247,0.139369,-0.132033,-0.138267,0.133272,0.132372,0.123947"
P41143,"0.059265,-0.200603,-0.134471,-0.008253,-0.115079,-0.165307,-0.244250,0.134954,-0.271026,0.222894,-0.130937,-0.002594,0.247681,-0.004492,0.196977,0.152677,0.198255,-0.184314,0.067373,0.207618,0.212439,-0.309510,-0.162648,-0.114540,0.198393,0.166388,-0.194451,-0.170004,-0.234765,0.183884,0.167927,0.016522,-0.187442,0.206753,-0.176642,-0.271538,0.063820,-0.003759,-0.162745,0.294000,-0.071124,0.400706,-0.177454,0.288841,-0.291536,-0.118846,0.200450,0.180686,0.114829,-0.333132,-0.334153,-0.042916,0.253473,-0.199461,0.204062,0.078912,0.230038,-0.224630,-0.256200,0.208386,0.158969,-0.265535,-0.203180,-0.185944"
P10275,"-1.976442,-2.814362,-2.178220,2.351563,-2.602523,-2.529784,-3.122726,3.090488,-2.938157,1.476277,-3.490373,-1.620735,1.798489,1.866757,1.864901,1.160249,3.743995,-2.028006,1.360693,2.709827,2.744216,-1.831819,-2.859727,-2.245808,2.890195,2.922544,-1.476223,-2.441231,-0.639798,2.690574,2.545742,1.711993,0.026047,2.609380,-3.070011,-2.890524,2.847602,2.042110,-3.050780,0.658231,-1.680276,1.777909,-2.881604,0.805544,-2.316670,-3.182383,2.493785,2.668094,3.186198,-2.504496,-2.177198,-1.692793,1.744161,0.170975,2.929420,2.541994,0.268176,-2.855767,-1.863858,2.668548,1.552247,-1.132196,-1.453955,-2.347008"
P01189,"0.121432,-0.201406,0.171758,0.099102,-0.204586,-0.129412,-0.304049,0.215742,-0.372782,-0.006341,-0.271851,0.074723,0.216109,-0.129810,0.158038,-0.187038,0.394041,-0.001847,-0.109116,0.264186,0.061069,-0.206505,-0.201129,-0.169389,0.218628,0.333719,-0.022096,-0.263456,-0.109335,0.078269,0.049844,-0.069322,0.171874,0.256079,-0.222949,-0.283684,0.186099,0.024498,-0.251313,-0.137542,-0.077201,0.300258,-0.176602,-0.002604,-0.253441,-0.211514,0.215019,0.183739,0.157943,-0.279854,-0.392802,0.043290,0.276299,0.155733,0.272592,0.222868,-0.088849,-0.245748,-0.268831,0.213575,-0.039486,-0.164275,-0.201119,-0.059838"
P21397,"0.100992,0.127356,0.108347,-0.104220,0.121705,0.110706,0.142187,-0.115015,0.144926,-0.092762,0.136791,0.078843,-0.126821,-0.076983,-0.147289,-0.095437,-0.168722,0.080523,-0.061242,-0.130662,-0.115547,0.145606,0.146175,0.106069,-0.115647,-0.133912,0.113430,0.114879,0.120457,-0.130039,-0.091789,-0.046695,0.086685,-0.116870,0.144234,0.145592,-0.131950,-0.069609,0.125887,-0.067834,0.107123,-0.183154,0.120122,-0.128746,0.139747,0.106292,-0.167011,-0.123138,-0.107901,0.162459,0.145947,0.065406,-0.122336,0.032046,-0.162348,-0.145040,-0.099481,0.114050,0.140741,-0.123439,-0.104714,0.146682,0.148183,0.136874"
P25100,"0.137618,-0.007620,0.117173,0.030658,-0.009398,0.058901,-0.024679,0.013989,-0.037022,-0.137665,-0.049772,0.063989,0.001871,-0.151915,-0.047065,-0.177052,0.113645,0.090455,-0.038857,0.014280,-0.110117,0.046031,0.034108,0.040868,-0.024139,0.050994,0.095673,-0.016531,-0.050966,-0.080631,-0.093315,-0.142104,0.165449,0.002059,0.009753,0.002663,0.024432,-0.014030,-0.020530,-0.186485,0.003852,0.055396,0.058276,-0.105539,0.004086,-0.039172,-0.010859,-0.023228,-0.031253,-0.020312,-0.061865,0.134752,0.049608,0.093383,0.016018,0.030548,-0.088326,0.025526,-0.041274,-0.006172,-0.101754,0.013974,0.004097,0.110927"
P35348,"0.235127,0.251474,0.248388,-0.222318,0.245162,0.219519,0.248575,-0.236463,0.250670,-0.242365,0.235873,0.235257,-0.246793,-0.235805,-0.256843,-0.208484,-0.260832,0.218322,-0.255648,-0.237585,-0.239478,0.246049,0.258920,0.251497,-0.221504,-0.253225,0.218544,0.244790,0.268834,-0.241393,-0.220950,-0.227215,0.230646,-0.245033,0.253312,0.228175,-0.261995,-0.245643,0.243605,-0.270891,0.208037,-0.249589,0.224754,-0.263605,0.253846,0.253504,-0.268899,-0.240790,-0.233966,0.268454,0.258793,0.252578,-0.241607,0.234842,-0.238854,-0.232896,-0.279619,0.244660,0.253991,-0.247621,-0.243988,0.278550,0.260750,0.234935"
P14060,"0.172594,-0.050025,0.145497,-0.129181,0.065246,-0.000336,-0.050538,0.038911,-0.049041,-0.083479,-0.000057,0.122833,-0.029314,-0.139266,-0.045401,-0.124464,0.057290,0.045682,-0.180279,0.041067,-0.040280,0.014364,-0.009966,0.031619,0.050920,0.037069,0.053531,0.008940,0.162280,-0.059840,-0.005067,-0.106832,0.196261,0.035799,-0.003465,-0.019903,-0.071113,-0.059102,-0.045807,-0.080117,0.132293,-0.000818,-0.013795,-0.117650,-0.025560,-0.019430,-0.021280,0.011573,0.026655,-0.059113,-0.021681,0.142658,-0.022528,0.141490,0.020903,-0.004601,-0.246387,-0.055626,-0.012495,-0.012459,-0.062412,0.133139,0.098889,0.061299"
P26439,"0.160970,0.182583,0.166566,-0.172615,0.177876,0.174517,0.182068,-0.178625,0.183153,-0.179894,0.174948,0.171621,-0.187815,-0.169196,-0.184810,-0.177169,-0.184544,0.171136,-0.169394,-0.183172,-0.172281,0.185803,0.182623,0.180047,-0.172217,-0.183054,0.172816,0.180979,0.172469,-0.174368,-0.171688,-0.156959,0.173020,-0.182971,0.181309,0.181051,-0.183647,-0.169876,0.179049,-0.165747,0.171815,-0.202410,0.176991,-0.185278,0.186722,0.177422,-0.192556,-0.179864,-0.173801,0.184670,0.191684,0.157373,-0.187388,0.170645,-0.184910,-0.179476,-0.164920,0.173700,0.191348,-0.177938,-0.173521,0.195143,0.191176,0.172118"
P14061,"0.357878,0.297371,0.424177,-0.375066,0.293921,0.291843,0.300971,-0.279722,0.264284,-0.329796,0.316820,0.346120,-0.321886,-0.309487,-0.343006,-0.368007,-0.399954,0.310110,-0.503311,-0.258610,-0.335989,0.310031,0.349878,0.313947,-0.268488,-0.317786,0.351314,0.289696,0.462622,-0.318311,-0.295215,-0.351637,0.460488,-0.257969,0.317998,0.293664,-0.401507,-0.356212,0.281094,-0.403129,0.377537,-0.361469,0.280047,-0.347693,0.276332,0.374986,-0.389889,-0.310946,-0.284577,0.336301,0.320675,0.410233,-0.313610,0.433101,-0.295062,-0.347894,-0.532013,0.282804,0.314580,-0.288020,-0.383939,0.393381,0.344077,0.293955"
O00408,"0.190642,0.202031,0.210390,-0.202870,0.201336,0.189219,0.202064,-0.197610,0.195640,-0.199178,0.193040,0.203417,-0.207313,-0.190541,-0.201538,-0.188392,-0.202304,0.189308,-0.206889,-0.193821,-0.188072,0.205718,0.198583,0.194871,-0.183380,-0.200844,0.190066,0.203350,0.226394,-0.185964,-0.183636,-0.179211,0.187935,-0.197212,0.193746,0.196479,-0.208008,-0.201358,0.194911,-0.193037,0.196880,-0.226489,0.192971,-0.203777,0.207683,0.200499,-0.209470,-0.201213,-0.183567,0.201801,0.208920,0.181532,-0.203346,0.202827,-0.205455,-0.196387,-0.205392,0.185255,0.209531,-0.199124,-0.196024,0.233960,0.214034,0.192854"
P11388,"0.130446,0.073709,0.190541,-0.155922,0.123906,0.095455,0.084050,-0.062493,0.100344,-0.154511,0.071413,0.154486,-0.142882,-0.155061,-0.157777,-0.181723,-0.095419,0.131761,-0.239211,-0.089102,-0.133237,0.169162,0.096419,0.114349,-0.076995,-0.083460,0.179387,0.121114,0.293444,-0.140592,-0.113980,-0.182518,0.280345,-0.104659,0.090074,0.110214,-0.129262,-0.127104,0.094299,-0.228121,0.182687,-0.161215,0.075453,-0.248491,0.101187,0.108852,-0.105823,-0.109251,-0.067389,0.140028,0.147007,0.199792,-0.158399,0.269551,-0.087569,-0.087088,-0.307470,0.088124,0.136901,-0.104638,-0.173026,0.209202,0.138910,0.135660"
Q02880,"0.139957,0.193796,0.149494,-0.157433,0.170977,0.170528,0.190542,-0.191653,0.188227,-0.150677,0.186688,0.149500,-0.174958,-0.141710,-0.175576,-0.143764,-0.210432,0.149758,-0.134285,-0.187184,-0.166329,0.175270,0.189364,0.172434,-0.178953,-0.194590,0.153088,0.173919,0.128906,-0.167136,-0.168919,-0.128601,0.112343,-0.183597,0.187400,0.186872,-0.184082,-0.157948,0.192058,-0.131604,0.142223,-0.197758,0.180052,-0.147845,0.186892,0.187470,-0.194725,-0.182833,-0.184886,0.194100,0.187199,0.123993,-0.172469,0.114013,-0.194538,-0.184354,-0.110747,0.178543,0.187048,-0.177517,-0.157017,0.163190,0.168978,0.162516"
P09874,"-2.259927,-1.670808,-1.512500,1.665319,-1.690645,-1.673699,-1.587230,1.730658,-1.615092,1.193863,-1.811704,-1.525819,1.424169,1.648485,1.667528,1.461803,1.778829,-1.223422,1.176266,1.644722,1.635208,-1.347884,-2.024434,-1.756815,1.598423,1.735226,-1.375162,-1.419504,-0.818517,1.768023,1.411737,1.210329,-0.794445,1.434084,-1.947254,-1.655019,1.881106,1.423569,-1.599472,0.668264,-1.395253,1.535775,-1.850571,1.083988,-1.471708,-1.570675,2.105239,1.555546,1.840806,-1.458576,-1.227210,-1.441151,1.115693,-0.086796,1.954662,2.141101,0.853378,-1.563743,-1.453152,1.579655,1.415701,-1.434784,-1.831823,-1.922050"
P0AD68,"0.224086,-0.020880,0.124945,-0.138829,0.054804,0.080752,-0.015560,0.003689,0.005279,-0.085324,0.009711,0.158743,-0.040114,-0.170002,-0.053110,-0.170956,0.084172,0.101505,-0.168320,-0.019780,-0.072734,0.042295,0.037607,0.083893,-0.039065,0.000687,0.149192,0.039884,0.135819,-0.090631,-0.054396,-0.190424,0.215774,-0.000538,0.017804,-0.011957,-0.019236,-0.092128,-0.014475,-0.111867,0.162637,0.077287,0.044931,-0.096159,-0.013782,-0.009457,-0.012297,-0.007653,-0.027849,-0.033606,-0.049603,0.223946,-0.045908,0.115540,-0.001949,-0.075600,-0.218280,0.026481,-0.003176,-0.042803,-0.115925,0.066535,0.110967,0.142127"
P02919,"0.220872,0.144340,0.198157,-0.210785,0.177878,0.172271,0.150804,-0.146157,0.161806,-0.175133,0.157883,0.206510,-0.175764,-0.205330,-0.178399,-0.210150,-0.147644,0.180030,-0.227251,-0.155939,-0.163969,0.173496,0.168144,0.185238,-0.155538,-0.162174,0.201741,0.167742,0.224912,-0.181391,-0.161694,-0.198597,0.222463,-0.148035,0.157972,0.156191,-0.183971,-0.183623,0.148579,-0.187459,0.220875,-0.155125,0.164236,-0.201033,0.149770,0.159876,-0.170415,-0.153880,-0.152584,0.158785,0.148403,0.222335,-0.183419,0.189563,-0.160534,-0.187650,-0.226366,0.154078,0.164175,-0.172731,-0.194820,0.210679,0.207078,0.198921"
P21964,"-2.734664,-4.958399,-5.012475,4.262439,-4.548345,-4.522473,-5.275012,4.167745,-5.104695,6.025616,-4.122508,-4.500389,5.952151,4.298826,6.076641,5.670071,5.315348,-5.022682,4.878645,4.961813,4.675711,-6.716664,-4.687994,-4.414795,4.367396,4.761911,-5.796296,-5.262720,-7.137461,4.663143,4.800093,4.285567,-7.318874,5.249128,-4.482691,-5.374725,4.791364,4.269637,-4.898284,6.921190,-5.153615,7.421195,-4.238349,7.599691,-5.839063,-4.514617,5.366288,5.329538,3.724431,-6.454663,-6.758177,-4.049702,6.374327,-7.740970,5.049662,4.102303,6.815100,-4.542727,-6.286805,4.727862,5.587691,-6.848979,-5.525286,-4.453565"
P36544,"0.194615,-0.037613,0.168609,-0.101135,0.011149,0.023824,-0.053173,0.018293,-0.075470,-0.093179,-0.014002,0.143078,0.021813,-0.194827,-0.029673,-0.155854,0.061396,0.055374,-0.169585,0.050126,-0.062236,-0.001231,0.004984,0.047505,0.043243,0.048723,0.058057,0.003768,0.015476,-0.055733,-0.056979,-0.137625,0.144960,0.045254,-0.024790,-0.032588,-0.051204,-0.076428,-0.039921,-0.111741,0.063306,0.096564,0.017006,-0.072715,-0.056748,-0.001681,-0.006164,-0.010089,-0.022258,-0.084368,-0.095067,0.147006,0.047649,0.103999,0.044947,0.008359,-0.158145,-0.049516,-0.060483,0.000832,-0.060036,0.018865,0.020985,0.075475"
P29475,"0.139546,0.198409,0.162441,-0.176990,0.181463,0.173186,0.200750,-0.199036,0.196585,-0.155465,0.196464,0.161851,-0.183125,-0.148341,-0.181481,-0.140167,-0.224415,0.156237,-0.151005,-0.191084,-0.170306,0.186562,0.193908,0.176870,-0.179895,-0.203278,0.156355,0.187857,0.159473,-0.171340,-0.171695,-0.136822,0.121136,-0.190457,0.189374,0.195418,-0.196048,-0.168368,0.199441,-0.137876,0.152368,-0.208139,0.182178,-0.157835,0.192855,0.200268,-0.198832,-0.195037,-0.184959,0.200684,0.198639,0.135202,-0.186129,0.137258,-0.201039,-0.186867,-0.133545,0.180092,0.193002,-0.184412,-0.162511,0.178923,0.176016,0.164638"
P09601,"-0.333618,-1.187021,-1.214983,0.505279,-0.761779,-0.825876,-1.050845,0.940683,-0.840857,1.215435,-0.778315,-0.791653,1.100255,0.715024,1.186915,1.189852,1.279439,-0.862058,0.813551,0.934190,1.000456,-1.311234,-0.956313,-0.796382,0.857230,0.931248,-1.065564,-0.884670,-0.830858,0.831146,1.138247,0.693850,-1.228192,1.072206,-0.911005,-1.023175,0.999186,0.843718,-1.114339,1.647799,-0.657119,1.600205,-0.837968,1.443253,-1.261805,-1.057018,1.087779,1.090512,0.914110,-1.492299,-1.318301,-0.309272,1.090630,-1.468609,1.002032,0.643533,0.983554,-0.837046,-1.262859,0.923055,1.167741,-1.168929,-0.776600,-0.741191"
O60760,"0.325156,0.072671,0.367258,-0.163652,0.101552,0.148192,0.058380,-0.063165,0.023970,-0.273448,0.046206,0.241311,-0.117365,-0.293108,-0.160970,-0.316017,0.013850,0.215028,-0.312642,-0.050595,-0.224657,0.162217,0.140909,0.130799,-0.083894,-0.038244,0.225681,0.094873,0.249229,-0.189205,-0.167095,-0.315648,0.376290,-0.068795,0.090518,0.079032,-0.108703,-0.182578,0.044276,-0.344092,0.189317,-0.066838,0.142021,-0.244854,0.082968,0.082728,-0.131394,-0.128505,-0.092418,0.057798,0.044696,0.289795,-0.053127,0.334677,-0.070946,-0.077097,-0.388363,0.084656,0.065585,-0.113199,-0.244084,0.209672,0.131431,0.233476"
P05230,"0.037997,-0.062819,0.054763,0.009540,-0.038172,-0.004137,-0.050620,0.077917,-0.045473,-0.074322,-0.075347,0.057380,-0.013833,-0.078365,-0.047355,-0.097352,0.090860,0.011390,-0.064716,0.040934,-0.002129,0.053825,-0.026720,-0.010031,0.061142,0.047171,0.052517,0.000069,0.114546,0.009659,0.013042,-0.027637,0.181588,0.034074,-0.055981,-0.058910,0.035336,0.009691,-0.075129,-0.114174,0.060674,0.002553,-0.033819,-0.136357,-0.027281,-0.071360,0.004511,0.010633,0.073068,-0.032971,-0.018782,0.043211,-0.013440,0.183682,0.048144,0.031462,-0.160719,-0.060981,0.007725,0.033439,-0.038963,0.089399,0.047816,0.035802"
P43681,"0.330302,0.025677,0.284917,-0.274297,0.142891,0.093904,0.040126,-0.029724,0.032331,-0.164349,0.069269,0.226503,-0.084590,-0.276827,-0.117647,-0.224883,-0.011902,0.175127,-0.344670,-0.024836,-0.113225,0.103419,0.074377,0.136872,-0.012074,-0.040729,0.165140,0.113425,0.305551,-0.140938,-0.087924,-0.257436,0.287393,-0.006499,0.062010,0.076785,-0.168768,-0.205019,0.016089,-0.205340,0.239946,-0.023193,0.084801,-0.186706,0.044219,0.056771,-0.093908,-0.050613,-0.056739,-0.018835,0.027448,0.301346,-0.072120,0.170639,-0.048952,-0.117778,-0.369570,0.042822,0.046603,-0.115046,-0.137432,0.216115,0.194940,0.199457"
P47869,"0.145737,0.157834,0.146707,-0.152153,0.156897,0.140065,0.160177,-0.152455,0.159771,-0.124609,0.163339,0.133430,-0.155754,-0.129925,-0.175917,-0.136440,-0.189007,0.116893,-0.114690,-0.156207,-0.138998,0.166336,0.174721,0.147876,-0.141749,-0.163723,0.143950,0.144387,0.139268,-0.155291,-0.131164,-0.101877,0.126315,-0.146662,0.168761,0.167527,-0.171144,-0.127565,0.158214,-0.106707,0.139773,-0.194559,0.149230,-0.152768,0.160159,0.147542,-0.194443,-0.155477,-0.146368,0.174689,0.163948,0.109716,-0.147713,0.082649,-0.183689,-0.177161,-0.128264,0.138227,0.166692,-0.147967,-0.144880,0.168523,0.174147,0.157597"
P35228,"0.066562,0.148248,0.128757,-0.140649,0.149330,0.129228,0.159907,-0.146249,0.155654,-0.122212,0.153769,0.114870,-0.147863,-0.102721,-0.146934,-0.105928,-0.183509,0.130361,-0.114903,-0.148526,-0.133816,0.162506,0.137071,0.125900,-0.144644,-0.150108,0.134976,0.147214,0.146266,-0.139313,-0.145323,-0.124261,0.129739,-0.156242,0.143674,0.167526,-0.144434,-0.124127,0.164097,-0.130359,0.126982,-0.163910,0.128566,-0.143104,0.153380,0.158625,-0.135872,-0.159046,-0.135721,0.172052,0.175060,0.109196,-0.161504,0.140345,-0.151124,-0.122258,-0.132575,0.142395,0.151000,-0.139803,-0.132830,0.127293,0.116871,0.113579"
P29474,"-0.927295,-1.780905,-0.575239,1.639856,-1.674672,-1.164424,-1.744579,1.822035,-1.849416,0.551672,-1.944998,-1.185765,1.561517,0.578601,1.390425,0.320684,2.470419,-0.752423,1.234434,1.698827,0.742533,-1.070362,-1.586936,-1.480992,1.403515,2.105569,-0.723428,-1.600278,-1.515332,0.935231,0.869497,0.225433,0.014841,1.598585,-1.695520,-1.460911,2.044939,1.543482,-1.779938,-0.071050,-1.410512,2.117994,-1.256982,0.603090,-1.638363,-1.845729,1.886200,1.422676,1.499379,-1.678798,-1.884304,-0.484989,1.737533,-0.379994,1.864802,2.149739,0.359302,-1.460959,-2.002343,1.559016,0.820089,-1.701162,-1.824498,-0.847677"
Q16719,"0.132115,0.051369,0.326429,-0.232818,0.163363,0.098462,0.092074,-0.066080,0.095331,-0.217540,0.105954,0.227326,-0.165259,-0.225957,-0.192929,-0.218632,-0.126172,0.181017,-0.405299,-0.071113,-0.185744,0.211275,0.077718,0.125065,-0.073992,-0.082522,0.220637,0.165454,0.461516,-0.177108,-0.174495,-0.289962,0.436948,-0.116046,0.078214,0.132719,-0.148780,-0.190929,0.104811,-0.394629,0.250642,-0.142497,0.061799,-0.335658,0.092831,0.163903,-0.088819,-0.142845,-0.066561,0.147365,0.181880,0.353572,-0.193502,0.467124,-0.059024,-0.040130,-0.563026,0.095180,0.126002,-0.110393,-0.238945,0.233045,0.133703,0.130302"
P11926,"0.037817,0.102343,0.048057,-0.052152,0.075460,0.094886,0.091313,-0.084583,0.107095,-0.159341,0.049841,0.093831,-0.140135,-0.064147,-0.073476,-0.110822,-0.040429,0.127745,-0.156511,-0.104964,-0.083379,0.095300,0.047972,0.099778,-0.090179,-0.094808,0.094291,0.120284,0.175287,-0.050612,-0.088559,-0.078737,0.131839,-0.119771,0.064412,0.066619,-0.065709,-0.106006,0.074514,-0.162940,0.113024,-0.156848,0.081455,-0.137471,0.132778,0.080287,-0.061980,-0.072664,-0.068632,0.098674,0.152722,0.086816,-0.165046,0.234044,-0.054971,-0.059983,-0.139136,0.110977,0.148776,-0.114769,-0.089600,0.173113,0.134476,0.056982"
P22303,"0.114380,0.135993,0.141253,-0.115510,0.118290,0.118007,0.126032,-0.130137,0.107008,-0.112054,0.131070,0.121143,-0.109079,-0.123876,-0.123159,-0.133086,-0.146702,0.119584,-0.110942,-0.116360,-0.115765,0.110182,0.126912,0.118656,-0.121721,-0.129395,0.120783,0.109864,0.074105,-0.112114,-0.136818,-0.117073,0.097808,-0.119110,0.122008,0.120219,-0.140339,-0.140463,0.139709,-0.131685,0.116885,-0.115455,0.120840,-0.110452,0.122407,0.136711,-0.120561,-0.120011,-0.138740,0.134616,0.111550,0.083298,-0.107132,0.097048,-0.127954,-0.122098,-0.076199,0.118318,0.121074,-0.122534,-0.129509,0.106825,0.100061,0.111100"
P06276,"-0.152895,-0.359751,-0.206948,0.288424,-0.323250,-0.256867,-0.363163,0.330017,-0.374286,0.209766,-0.325417,-0.204876,0.360449,0.128965,0.338935,0.160018,0.455398,-0.187955,0.216043,0.346251,0.238957,-0.359806,-0.339968,-0.279337,0.284171,0.366642,-0.240567,-0.310445,-0.340405,0.261441,0.236497,0.114265,-0.174946,0.340147,-0.354309,-0.367274,0.366059,0.232756,-0.356200,0.179028,-0.223042,0.517803,-0.281137,0.288959,-0.377532,-0.346520,0.406867,0.333734,0.281894,-0.411258,-0.440411,-0.140351,0.365023,-0.192356,0.382867,0.355809,0.216130,-0.298040,-0.412984,0.307212,0.239487,-0.367433,-0.362426,-0.231808"
P42330,"0.162017,0.207047,0.171919,-0.185287,0.195526,0.188262,0.208000,-0.203187,0.207790,-0.176663,0.203298,0.174274,-0.200487,-0.164412,-0.200981,-0.168745,-0.224686,0.173135,-0.164835,-0.204518,-0.184484,0.200593,0.204953,0.192053,-0.193801,-0.210654,0.179301,0.196856,0.176330,-0.188062,-0.183780,-0.153094,0.154524,-0.201762,0.204687,0.206526,-0.204985,-0.178436,0.206194,-0.157610,0.177005,-0.224578,0.194021,-0.182653,0.207324,0.200790,-0.214135,-0.200794,-0.194729,0.213131,0.212834,0.153990,-0.201486,0.151560,-0.212589,-0.204002,-0.156909,0.194375,0.210147,-0.197332,-0.180232,0.199369,0.200337,0.183562"
P19235,"0.103941,-0.284803,-0.223273,0.029962,-0.119828,-0.101540,-0.245916,0.225234,-0.163030,0.201126,-0.193168,-0.054596,0.188042,0.021929,0.172739,0.119281,0.398811,-0.098700,0.104722,0.166932,0.195510,-0.224161,-0.174884,-0.103140,0.131346,0.215475,-0.069896,-0.153145,-0.016929,0.117194,0.227411,-0.012930,-0.044052,0.215750,-0.189066,-0.229324,0.261229,0.114527,-0.262419,0.294704,0.019595,0.406634,-0.148133,0.212782,-0.272341,-0.289012,0.226957,0.221126,0.208776,-0.336165,-0.314785,0.126156,0.199541,-0.226612,0.195845,0.044996,0.055012,-0.141598,-0.244377,0.192595,0.141642,-0.198737,-0.062937,-0.029452"
P10644,"0.122765,-0.311842,0.155022,0.104721,-0.194310,-0.144715,-0.353067,0.304848,-0.375845,-0.065678,-0.313434,0.049429,0.194864,-0.163705,0.142385,-0.207409,0.490299,-0.016267,-0.096571,0.305442,0.053297,-0.150784,-0.260808,-0.164695,0.248588,0.373998,0.015191,-0.236052,-0.064700,0.062936,0.062069,-0.163844,0.298207,0.282001,-0.290497,-0.289519,0.245423,0.098207,-0.312761,-0.213446,-0.025912,0.382327,-0.192846,-0.076764,-0.286172,-0.293486,0.287918,0.219645,0.229845,-0.320516,-0.358772,0.129765,0.242674,0.208941,0.332753,0.333567,-0.249384,-0.283441,-0.300795,0.226527,-0.030667,-0.121105,-0.176900,-0.031240"
P31323,"0.100789,-0.097516,0.135406,0.000755,-0.051526,0.002764,-0.107389,0.101293,-0.116092,-0.140663,-0.122028,0.090033,0.025424,-0.158993,0.001489,-0.198149,0.208067,0.088820,-0.127951,0.084085,-0.061932,0.022336,-0.064787,-0.006318,0.064565,0.135535,0.094538,-0.038724,0.053641,-0.042334,-0.043493,-0.162251,0.275308,0.071529,-0.087644,-0.071956,0.079292,0.006073,-0.111767,-0.211076,0.043342,0.111336,-0.029820,-0.143966,-0.066002,-0.105923,0.080785,0.038435,0.063551,-0.104423,-0.106190,0.155711,0.035104,0.227310,0.114425,0.119402,-0.232611,-0.067712,-0.088343,0.041586,-0.080806,0.023501,-0.012457,0.069564"
P12931,"-0.233938,-2.893153,-0.991296,1.105780,-1.813221,-2.031242,-2.832718,2.748650,-2.615778,1.420286,-2.513189,-0.940535,1.962665,0.566350,1.697901,0.681230,3.289822,-1.616626,0.579282,2.533573,1.975149,-1.947552,-2.301796,-1.860040,2.550105,2.753911,-1.259932,-2.130638,-0.416148,1.598401,2.205022,0.863223,0.184298,2.606287,-2.421218,-2.626921,2.054697,1.646093,-2.834776,1.287630,-0.772141,2.642403,-2.283958,0.900841,-2.625666,-2.701641,2.143454,2.403671,2.604932,-2.840646,-2.699212,-0.354644,2.085913,-0.707505,2.493082,2.003809,-0.150085,-2.629543,-2.328265,2.327550,1.373174,-1.123371,-1.229098,-1.261876"
P00813,"0.143674,0.195256,0.154823,-0.156790,0.174993,0.179740,0.196333,-0.189713,0.196489,-0.165215,0.185408,0.149595,-0.183973,-0.146234,-0.182987,-0.156928,-0.204551,0.162747,-0.135527,-0.192840,-0.179215,0.188643,0.193848,0.176531,-0.185993,-0.192699,0.166726,0.179303,0.142175,-0.178134,-0.175749,-0.139855,0.134810,-0.189298,0.192823,0.196702,-0.179431,-0.154319,0.192142,-0.149328,0.148962,-0.207638,0.187477,-0.165733,0.195311,0.183983,-0.197353,-0.187436,-0.185842,0.201708,0.196211,0.137055,-0.180212,0.127719,-0.198540,-0.184092,-0.131070,0.187021,0.191123,-0.182744,-0.165831,0.172158,0.178119,0.174524"
P49356,"0.217672,-0.098004,0.188267,-0.112636,0.009642,0.011910,-0.117357,0.064223,-0.150000,-0.119370,-0.055442,0.170899,0.027729,-0.217536,-0.018127,-0.194513,0.121351,0.052850,-0.202101,0.113249,-0.059049,-0.033404,-0.019776,0.018038,0.086395,0.096000,0.059827,-0.037457,0.059735,-0.064864,-0.040859,-0.193291,0.244723,0.104192,-0.064089,-0.094247,-0.045985,-0.056096,-0.093694,-0.119527,0.095609,0.158888,-0.015083,-0.075624,-0.110652,-0.024507,0.028426,0.007972,0.040140,-0.139178,-0.164252,0.228912,0.070192,0.201054,0.091649,0.060422,-0.256627,-0.105190,-0.119373,0.066731,-0.100526,0.039409,0.010094,0.049479"
P49354,"0.175404,0.093965,0.159415,-0.152907,0.110470,0.110871,0.092981,-0.103228,0.077504,-0.147025,0.105263,0.149258,-0.096514,-0.175167,-0.119824,-0.154337,-0.094386,0.113365,-0.143855,-0.089109,-0.137888,0.113474,0.117371,0.118707,-0.081428,-0.096110,0.114984,0.110627,0.093296,-0.131589,-0.122881,-0.148930,0.149561,-0.091436,0.107747,0.105871,-0.143504,-0.125846,0.097099,-0.135466,0.113819,-0.084765,0.117851,-0.138218,0.085310,0.110999,-0.128083,-0.116038,-0.113603,0.071341,0.079511,0.159096,-0.090432,0.130142,-0.096593,-0.106879,-0.154745,0.080795,0.076776,-0.107206,-0.123703,0.116438,0.115120,0.126420"
Q99720,"0.404168,0.187018,0.472890,-0.365406,0.243223,0.265926,0.206849,-0.183378,0.167881,-0.385525,0.199943,0.397250,-0.273921,-0.373408,-0.284049,-0.419827,-0.200982,0.305521,-0.500391,-0.158884,-0.327870,0.287314,0.250263,0.241665,-0.170525,-0.171048,0.337311,0.236127,0.463525,-0.311186,-0.265734,-0.371095,0.505217,-0.167346,0.207818,0.195169,-0.302020,-0.293272,0.163010,-0.454949,0.316845,-0.210429,0.232263,-0.380684,0.205572,0.271447,-0.278882,-0.265448,-0.190144,0.204015,0.171531,0.489404,-0.234732,0.501008,-0.179987,-0.215932,-0.631545,0.179759,0.183903,-0.217554,-0.355592,0.355283,0.322050,0.293862"
Q16853,"-0.120562,-0.315175,-0.187038,0.132534,-0.224767,-0.341808,-0.336291,0.239147,-0.384182,0.400528,-0.181431,-0.213747,0.395489,0.199281,0.356369,0.368438,0.150636,-0.392682,0.192450,0.378986,0.301638,-0.457069,-0.263325,-0.278491,0.386505,0.265883,-0.464444,-0.330779,-0.439919,0.287473,0.317033,0.317583,-0.495472,0.379747,-0.265399,-0.351502,0.076820,0.223278,-0.290810,0.511270,-0.307711,0.424820,-0.297335,0.475792,-0.408893,-0.171663,0.257303,0.303036,0.225972,-0.435710,-0.445654,-0.287581,0.430268,-0.472802,0.299336,0.254818,0.394086,-0.398107,-0.421002,0.317136,0.381653,-0.340956,-0.339632,-0.334865"
O14746,"0.053485,-0.293581,0.050341,0.209362,-0.243670,-0.092421,-0.285806,0.303745,-0.303194,-0.095417,-0.335765,-0.052887,0.195626,-0.115076,0.123074,-0.212447,0.486886,0.007065,0.074032,0.264051,-0.004858,-0.090224,-0.195249,-0.159858,0.200225,0.364423,0.035449,-0.224867,-0.170497,0.046101,0.046815,-0.117781,0.271518,0.245121,-0.250508,-0.219849,0.295572,0.195436,-0.305295,-0.208983,-0.111480,0.320399,-0.128675,-0.092114,-0.240602,-0.323027,0.247406,0.188100,0.210382,-0.279092,-0.327184,0.106550,0.257840,0.133593,0.284861,0.309534,-0.130411,-0.209180,-0.305190,0.225610,-0.006033,-0.150956,-0.181036,0.009137"
P20309,"0.204284,0.176216,0.209609,-0.211115,0.196257,0.179127,0.174330,-0.176610,0.173738,-0.196861,0.182165,0.210689,-0.195756,-0.207539,-0.204992,-0.208002,-0.183303,0.180648,-0.213798,-0.177607,-0.183555,0.196333,0.185812,0.190211,-0.166826,-0.181939,0.195720,0.188145,0.216907,-0.193345,-0.179611,-0.189216,0.219814,-0.177478,0.181252,0.180165,-0.205236,-0.190574,0.178108,-0.187661,0.208618,-0.196508,0.175869,-0.214717,0.182401,0.180085,-0.198698,-0.187304,-0.171875,0.181521,0.185058,0.196634,-0.195953,0.205017,-0.186200,-0.187648,-0.227604,0.163522,0.192345,-0.183636,-0.198744,0.220341,0.210410,0.193037"
Q14653,"-0.382250,-0.551971,-0.318639,0.493952,-0.497954,-0.451361,-0.532162,0.616514,-0.512853,0.266360,-0.610791,-0.361269,0.370719,0.340724,0.259373,0.197824,0.631923,-0.395860,0.399054,0.508386,0.424542,-0.235974,-0.475762,-0.469994,0.509436,0.559611,-0.204945,-0.464068,-0.111294,0.406263,0.460029,0.336098,0.069506,0.499064,-0.539553,-0.473551,0.568931,0.508935,-0.567809,0.095326,-0.307559,0.347862,-0.518950,0.059214,-0.422046,-0.647191,0.435104,0.445461,0.616858,-0.365364,-0.420664,-0.317602,0.367424,-0.067167,0.480086,0.489251,-0.030156,-0.529971,-0.398908,0.493234,0.252963,-0.238849,-0.317347,-0.310981"
P20839,"0.162397,0.061357,0.191634,-0.156323,0.102987,0.077111,0.042494,-0.063879,0.027538,-0.132867,0.064265,0.163217,-0.091091,-0.173916,-0.112363,-0.172488,-0.046454,0.107271,-0.185670,-0.053395,-0.096590,0.103670,0.062136,0.083300,-0.052605,-0.049978,0.136164,0.079340,0.155900,-0.109629,-0.113281,-0.180350,0.217033,-0.062334,0.061063,0.063477,-0.114252,-0.143930,0.076795,-0.185649,0.142115,-0.052493,0.065989,-0.162979,0.059798,0.086695,-0.073271,-0.085727,-0.070159,0.061244,0.061872,0.163569,-0.087091,0.198218,-0.053262,-0.062679,-0.214556,0.040985,0.077241,-0.071657,-0.152536,0.112446,0.090166,0.098115"
P50579,"0.203917,0.146994,0.205603,-0.187868,0.169671,0.165541,0.144869,-0.146183,0.142424,-0.196026,0.150547,0.199320,-0.171531,-0.210938,-0.185754,-0.215892,-0.136609,0.174482,-0.197902,-0.150991,-0.177281,0.178974,0.164608,0.171064,-0.144251,-0.146448,0.189137,0.163495,0.191373,-0.183716,-0.167764,-0.191959,0.229751,-0.150833,0.155720,0.155121,-0.173631,-0.168043,0.146550,-0.193007,0.191767,-0.160973,0.159973,-0.212179,0.154412,0.146981,-0.172142,-0.164479,-0.150164,0.150785,0.150141,0.195993,-0.166768,0.203474,-0.157168,-0.156380,-0.227954,0.139913,0.159120,-0.159333,-0.190372,0.197415,0.188067,0.187582"
P51788,"0.156424,0.203669,0.169948,-0.176549,0.189851,0.184500,0.203908,-0.199561,0.205048,-0.171759,0.199261,0.167448,-0.196379,-0.156873,-0.195127,-0.163876,-0.219655,0.169097,-0.159189,-0.200935,-0.182177,0.196992,0.199552,0.186723,-0.191881,-0.205767,0.175453,0.191696,0.169933,-0.185295,-0.180431,-0.147339,0.147207,-0.197494,0.200066,0.202623,-0.195685,-0.171720,0.201705,-0.155981,0.169904,-0.218835,0.190682,-0.177215,0.204496,0.196158,-0.207538,-0.195502,-0.191571,0.212022,0.208170,0.147544,-0.196569,0.143564,-0.207585,-0.197268,-0.153628,0.191434,0.205356,-0.194941,-0.176601,0.192053,0.193931,0.181705"
P09917,"-0.099976,-0.597663,0.030627,0.176007,-0.398067,-0.441234,-0.602304,0.631850,-0.626851,0.014992,-0.601719,-0.071825,0.275652,0.071365,0.292563,-0.079067,0.699577,-0.173917,-0.280449,0.591110,0.336579,-0.280774,-0.543573,-0.374183,0.583117,0.594087,-0.113869,-0.399878,0.314585,0.352044,0.383702,-0.026630,0.531870,0.535752,-0.573328,-0.545362,0.378384,0.188073,-0.638365,-0.274892,-0.024622,0.375063,-0.537230,-0.106444,-0.480792,-0.486222,0.431662,0.481254,0.618317,-0.519058,-0.393619,0.115738,0.259022,0.531340,0.631613,0.525374,-0.621003,-0.564288,-0.404296,0.442971,0.090378,0.023199,-0.189451,-0.339266"
O75469,"0.119349,0.133201,0.112616,-0.111898,0.118313,0.114958,0.123706,-0.112052,0.127709,-0.119836,0.104845,0.120428,-0.148339,-0.107059,-0.172056,-0.142726,-0.132296,0.101990,-0.100560,-0.132855,-0.096972,0.162234,0.145308,0.130132,-0.111893,-0.130875,0.150895,0.120300,0.151465,-0.113380,-0.101893,-0.085240,0.159929,-0.122276,0.129570,0.131922,-0.124830,-0.113151,0.121496,-0.128056,0.128768,-0.197566,0.113243,-0.165120,0.149125,0.094460,-0.173949,-0.123426,-0.103760,0.158421,0.152861,0.082270,-0.141143,0.109998,-0.154066,-0.160934,-0.136280,0.112138,0.171291,-0.117251,-0.142454,0.173038,0.177509,0.136151"
P48507,"0.183688,0.191880,0.191385,-0.198660,0.196232,0.183836,0.191261,-0.190129,0.190962,-0.186828,0.193092,0.192947,-0.198471,-0.186192,-0.203162,-0.188607,-0.204274,0.176995,-0.190002,-0.191277,-0.184150,0.198580,0.195496,0.191352,-0.180448,-0.196530,0.187726,0.192742,0.197243,-0.190988,-0.181751,-0.171312,0.187308,-0.189731,0.193138,0.193369,-0.205370,-0.184907,0.192316,-0.172864,0.193260,-0.210715,0.185060,-0.198944,0.195052,0.190762,-0.206590,-0.194105,-0.183532,0.197670,0.199142,0.175438,-0.199045,0.178437,-0.199559,-0.196065,-0.193015,0.178975,0.201605,-0.190821,-0.189807,0.210229,0.205810,0.188619"
Q9Y5K3,"0.211026,0.152505,0.212500,-0.204518,0.182487,0.169132,0.151209,-0.154258,0.148916,-0.201612,0.159168,0.212024,-0.180985,-0.219089,-0.196826,-0.219950,-0.149429,0.178848,-0.215286,-0.156348,-0.179006,0.186934,0.170063,0.179778,-0.148361,-0.156852,0.195560,0.172959,0.212523,-0.187610,-0.173144,-0.199143,0.241540,-0.158373,0.162077,0.161996,-0.190166,-0.181030,0.155460,-0.196150,0.206566,-0.172203,0.162663,-0.219942,0.162017,0.157223,-0.181563,-0.173565,-0.153707,0.155989,0.160766,0.208077,-0.179171,0.218595,-0.164853,-0.167899,-0.240414,0.144638,0.170133,-0.166303,-0.197460,0.213953,0.199908,0.190094"
P18089,"0.163092,0.207545,0.173162,-0.186205,0.196207,0.188546,0.208192,-0.203647,0.208186,-0.176796,0.204018,0.175205,-0.201186,-0.164845,-0.201331,-0.169212,-0.225245,0.173342,-0.166205,-0.204948,-0.184746,0.200827,0.205180,0.192492,-0.194070,-0.211122,0.179731,0.197339,0.177580,-0.188632,-0.183891,-0.153408,0.154802,-0.201984,0.205023,0.206573,-0.205504,-0.179240,0.206525,-0.158067,0.177903,-0.224922,0.194251,-0.183171,0.207703,0.201439,-0.214482,-0.200905,-0.195188,0.213819,0.213227,0.154241,-0.202137,0.151857,-0.212918,-0.204483,-0.158426,0.194428,0.210865,-0.198006,-0.180871,0.200118,0.201210,0.184201"
Q14432,"0.183688,0.191880,0.191385,-0.198660,0.196232,0.183836,0.191261,-0.190129,0.190962,-0.186828,0.193092,0.192947,-0.198471,-0.186192,-0.203162,-0.188607,-0.204274,0.176995,-0.190002,-0.191277,-0.184150,0.198580,0.195496,0.191352,-0.180448,-0.196530,0.187726,0.192742,0.197243,-0.190988,-0.181751,-0.171312,0.187308,-0.189731,0.193138,0.193369,-0.205370,-0.184907,0.192316,-0.172864,0.193260,-0.210715,0.185060,-0.198944,0.195052,0.190762,-0.206590,-0.194105,-0.183532,0.197670,0.199142,0.175438,-0.199045,0.178437,-0.199559,-0.196065,-0.193015,0.178975,0.201605,-0.190821,-0.189807,0.210229,0.205810,0.188619"
P29274,"0.395143,-0.125056,0.359836,-0.091111,0.014802,0.048404,-0.162621,0.121643,-0.151180,-0.258093,-0.130750,0.264662,-0.015314,-0.377266,-0.087047,-0.381142,0.303563,0.149008,-0.328565,0.112089,-0.155853,0.064168,-0.031961,0.061979,0.075596,0.163505,0.197438,-0.030062,0.202894,-0.153271,-0.089244,-0.331100,0.486365,0.097141,-0.072745,-0.112441,0.029354,-0.089192,-0.146873,-0.397271,0.162800,0.181289,0.004011,-0.301255,-0.082222,-0.109572,0.038566,0.025911,0.049730,-0.122615,-0.173528,0.381143,0.054223,0.362379,0.131043,0.093306,-0.517687,-0.088253,-0.094198,0.013248,-0.223903,0.153048,0.096361,0.221978"
P29275,"0.167309,0.179679,0.174673,-0.164305,0.172322,0.174379,0.177428,-0.175817,0.178112,-0.174240,0.173833,0.166535,-0.179619,-0.166697,-0.182964,-0.176716,-0.180373,0.165147,-0.158195,-0.178527,-0.178125,0.183892,0.182608,0.174721,-0.172789,-0.177406,0.173777,0.172618,0.157498,-0.179782,-0.172368,-0.154451,0.162320,-0.175135,0.179573,0.180590,-0.174927,-0.159208,0.175864,-0.164325,0.162932,-0.190430,0.178294,-0.179008,0.182171,0.170551,-0.188215,-0.177300,-0.174474,0.185795,0.178705,0.154488,-0.174456,0.147913,-0.183919,-0.175155,-0.163431,0.170831,0.180892,-0.176895,-0.174655,0.180894,0.182009,0.181390"
P16234,"-0.304681,-0.676050,-0.677441,0.499091,-0.515520,-0.556844,-0.600219,0.648422,-0.484172,0.719738,-0.549125,-0.630981,0.578929,0.561327,0.508535,0.618704,0.652316,-0.632432,0.696340,0.561474,0.632861,-0.569223,-0.488489,-0.537457,0.577299,0.591392,-0.552920,-0.603761,-0.446563,0.489031,0.748433,0.663594,-0.575854,0.666407,-0.504870,-0.529341,0.619355,0.692763,-0.684210,0.874954,-0.478164,0.559922,-0.536332,0.602650,-0.625476,-0.741529,0.438390,0.644079,0.644908,-0.631943,-0.644330,-0.447028,0.644168,-0.960766,0.464474,0.350981,0.540573,-0.576740,-0.603697,0.602853,0.622093,-0.496164,-0.344970,-0.376554"
P06239,"-0.468802,-1.700526,-0.785545,0.797899,-1.161693,-1.268388,-1.629126,1.658228,-1.490675,0.836001,-1.569668,-0.735416,1.116976,0.602831,1.070700,0.573264,1.933352,-0.974215,0.435746,1.501550,1.256726,-1.105562,-1.481978,-1.185345,1.527460,1.631595,-0.817254,-1.232270,-0.147542,1.095004,1.368747,0.651434,0.048755,1.507816,-1.509847,-1.512181,1.329086,1.023822,-1.694905,0.665057,-0.582221,1.426950,-1.416127,0.528624,-1.469598,-1.596543,1.344924,1.444307,1.631604,-1.602814,-1.429376,-0.323231,1.133724,-0.287985,1.552211,1.268861,-0.089986,-1.529144,-1.324689,1.372432,0.898229,-0.672285,-0.776582,-0.940146"
P11362,"0.188160,-0.553967,0.106233,0.057297,-0.299598,-0.351736,-0.592432,0.576923,-0.590947,0.036272,-0.543782,0.098256,0.254889,-0.184726,0.070503,-0.256704,0.676259,-0.211458,-0.144893,0.504483,0.316361,-0.166989,-0.374567,-0.270406,0.549242,0.550373,0.029027,-0.362545,0.223430,0.218701,0.336964,-0.042390,0.576781,0.506870,-0.479904,-0.500683,0.275335,0.168611,-0.550973,-0.138666,0.076949,0.339982,-0.451363,-0.239343,-0.455862,-0.559735,0.269760,0.388545,0.540623,-0.474222,-0.470511,0.097434,0.290555,0.307646,0.436084,0.320849,-0.485750,-0.585718,-0.314462,0.443426,-0.014620,0.081076,-0.031146,-0.093583"
P09619,"-0.268869,-1.611984,-1.063320,0.942402,-1.073414,-1.225542,-1.468884,1.627475,-1.285142,1.425679,-1.313708,-1.138111,1.266528,0.866718,0.840791,0.884363,1.620924,-1.292318,1.344307,1.358820,1.375669,-1.110931,-1.059753,-1.196390,1.352255,1.503133,-0.847448,-1.428094,-0.652885,0.954989,1.584030,1.139069,-0.543776,1.594146,-1.143059,-1.207374,1.323672,1.386161,-1.584898,1.512667,-0.699545,1.243591,-1.257562,0.898525,-1.443939,-1.825087,0.892014,1.436220,1.537268,-1.382832,-1.525627,-0.725893,1.498412,-1.826323,0.997151,0.715633,0.689419,-1.410325,-1.308570,1.442203,1.020916,-0.907665,-0.622653,-0.617448"
P0DMV8,"-0.051179,-0.209912,0.080559,-0.042492,-0.085403,-0.106676,-0.190285,0.211266,-0.183576,-0.031378,-0.197406,0.052030,0.058201,-0.052682,0.055807,-0.092819,0.247193,0.014179,-0.162377,0.168014,0.049338,-0.000428,-0.186813,-0.121914,0.175031,0.226689,0.057202,-0.101674,0.249270,0.013066,0.067445,-0.101988,0.330962,0.151800,-0.186496,-0.129736,0.128979,0.083846,-0.190886,-0.132455,0.046781,0.135063,-0.181513,-0.163506,-0.158422,-0.153235,0.177399,0.086886,0.219361,-0.145670,-0.133297,0.166791,0.011049,0.326962,0.207384,0.204354,-0.365547,-0.181284,-0.140307,0.137890,-0.029897,0.002570,-0.069014,-0.046123"
P0DMV9,"0.154461,0.166568,0.147479,-0.151327,0.160616,0.165300,0.169325,-0.165581,0.174418,-0.154248,0.166269,0.148193,-0.165751,-0.147906,-0.169086,-0.153900,-0.164948,0.157100,-0.139454,-0.171892,-0.162332,0.167542,0.171413,0.163450,-0.170599,-0.170630,0.162585,0.162822,0.151713,-0.165450,-0.155876,-0.143523,0.144807,-0.167071,0.169715,0.170245,-0.153916,-0.149498,0.164686,-0.137876,0.158119,-0.170127,0.167462,-0.155158,0.169609,0.154961,-0.173248,-0.164082,-0.162511,0.171964,0.167836,0.147877,-0.163505,0.126191,-0.174061,-0.173454,-0.143744,0.169596,0.169144,-0.167019,-0.158990,0.162094,0.169462,0.170286"
P49841,"-1.637930,-1.733556,-1.663761,1.828893,-1.796832,-1.537511,-1.891458,1.973203,-1.710998,0.690538,-2.363452,-1.216841,1.061284,1.391584,1.444158,0.796495,2.614462,-1.051079,0.816387,1.637075,1.669420,-1.203865,-2.022012,-1.465489,1.735368,1.892169,-1.023181,-1.433703,-0.345037,1.850345,1.566455,1.139975,-0.054752,1.506259,-2.042507,-1.891500,2.079677,1.364780,-1.995579,0.182555,-1.156668,1.048341,-1.794305,0.516355,-1.314379,-2.065959,1.863457,1.771803,2.048620,-1.607253,-1.186896,-1.148837,0.915042,0.509296,2.050826,1.890189,0.269452,-1.608554,-1.098803,1.579932,1.140403,-0.651000,-0.985908,-1.625318"
P84022,"-3.192977,-3.284107,-2.739118,3.084010,-3.082063,-3.097031,-3.099751,3.555804,-2.894931,2.447869,-3.474067,-3.016591,2.564837,3.086399,2.636309,2.495025,3.326501,-2.833610,2.502799,3.074196,2.871254,-2.272573,-3.261320,-3.200295,3.210763,3.327635,-2.387264,-2.910325,-1.289073,2.853054,3.135149,2.842617,-1.470777,3.029753,-3.216103,-2.926414,3.284819,3.351671,-3.295768,1.846435,-2.564876,2.097273,-3.293883,1.642682,-2.778068,-3.425788,3.047933,3.090315,3.610768,-2.547634,-2.388951,-2.586247,2.367626,-1.498188,3.143428,3.316381,1.238570,-3.115229,-2.595564,3.020022,2.628134,-2.024237,-2.518327,-2.777873"
P43405,"0.159553,-1.585641,-0.521208,0.457063,-0.856495,-1.106712,-1.461379,1.447506,-1.308633,1.060960,-1.118897,-0.665779,1.177623,0.389589,0.925084,0.627976,1.578707,-1.048554,0.549969,1.380637,1.003492,-1.134319,-1.045067,-0.983931,1.387455,1.413085,-0.869095,-1.223291,-0.440144,0.702131,1.345894,0.721914,-0.380676,1.551336,-1.100482,-1.204279,0.959277,1.093352,-1.561163,1.221577,-0.525655,1.394913,-1.109478,0.783216,-1.478018,-1.494184,0.900750,1.326164,1.331911,-1.605292,-1.573372,-0.210242,1.361807,-1.299734,1.118388,0.838772,0.073187,-1.421714,-1.434953,1.194680,0.937237,-0.667525,-0.515786,-0.472128"
Q14534,"0.116336,0.119576,0.092541,-0.131751,0.121847,0.088935,0.102936,-0.130377,0.084310,-0.058366,0.135902,0.112332,-0.079878,-0.105565,-0.093180,-0.063889,-0.152604,0.071272,-0.093843,-0.098593,-0.078980,0.054242,0.117414,0.109422,-0.092538,-0.126038,0.055727,0.096264,0.037829,-0.083863,-0.095132,-0.083823,0.021668,-0.101334,0.119331,0.093395,-0.160457,-0.136967,0.127102,-0.020890,0.095616,-0.084078,0.099450,-0.037424,0.085684,0.139937,-0.118955,-0.107333,-0.129992,0.081939,0.082856,0.062463,-0.073451,0.033689,-0.117325,-0.130935,-0.013873,0.088501,0.095101,-0.095526,-0.077515,0.075575,0.082369,0.067204"
P68400,"-7.631570,-4.690510,-6.424881,6.510035,-5.583466,-4.720838,-4.768562,5.402755,-4.254092,2.882213,-6.478183,-5.251706,3.349555,6.199666,5.191643,4.437183,6.691496,-3.368732,3.972020,4.431668,5.104042,-3.815955,-6.416754,-4.989397,4.479399,5.114434,-4.010039,-4.093547,-1.981323,5.994251,4.622269,4.446759,-2.453699,3.857856,-6.000370,-5.025038,6.797282,4.808386,-5.262827,1.406357,-4.571886,3.135824,-5.386553,2.894899,-3.490523,-5.520606,6.390743,5.071929,5.874455,-4.023541,-2.695837,-4.790515,2.398986,0.583610,6.097844,6.350422,2.614878,-4.008615,-3.325303,4.405839,4.455648,-3.335761,-4.374778,-5.986363"
Q05469,"0.112603,0.189106,0.149524,-0.161781,0.174122,0.164849,0.195739,-0.185806,0.193947,-0.149503,0.189433,0.142223,-0.179566,-0.131394,-0.177685,-0.135898,-0.216641,0.154783,-0.135150,-0.187254,-0.161991,0.186599,0.180318,0.163105,-0.179571,-0.192814,0.157862,0.177854,0.156022,-0.167402,-0.168644,-0.131236,0.129017,-0.186687,0.182444,0.196518,-0.178157,-0.154014,0.194697,-0.142903,0.148990,-0.204104,0.170786,-0.160059,0.189593,0.187485,-0.186283,-0.185823,-0.174323,0.203332,0.203494,0.125572,-0.186115,0.135267,-0.192932,-0.172226,-0.132778,0.179605,0.190565,-0.176847,-0.158191,0.165077,0.163877,0.153577"
Q05586,"0.210445,0.055040,0.200849,-0.161531,0.113897,0.094138,0.053032,-0.062893,0.049553,-0.153222,0.080357,0.174795,-0.099731,-0.201373,-0.129776,-0.191855,-0.047731,0.113634,-0.190707,-0.059971,-0.128386,0.113568,0.097391,0.114177,-0.050352,-0.061512,0.133434,0.092652,0.158835,-0.141104,-0.100309,-0.158256,0.219128,-0.057121,0.082079,0.074341,-0.127780,-0.111525,0.054371,-0.150620,0.152445,-0.074477,0.088328,-0.176103,0.067217,0.066746,-0.114101,-0.088655,-0.073425,0.050871,0.054231,0.181571,-0.088820,0.163716,-0.077486,-0.085862,-0.243782,0.045329,0.070082,-0.093339,-0.138998,0.164944,0.147444,0.153114"
Q13224,"0.228820,0.005407,0.219155,-0.210808,0.109899,0.062392,-0.006877,-0.031833,-0.015030,-0.163013,0.045674,0.236493,-0.080288,-0.240398,-0.099914,-0.195208,0.003795,0.104694,-0.279045,-0.005905,-0.103154,0.071799,0.038966,0.101135,0.008544,-0.024606,0.114913,0.088177,0.223542,-0.109867,-0.081613,-0.199887,0.263649,-0.021289,0.020325,0.008379,-0.140960,-0.141920,0.015110,-0.158212,0.188401,-0.011031,0.037834,-0.182902,0.014022,0.058887,-0.048999,-0.070049,-0.031166,-0.018400,0.005285,0.227889,-0.092519,0.280953,-0.009261,-0.039237,-0.324938,-0.019429,0.031933,-0.064954,-0.136660,0.178866,0.130025,0.110665"
Q12879,"0.203753,0.083893,0.191070,-0.200361,0.143050,0.105109,0.077698,-0.104782,0.073122,-0.147156,0.120281,0.196155,-0.115189,-0.197291,-0.125995,-0.160084,-0.101746,0.112041,-0.217694,-0.081393,-0.134814,0.105925,0.110138,0.135340,-0.065881,-0.104485,0.113018,0.122708,0.165069,-0.142308,-0.111217,-0.157117,0.170254,-0.083611,0.101167,0.089343,-0.175794,-0.140810,0.087980,-0.116553,0.160641,-0.086631,0.102856,-0.149718,0.081330,0.120500,-0.123453,-0.114790,-0.103447,0.061544,0.076520,0.183082,-0.118438,0.170616,-0.092821,-0.107632,-0.227986,0.060631,0.086051,-0.118996,-0.129132,0.170158,0.151611,0.136691"
P07550,"0.102802,-0.638276,0.011609,0.479227,-0.561488,-0.371496,-0.745034,0.636498,-0.834796,0.091505,-0.714672,-0.168261,0.600763,-0.122270,0.431081,-0.197559,1.011687,-0.207517,0.232848,0.673666,0.241572,-0.503020,-0.525060,-0.434014,0.534509,0.797250,-0.176756,-0.638505,-0.656880,0.312046,0.220773,-0.087603,0.158295,0.635756,-0.599708,-0.651020,0.589398,0.325237,-0.652901,-0.136712,-0.348097,0.873101,-0.408520,0.178017,-0.658689,-0.675133,0.614677,0.545179,0.446639,-0.743730,-0.874062,-0.048935,0.755176,-0.073333,0.681500,0.653545,0.149397,-0.582588,-0.733520,0.583210,0.141886,-0.542120,-0.568595,-0.212568"
Q12882,"0.133761,0.169544,0.161928,-0.158030,0.166463,0.161721,0.174617,-0.166986,0.174857,-0.162091,0.169051,0.151072,-0.172456,-0.147689,-0.174573,-0.156272,-0.182482,0.157798,-0.146719,-0.170784,-0.167144,0.182598,0.168881,0.160663,-0.166068,-0.170470,0.164856,0.168060,0.161461,-0.170107,-0.165342,-0.146738,0.158758,-0.171255,0.168732,0.180028,-0.164389,-0.147231,0.172424,-0.157846,0.154652,-0.184483,0.163665,-0.173027,0.175964,0.166624,-0.172662,-0.174023,-0.161222,0.184174,0.181289,0.145031,-0.175268,0.151778,-0.174708,-0.158327,-0.162182,0.164245,0.172614,-0.168243,-0.163624,0.168434,0.164018,0.163298"
Q13126,"0.192141,0.197697,0.208523,-0.192607,0.195881,0.188529,0.198045,-0.191920,0.192366,-0.196704,0.190724,0.195402,-0.199588,-0.192027,-0.202519,-0.190247,-0.198807,0.184869,-0.191622,-0.191488,-0.193735,0.204601,0.201228,0.193191,-0.183266,-0.195799,0.190468,0.195832,0.204139,-0.193533,-0.184881,-0.181119,0.187029,-0.192545,0.195458,0.195510,-0.201504,-0.190123,0.192368,-0.193755,0.186198,-0.210961,0.192361,-0.203623,0.201439,0.194005,-0.208639,-0.198221,-0.185189,0.201814,0.199507,0.183468,-0.192965,0.184781,-0.202248,-0.191375,-0.201746,0.185286,0.199506,-0.195717,-0.195580,0.217721,0.205017,0.197903"
P17707,"0.060326,0.102202,0.128584,-0.136262,0.125027,0.106146,0.116799,-0.097403,0.122133,-0.142309,0.098664,0.114701,-0.142472,-0.099841,-0.133588,-0.116276,-0.115167,0.127225,-0.137742,-0.113291,-0.126538,0.170673,0.091140,0.103135,-0.104828,-0.105215,0.144641,0.135219,0.204299,-0.128864,-0.122934,-0.148175,0.198898,-0.124789,0.098907,0.138703,-0.104287,-0.103012,0.116602,-0.174153,0.130407,-0.140923,0.093884,-0.182788,0.129330,0.114491,-0.093171,-0.131743,-0.083380,0.142460,0.158528,0.146076,-0.168569,0.208858,-0.098771,-0.077555,-0.226002,0.104321,0.123989,-0.120045,-0.137154,0.138740,0.113033,0.105354"
P48736,"0.110655,0.005590,0.127074,-0.087348,0.057639,0.056616,-0.004419,-0.001778,0.012394,-0.185136,-0.020074,0.149870,-0.106350,-0.155861,-0.064800,-0.193823,0.079941,0.137311,-0.228254,-0.024057,-0.068705,0.082463,-0.009196,0.075428,-0.014537,0.003525,0.119155,0.073855,0.216317,-0.060660,-0.070518,-0.158670,0.284324,-0.045616,-0.005064,-0.002676,-0.029519,-0.104976,-0.011019,-0.221794,0.148910,-0.054108,0.026414,-0.197063,0.050908,0.014111,-0.010120,-0.028126,-0.000721,0.003902,0.061373,0.170569,-0.119468,0.328816,0.024504,0.009314,-0.271864,0.020063,0.071795,-0.054736,-0.118563,0.179634,0.122018,0.069219"
O00329,"0.123354,0.077269,0.152763,-0.099318,0.092620,0.099176,0.084239,-0.073459,0.077137,-0.135118,0.091177,0.113423,-0.094000,-0.141490,-0.106280,-0.153264,-0.065170,0.120154,-0.110595,-0.082771,-0.122083,0.109281,0.090618,0.089102,-0.085516,-0.068713,0.120759,0.091696,0.102850,-0.124719,-0.107603,-0.126697,0.161521,-0.082306,0.086470,0.091273,-0.083330,-0.088750,0.076771,-0.146842,0.117032,-0.077292,0.095866,-0.146597,0.085632,0.073680,-0.089246,-0.090063,-0.086446,0.089315,0.081192,0.116331,-0.089083,0.129642,-0.085481,-0.063765,-0.159246,0.078265,0.077581,-0.094817,-0.121576,0.108847,0.098064,0.124952"
P08473,"-0.182850,-0.136658,-0.230860,0.201190,-0.172956,-0.116547,-0.141609,0.134611,-0.121304,0.140068,-0.176728,-0.161568,0.140152,0.174631,0.169927,0.154723,0.202577,-0.121915,0.192628,0.113777,0.150819,-0.150263,-0.155968,-0.132655,0.098584,0.143009,-0.125521,-0.134672,-0.183373,0.170534,0.132877,0.122774,-0.151237,0.109467,-0.155658,-0.166409,0.222542,0.146883,-0.141785,0.143071,-0.160446,0.184068,-0.132762,0.176116,-0.132671,-0.161936,0.191648,0.149533,0.132787,-0.146966,-0.146974,-0.144570,0.126868,-0.119384,0.163581,0.142025,0.210550,-0.100308,-0.137467,0.144333,0.149505,-0.199324,-0.168468,-0.152465"
P12821,"0.132664,0.169963,0.115324,-0.145489,0.163283,0.154969,0.180306,-0.168006,0.189342,-0.117407,0.177827,0.115875,-0.159692,-0.111668,-0.159130,-0.109680,-0.195146,0.128548,-0.103462,-0.175544,-0.144921,0.157511,0.177343,0.153996,-0.165517,-0.178644,0.132326,0.158019,0.132057,-0.156852,-0.133777,-0.095516,0.084970,-0.163465,0.181597,0.179361,-0.164349,-0.125405,0.168922,-0.079452,0.136169,-0.189968,0.166089,-0.123698,0.170559,0.159017,-0.186826,-0.159013,-0.160679,0.177051,0.175470,0.113280,-0.155340,0.056377,-0.189883,-0.185013,-0.092064,0.168212,0.171138,-0.162260,-0.126322,0.155575,0.171916,0.157497"
P37231,"0.037504,-0.442803,-0.110113,0.167768,-0.331766,-0.327562,-0.613495,0.507892,-0.555787,-0.142934,-0.684752,0.157453,0.077501,-0.058843,0.150346,-0.227274,0.874242,-0.077357,-0.348956,0.436513,0.381766,-0.188198,-0.471778,-0.126709,0.503779,0.463692,0.002607,-0.269802,0.347974,0.402826,0.313598,-0.087336,0.590684,0.388651,-0.554073,-0.522358,0.380827,0.000721,-0.573254,-0.412795,0.027311,0.162437,-0.438751,-0.240059,-0.300010,-0.541686,0.334463,0.423475,0.523587,-0.484788,-0.278408,0.101238,0.064694,0.739108,0.556168,0.335949,-0.586393,-0.461965,-0.142702,0.318067,-0.029519,0.229108,0.109436,-0.261865"
P08254,"0.126148,0.179863,0.129769,-0.157042,0.164728,0.148914,0.178819,-0.184826,0.174823,-0.121460,0.188161,0.131824,-0.153085,-0.120814,-0.149045,-0.103441,-0.215726,0.123690,-0.121660,-0.169270,-0.149865,0.144559,0.176581,0.159019,-0.156842,-0.188876,0.111691,0.161200,0.101985,-0.150661,-0.145720,-0.100023,0.061217,-0.165043,0.178627,0.175012,-0.189456,-0.143004,0.179059,-0.083864,0.119881,-0.180759,0.165170,-0.108836,0.166148,0.185699,-0.184336,-0.167002,-0.176146,0.167866,0.169867,0.102416,-0.152951,0.072783,-0.181911,-0.172706,-0.083042,0.158648,0.161864,-0.167223,-0.121815,0.145493,0.152828,0.137647"
P60568,"0.165102,0.109478,0.134835,-0.121415,0.126412,0.135762,0.112516,-0.110613,0.119457,-0.142178,0.111457,0.129918,-0.121398,-0.157229,-0.130956,-0.152883,-0.080709,0.145730,-0.123140,-0.115578,-0.137399,0.124714,0.125330,0.131071,-0.121816,-0.104090,0.135580,0.120422,0.127905,-0.142688,-0.125634,-0.139822,0.146942,-0.110070,0.120662,0.128675,-0.110124,-0.116154,0.103586,-0.127683,0.136763,-0.110591,0.137406,-0.139964,0.117156,0.094635,-0.123035,-0.121031,-0.115747,0.105165,0.100813,0.158445,-0.105536,0.111201,-0.122787,-0.122976,-0.137903,0.123236,0.109003,-0.120030,-0.136247,0.136611,0.140766,0.156157"
Q92731,"-0.405242,-0.526432,-0.406387,0.551740,-0.564543,-0.479248,-0.643628,0.595888,-0.630561,0.110713,-0.739223,-0.243119,0.340413,0.293109,0.451711,0.114361,0.900022,-0.245996,0.093282,0.540706,0.527401,-0.451966,-0.673258,-0.420060,0.540794,0.591952,-0.286644,-0.446036,-0.104450,0.614906,0.429643,0.235367,0.079338,0.475436,-0.683255,-0.666638,0.629893,0.250062,-0.627248,-0.129502,-0.272185,0.413064,-0.571506,0.133076,-0.423581,-0.636938,0.622735,0.586652,0.603361,-0.560580,-0.415684,-0.301697,0.296421,0.343467,0.698762,0.606746,0.006407,-0.503245,-0.337095,0.470239,0.264847,-0.179337,-0.312162,-0.529596"
P08183,"0.163371,0.179310,0.158484,-0.165375,0.168012,0.167289,0.174286,-0.175213,0.170942,-0.163381,0.169190,0.158550,-0.170318,-0.162016,-0.177982,-0.162180,-0.182038,0.157593,-0.145821,-0.174304,-0.162971,0.174942,0.177341,0.168189,-0.166601,-0.177173,0.164018,0.170413,0.150888,-0.167345,-0.165512,-0.154162,0.150250,-0.170565,0.175925,0.176903,-0.178961,-0.168919,0.178060,-0.153364,0.157941,-0.181196,0.173400,-0.166929,0.175410,0.172113,-0.184794,-0.174031,-0.170391,0.178742,0.174509,0.151880,-0.166050,0.136505,-0.179808,-0.180252,-0.139017,0.166901,0.177660,-0.167779,-0.169946,0.168100,0.169598,0.165902"
P00742,"0.149096,0.146078,0.147633,-0.166180,0.158350,0.150526,0.154260,-0.148286,0.161173,-0.154506,0.146602,0.158294,-0.163235,-0.148894,-0.147923,-0.139630,-0.141794,0.156314,-0.171653,-0.149646,-0.145572,0.156991,0.144946,0.154875,-0.141675,-0.154683,0.146223,0.165387,0.199088,-0.146239,-0.136809,-0.144064,0.147066,-0.150166,0.142116,0.152227,-0.154162,-0.152166,0.142131,-0.140359,0.162936,-0.164831,0.149745,-0.158143,0.156209,0.149134,-0.147549,-0.152363,-0.134641,0.145971,0.159457,0.163548,-0.168623,0.166302,-0.149673,-0.150106,-0.174170,0.147305,0.157280,-0.158040,-0.145422,0.187504,0.174696,0.153633"
P37268,"-0.350163,-0.771766,-0.652701,1.037214,-0.906616,-0.573845,-0.889221,0.747465,-0.876796,0.705631,-0.874276,-0.755389,0.947931,0.576099,0.901682,0.502309,1.189754,-0.628450,0.971111,0.765138,0.545341,-0.927895,-0.722519,-0.717811,0.559593,0.939427,-0.625987,-0.939076,-1.404669,0.644795,0.565791,0.478025,-0.838352,0.806143,-0.743494,-0.887644,1.114638,0.775911,-0.828231,0.608522,-0.912461,1.261924,-0.561447,0.979944,-0.868259,-0.915872,0.937847,0.865335,0.541549,-0.915886,-1.173205,-0.635082,1.132127,-1.104714,0.849556,0.786022,1.068318,-0.633380,-1.024135,0.781690,0.648286,-1.240222,-0.987595,-0.487665"
P11473,"-0.270105,-0.448133,-0.397510,0.426342,-0.458852,-0.408903,-0.605979,0.516405,-0.557584,0.076470,-0.710271,-0.136088,0.215688,0.229684,0.356448,0.049050,0.847108,-0.222391,0.003990,0.459457,0.503818,-0.364875,-0.570853,-0.296824,0.505089,0.509072,-0.228027,-0.381518,-0.029442,0.560216,0.399644,0.192028,0.147736,0.405322,-0.591131,-0.602175,0.510977,0.168031,-0.569847,-0.111575,-0.217794,0.261621,-0.493332,0.067091,-0.348079,-0.553435,0.474733,0.509395,0.536494,-0.516259,-0.337566,-0.233199,0.206003,0.390607,0.608119,0.452989,-0.035282,-0.470328,-0.220703,0.422712,0.202185,-0.042283,-0.137262,-0.467420"
P16083,"0.111764,0.065839,0.183628,-0.164458,0.130437,0.103984,0.080617,-0.071501,0.085019,-0.151461,0.081564,0.148602,-0.129699,-0.156801,-0.133744,-0.167095,-0.075362,0.136637,-0.184918,-0.082022,-0.137651,0.160660,0.084216,0.101389,-0.080661,-0.063582,0.160708,0.111340,0.209644,-0.151788,-0.132198,-0.190648,0.257451,-0.095475,0.082892,0.116907,-0.107689,-0.099385,0.089345,-0.189354,0.147414,-0.098521,0.085934,-0.202021,0.091673,0.100871,-0.080535,-0.124457,-0.072576,0.101653,0.111987,0.194380,-0.136443,0.237161,-0.077518,-0.051116,-0.274479,0.074056,0.091187,-0.091477,-0.153098,0.137908,0.111070,0.125075"
P23921,"0.060844,0.072211,0.182031,-0.123158,0.109756,0.087994,0.109085,-0.065761,0.104249,-0.135983,0.084807,0.097656,-0.116447,-0.108624,-0.129069,-0.120136,-0.104116,0.119727,-0.130289,-0.085687,-0.127730,0.180803,0.080925,0.066834,-0.086853,-0.068192,0.153302,0.114752,0.231173,-0.138394,-0.110029,-0.158099,0.228716,-0.100250,0.083005,0.124093,-0.079460,-0.078485,0.094293,-0.196818,0.124604,-0.107207,0.077736,-0.200738,0.108352,0.098230,-0.077278,-0.121497,-0.053276,0.143592,0.133337,0.157754,-0.131223,0.198338,-0.088937,-0.039732,-0.259188,0.081536,0.089483,-0.096531,-0.142397,0.131542,0.078329,0.124584"
P31350,"0.042054,0.069324,0.137310,-0.079256,0.086291,0.084617,0.089489,-0.061594,0.077502,-0.135772,0.065308,0.091471,-0.095131,-0.099021,-0.092423,-0.107904,-0.058322,0.123896,-0.104294,-0.070716,-0.115569,0.130082,0.063683,0.068581,-0.082794,-0.057379,0.119650,0.095787,0.151113,-0.102379,-0.107284,-0.143775,0.171480,-0.091853,0.062909,0.100525,-0.055735,-0.075381,0.075757,-0.183423,0.092592,-0.077280,0.074512,-0.150322,0.095054,0.078359,-0.047624,-0.103220,-0.058490,0.102200,0.103361,0.124406,-0.103667,0.190924,-0.065193,-0.017322,-0.192365,0.082707,0.066773,-0.087872,-0.114277,0.100936,0.057116,0.092760"
Q7LG56,"0.160452,0.011821,0.173507,-0.102462,0.066263,0.082064,0.023486,-0.014739,0.014952,-0.158074,0.026184,0.133016,-0.063631,-0.192473,-0.102162,-0.203512,0.021428,0.119142,-0.133105,-0.029130,-0.123010,0.104287,0.060822,0.071963,-0.035706,-0.001865,0.139031,0.057396,0.115030,-0.126556,-0.099490,-0.172003,0.252820,-0.035103,0.042455,0.049785,-0.057934,-0.062479,0.019556,-0.173104,0.122750,-0.021092,0.066974,-0.183258,0.032294,0.017960,-0.056082,-0.068350,-0.037968,0.024031,0.016792,0.177884,-0.052009,0.185668,-0.035002,-0.021230,-0.217964,0.027572,0.022061,-0.047090,-0.130842,0.107342,0.082236,0.134886"
P00797,"0.145964,0.142597,0.124347,-0.143098,0.153399,0.139354,0.154030,-0.144970,0.163945,-0.115050,0.163595,0.111696,-0.139713,-0.116210,-0.132557,-0.107029,-0.160728,0.123559,-0.115155,-0.148426,-0.143431,0.130806,0.153031,0.139066,-0.141238,-0.150969,0.112066,0.139778,0.123703,-0.153078,-0.119518,-0.095661,0.079335,-0.135921,0.162606,0.158583,-0.151898,-0.111748,0.138948,-0.074365,0.129842,-0.157759,0.152210,-0.111843,0.144365,0.138680,-0.162319,-0.133805,-0.144320,0.140106,0.145903,0.121572,-0.132139,0.048572,-0.161494,-0.155751,-0.109641,0.144953,0.137488,-0.151432,-0.109619,0.147460,0.161385,0.151959"
P23415,"0.211560,0.125154,0.203306,-0.196228,0.161885,0.139086,0.113804,-0.121532,0.112963,-0.171377,0.126425,0.211001,-0.169510,-0.206583,-0.215510,-0.218456,-0.125442,0.140759,-0.186728,-0.129113,-0.137931,0.191393,0.161849,0.165068,-0.114843,-0.135119,0.203835,0.143559,0.219014,-0.166597,-0.138644,-0.180413,0.267733,-0.124031,0.135097,0.143157,-0.167429,-0.164492,0.127910,-0.188672,0.198859,-0.171529,0.128353,-0.231097,0.139403,0.116053,-0.188111,-0.155333,-0.115869,0.150912,0.137326,0.187204,-0.161365,0.202120,-0.157839,-0.174658,-0.264235,0.101479,0.161830,-0.132446,-0.208212,0.210697,0.206824,0.182375"
O75311,"0.163092,0.207545,0.173162,-0.186205,0.196207,0.188546,0.208192,-0.203647,0.208186,-0.176796,0.204018,0.175205,-0.201186,-0.164845,-0.201331,-0.169212,-0.225245,0.173342,-0.166205,-0.204948,-0.184746,0.200827,0.205180,0.192492,-0.194070,-0.211122,0.179731,0.197339,0.177580,-0.188632,-0.183891,-0.153408,0.154802,-0.201984,0.205023,0.206573,-0.205504,-0.179240,0.206525,-0.158067,0.177903,-0.224922,0.194251,-0.183171,0.207703,0.201439,-0.214482,-0.200905,-0.195188,0.213819,0.213227,0.154241,-0.202137,0.151857,-0.212918,-0.204483,-0.158426,0.194428,0.210865,-0.198006,-0.180871,0.200118,0.201210,0.184201"
P48167,"0.170959,0.183090,0.175110,-0.182237,0.182332,0.171576,0.181079,-0.177900,0.181362,-0.167851,0.179483,0.177274,-0.189362,-0.169256,-0.205201,-0.177998,-0.198404,0.157489,-0.160154,-0.182983,-0.166573,0.197916,0.193422,0.180702,-0.170218,-0.187882,0.184361,0.178213,0.183249,-0.179162,-0.166325,-0.151868,0.180346,-0.178132,0.184823,0.187648,-0.190800,-0.168267,0.183336,-0.158882,0.177980,-0.211823,0.173348,-0.193550,0.187502,0.173485,-0.208175,-0.185834,-0.170016,0.198324,0.190935,0.154066,-0.186544,0.153761,-0.199047,-0.197056,-0.177005,0.166349,0.197248,-0.175203,-0.184931,0.198915,0.200273,0.182144"
P29371,"0.157178,0.205371,0.167594,-0.181462,0.191296,0.182384,0.203743,-0.201284,0.200932,-0.167616,0.201461,0.170035,-0.193689,-0.159565,-0.195186,-0.162121,-0.224264,0.166565,-0.158685,-0.200060,-0.176086,0.191441,0.200905,0.186403,-0.189727,-0.207699,0.172104,0.190408,0.164793,-0.180405,-0.180001,-0.147244,0.142846,-0.197423,0.200992,0.200791,-0.203873,-0.178897,0.205343,-0.150518,0.171256,-0.218495,0.188947,-0.172334,0.201698,0.199847,-0.210218,-0.195982,-0.193309,0.208495,0.207327,0.143454,-0.193553,0.142226,-0.209435,-0.201244,-0.141787,0.189735,0.206847,-0.191221,-0.175274,0.190036,0.192151,0.174442"
P21731,"0.175855,0.189041,0.184351,-0.192636,0.189542,0.175656,0.185413,-0.187120,0.181472,-0.174585,0.189842,0.186155,-0.188643,-0.179427,-0.195022,-0.179397,-0.202992,0.168064,-0.180381,-0.184883,-0.172542,0.186360,0.189874,0.183131,-0.174696,-0.192149,0.177699,0.183505,0.180432,-0.180257,-0.176675,-0.162940,0.171219,-0.183552,0.187652,0.185892,-0.203217,-0.184456,0.190833,-0.163131,0.184204,-0.202278,0.178164,-0.184681,0.187007,0.188765,-0.201247,-0.187644,-0.181004,0.190632,0.191450,0.161255,-0.187698,0.165651,-0.195011,-0.191669,-0.171002,0.172823,0.196542,-0.181809,-0.182550,0.196938,0.193973,0.175835"
Q00975,"0.181964,0.168455,0.192991,-0.195204,0.184235,0.170449,0.168227,-0.166400,0.167622,-0.189917,0.171686,0.195631,-0.187807,-0.188709,-0.192573,-0.192528,-0.173701,0.172756,-0.199942,-0.169857,-0.175653,0.188266,0.172132,0.177446,-0.160020,-0.173612,0.185837,0.181239,0.212108,-0.181086,-0.170557,-0.177221,0.206559,-0.170924,0.169638,0.172734,-0.190841,-0.176804,0.169837,-0.182339,0.197448,-0.190186,0.165374,-0.205731,0.176999,0.169378,-0.182380,-0.178641,-0.160320,0.176799,0.181748,0.183640,-0.192510,0.202681,-0.174711,-0.172595,-0.220108,0.158184,0.184950,-0.177174,-0.186545,0.209823,0.197471,0.179576"
P18507,"0.186992,0.198823,0.203793,-0.209894,0.198815,0.186439,0.196743,-0.194194,0.193562,-0.191360,0.196355,0.202776,-0.200263,-0.194607,-0.210458,-0.195719,-0.214403,0.184651,-0.208267,-0.195440,-0.186893,0.206743,0.202858,0.199631,-0.180880,-0.201598,0.196415,0.200441,0.206001,-0.193391,-0.188746,-0.181113,0.199628,-0.191532,0.196669,0.198058,-0.213287,-0.195508,0.197033,-0.184115,0.198455,-0.215791,0.185856,-0.201830,0.201484,0.192062,-0.213409,-0.197729,-0.189414,0.197971,0.204876,0.176213,-0.203785,0.183485,-0.204261,-0.202054,-0.206223,0.183958,0.209763,-0.197511,-0.192028,0.214878,0.213084,0.196684"
Q13131,"-1.015825,-1.125290,-0.660836,0.902749,-0.972612,-0.857680,-1.056237,1.216163,-1.008741,0.222213,-1.301365,-0.637947,0.677668,0.636753,0.850487,0.384841,1.512776,-0.414523,0.279745,1.028702,0.722912,-0.589282,-1.276745,-0.935066,0.991745,1.198132,-0.477181,-0.751057,0.076586,0.888234,0.732998,0.318471,0.293791,0.876794,-1.241176,-0.997087,1.207601,0.810583,-1.146325,-0.195068,-0.513513,0.832351,-1.063608,0.105054,-0.824803,-1.165318,1.318506,0.931602,1.230366,-0.958571,-0.701691,-0.326999,0.482591,0.672661,1.296215,1.372923,-0.328670,-0.919167,-0.834731,0.867536,0.586014,-0.439933,-0.786070,-0.868020"
Q9Y478,"0.193481,-0.055021,0.170997,-0.067514,0.018089,0.047125,-0.051183,0.038053,-0.044330,-0.106781,-0.038027,0.117109,-0.000738,-0.169808,-0.032594,-0.150571,0.129193,0.082601,-0.153102,0.034799,-0.096408,0.043060,0.003353,0.043771,0.011961,0.053700,0.094924,0.008911,0.095433,-0.079807,-0.050801,-0.169322,0.192637,0.036231,-0.015001,-0.016646,0.020441,-0.040116,-0.065071,-0.147420,0.083684,0.093493,0.033071,-0.096081,-0.033692,-0.045539,0.013060,0.000737,0.003538,-0.080167,-0.077911,0.194181,0.033285,0.113070,0.039112,0.014279,-0.233098,-0.012799,-0.059042,-0.017013,-0.077167,0.049767,0.043452,0.137600"
P54619,"-0.145971,-0.647809,-0.079664,0.614655,-0.646517,-0.518456,-0.787246,0.652414,-0.882565,0.343134,-0.717031,-0.308232,0.696502,0.166864,0.575956,0.120147,0.926624,-0.394680,0.307006,0.738191,0.417176,-0.638754,-0.654271,-0.568924,0.591385,0.799316,-0.370717,-0.718126,-0.716716,0.497481,0.353468,0.161657,-0.193198,0.704459,-0.686967,-0.755883,0.686902,0.377898,-0.682404,0.045735,-0.485105,0.948290,-0.551891,0.453502,-0.697944,-0.675068,0.733322,0.639470,0.514627,-0.748721,-0.905721,-0.341193,0.829103,-0.288273,0.752474,0.729646,0.322298,-0.654160,-0.753431,0.622932,0.309662,-0.695142,-0.727918,-0.389677"
Q14524,"0.302046,0.036270,0.285276,-0.209727,0.136339,0.124025,0.025217,-0.045545,0.023225,-0.243988,0.055200,0.267787,-0.127361,-0.313787,-0.170967,-0.313082,0.023370,0.181518,-0.295385,-0.049545,-0.167661,0.146010,0.091660,0.142903,-0.053197,-0.033203,0.217076,0.107420,0.252289,-0.181922,-0.144182,-0.279468,0.391927,-0.059033,0.067182,0.059060,-0.133810,-0.164828,0.038727,-0.276969,0.235970,-0.046188,0.096578,-0.280184,0.062930,0.054810,-0.101240,-0.104348,-0.068342,0.037979,0.037436,0.301722,-0.112042,0.324226,-0.054703,-0.075386,-0.394385,0.040389,0.072182,-0.096378,-0.224016,0.219296,0.181821,0.204089"
P00734,"0.261295,0.067598,0.216552,-0.215026,0.133492,0.123459,0.086534,-0.071533,0.096426,-0.135665,0.098775,0.194937,-0.112580,-0.237538,-0.145346,-0.215267,-0.068643,0.161819,-0.227171,-0.073773,-0.128033,0.137980,0.124976,0.145863,-0.064697,-0.084065,0.174204,0.123860,0.241393,-0.152947,-0.103775,-0.180464,0.239502,-0.057287,0.089433,0.108382,-0.161300,-0.154440,0.068499,-0.173752,0.207422,-0.102794,0.115695,-0.214339,0.077944,0.086639,-0.125082,-0.099099,-0.085583,0.080768,0.061194,0.230789,-0.114878,0.164856,-0.108370,-0.144455,-0.258058,0.070845,0.093153,-0.113683,-0.172808,0.219787,0.201446,0.205144"
P48039,"0.043468,-0.071465,-0.070136,0.057227,-0.072697,-0.030135,-0.091332,0.045546,-0.085686,0.097551,-0.064805,-0.032527,0.110759,0.005160,0.093682,0.040118,0.123538,-0.052562,0.079742,0.065298,0.061545,-0.127582,-0.051656,-0.037800,0.032297,0.075371,-0.054452,-0.088301,-0.182903,0.058982,0.040736,0.007998,-0.122691,0.076572,-0.064000,-0.099260,0.088774,0.024404,-0.065087,0.111870,-0.066019,0.198578,-0.029658,0.149185,-0.111982,-0.066112,0.093765,0.078680,0.013879,-0.123627,-0.166370,-0.017176,0.139522,-0.163628,0.076962,0.023326,0.173496,-0.045690,-0.116257,0.077560,0.058977,-0.167262,-0.100037,-0.029390"
P08912,"0.183688,0.191880,0.191385,-0.198660,0.196232,0.183836,0.191261,-0.190129,0.190962,-0.186828,0.193092,0.192947,-0.198471,-0.186192,-0.203162,-0.188607,-0.204274,0.176995,-0.190002,-0.191277,-0.184150,0.198580,0.195496,0.191352,-0.180448,-0.196530,0.187726,0.192742,0.197243,-0.190988,-0.181751,-0.171312,0.187308,-0.189731,0.193138,0.193369,-0.205370,-0.184907,0.192316,-0.172864,0.193260,-0.210715,0.185060,-0.198944,0.195052,0.190762,-0.206590,-0.194105,-0.183532,0.197670,0.199142,0.175438,-0.199045,0.178437,-0.199559,-0.196065,-0.193015,0.178975,0.201605,-0.190821,-0.189807,0.210229,0.205810,0.188619"
P07148,"0.166696,0.056425,0.051962,-0.140749,0.117171,0.114843,0.074668,-0.071828,0.108181,-0.077080,0.087906,0.123680,-0.098313,-0.127092,-0.098867,-0.098391,-0.025737,0.115061,-0.112193,-0.100875,-0.070295,0.077169,0.090419,0.114048,-0.108498,-0.085250,0.124961,0.103698,0.166468,-0.106072,-0.065157,-0.137525,0.132530,-0.082828,0.090517,0.078834,-0.066709,-0.108592,0.066167,-0.031069,0.171564,-0.034395,0.096485,-0.079042,0.065029,0.051584,-0.081816,-0.077663,-0.069712,0.047456,0.062013,0.186246,-0.098650,0.069493,-0.092634,-0.144361,-0.122016,0.107234,0.085733,-0.084205,-0.099139,0.100973,0.143293,0.129191"
P25025,"0.369278,-0.166946,0.322171,-0.209937,0.029451,-0.045927,-0.229924,0.134040,-0.270249,-0.135265,-0.104145,0.307984,0.054084,-0.373718,-0.041884,-0.321830,0.250045,0.065200,-0.353505,0.178292,-0.000329,-0.069667,-0.098510,0.009165,0.162466,0.177494,0.120096,-0.071451,0.175527,-0.042149,-0.024520,-0.297242,0.414567,0.155929,-0.130720,-0.183012,-0.069755,-0.176468,-0.138744,-0.224753,0.230854,0.226379,-0.097191,-0.186247,-0.180033,-0.089288,0.079649,0.074959,0.085343,-0.226510,-0.225322,0.280179,0.090517,0.332075,0.151930,0.074678,-0.389545,-0.201584,-0.115570,0.096719,-0.168108,0.102379,0.037715,0.063340"
P25024,"0.163534,0.120292,0.162227,-0.153571,0.133932,0.116467,0.106507,-0.130271,0.098168,-0.124439,0.131253,0.156646,-0.116411,-0.158040,-0.128463,-0.141379,-0.130851,0.110210,-0.154955,-0.109403,-0.127539,0.110844,0.128843,0.132024,-0.103810,-0.123297,0.114239,0.117304,0.103199,-0.132289,-0.127251,-0.129784,0.118328,-0.109554,0.122854,0.110369,-0.157870,-0.139298,0.122148,-0.110769,0.127112,-0.107340,0.121683,-0.119572,0.108237,0.135238,-0.135888,-0.124979,-0.131449,0.103265,0.097444,0.128347,-0.108309,0.112922,-0.121078,-0.125148,-0.130834,0.096947,0.111483,-0.121728,-0.129871,0.130854,0.127547,0.128622"
Q9UM73,"0.298966,-0.061972,0.205625,-0.168858,0.089400,0.013244,-0.023969,0.067971,-0.018201,-0.028441,0.032927,0.100156,-0.018986,-0.141739,-0.076789,-0.083168,0.024580,0.021556,-0.178017,0.050452,-0.037876,0.038819,0.035991,0.030626,0.059381,0.033257,0.061878,0.010765,0.265950,-0.087946,0.051377,-0.080105,0.184743,0.093369,0.044848,0.020954,-0.089881,-0.055157,-0.084818,-0.056246,0.169941,-0.005614,0.018293,-0.103143,-0.033042,-0.039229,-0.108193,0.023135,0.049295,-0.057154,-0.038470,0.220862,0.042788,-0.031072,-0.033271,-0.103942,-0.325036,-0.049490,-0.023631,-0.013913,-0.061638,0.165499,0.180898,0.153502"
P08922,"0.076744,0.000246,-0.039045,-0.024080,0.039138,0.018048,0.025946,0.004597,0.055670,0.066235,0.036481,-0.033153,-0.012661,0.017288,-0.055301,0.019672,-0.022462,-0.024896,0.084189,-0.034699,0.022031,0.021876,0.061716,0.015071,-0.029761,-0.020709,0.027479,-0.005407,0.029343,-0.034917,0.047035,0.047331,-0.016927,0.004073,0.060665,0.048293,-0.004198,0.030880,0.005174,0.115944,0.042593,-0.049470,0.026733,0.010636,0.013596,-0.041517,-0.083177,0.003331,0.002252,0.029255,0.011028,0.004860,0.016212,-0.184037,-0.086644,-0.116321,0.037854,0.025911,0.028892,0.000438,0.000977,0.024332,0.087977,0.070489"
P07858,"0.151830,0.020352,0.181717,-0.023203,0.025740,0.051794,0.001514,-0.023527,0.005689,-0.109938,0.010773,0.103011,-0.015981,-0.143492,-0.055386,-0.137380,0.023050,0.083057,-0.152296,-0.010358,-0.125536,0.043571,0.046813,0.064861,-0.044006,0.005427,0.094638,0.031930,0.072080,-0.093157,-0.095250,-0.154455,0.137292,-0.025541,0.032393,0.028795,-0.013378,-0.079086,0.022756,-0.224624,0.051767,0.002411,0.057299,-0.116296,0.012213,0.033913,-0.020973,-0.027051,-0.066709,0.039094,-0.007121,0.162720,0.011889,0.112382,-0.008479,-0.004587,-0.182513,0.051014,-0.002308,-0.048835,-0.127751,0.041131,0.011332,0.112893"
P10827,"0.262889,0.025928,0.256955,-0.172591,0.114752,0.073163,-0.016703,-0.010714,0.015239,-0.305135,-0.027250,0.302312,-0.175877,-0.301638,-0.146729,-0.313517,0.099215,0.206334,-0.488517,-0.033888,-0.119882,0.121141,0.021025,0.172888,-0.006528,-0.026616,0.202590,0.140302,0.462742,-0.096739,-0.102999,-0.303367,0.489640,-0.076455,0.015875,-0.011790,-0.115263,-0.255075,-0.002861,-0.456379,0.268176,-0.126679,0.030098,-0.369032,0.080460,0.057993,-0.066783,-0.035260,-0.020473,0.032239,0.121358,0.368766,-0.192023,0.570047,0.029107,-0.039006,-0.560809,0.052607,0.148643,-0.104908,-0.244294,0.362085,0.244279,0.125615"
P10828,"0.207173,0.214246,0.239616,-0.238434,0.208259,0.200243,0.213702,-0.204556,0.206230,-0.209739,0.208918,0.231585,-0.212997,-0.216604,-0.231038,-0.217071,-0.240620,0.201577,-0.259356,-0.206409,-0.202332,0.230345,0.219250,0.219158,-0.187428,-0.215188,0.219986,0.220192,0.236244,-0.204301,-0.209680,-0.201266,0.230009,-0.201080,0.208071,0.212031,-0.233790,-0.220658,0.208749,-0.219271,0.216858,-0.231884,0.195573,-0.218940,0.214885,0.208288,-0.236073,-0.214718,-0.205782,0.208239,0.221287,0.195106,-0.218376,0.209994,-0.214303,-0.220469,-0.250657,0.196073,0.228739,-0.214873,-0.202789,0.230780,0.234482,0.215000"
P29973,"0.185763,0.190978,0.197356,-0.186865,0.187929,0.185061,0.193126,-0.186564,0.187821,-0.193579,0.188018,0.183103,-0.193180,-0.191236,-0.205024,-0.193517,-0.198503,0.182659,-0.186353,-0.191063,-0.193888,0.199860,0.202437,0.193164,-0.180962,-0.194112,0.189275,0.190310,0.191774,-0.193657,-0.186222,-0.182240,0.199954,-0.192307,0.195721,0.194419,-0.196729,-0.184953,0.191724,-0.186721,0.186262,-0.208489,0.187652,-0.206075,0.191621,0.188280,-0.209274,-0.193317,-0.185288,0.197931,0.200514,0.182311,-0.190523,0.186528,-0.196835,-0.191936,-0.194506,0.186012,0.197410,-0.188733,-0.192891,0.205080,0.195748,0.190015"
P41597,"0.200985,0.241593,0.305355,-0.296583,0.214498,0.215862,0.259592,-0.221307,0.237236,-0.220368,0.222044,0.252501,-0.212039,-0.255884,-0.245293,-0.257995,-0.296438,0.271037,-0.332702,-0.212424,-0.220913,0.277455,0.253823,0.254986,-0.184203,-0.244294,0.263843,0.256849,0.288870,-0.212079,-0.252237,-0.250847,0.277854,-0.202133,0.207119,0.255955,-0.283127,-0.272245,0.238656,-0.308556,0.237418,-0.268890,0.209696,-0.260558,0.247028,0.231492,-0.235458,-0.225248,-0.233748,0.231406,0.244179,0.200784,-0.253500,0.249434,-0.235266,-0.235196,-0.287952,0.225978,0.247670,-0.256595,-0.225312,0.279921,0.260929,0.260829"
P27487,"-0.168724,-0.929468,-0.993221,0.519882,-0.644328,-0.477378,-0.733321,0.789765,-0.507248,0.853884,-0.693221,-0.697347,0.816498,0.562472,0.904240,0.789833,1.232044,-0.470718,0.750668,0.638052,0.668954,-0.895737,-0.695176,-0.580665,0.492264,0.773160,-0.594601,-0.667877,-0.563831,0.582470,0.825382,0.406365,-0.794782,0.777467,-0.675836,-0.707818,1.035321,0.711231,-0.904393,1.087138,-0.451860,1.257404,-0.519862,1.034435,-0.899732,-0.971716,0.888076,0.868217,0.699304,-1.098745,-1.012013,-0.065374,0.839850,-1.183029,0.738026,0.424053,0.723745,-0.445695,-0.975141,0.659469,0.826799,-0.923313,-0.516715,-0.353052"
Q13547,"-2.350229,-2.194191,-1.610124,1.918700,-1.920939,-1.845616,-2.098965,2.403169,-1.918426,0.857407,-2.544672,-1.504532,1.290058,1.731062,1.597671,1.133505,2.681342,-1.198847,0.929340,1.975239,1.720262,-1.139793,-2.443293,-1.906797,1.935566,2.278603,-1.028217,-1.613530,0.052298,1.838294,1.661581,0.990583,0.282421,1.727683,-2.394340,-1.899348,2.454456,1.829578,-2.193364,0.032668,-1.193025,1.425612,-2.216258,0.397084,-1.624156,-2.264462,2.450801,1.842414,2.499839,-1.588788,-1.262080,-1.033057,0.934806,0.852213,2.403052,2.549015,-0.360682,-1.877977,-1.535044,1.817604,1.223720,-1.042968,-1.606167,-1.888840"
P42338,"-0.018412,-0.002362,0.035436,0.056573,-0.031641,0.014776,-0.003616,0.017440,-0.019416,-0.060487,-0.020421,-0.006897,0.007195,-0.032017,0.006736,-0.068762,0.058528,0.054230,0.027426,0.003222,-0.031593,0.010688,-0.016406,-0.014326,-0.016741,0.034608,0.032846,-0.008869,-0.050404,-0.012580,-0.038552,-0.045196,0.063615,-0.004650,-0.019126,-0.003823,0.061520,0.003752,-0.010910,-0.107448,-0.008133,0.032701,0.009740,-0.045773,0.003056,-0.028407,0.036814,0.007482,-0.005348,0.005568,-0.008333,-0.007542,0.012838,0.063338,0.023054,0.061542,-0.016094,0.010141,-0.018250,0.001479,-0.034286,-0.031128,-0.039796,0.012309"
P04293,"0.975016,0.607624,1.282306,-0.930353,0.623857,0.602713,0.641074,-0.538529,0.549238,-0.803133,0.604199,0.960705,-0.656495,-0.893875,-0.751812,-0.828337,-0.782217,0.741521,-1.440275,-0.492192,-0.767027,0.754566,0.739760,0.699069,-0.471886,-0.629786,0.790899,0.699198,1.399351,-0.682340,-0.643041,-0.911303,1.114317,-0.529489,0.627324,0.603717,-0.877909,-0.960982,0.544804,-1.251130,0.867030,-0.771750,0.592952,-0.968390,0.557264,0.830936,-0.826165,-0.674747,-0.574951,0.685556,0.662733,1.063828,-0.630051,1.222275,-0.575741,-0.734107,-1.479604,0.574710,0.655055,-0.698129,-0.889970,1.011254,0.761854,0.763874"
P08514,"0.190301,0.075117,0.137956,-0.155233,0.144979,0.100413,0.085838,-0.081271,0.099099,-0.105322,0.118511,0.123089,-0.108171,-0.145178,-0.116375,-0.122060,-0.079252,0.114492,-0.146424,-0.084997,-0.105769,0.089968,0.101837,0.113447,-0.082497,-0.087305,0.100470,0.099755,0.165765,-0.134622,-0.078873,-0.110814,0.130351,-0.071965,0.114429,0.114490,-0.133516,-0.107039,0.073362,-0.069966,0.160107,-0.105719,0.106134,-0.119877,0.088983,0.076811,-0.123702,-0.085661,-0.085004,0.068941,0.087299,0.159486,-0.089695,0.061914,-0.112464,-0.125075,-0.168485,0.086151,0.090113,-0.108221,-0.103359,0.160738,0.163966,0.140654"
P05106,"0.070370,-0.645471,-0.205353,0.211670,-0.330274,-0.498870,-0.574707,0.613080,-0.515301,0.527580,-0.420747,-0.374376,0.489877,0.234079,0.300986,0.303991,0.506230,-0.551494,0.369556,0.573286,0.434160,-0.422820,-0.354070,-0.441053,0.613453,0.572945,-0.396839,-0.553459,-0.219282,0.251470,0.621830,0.473413,-0.219367,0.673784,-0.381435,-0.438477,0.323622,0.569426,-0.632127,0.657072,-0.260642,0.418790,-0.463356,0.301473,-0.586383,-0.636782,0.231002,0.538903,0.571341,-0.570706,-0.620969,-0.224887,0.608784,-0.780241,0.352575,0.276540,0.106674,-0.639115,-0.565936,0.519076,0.419563,-0.218027,-0.161387,-0.158860"
P04626,"-1.545146,-4.681118,-2.582419,2.765434,-3.535467,-4.089384,-4.545165,4.502949,-4.362967,3.906859,-3.920592,-3.102316,3.975274,2.618323,3.157954,2.920964,4.305891,-4.155580,3.110577,4.480973,3.857113,-3.643144,-3.509054,-3.704657,4.665779,4.374442,-3.461694,-4.208620,-2.663590,3.185986,4.478851,3.647848,-2.412059,4.844157,-3.862709,-4.003378,3.393653,4.011621,-4.698522,4.046650,-3.061857,3.782941,-3.989842,2.965865,-4.462988,-4.633734,2.992894,4.189335,4.406323,-4.456876,-4.648418,-2.736950,4.410360,-4.313954,3.638132,3.206132,1.899415,-4.787190,-4.294750,4.185865,3.421242,-2.754118,-2.595273,-2.677275"
P08238,"-9.269404,-11.314769,-9.954187,11.587085,-10.880143,-10.876284,-11.078210,13.024273,-10.266257,9.840367,-12.725050,-11.113343,8.561757,11.061769,6.483050,7.504759,11.647519,-11.326423,12.179887,10.485319,11.448401,-6.489196,-9.503902,-10.891071,11.281185,11.698527,-6.724593,-11.399151,-5.369597,9.941933,12.077043,11.676260,-3.714723,11.208651,-10.365443,-9.701997,11.923340,12.575679,-11.763701,7.644636,-8.885081,5.087996,-11.376697,4.702970,-9.088515,-13.996575,7.591968,10.869030,13.152272,-7.465046,-8.563004,-10.857927,9.305389,-9.050824,8.736579,8.544180,5.550852,-11.531627,-7.841248,11.560291,7.914684,-6.239034,-6.403380,-8.072040"
Q8TEK3,"0.183688,0.191880,0.191385,-0.198660,0.196232,0.183836,0.191261,-0.190129,0.190962,-0.186828,0.193092,0.192947,-0.198471,-0.186192,-0.203162,-0.188607,-0.204274,0.176995,-0.190002,-0.191277,-0.184150,0.198580,0.195496,0.191352,-0.180448,-0.196530,0.187726,0.192742,0.197243,-0.190988,-0.181751,-0.171312,0.187308,-0.189731,0.193138,0.193369,-0.205370,-0.184907,0.192316,-0.172864,0.193260,-0.210715,0.185060,-0.198944,0.195052,0.190762,-0.206590,-0.194105,-0.183532,0.197670,0.199142,0.175438,-0.199045,0.178437,-0.199559,-0.196065,-0.193015,0.178975,0.201605,-0.190821,-0.189807,0.210229,0.205810,0.188619"
Q02763,"0.364497,-0.210915,0.183844,-0.185665,0.052848,-0.050369,-0.173801,0.156882,-0.113628,-0.030484,-0.068185,0.147918,0.045453,-0.255875,-0.034479,-0.134729,0.213103,0.020072,-0.294830,0.142163,-0.002256,-0.055880,-0.053068,0.029348,0.152140,0.138460,0.045848,-0.034764,0.335639,-0.089975,0.102583,-0.164767,0.293526,0.166581,-0.073062,-0.106994,-0.023763,-0.033140,-0.189865,-0.008957,0.208071,0.161293,-0.070981,-0.141517,-0.170755,-0.136098,0.020801,0.105385,0.135387,-0.197914,-0.169402,0.368080,0.081971,0.075943,0.100827,-0.002233,-0.426413,-0.130461,-0.124452,0.066709,-0.055464,0.167148,0.138554,0.144760"
Q12908,"-0.071678,-0.335439,-0.414641,0.201338,-0.263908,-0.208540,-0.319228,0.261376,-0.272792,0.376751,-0.257354,-0.233241,0.366684,0.206727,0.358046,0.333994,0.432020,-0.250653,0.331139,0.252837,0.280628,-0.419457,-0.248072,-0.220740,0.198840,0.277406,-0.276808,-0.287549,-0.395286,0.266680,0.304272,0.136841,-0.367765,0.282965,-0.253110,-0.345902,0.354747,0.222405,-0.305557,0.509769,-0.216048,0.571207,-0.230363,0.494713,-0.393626,-0.324614,0.345651,0.318281,0.219330,-0.462111,-0.449720,-0.107672,0.373338,-0.470329,0.299265,0.149023,0.423588,-0.210470,-0.399397,0.295905,0.327565,-0.471544,-0.301905,-0.217610"
P21728,"0.169918,0.074828,0.169055,-0.117724,0.101131,0.124396,0.075272,-0.071832,0.070601,-0.181159,0.067629,0.151017,-0.110232,-0.190611,-0.131084,-0.207433,-0.029403,0.147813,-0.144174,-0.084495,-0.151509,0.135030,0.103912,0.116503,-0.089112,-0.062031,0.160486,0.100756,0.125524,-0.145377,-0.134572,-0.181774,0.231620,-0.088930,0.089354,0.097294,-0.092278,-0.101207,0.073132,-0.191771,0.135768,-0.081934,0.114231,-0.189348,0.090113,0.066560,-0.098493,-0.108705,-0.090389,0.077863,0.074699,0.180687,-0.098531,0.192103,-0.083115,-0.073634,-0.204936,0.085889,0.080287,-0.096458,-0.154275,0.134924,0.122173,0.155173"
Q13639,"0.144883,0.167863,0.150701,-0.138859,0.152555,0.169037,0.171394,-0.162792,0.167182,-0.170843,0.157468,0.143009,-0.162383,-0.154874,-0.169913,-0.168629,-0.163577,0.160592,-0.122726,-0.167748,-0.174843,0.174492,0.177150,0.161203,-0.165948,-0.162169,0.163050,0.159172,0.121999,-0.169089,-0.167486,-0.146742,0.152754,-0.166188,0.170447,0.175333,-0.156143,-0.137246,0.164299,-0.156940,0.138394,-0.176226,0.174001,-0.165743,0.171075,0.154115,-0.176441,-0.170158,-0.165291,0.170724,0.165181,0.143771,-0.154774,0.135507,-0.173765,-0.158671,-0.133102,0.167360,0.160735,-0.160045,-0.160702,0.156330,0.160258,0.168747"
P06401,"0.126411,0.060500,0.102060,-0.105599,0.080956,0.074737,0.027838,-0.048320,0.041978,-0.159515,0.012993,0.162772,-0.135915,-0.136951,-0.122585,-0.175690,0.015384,0.113683,-0.181694,-0.063802,-0.059649,0.116112,0.053803,0.114331,-0.043335,-0.059971,0.137390,0.091175,0.198197,-0.062474,-0.073574,-0.132275,0.241963,-0.071875,0.037596,0.048420,-0.070599,-0.128556,0.036953,-0.195546,0.139019,-0.128535,0.054510,-0.189948,0.092455,0.037462,-0.088317,-0.067042,-0.036079,0.060415,0.098447,0.136946,-0.139094,0.264788,-0.045442,-0.081082,-0.237306,0.045918,0.124531,-0.077644,-0.144603,0.191749,0.170731,0.084426"
Q02127,"0.167574,0.179100,0.178459,-0.162940,0.173699,0.171952,0.177079,-0.174813,0.175956,-0.172170,0.174139,0.163311,-0.178397,-0.161813,-0.178830,-0.171625,-0.180216,0.162713,-0.158831,-0.176032,-0.177722,0.181008,0.180678,0.172714,-0.171393,-0.176631,0.169660,0.169947,0.157665,-0.178147,-0.169213,-0.152437,0.154596,-0.173020,0.180240,0.180725,-0.175190,-0.158049,0.173438,-0.162091,0.160325,-0.189920,0.177811,-0.173045,0.182492,0.171430,-0.187669,-0.174195,-0.173290,0.183769,0.178187,0.152769,-0.170346,0.139846,-0.183584,-0.173033,-0.163822,0.170179,0.177476,-0.178453,-0.170090,0.181930,0.180289,0.180673"
P24941,"-2.233144,-1.591270,-1.458713,1.584812,-1.480212,-1.387999,-1.432359,1.715914,-1.296957,0.706420,-1.842442,-1.391908,0.994479,1.567967,1.428949,1.150524,1.951300,-0.833682,0.896995,1.414790,1.265113,-0.894741,-1.967343,-1.520780,1.366786,1.663662,-0.967841,-1.140586,-0.158732,1.459440,1.203691,0.865119,-0.128429,1.180837,-1.823839,-1.343048,1.973074,1.480397,-1.573278,0.140601,-1.115930,1.149408,-1.658036,0.511297,-1.143242,-1.601222,2.062420,1.361822,1.831013,-1.198327,-0.823609,-0.941097,0.620966,0.598428,1.885628,2.139834,0.000277,-1.281793,-1.207143,1.302473,1.156711,-1.001350,-1.430745,-1.613685"
P50613,"-0.512909,-0.279827,-0.352038,0.357907,-0.308297,-0.268347,-0.254608,0.344249,-0.202483,0.118670,-0.410936,-0.309634,0.127324,0.381038,0.248369,0.217334,0.377959,-0.160662,0.174958,0.240248,0.278337,-0.107330,-0.382594,-0.286102,0.263057,0.307421,-0.153863,-0.203389,0.052771,0.323020,0.250761,0.225684,0.020963,0.195788,-0.356084,-0.245501,0.408616,0.306627,-0.302289,-0.026711,-0.228341,0.079105,-0.329994,0.031370,-0.153458,-0.327399,0.370540,0.267979,0.381599,-0.162377,-0.063045,-0.238451,0.042136,0.185025,0.353308,0.393907,-0.013318,-0.224280,-0.135142,0.243077,0.222317,-0.108258,-0.205996,-0.328316"
P06493,"-1.758796,-1.282555,-1.261118,1.460337,-1.296721,-1.143152,-1.171633,1.439096,-1.054225,0.612444,-1.559079,-1.214233,0.838497,1.304502,1.127986,0.888732,1.616746,-0.750214,0.886992,1.140835,1.097328,-0.753689,-1.543893,-1.258499,1.122853,1.372353,-0.786427,-0.990099,-0.240587,1.241686,1.066507,0.860340,-0.153237,0.986009,-1.460565,-1.174507,1.658516,1.253248,-1.320420,0.165770,-0.950171,0.869910,-1.348042,0.409054,-0.919086,-1.392998,1.579793,1.181887,1.509332,-0.928921,-0.704145,-0.911647,0.594893,0.293726,1.482906,1.651788,0.207980,-1.048503,-0.925602,1.114313,0.945904,-0.771374,-1.108619,-1.267699"
P34972,"-0.301937,-0.892639,-0.616570,0.600542,-0.771574,-0.906372,-1.055046,0.696483,-1.104515,1.013218,-0.710540,-0.576594,1.137239,0.518166,1.084481,0.936226,0.848071,-0.962331,0.547453,1.033056,0.787629,-1.299305,-0.834692,-0.746843,0.954978,0.849104,-1.159830,-0.968412,-1.345739,0.818996,0.810222,0.665775,-1.319371,1.020864,-0.838608,-1.069584,0.560242,0.592639,-0.873637,1.125124,-0.973326,1.427061,-0.812825,1.334007,-1.147613,-0.638531,0.914647,0.920239,0.607516,-1.274845,-1.341766,-0.642820,1.243486,-1.215021,0.992384,0.823898,1.072566,-0.981373,-1.220760,0.865908,0.955719,-1.138587,-1.056074,-0.852564"
O14757,"-0.546244,-0.367487,-0.263266,0.363628,-0.322615,-0.317831,-0.323414,0.426440,-0.246211,0.001736,-0.490159,-0.252220,0.118387,0.315495,0.279421,0.170912,0.503047,-0.085910,-0.085142,0.303029,0.232637,-0.113502,-0.508562,-0.298884,0.318928,0.380096,-0.125752,-0.162103,0.360286,0.338822,0.244788,0.074644,0.255207,0.198396,-0.444849,-0.312178,0.466012,0.238837,-0.369341,-0.309257,-0.135123,0.110594,-0.418489,-0.139441,-0.193939,-0.339038,0.508792,0.328844,0.459213,-0.199648,-0.019120,-0.025760,-0.021360,0.557971,0.497057,0.544884,-0.383038,-0.230831,-0.154067,0.248587,0.163663,-0.005069,-0.237920,-0.371059"
P25103,"0.088753,0.105873,0.067489,-0.026780,0.060995,0.074380,0.072505,-0.096049,0.050655,-0.043062,0.077703,0.060007,-0.039703,-0.067536,-0.059904,-0.060746,-0.081123,0.054069,-0.018208,-0.074932,-0.065030,0.026855,0.094540,0.071014,-0.094176,-0.077517,0.053809,0.037987,-0.059647,-0.055487,-0.092924,-0.070680,-0.007905,-0.077844,0.094342,0.052489,-0.075353,-0.099054,0.102561,-0.065807,0.023728,-0.029058,0.084694,-0.004675,0.068486,0.090237,-0.079696,-0.067875,-0.117642,0.076589,0.036088,0.023984,-0.009500,-0.018633,-0.083134,-0.085511,0.055029,0.090223,0.063356,-0.059727,-0.076701,0.000769,0.025135,0.054538"
Q9NY91,"0.187677,0.140023,0.187295,-0.192329,0.165474,0.135501,0.128308,-0.145811,0.115809,-0.151039,0.154152,0.190928,-0.144739,-0.189195,-0.161541,-0.172008,-0.154489,0.137502,-0.189512,-0.130518,-0.139335,0.135536,0.148494,0.154103,-0.121087,-0.144624,0.146061,0.143928,0.156588,-0.149752,-0.146281,-0.162876,0.170010,-0.133592,0.144163,0.131085,-0.191528,-0.177354,0.146429,-0.141107,0.175080,-0.138963,0.134573,-0.159032,0.130512,0.156274,-0.160427,-0.147922,-0.145539,0.126076,0.129660,0.156594,-0.141249,0.162954,-0.145837,-0.153625,-0.171894,0.114736,0.144603,-0.139690,-0.160398,0.170049,0.160635,0.142636"
P62942,"0.013135,-0.171415,0.121255,-0.063776,-0.031851,-0.069169,-0.153090,0.180545,-0.143353,-0.120606,-0.167859,0.110618,-0.003154,-0.114125,0.007465,-0.140519,0.234543,0.059073,-0.213602,0.139351,0.014521,0.041481,-0.167520,-0.061414,0.143572,0.186376,0.096612,-0.023676,0.317095,0.010784,0.025807,-0.169618,0.400892,0.098910,-0.170391,-0.110325,0.081775,0.009241,-0.152922,-0.249121,0.126618,0.076445,-0.139430,-0.237067,-0.093352,-0.129334,0.164802,0.057238,0.186098,-0.102295,-0.054627,0.194152,-0.054852,0.435769,0.178636,0.191886,-0.438589,-0.152267,-0.068364,0.083969,-0.085215,0.114264,0.010261,-0.015467"
P01111,"-0.139447,-0.267798,-0.014688,0.072116,-0.123987,-0.199713,-0.173520,0.259321,-0.152121,0.171669,-0.162966,-0.191462,0.154663,0.142563,0.109748,0.121495,0.099703,-0.210552,0.095170,0.215872,0.111361,-0.055820,-0.165930,-0.234719,0.240341,0.247991,-0.115322,-0.187522,0.043839,0.046412,0.194494,0.167845,0.030835,0.223086,-0.156940,-0.139506,0.125412,0.307691,-0.211193,0.178373,-0.108377,0.111934,-0.209264,0.011699,-0.205370,-0.184947,0.135444,0.153811,0.259516,-0.130177,-0.153174,-0.070168,0.154178,-0.135670,0.156984,0.230867,-0.084728,-0.254009,-0.203535,0.213277,0.161241,-0.070279,-0.134841,-0.083289"
P13569,"-1.557082,-4.554974,-1.980634,2.914638,-3.959616,-4.225013,-5.231499,3.959112,-5.770700,3.944860,-4.026452,-2.434848,5.105302,1.826919,4.478798,2.847618,4.639166,-4.090499,2.461169,5.083333,3.780534,-5.276620,-4.235489,-3.910746,4.729395,4.724963,-4.261661,-4.735633,-5.462015,3.768863,3.442411,2.460398,-3.767118,4.954662,-4.462960,-5.174360,3.165624,2.825012,-4.330949,3.676448,-3.885964,6.413591,-4.108301,4.650763,-5.410024,-3.620633,4.508620,4.299626,3.491520,-5.684493,-6.188861,-2.919759,5.612865,-3.816307,4.856670,4.408586,3.927490,-5.066453,-5.447968,4.563247,3.575542,-5.005960,-5.002560,-3.845344"
P98170,"-1.717032,-2.259377,-1.610489,2.140204,-2.296507,-2.275735,-2.570647,2.132766,-2.969039,2.194818,-2.177075,-1.738116,2.764041,1.503636,2.456706,1.819364,2.377885,-2.119405,2.071420,2.554187,2.209975,-2.835274,-2.365198,-2.273408,2.286456,2.491380,-2.287756,-2.502943,-3.230778,2.340791,1.818769,1.484684,-2.156648,2.383996,-2.408708,-2.710546,2.088656,1.575107,-2.129165,1.868362,-2.189725,3.323007,-2.307344,2.585422,-2.691767,-2.009423,2.683731,2.292110,1.864101,-2.688942,-3.003076,-2.222466,2.885613,-1.958363,2.546906,2.497807,2.708865,-2.482142,-2.758081,2.484679,2.000896,-3.059546,-3.074314,-2.456718"
Q13490,"-1.273682,-1.675185,-1.054233,1.520446,-1.668513,-1.622909,-1.850977,1.589697,-2.164243,1.467922,-1.616815,-1.231282,1.979217,0.983893,1.731448,1.184250,1.793826,-1.426093,1.451367,1.860614,1.534440,-1.932905,-1.715777,-1.663063,1.641952,1.851849,-1.531777,-1.803936,-2.236424,1.623928,1.240039,0.912807,-1.329653,1.716934,-1.769284,-1.891963,1.548787,1.148001,-1.548535,1.128028,-1.561179,2.412251,-1.654726,1.711149,-1.950346,-1.473747,1.952285,1.613909,1.389262,-1.941399,-2.137136,-1.455587,2.069214,-1.212950,1.854927,1.900634,1.783408,-1.769857,-2.019878,1.814016,1.357271,-2.185756,-2.257971,-1.725457"
Q13489,"0.022930,-0.104696,-0.008933,0.098610,-0.118751,-0.081482,-0.144870,0.087992,-0.187107,0.076167,-0.104624,-0.036596,0.166343,-0.025966,0.111987,0.005063,0.141445,-0.088868,0.101423,0.133572,0.061494,-0.158237,-0.078832,-0.086870,0.107253,0.137690,-0.092854,-0.141112,-0.278329,0.076764,0.042850,0.014052,-0.094672,0.128279,-0.103953,-0.153434,0.082378,0.054165,-0.100918,0.072765,-0.118640,0.232230,-0.073915,0.130394,-0.160193,-0.091823,0.115616,0.101838,0.042440,-0.165483,-0.224145,-0.082001,0.207648,-0.128600,0.121370,0.116751,0.179171,-0.131326,-0.176359,0.131439,0.063668,-0.193204,-0.176220,-0.069203"
Q96CA5,"-0.585287,-0.835798,-0.273736,0.500396,-0.701815,-0.746235,-0.883957,0.852729,-1.042156,0.327664,-0.819775,-0.330745,0.718902,0.335859,0.705921,0.294422,0.960235,-0.430137,0.170393,0.908250,0.675094,-0.739773,-0.991799,-0.799868,0.808658,0.911103,-0.474143,-0.703702,-0.281153,0.746427,0.507018,0.136013,0.041675,0.772540,-0.952106,-0.907495,0.690063,0.319042,-0.762298,-0.044262,-0.334277,0.995521,-0.885195,0.359684,-0.827989,-0.695992,1.026763,0.734295,0.818620,-0.851004,-0.783803,-0.330333,0.623696,0.330358,1.016319,1.005088,0.011170,-0.845769,-0.790702,0.771064,0.400266,-0.650754,-0.871618,-0.868133"
O15392,"-0.865917,-1.169762,-0.743574,1.150769,-1.195733,-1.103489,-1.343854,1.199873,-1.528647,0.764125,-1.285847,-0.757062,1.228602,0.649467,1.143428,0.584145,1.499823,-0.810373,0.806607,1.287781,1.083108,-1.287471,-1.291846,-1.119707,1.146824,1.353009,-0.916828,-1.223427,-1.213178,1.192746,0.869522,0.567165,-0.507822,1.159626,-1.302937,-1.399963,1.200034,0.702395,-1.183928,0.445300,-0.891327,1.495073,-1.204668,0.911693,-1.250132,-1.167509,1.392385,1.188197,1.072998,-1.323222,-1.377779,-0.941620,1.257202,-0.326052,1.379368,1.333059,0.908521,-1.209527,-1.251171,1.221558,0.805310,-1.231893,-1.370996,-1.205964"
P47989,"0.259487,0.253475,0.309788,-0.281686,0.254824,0.247219,0.272763,-0.261699,0.262366,-0.272879,0.270910,0.266432,-0.271170,-0.244108,-0.285514,-0.256927,-0.315101,0.232454,-0.330452,-0.244645,-0.273274,0.270751,0.273139,0.259737,-0.238570,-0.263884,0.259389,0.269609,0.331947,-0.258683,-0.256124,-0.238674,0.289330,-0.254792,0.260416,0.262446,-0.286751,-0.267272,0.258869,-0.301005,0.251456,-0.292467,0.249798,-0.282407,0.263090,0.296191,-0.295729,-0.269993,-0.254983,0.285635,0.282160,0.309089,-0.260508,0.290959,-0.254023,-0.269519,-0.365873,0.253999,0.264502,-0.254263,-0.272651,0.276313,0.282539,0.237606"
P16615,"0.209105,0.070754,0.203300,-0.145244,0.106924,0.115508,0.058761,-0.067320,0.038818,-0.174119,0.071072,0.182375,-0.096571,-0.222633,-0.131787,-0.230863,-0.033681,0.146488,-0.178020,-0.066239,-0.136152,0.110878,0.102214,0.119078,-0.072028,-0.056601,0.162778,0.088586,0.121304,-0.136498,-0.135882,-0.202334,0.247109,-0.071302,0.083213,0.074071,-0.120511,-0.139574,0.071804,-0.200452,0.161339,-0.058889,0.102295,-0.185440,0.069616,0.075515,-0.098855,-0.097185,-0.094710,0.061045,0.047620,0.183496,-0.081094,0.199125,-0.076834,-0.083255,-0.208122,0.064126,0.071966,-0.085680,-0.167721,0.137351,0.120388,0.147511"
P10415,"-0.254596,-0.805533,-0.069082,0.407373,-0.614192,-0.730080,-0.926235,0.793105,-1.133630,0.402879,-0.721540,-0.165005,0.804730,0.049125,0.595179,0.152463,0.905675,-0.456919,0.167356,0.917996,0.671917,-0.816254,-0.831921,-0.685568,0.802985,0.896892,-0.440266,-0.758739,-0.509220,0.662169,0.461612,0.042410,0.043358,0.804366,-0.856102,-0.945253,0.535078,0.188232,-0.714652,0.041464,-0.272693,1.130027,-0.838201,0.389608,-0.898470,-0.671589,0.885800,0.712590,0.688708,-0.895473,-0.963041,-0.316384,0.811925,0.079222,0.896587,0.858829,0.171283,-0.884220,-0.827662,0.801495,0.301000,-0.687864,-0.850196,-0.712361"
P35916,"0.166001,0.037648,0.122115,-0.109045,0.083407,0.057025,0.041834,-0.025149,0.051696,-0.071078,0.050603,0.101239,-0.088258,-0.111295,-0.140293,-0.137034,-0.052545,0.041899,-0.090445,-0.051209,-0.052677,0.110164,0.091770,0.073163,-0.031662,-0.042848,0.120478,0.048754,0.150525,-0.093050,-0.034168,-0.053928,0.172504,-0.034543,0.075462,0.068423,-0.090084,-0.057105,0.036772,-0.074265,0.122966,-0.127155,0.054518,-0.153898,0.060928,0.019710,-0.139503,-0.058380,-0.030170,0.079022,0.063299,0.095192,-0.061638,0.051342,-0.097923,-0.122478,-0.164250,0.021945,0.091945,-0.047003,-0.107693,0.150828,0.159626,0.122900"
P35968,"-0.159078,-1.533475,-1.210327,0.754669,-0.937179,-1.020090,-1.299638,1.427016,-1.006962,1.438590,-1.103343,-1.090201,1.200117,0.890160,1.011818,1.080531,1.598356,-1.135267,1.165845,1.165085,1.209411,-1.206920,-1.000811,-1.067363,1.103666,1.306303,-0.909824,-1.245845,-0.585793,0.849422,1.510409,0.996243,-0.843953,1.414625,-1.000090,-1.141312,1.316445,1.282337,-1.482185,1.767882,-0.610935,1.447192,-1.059635,1.201099,-1.419185,-1.614215,0.954280,1.361650,1.341137,-1.483461,-1.479787,-0.425735,1.377960,-1.906075,0.983082,0.583131,0.755692,-1.121286,-1.328087,1.246669,1.153680,-1.017425,-0.583778,-0.554584"
P17948,"0.143240,-0.225027,0.010337,-0.039623,-0.051082,-0.139539,-0.183455,0.180261,-0.148552,0.139148,-0.085324,-0.046626,0.151592,-0.027782,0.087488,0.062738,0.149763,-0.144096,-0.008690,0.183916,0.087617,-0.143329,-0.095621,-0.099266,0.202928,0.167591,-0.121537,-0.134726,0.020497,0.017115,0.190488,0.083859,-0.032081,0.222229,-0.100610,-0.131238,0.032970,0.139054,-0.207533,0.219257,-0.008108,0.167187,-0.123362,0.068002,-0.212319,-0.169800,0.056940,0.164145,0.161981,-0.223123,-0.216279,0.061082,0.184766,-0.231041,0.109393,0.065131,-0.082513,-0.202440,-0.203708,0.135856,0.120265,-0.012508,-0.004536,0.010918"
Q13885,"0.180521,-0.109453,0.158353,-0.094912,0.004921,-0.039234,-0.105129,0.113427,-0.101416,-0.058633,-0.072954,0.102257,-0.000194,-0.140200,-0.076771,-0.158644,0.105011,-0.016518,-0.124502,0.088174,0.000067,0.047637,-0.022904,-0.018450,0.113316,0.099656,0.087148,-0.041431,0.181790,-0.050895,0.043974,-0.070086,0.266993,0.101058,-0.052781,-0.062003,-0.021547,0.011542,-0.100864,-0.087397,0.111599,0.006045,-0.060482,-0.177614,-0.068183,-0.103210,-0.027012,0.040825,0.104757,-0.058189,-0.071723,0.122504,0.018633,0.117002,0.037618,0.013523,-0.282515,-0.130986,-0.031267,0.055521,-0.082400,0.134351,0.096752,0.086390"
P05023,"0.172995,0.111018,0.200108,-0.163285,0.140584,0.137210,0.112882,-0.108810,0.111274,-0.182635,0.118785,0.172629,-0.147806,-0.184908,-0.161625,-0.197194,-0.097608,0.162971,-0.195737,-0.117616,-0.166936,0.163583,0.126206,0.135369,-0.118379,-0.111828,0.177129,0.136281,0.204779,-0.166601,-0.146298,-0.192106,0.243099,-0.124699,0.119383,0.128640,-0.133901,-0.141983,0.114391,-0.195943,0.179537,-0.125044,0.123935,-0.207817,0.124606,0.117428,-0.127287,-0.141544,-0.113438,0.129519,0.130428,0.187984,-0.149628,0.226940,-0.114292,-0.109027,-0.260180,0.112738,0.128519,-0.136429,-0.175923,0.175522,0.147310,0.164441"
P13637,"0.250635,-0.289998,0.234128,0.030705,-0.157915,-0.081309,-0.319198,0.285924,-0.371213,-0.162872,-0.283933,0.127761,0.171962,-0.283085,0.070893,-0.324700,0.479652,0.048346,-0.123911,0.282401,-0.027646,-0.101813,-0.188595,-0.115282,0.223087,0.361339,0.095643,-0.191603,-0.035088,-0.004247,0.011816,-0.277589,0.437827,0.258970,-0.239340,-0.252540,0.180327,0.036951,-0.290786,-0.300417,0.042885,0.376846,-0.134550,-0.166544,-0.265869,-0.272213,0.224768,0.169547,0.186942,-0.314902,-0.357076,0.243832,0.237195,0.280596,0.290165,0.269745,-0.345057,-0.257077,-0.299398,0.204422,-0.109845,-0.086408,-0.124137,0.042172"
P05026,"0.232666,-0.057807,0.191894,-0.061203,-0.007594,0.070081,-0.059748,0.054962,-0.057124,-0.182499,-0.057239,0.143408,-0.032897,-0.173894,-0.052283,-0.239703,0.152343,0.108258,-0.185203,0.038445,-0.122072,0.050614,0.007296,0.029048,-0.004471,0.078714,0.152910,-0.002330,0.132621,-0.104172,-0.064940,-0.209276,0.308939,0.039061,-0.022912,-0.043515,0.040280,-0.048687,-0.074612,-0.237617,0.113857,0.088544,0.038266,-0.149439,-0.032685,-0.043191,0.001136,-0.002965,0.013685,-0.044965,-0.077329,0.252441,0.010447,0.229205,0.062060,0.013306,-0.330157,-0.012627,-0.049768,-0.002520,-0.150747,0.055437,0.062560,0.124801"
P54709,"0.141631,0.089094,0.082460,-0.080058,0.083506,0.116485,0.082790,-0.084569,0.096590,-0.083794,0.083200,0.099252,-0.084022,-0.114138,-0.087163,-0.115100,-0.040562,0.110690,-0.073527,-0.104812,-0.095092,0.082782,0.097948,0.109498,-0.116135,-0.077961,0.123976,0.090604,0.068149,-0.105086,-0.090135,-0.117407,0.097583,-0.083898,0.094988,0.082522,-0.050897,-0.093324,0.075926,-0.086873,0.108105,-0.039829,0.109594,-0.078246,0.083386,0.059161,-0.081867,-0.076343,-0.100721,0.079783,0.057019,0.121916,-0.073492,0.033652,-0.093259,-0.115409,-0.078203,0.109660,0.084597,-0.094040,-0.107560,0.058954,0.105768,0.140553"
P42345,"-0.425445,-0.743821,-0.103321,0.284716,-0.467300,-0.505386,-0.709817,0.783129,-0.682794,0.004061,-0.766562,-0.136321,0.339707,0.176462,0.421113,0.041584,0.912793,-0.169780,-0.235306,0.664823,0.348652,-0.305196,-0.792828,-0.537070,0.635726,0.768219,-0.136016,-0.424613,0.456510,0.392569,0.380279,-0.076203,0.556642,0.542791,-0.763698,-0.623212,0.596546,0.373777,-0.697943,-0.291643,-0.039708,0.524068,-0.689563,-0.166827,-0.562630,-0.638217,0.819785,0.505840,0.783879,-0.570302,-0.424142,0.087822,0.190905,0.818653,0.830766,0.856243,-0.686903,-0.620308,-0.494662,0.501123,0.186402,-0.116335,-0.439161,-0.458121"
P08581,"-0.131188,-3.067019,-1.649342,1.394325,-1.817387,-2.245415,-2.799249,2.955741,-2.442016,2.507611,-2.327125,-1.846388,2.359649,1.287100,1.684705,1.558864,3.006497,-2.304148,1.935111,2.619679,2.369989,-2.205758,-2.014891,-2.120752,2.621467,2.803430,-1.712361,-2.572421,-1.056842,1.602417,2.870481,1.897851,-1.025241,3.028566,-2.125421,-2.309320,2.180500,2.435071,-3.001187,2.875837,-1.171536,2.521087,-2.273102,1.710341,-2.804574,-3.197340,1.720890,2.651279,2.777329,-2.831144,-2.985981,-0.973185,2.805329,-3.224526,1.984592,1.436759,0.964370,-2.703664,-2.602209,2.587082,1.955863,-1.539544,-1.117677,-1.069948"
O96017,"0.123145,-0.467229,0.345393,-0.010067,-0.295397,-0.322895,-0.467955,0.541476,-0.426577,-0.152761,-0.555410,0.219645,0.071122,-0.147507,-0.000619,-0.258182,0.496405,-0.076316,-0.743932,0.464173,0.173642,0.032394,-0.343906,-0.157751,0.530395,0.422384,0.127761,-0.167107,0.890771,0.232524,0.263719,-0.191902,0.877748,0.388840,-0.466227,-0.429336,0.203862,-0.054327,-0.518032,-0.737886,0.165110,0.054595,-0.446228,-0.517091,-0.325011,-0.307794,0.193911,0.307897,0.521115,-0.260835,-0.163704,0.390209,0.047141,0.962447,0.501829,0.298531,-1.166502,-0.441160,-0.124130,0.286826,-0.164009,0.394832,0.091884,-0.104545"
P01375,"-1.833180,-2.992597,-3.507906,3.066419,-3.073964,-2.373965,-3.099935,2.692611,-2.949057,3.388541,-2.903674,-2.796397,3.546285,2.488532,3.493315,3.011891,3.916326,-2.585164,3.562201,2.730362,2.877596,-3.770345,-2.767544,-2.639126,2.224743,3.038181,-2.811295,-3.092970,-4.302624,2.913205,2.737009,2.079103,-3.720239,2.924340,-2.832696,-3.301880,3.714663,2.549958,-2.962867,3.676180,-2.939590,4.756245,-2.433481,4.299027,-3.427852,-3.197839,3.502283,3.167687,2.328601,-3.758300,-4.070096,-2.278515,3.796039,-4.246707,3.029494,2.389632,4.386526,-2.329808,-3.615321,3.032296,3.030559,-4.489623,-3.442174,-2.466118"
Q9UQB9,"-0.180252,-0.073412,-0.090299,0.162731,-0.111314,-0.039589,-0.054409,0.099095,-0.047789,-0.057392,-0.128750,-0.099292,0.031103,0.080921,0.092861,0.007018,0.168873,0.034010,0.065821,0.054911,0.016247,-0.017223,-0.126551,-0.082812,0.036608,0.106155,-0.020246,-0.040073,-0.022985,0.069505,0.018220,0.009595,0.054492,0.027298,-0.110866,-0.059473,0.177284,0.098513,-0.091290,-0.112291,-0.072808,0.053317,-0.062737,-0.029558,-0.023761,-0.107939,0.154582,0.068332,0.093511,-0.045703,-0.008364,-0.042257,-0.000728,0.146719,0.127894,0.182704,-0.021508,-0.021585,-0.058270,0.045601,0.044132,-0.050723,-0.097134,-0.078199"
P19838,"-0.499666,-1.156931,-0.289316,0.628257,-0.810837,-0.769224,-1.078277,1.222539,-1.052997,0.270104,-1.185037,-0.431133,0.659589,0.284479,0.479010,0.049104,1.359494,-0.503777,0.341888,1.007870,0.624369,-0.381806,-0.981104,-0.838137,0.978473,1.208607,-0.177521,-0.811072,0.085839,0.567579,0.681160,0.152261,0.660490,0.940490,-1.066563,-0.901129,1.008877,0.827169,-1.084570,-0.088798,-0.312941,0.843698,-0.971998,-0.143510,-0.892238,-1.177964,0.985899,0.791648,1.173873,-0.828667,-0.856686,-0.125427,0.613641,0.378499,1.035022,1.082751,-0.510149,-1.029205,-0.844518,0.943963,0.310276,-0.398546,-0.627667,-0.491604"
Q00653,"0.024257,-0.211267,0.079190,-0.012752,-0.077321,-0.107252,-0.192697,0.225254,-0.173557,-0.042776,-0.207252,0.050644,0.029513,-0.072805,-0.030156,-0.139144,0.235447,-0.035009,-0.097779,0.164667,0.076618,0.044724,-0.140745,-0.090702,0.184366,0.202539,0.093137,-0.093707,0.236590,0.028494,0.091017,-0.074011,0.367493,0.152029,-0.178951,-0.135434,0.111034,0.085063,-0.188075,-0.143169,0.081716,0.067732,-0.167298,-0.217190,-0.126664,-0.197481,0.110205,0.097596,0.226442,-0.099682,-0.102655,0.106944,0.012966,0.263163,0.154549,0.144795,-0.346624,-0.202179,-0.080226,0.141097,-0.060792,0.094720,0.017521,0.000618"
Q04206,"-1.856054,-3.691244,-1.884667,2.407173,-2.951088,-3.072695,-3.746172,3.943564,-3.577399,2.113109,-3.955568,-1.990908,2.415875,1.910031,1.778914,1.213107,4.028956,-2.773668,1.932696,3.405834,3.029597,-1.820427,-3.094804,-2.917082,3.601304,3.733873,-1.437425,-3.113054,-0.577831,2.604648,3.100478,1.949287,0.497204,3.409117,-3.475797,-3.266473,3.184300,2.922987,-3.644138,1.226891,-1.799125,2.345947,-3.487677,0.609475,-3.084025,-3.919792,2.705273,3.007328,3.955350,-2.782242,-2.954019,-1.754063,2.483325,-0.597983,3.177412,2.914403,-0.102758,-3.761916,-2.579737,3.445007,1.676733,-1.521213,-1.898729,-2.187049"
Q01201,"0.242537,-0.006261,0.217832,-0.124606,0.068666,0.078269,-0.016590,0.009949,-0.015855,-0.173269,-0.008215,0.181990,-0.079596,-0.235945,-0.138194,-0.271858,0.066863,0.117327,-0.186086,-0.009164,-0.108302,0.118735,0.060364,0.088897,-0.011036,0.016001,0.184493,0.041548,0.172305,-0.128126,-0.088914,-0.195531,0.334643,-0.007909,0.025208,0.024059,-0.062905,-0.088089,-0.007365,-0.220189,0.165207,-0.033711,0.055131,-0.238178,0.025722,-0.012651,-0.073807,-0.049582,-0.017393,0.019522,-0.006033,0.211163,-0.052477,0.221170,-0.028676,-0.049794,-0.295075,-0.003338,0.038408,-0.037924,-0.178681,0.165132,0.138994,0.169879"
Q04864,"-9.482232,-12.865630,-7.685334,8.953956,-11.022887,-11.883458,-12.636104,12.868187,-13.067300,10.047060,-12.146734,-8.707848,11.039812,8.187985,9.089166,7.945012,11.738090,-11.080947,8.650941,12.531329,11.464449,-9.346710,-11.686290,-11.793500,12.743114,12.697592,-8.519713,-11.523087,-6.804164,10.339673,10.945638,8.522463,-4.430181,12.258399,-12.520982,-12.103568,10.604513,10.516791,-11.856143,7.897832,-8.637594,11.537136,-12.772324,6.873609,-12.343461,-11.976162,11.313517,10.841993,12.955444,-11.041655,-11.765228,-8.829786,10.673789,-5.789982,11.818589,11.935033,5.415666,-13.379378,-11.196822,12.592282,8.688646,-9.540559,-10.919283,-10.332647"
P21554,"0.166769,0.119407,0.160523,-0.118952,0.122663,0.137898,0.110337,-0.119466,0.112642,-0.153182,0.110372,0.143950,-0.128181,-0.162581,-0.139835,-0.174144,-0.092788,0.138562,-0.136609,-0.119602,-0.148800,0.137432,0.130982,0.135604,-0.124529,-0.109469,0.148838,0.118666,0.111588,-0.149106,-0.140945,-0.146957,0.158967,-0.116582,0.122617,0.121774,-0.115876,-0.120349,0.112926,-0.153292,0.128775,-0.111967,0.138475,-0.151809,0.123568,0.108863,-0.129502,-0.126980,-0.127564,0.120376,0.101922,0.149198,-0.111664,0.127643,-0.121547,-0.118508,-0.148970,0.118834,0.116770,-0.125847,-0.151172,0.134017,0.134320,0.161683"
Q15303,"-0.294878,-0.906233,-0.591466,0.623851,-0.677110,-0.789771,-0.864295,0.928987,-0.767389,0.750668,-0.801109,-0.711554,0.691480,0.617916,0.545379,0.561988,0.874848,-0.829003,0.709718,0.831829,0.756168,-0.623449,-0.649478,-0.711780,0.898383,0.850756,-0.639229,-0.834739,-0.434331,0.596268,0.946208,0.840506,-0.428352,0.940907,-0.694846,-0.705650,0.711172,0.902230,-0.959505,0.809703,-0.593736,0.517996,-0.756220,0.484812,-0.780121,-1.012091,0.473489,0.851947,0.909601,-0.782994,-0.799291,-0.587490,0.808411,-0.959252,0.634828,0.548985,0.318125,-0.902524,-0.747330,0.785338,0.677795,-0.387634,-0.332032,-0.446978"
P31749,"-2.992362,-2.948038,-1.922217,2.357871,-2.477220,-2.333690,-2.728635,3.132210,-2.514638,0.878430,-3.308879,-1.873008,1.742160,1.988719,2.336179,1.328212,3.729289,-1.249686,0.841003,2.637198,1.999214,-1.581904,-3.392216,-2.497220,2.551862,3.082550,-1.380255,-1.987009,0.158533,2.331748,2.013354,0.985834,0.467904,2.232708,-3.215465,-2.532697,3.180398,2.253871,-2.923296,-0.199647,-1.476908,2.160244,-2.846900,0.451522,-2.184348,-2.854988,3.517597,2.449372,3.196507,-2.358764,-1.721066,-0.982485,1.198091,1.488831,3.379662,3.638995,-0.717979,-2.399503,-2.197822,2.297493,1.680030,-1.344026,-2.210417,-2.443619"
O14965,"-1.137520,-0.878092,-0.778104,1.038063,-0.910140,-0.735980,-0.797379,0.971324,-0.760277,0.406494,-1.035615,-0.852586,0.652250,0.817527,0.790586,0.542444,1.129987,-0.478349,0.719992,0.790734,0.663645,-0.540066,-1.018848,-0.878006,0.723839,0.980197,-0.520704,-0.723279,-0.401514,0.777646,0.648295,0.523034,-0.143505,0.693740,-0.974739,-0.777060,1.173818,0.893091,-0.890005,0.108468,-0.702738,0.729626,-0.856167,0.333480,-0.670625,-0.966454,1.102530,0.791100,0.963811,-0.665439,-0.589109,-0.624980,0.533019,0.060618,1.000347,1.168553,0.260475,-0.702314,-0.741552,0.774747,0.628400,-0.691745,-0.874810,-0.798234"
Q96GD4,"-0.715513,-0.725312,-0.540031,0.850794,-0.770859,-0.534377,-0.693544,0.800422,-0.684873,0.187050,-0.887587,-0.585467,0.548689,0.468412,0.644830,0.256972,1.085482,-0.288919,0.513753,0.666906,0.460402,-0.472568,-0.803993,-0.659189,0.594714,0.838009,-0.382921,-0.594378,-0.414311,0.602251,0.468313,0.307530,-0.018278,0.589531,-0.803235,-0.682284,0.965841,0.656186,-0.781204,-0.052867,-0.542981,0.672773,-0.625859,0.216859,-0.578066,-0.835231,0.882160,0.658482,0.744456,-0.652928,-0.579325,-0.399248,0.504862,0.147911,0.849227,0.951768,0.180289,-0.568659,-0.650733,0.625468,0.445278,-0.528971,-0.665966,-0.561637"
O00767,"-0.713514,-1.891192,-1.550206,2.163314,-1.970665,-1.191611,-1.948661,1.820128,-1.779657,1.378737,-2.006328,-1.672102,1.973552,1.185683,1.926115,1.032809,2.885436,-1.181839,1.999060,1.672738,1.128702,-1.865373,-1.619708,-1.553122,1.228837,2.121392,-1.224649,-1.963875,-2.535551,1.283428,1.335262,0.906494,-1.431981,1.801472,-1.679706,-1.839260,2.598957,1.851429,-2.005530,1.272030,-1.787181,2.726114,-1.214186,1.898412,-1.934153,-2.227084,2.058148,1.903890,1.409596,-2.113327,-2.476871,-0.943057,2.310669,-2.135983,1.909552,1.731489,1.832263,-1.312163,-2.271959,1.693218,1.411066,-2.458076,-1.920023,-0.901173"
Q9GZT9,"0.127498,0.025055,0.111885,-0.107302,0.072966,0.042254,0.011689,-0.012408,0.021189,-0.084743,0.014174,0.116617,-0.095370,-0.107150,-0.142761,-0.139106,-0.016385,0.044054,-0.097124,-0.033850,-0.043408,0.125840,0.070843,0.074574,-0.011063,-0.032494,0.130237,0.045813,0.167879,-0.079050,-0.036271,-0.086533,0.218458,-0.025678,0.041990,0.062660,-0.069451,-0.056757,0.023578,-0.119497,0.108736,-0.122489,0.030432,-0.177610,0.056163,0.002912,-0.111148,-0.060057,-0.006081,0.069137,0.062760,0.103237,-0.082401,0.130173,-0.070072,-0.088527,-0.223317,0.000307,0.084150,-0.036070,-0.127865,0.150419,0.148357,0.101381"
P61073,"0.459394,-0.069695,0.408425,-0.355145,0.160442,0.090867,-0.085902,0.033552,-0.083668,-0.288130,0.003480,0.421921,-0.118989,-0.469909,-0.189448,-0.429729,0.137679,0.201397,-0.503438,0.034325,-0.140326,0.126698,0.028407,0.151731,0.043327,0.042076,0.272291,0.098830,0.440524,-0.192935,-0.117208,-0.408597,0.611662,0.021253,-0.013196,-0.034637,-0.164728,-0.238725,-0.047242,-0.336355,0.381768,0.055042,0.025303,-0.375174,-0.029382,0.003389,-0.053434,-0.062129,0.010630,-0.081336,-0.051743,0.463856,-0.117562,0.512380,0.028707,-0.052802,-0.647305,-0.068636,0.027073,-0.055019,-0.279567,0.305406,0.238301,0.229833"
Q96BI3,"-0.450766,-1.344469,-1.545901,0.944604,-1.079711,-0.838566,-1.257062,1.132050,-1.002508,1.346895,-1.125694,-0.973674,1.306708,0.882980,1.344246,1.199728,1.761762,-0.929266,1.228427,1.009705,1.124309,-1.455355,-1.097531,-0.921135,0.807322,1.182694,-0.970523,-1.100271,-1.223368,1.023705,1.202853,0.648373,-1.236153,1.150647,-1.098133,-1.293442,1.539662,1.013000,-1.286500,1.660354,-0.833354,2.015120,-0.935292,1.644839,-1.421514,-1.384001,1.402447,1.279307,1.016091,-1.620717,-1.626047,-0.407514,1.330318,-1.640740,1.205107,0.738963,1.350967,-0.841519,-1.446301,1.140129,1.187101,-1.636601,-1.069727,-0.776802"
Q8WW43,"0.084752,-0.067192,-0.072261,0.022258,-0.029734,0.002014,-0.071978,0.044040,-0.035852,0.062836,-0.045035,-0.005268,0.068353,-0.018008,0.065815,0.020314,0.139101,-0.007630,0.046325,0.031553,0.021327,-0.090489,-0.037181,-0.007512,0.001973,0.060235,-0.014642,-0.040779,-0.074624,0.011909,0.045783,-0.034594,-0.062370,0.053057,-0.033594,-0.062369,0.087049,0.015651,-0.065779,0.097124,0.002346,0.162697,-0.008536,0.097957,-0.084434,-0.075972,0.078688,0.067400,0.014761,-0.110475,-0.125573,0.059023,0.089228,-0.133655,0.050077,-0.008102,0.068571,-0.009824,-0.088548,0.042840,0.034458,-0.101343,-0.035379,0.026858"
Q9NZ42,"-0.611559,-0.942399,-1.101187,1.265939,-1.104282,-0.581303,-0.862356,0.900078,-0.756357,0.832042,-0.994458,-1.129633,1.081008,0.844885,1.085968,0.780163,1.410740,-0.675262,1.404321,0.768163,0.539394,-0.945213,-0.741126,-0.848161,0.550400,1.019051,-0.752940,-1.015565,-1.594866,0.672792,0.728677,0.677218,-1.073196,0.867132,-0.768197,-0.830256,1.436005,1.189739,-0.996737,0.905396,-1.176064,1.358587,-0.548603,1.174286,-0.969266,-1.165605,0.999233,0.959136,0.687073,-1.083029,-1.222223,-0.620631,1.224547,-1.454272,0.900014,0.860246,1.308943,-0.541749,-1.230162,0.861504,0.928879,-1.447526,-1.056614,-0.487727"
Q92542,"-0.061690,-0.341909,-0.453943,0.143975,-0.214808,-0.175039,-0.272194,0.251996,-0.164099,0.364760,-0.212768,-0.234218,0.305500,0.217073,0.346600,0.368786,0.419411,-0.219064,0.298198,0.204854,0.269931,-0.369775,-0.230483,-0.184885,0.166462,0.236204,-0.268388,-0.222333,-0.253936,0.212225,0.332432,0.166667,-0.379862,0.268406,-0.226075,-0.271843,0.356854,0.263872,-0.316692,0.551920,-0.169343,0.507603,-0.187244,0.469338,-0.358240,-0.334365,0.307204,0.306809,0.237222,-0.443521,-0.384855,-0.019384,0.293026,-0.504018,0.256253,0.105399,0.336459,-0.159105,-0.366855,0.238615,0.346448,-0.386920,-0.185566,-0.151874"
P49768,"-0.634527,-1.723717,-0.947580,1.213141,-1.474430,-1.418328,-1.865551,1.621778,-1.973175,1.241632,-1.637210,-0.936650,1.709416,0.848909,1.605836,0.985308,2.069769,-1.181666,0.818324,1.786181,1.366718,-1.846975,-1.674027,-1.433911,1.548644,1.786321,-1.262704,-1.621531,-1.299432,1.467316,1.339605,0.660718,-0.865884,1.705177,-1.700790,-1.937217,1.532332,0.961613,-1.712882,1.073755,-1.022810,2.315387,-1.559200,1.529058,-1.830819,-1.579985,1.877082,1.642452,1.466412,-2.005468,-2.081446,-0.816180,1.799104,-0.871045,1.866383,1.551839,0.935043,-1.620209,-1.851044,1.587962,1.196039,-1.625238,-1.661445,-1.356579"
Q9Y243,"-0.197359,-0.056230,-0.113051,0.129804,-0.082221,-0.049768,-0.033403,0.093612,-0.013718,-0.016776,-0.117356,-0.103094,-0.008809,0.121130,0.034114,0.033594,0.099785,-0.007458,0.075271,0.031132,0.053210,0.033137,-0.095314,-0.074718,0.039602,0.073532,0.002163,-0.026790,0.065016,0.073080,0.048016,0.053708,0.076588,0.011520,-0.085304,-0.031197,0.138495,0.102566,-0.065072,-0.070423,-0.047846,-0.044424,-0.076905,-0.063943,0.007001,-0.095757,0.092868,0.045948,0.110760,0.016372,0.050077,-0.067884,-0.045292,0.130305,0.075974,0.117286,-0.042807,-0.026369,0.008141,0.049302,0.032763,0.007614,-0.037876,-0.078220"
Q07869,"-0.499734,-0.881734,-0.619429,0.839631,-0.842387,-0.672745,-0.953190,0.955962,-0.888695,0.268833,-1.108353,-0.510121,0.579807,0.427874,0.614557,0.193327,1.341512,-0.449128,0.456833,0.823730,0.669906,-0.558186,-0.862867,-0.641656,0.814133,0.961323,-0.408135,-0.742154,-0.369155,0.723793,0.676376,0.389662,0.090413,0.788397,-0.931252,-0.861982,0.998020,0.670288,-0.998040,0.045527,-0.553004,0.672657,-0.762274,0.201137,-0.707448,-1.047963,0.816338,0.823178,0.917741,-0.842485,-0.751808,-0.378323,0.608147,0.080210,0.943080,0.866763,0.084003,-0.789899,-0.687064,0.773226,0.440838,-0.396392,-0.483779,-0.578658"
Q07817,"-1.414092,-1.627633,-1.158001,1.496995,-1.615255,-1.631148,-1.799626,1.668663,-2.035393,1.234878,-1.688409,-1.107055,1.674392,1.072763,1.523019,1.057871,1.854472,-1.289505,1.190301,1.772385,1.650725,-1.716078,-1.821259,-1.623845,1.632663,1.764385,-1.316810,-1.628211,-1.442912,1.730969,1.328871,0.966849,-0.855539,1.611157,-1.836951,-1.867278,1.562289,1.015121,-1.564518,0.756994,-1.200648,1.942955,-1.780288,1.270941,-1.705476,-1.593006,1.903742,1.616843,1.591106,-1.719414,-1.746244,-1.407775,1.609649,-0.535653,1.836087,1.807696,1.208358,-1.709490,-1.615699,1.693027,1.185178,-1.627896,-1.846688,-1.773647"
Q92843,"-2.068926,-2.318174,-1.637651,2.497043,-2.500824,-2.386513,-2.662977,2.243590,-3.097108,2.279137,-2.362342,-2.000977,2.901289,1.734043,2.558329,1.868093,2.515428,-2.167462,2.306884,2.670002,2.282393,-2.853737,-2.527207,-2.505897,2.267894,2.675168,-2.283054,-2.740680,-3.487992,2.441581,1.746513,1.571319,-2.255176,2.464726,-2.548091,-2.701649,2.371717,1.761424,-2.147015,1.650331,-2.463822,3.385406,-2.399043,2.679928,-2.729218,-2.145772,2.875292,2.365393,1.957236,-2.638557,-3.060864,-2.420926,3.074456,-2.038426,2.656260,2.767120,2.968340,-2.471372,-2.841228,2.621354,1.991320,-3.352759,-3.421053,-2.592759"
P24385,"-0.272580,-0.456191,-0.311804,0.356984,-0.414310,-0.393565,-0.543724,0.518814,-0.496595,0.103309,-0.642145,-0.158158,0.185224,0.239712,0.243520,0.042029,0.699665,-0.246454,0.045576,0.440458,0.449209,-0.230126,-0.477840,-0.302589,0.486303,0.477499,-0.151344,-0.365967,0.076054,0.448853,0.395518,0.186840,0.263456,0.406357,-0.531230,-0.502288,0.471812,0.243624,-0.536008,-0.089197,-0.188100,0.197079,-0.479829,-0.016648,-0.331603,-0.524863,0.369825,0.432911,0.555639,-0.403648,-0.294904,-0.172447,0.178809,0.339328,0.515777,0.402553,-0.187101,-0.471617,-0.221433,0.425701,0.144848,-0.011481,-0.108723,-0.382801"
O60674,"0.287466,-0.316261,0.072694,-0.071586,-0.068694,-0.124387,-0.302237,0.295291,-0.257085,0.048605,-0.228316,0.086910,0.119235,-0.182280,-0.020171,-0.152776,0.384783,-0.070686,-0.075880,0.237690,0.137909,-0.075187,-0.133927,-0.081620,0.237813,0.273830,0.069005,-0.171456,0.196884,0.016037,0.189867,-0.097340,0.341994,0.275801,-0.192221,-0.203105,0.130727,0.076335,-0.298678,0.042210,0.146247,0.239210,-0.173829,-0.118014,-0.256968,-0.319763,0.090509,0.180639,0.268598,-0.271574,-0.291479,0.216038,0.179152,0.019029,0.164358,0.048605,-0.310724,-0.266201,-0.191105,0.213490,-0.039619,0.056279,0.071648,0.081547"
O75874,"-0.269483,-0.367736,-0.070665,0.165994,-0.216048,-0.232348,-0.275300,0.384898,-0.250421,0.063723,-0.334348,-0.182516,0.169100,0.134671,0.162046,0.051989,0.348496,-0.122020,0.068950,0.291902,0.142549,-0.053902,-0.321517,-0.281677,0.288567,0.372447,-0.052027,-0.207446,0.138505,0.126443,0.188008,0.037303,0.249337,0.252850,-0.316224,-0.217015,0.304050,0.314381,-0.313529,-0.053154,-0.083999,0.211710,-0.301092,-0.104383,-0.248282,-0.315333,0.340591,0.213294,0.376054,-0.199778,-0.177986,-0.008262,0.111546,0.199633,0.322889,0.406883,-0.252686,-0.292567,-0.258164,0.262094,0.123661,-0.094381,-0.216043,-0.157884"
P50213,"0.107408,0.090459,0.182481,-0.170244,0.147457,0.114732,0.113472,-0.094521,0.116838,-0.157034,0.115546,0.152604,-0.145074,-0.154324,-0.154239,-0.160685,-0.118046,0.145120,-0.180986,-0.108111,-0.141171,0.175467,0.102282,0.115270,-0.104739,-0.098081,0.166706,0.137261,0.230750,-0.157114,-0.136146,-0.176195,0.248990,-0.120708,0.104953,0.136593,-0.126010,-0.115780,0.113789,-0.181389,0.172813,-0.127454,0.097628,-0.208925,0.119502,0.117479,-0.104120,-0.140060,-0.087153,0.134306,0.143205,0.181959,-0.163887,0.230674,-0.107661,-0.081822,-0.266128,0.097288,0.119344,-0.119503,-0.157313,0.163393,0.129623,0.135989"
O43837,"0.131177,0.195743,0.158915,-0.171550,0.184836,0.176105,0.202200,-0.192107,0.202828,-0.163922,0.194652,0.155047,-0.190916,-0.143716,-0.188783,-0.149643,-0.219751,0.164590,-0.148436,-0.195512,-0.175246,0.196803,0.190350,0.176463,-0.186666,-0.199768,0.169311,0.188490,0.171088,-0.178887,-0.175596,-0.142952,0.145945,-0.194862,0.192414,0.203038,-0.187320,-0.161238,0.198717,-0.151490,0.162643,-0.214686,0.180826,-0.174144,0.199324,0.192458,-0.196282,-0.193579,-0.181774,0.210066,0.210200,0.141388,-0.196802,0.147087,-0.200843,-0.184049,-0.152015,0.186888,0.198369,-0.187605,-0.168009,0.182016,0.180451,0.168670"
P51553,"0.108014,0.113501,0.167096,-0.151834,0.142295,0.124544,0.126523,-0.115061,0.126231,-0.151604,0.127174,0.143658,-0.143234,-0.144775,-0.149734,-0.151814,-0.129260,0.144193,-0.154868,-0.122349,-0.143297,0.165312,0.117569,0.123512,-0.121561,-0.116149,0.156314,0.138269,0.182423,-0.151713,-0.142134,-0.159868,0.201253,-0.130660,0.118199,0.143458,-0.126798,-0.122139,0.127692,-0.170259,0.152348,-0.132440,0.115414,-0.181989,0.130845,0.126930,-0.117159,-0.143154,-0.110386,0.142471,0.144587,0.155998,-0.154862,0.191260,-0.121824,-0.098427,-0.212516,0.115291,0.126774,-0.129712,-0.152735,0.146944,0.127030,0.135975"
P23458,"0.148249,-0.259865,-0.080575,0.014342,-0.089881,-0.129318,-0.239811,0.249824,-0.178188,0.138115,-0.199976,-0.030128,0.117531,-0.026484,0.020533,-0.011921,0.303961,-0.125037,0.067153,0.181725,0.185058,-0.095309,-0.117057,-0.098089,0.191876,0.218763,-0.002957,-0.165784,0.094911,0.068912,0.222105,0.044230,0.139411,0.232278,-0.156331,-0.171357,0.159050,0.129848,-0.251875,0.167546,0.051816,0.171800,-0.159317,-0.002806,-0.209097,-0.294968,0.073616,0.183474,0.241473,-0.213612,-0.229887,0.073769,0.166660,-0.147578,0.118682,0.014067,-0.095708,-0.208974,-0.146176,0.201380,0.043098,-0.004865,0.051403,0.021930"
P12004,"-1.861891,-1.568236,-0.829119,1.205038,-1.299911,-1.364852,-1.388925,1.599858,-1.401058,0.608445,-1.578601,-1.085595,1.108805,1.077538,1.315393,0.961785,1.704144,-0.719818,0.514548,1.465824,1.080314,-0.904135,-1.831443,-1.469898,1.335191,1.619636,-0.865786,-1.100317,-0.081465,1.198862,0.961032,0.390183,0.107183,1.185672,-1.721765,-1.295415,1.654324,1.144573,-1.397586,-0.173016,-0.942530,1.490925,-1.593592,0.406019,-1.272521,-1.318434,1.996296,1.220300,1.645833,-1.195687,-0.950415,-0.532211,0.769009,0.726660,1.844430,2.160569,-0.313169,-1.272963,-1.361059,1.257966,0.897975,-1.113742,-1.620507,-1.479681"
P69905,"-0.361253,-0.351939,-0.104642,0.221073,-0.276758,-0.319909,-0.337504,0.324732,-0.392345,0.225130,-0.302181,-0.211203,0.335119,0.166413,0.291404,0.201876,0.321278,-0.201573,0.185132,0.365454,0.249347,-0.254726,-0.374678,-0.345457,0.307188,0.382078,-0.216103,-0.308429,-0.239847,0.247378,0.168297,0.056900,-0.050512,0.301328,-0.373219,-0.292216,0.313377,0.226180,-0.269336,0.046191,-0.254567,0.456430,-0.353734,0.185877,-0.357544,-0.252703,0.439373,0.245035,0.306944,-0.312984,-0.331520,-0.170327,0.302019,0.011502,0.386474,0.478326,0.089996,-0.338114,-0.387248,0.341509,0.189023,-0.402539,-0.475645,-0.338956"
O75417,"0.122875,0.145318,0.166743,-0.166956,0.159473,0.148857,0.158398,-0.142424,0.161227,-0.168963,0.150775,0.157551,-0.170878,-0.146166,-0.166525,-0.157123,-0.161531,0.156645,-0.174122,-0.152223,-0.160746,0.182882,0.140714,0.147575,-0.145726,-0.148837,0.167913,0.166122,0.203648,-0.161211,-0.156136,-0.155233,0.189786,-0.159534,0.143931,0.166551,-0.153277,-0.141880,0.152927,-0.177893,0.165848,-0.173908,0.141472,-0.193312,0.161260,0.155766,-0.146788,-0.165206,-0.136571,0.172162,0.179017,0.163324,-0.184360,0.200179,-0.146865,-0.133028,-0.215235,0.144424,0.161762,-0.159178,-0.159027,0.174171,0.159920,0.148719"
P06746,"0.169078,0.106911,0.184445,-0.153884,0.135517,0.126216,0.103748,-0.103825,0.097719,-0.163141,0.110479,0.170954,-0.136703,-0.176430,-0.159636,-0.188821,-0.102640,0.137243,-0.172549,-0.108095,-0.138710,0.149724,0.122307,0.129787,-0.107171,-0.104805,0.166773,0.123001,0.175529,-0.146863,-0.136840,-0.166114,0.219723,-0.111960,0.114077,0.115728,-0.136860,-0.136955,0.111714,-0.175981,0.169014,-0.124354,0.114913,-0.187721,0.117635,0.109372,-0.131544,-0.130797,-0.106730,0.123160,0.113422,0.167095,-0.132997,0.189740,-0.118120,-0.117459,-0.215387,0.098026,0.124913,-0.118415,-0.167486,0.164821,0.147276,0.149392"
Q9UHN1,"0.738496,0.499782,0.951031,-0.688228,0.548022,0.475802,0.515387,-0.463237,0.498771,-0.654562,0.537612,0.744985,-0.556629,-0.693438,-0.642534,-0.641919,-0.682842,0.566423,-1.153588,-0.445401,-0.653692,0.574309,0.611173,0.597066,-0.445880,-0.537118,0.625193,0.584952,1.108161,-0.600425,-0.534562,-0.741521,0.882817,-0.492644,0.563288,0.514400,-0.711016,-0.752802,0.496893,-1.007500,0.705756,-0.660642,0.473371,-0.790797,0.463847,0.697872,-0.678356,-0.535575,-0.511870,0.622075,0.614731,0.906712,-0.536781,0.946936,-0.488831,-0.583998,-1.207266,0.537654,0.571627,-0.567346,-0.739475,0.792395,0.598967,0.581331"
P54098,"0.738496,0.499782,0.951031,-0.688228,0.548022,0.475802,0.515387,-0.463237,0.498771,-0.654562,0.537612,0.744985,-0.556629,-0.693438,-0.642534,-0.641919,-0.682842,0.566423,-1.153588,-0.445401,-0.653692,0.574309,0.611173,0.597066,-0.445880,-0.537118,0.625193,0.584952,1.108161,-0.600425,-0.534562,-0.741521,0.882817,-0.492644,0.563288,0.514400,-0.711016,-0.752802,0.496893,-1.007500,0.705756,-0.660642,0.473371,-0.790797,0.463847,0.697872,-0.678356,-0.535575,-0.511870,0.622075,0.614731,0.906712,-0.536781,0.946936,-0.488831,-0.583998,-1.207266,0.537654,0.571627,-0.567346,-0.739475,0.792395,0.598967,0.581331"
P56282,"0.337457,-0.051360,0.421182,-0.178300,0.034020,0.071976,-0.052848,0.052360,-0.071669,-0.287429,-0.034325,0.283354,-0.047179,-0.352547,-0.138671,-0.371156,0.096554,0.173476,-0.429754,0.046786,-0.203359,0.132709,0.031344,0.092210,0.019646,0.079082,0.247750,0.061960,0.303988,-0.176057,-0.152591,-0.364965,0.512353,0.024691,-0.014614,0.003393,-0.049690,-0.162667,-0.042192,-0.486961,0.202174,0.044471,0.039098,-0.331712,-0.034003,0.010462,-0.039384,-0.041112,-0.021572,-0.011099,-0.034372,0.406045,-0.022717,0.420092,0.059598,0.024090,-0.600973,-0.013297,-0.027073,-0.047619,-0.252901,0.144942,0.083225,0.198367"
Q9HCU8,"0.351315,0.183327,0.405964,-0.342566,0.263991,0.217118,0.183917,-0.172820,0.187356,-0.296259,0.225456,0.379582,-0.244677,-0.384594,-0.296900,-0.347820,-0.225249,0.267588,-0.479783,-0.192297,-0.272203,0.271790,0.224006,0.271552,-0.180699,-0.206084,0.317819,0.270915,0.469619,-0.269855,-0.239654,-0.360439,0.464218,-0.199990,0.221570,0.220260,-0.308826,-0.326974,0.191169,-0.430268,0.391722,-0.249867,0.194941,-0.403508,0.182938,0.242446,-0.258090,-0.224014,-0.203503,0.216311,0.241728,0.398297,-0.261117,0.434551,-0.209004,-0.245539,-0.540972,0.187044,0.248452,-0.239051,-0.335032,0.360489,0.292032,0.298640"
P28340,"0.089649,-0.106150,0.097577,0.066311,-0.080966,-0.029920,-0.136920,0.104204,-0.160009,-0.054738,-0.125056,0.028106,0.089164,-0.102398,0.041185,-0.131022,0.207216,0.014204,-0.013788,0.115851,-0.022730,-0.053149,-0.078688,-0.052002,0.072420,0.153962,0.031697,-0.104507,-0.102583,-0.000793,-0.021081,-0.100350,0.126043,0.102245,-0.097724,-0.103298,0.101365,0.033448,-0.107995,-0.121252,-0.026802,0.173030,-0.043378,-0.033811,-0.105300,-0.116222,0.108306,0.069615,0.054062,-0.121119,-0.169175,0.059438,0.131380,0.062697,0.120338,0.129463,-0.062769,-0.093156,-0.134035,0.083282,-0.041246,-0.081112,-0.095836,0.023526"
Q16881,"0.192484,0.167208,0.197600,-0.185400,0.178215,0.172217,0.163962,-0.165710,0.164095,-0.187426,0.168014,0.191021,-0.181677,-0.193159,-0.189569,-0.199413,-0.165164,0.171924,-0.189769,-0.168242,-0.179231,0.185071,0.176232,0.177672,-0.161048,-0.167430,0.185330,0.173167,0.186826,-0.185270,-0.172352,-0.176771,0.200954,-0.166418,0.171105,0.170317,-0.182031,-0.171362,0.165609,-0.181545,0.186024,-0.180926,0.170928,-0.200089,0.172526,0.164910,-0.184733,-0.174366,-0.165357,0.172879,0.169634,0.180383,-0.177461,0.181819,-0.174446,-0.171690,-0.206037,0.157191,0.176778,-0.173299,-0.187520,0.197967,0.192666,0.187940"
P08684,"0.175804,0.189608,0.185676,-0.194341,0.189644,0.176843,0.187095,-0.187964,0.183377,-0.175259,0.189788,0.185915,-0.189837,-0.179638,-0.194110,-0.181501,-0.206433,0.170211,-0.184895,-0.184668,-0.173527,0.187816,0.191177,0.185227,-0.174439,-0.194516,0.178314,0.183968,0.180662,-0.180745,-0.178623,-0.164376,0.172375,-0.183574,0.187841,0.186568,-0.206045,-0.185949,0.191513,-0.166098,0.184300,-0.203543,0.179732,-0.185752,0.187136,0.193410,-0.202088,-0.187567,-0.182486,0.192468,0.191688,0.163545,-0.189978,0.168129,-0.194353,-0.192393,-0.171293,0.173529,0.195811,-0.183044,-0.183270,0.200148,0.194671,0.175995"
Q9UBC3,"-0.496730,-0.340737,-0.201604,0.267611,-0.259666,-0.265935,-0.267947,0.367805,-0.219846,0.043143,-0.379265,-0.251931,0.145430,0.284610,0.266798,0.180613,0.382621,-0.093039,0.026101,0.273391,0.171522,-0.091530,-0.429093,-0.302540,0.263728,0.355416,-0.121361,-0.166600,0.194773,0.226912,0.186181,0.048969,0.169038,0.194635,-0.370574,-0.222349,0.396620,0.290228,-0.302543,-0.152371,-0.147240,0.176009,-0.340515,-0.054231,-0.207124,-0.283784,0.465729,0.246687,0.388768,-0.185562,-0.070451,-0.047582,0.023888,0.360646,0.410998,0.509788,-0.253441,-0.229242,-0.222792,0.227149,0.173798,-0.127647,-0.298318,-0.304495"
P14780,"0.203239,-0.021950,0.090698,-0.113067,0.077151,0.038600,0.018893,0.023332,0.036041,-0.014702,0.039659,0.045376,-0.034581,-0.078417,-0.058907,-0.059219,0.005923,0.020931,-0.067309,-0.014264,-0.028605,0.039153,0.049290,0.029707,-0.009732,0.002084,0.069606,0.021245,0.169105,-0.082171,0.036221,-0.051694,0.096858,0.021486,0.063203,0.035091,-0.053908,-0.021816,-0.025664,0.029822,0.126530,-0.019350,0.042606,-0.058898,0.002334,-0.014716,-0.088336,0.003031,0.015484,-0.003857,-0.000894,0.152959,0.006886,-0.082472,-0.062306,-0.107559,-0.140877,0.010654,0.009176,-0.023014,-0.035465,0.106298,0.129794,0.125415"
P05067,"-22.879646,-28.200310,-24.079416,26.022556,-27.710918,-27.336139,-29.126991,27.457241,-30.324578,25.951963,-27.488652,-24.179317,29.083384,22.731056,27.424515,24.203217,28.422607,-26.768037,25.277540,28.933732,26.660906,-28.800735,-27.250539,-26.761332,28.333001,28.433586,-26.907604,-28.069581,-29.271428,27.064625,26.135020,23.756295,-24.261650,28.509986,-28.136966,-29.523542,26.319466,25.037666,-28.016507,24.829809,-26.493690,30.844104,-27.477553,26.757744,-29.476757,-27.084514,27.937793,27.602337,26.402458,-29.695661,-30.616316,-25.306778,29.426258,-23.905923,28.634085,27.719613,25.910361,-28.957648,-29.611949,28.310935,25.974047,-28.518900,-28.841017,-26.777512"
P11532,"0.111471,-0.204299,0.078741,0.205623,-0.194275,-0.031594,-0.223339,0.212043,-0.226306,-0.117614,-0.265193,-0.037202,0.148187,-0.122226,0.094414,-0.209117,0.429022,0.035112,0.068705,0.184963,-0.067028,-0.057400,-0.130382,-0.095992,0.115633,0.284021,0.050307,-0.179031,-0.202796,-0.011695,-0.006711,-0.119214,0.197247,0.181385,-0.172968,-0.156098,0.269824,0.168036,-0.237845,-0.200358,-0.114478,0.268847,-0.045180,-0.069974,-0.165615,-0.271269,0.184475,0.139976,0.124071,-0.210270,-0.280934,0.106244,0.223549,0.054937,0.213636,0.243365,-0.093410,-0.129803,-0.249484,0.138814,-0.032576,-0.134635,-0.137830,0.083775"
P53350,"-4.262616,-2.591230,-3.454208,3.580615,-3.131479,-2.807502,-2.676685,2.893690,-2.594499,1.966788,-3.361397,-2.934653,2.237997,3.340872,3.044689,2.611415,3.381368,-2.032090,2.319430,2.577041,3.045865,-2.548411,-3.569229,-2.911525,2.530985,2.838841,-2.507000,-2.435862,-1.709732,3.496593,2.562309,2.540012,-1.812456,2.217461,-3.306411,-2.959681,3.562480,2.392360,-2.771759,1.104445,-2.591725,2.134076,-3.110234,2.071222,-2.204168,-2.832228,3.592320,2.916513,3.080702,-2.401827,-1.773676,-2.978269,1.750574,-0.167473,3.366046,3.502343,2.207630,-2.330949,-2.051552,2.637700,2.594342,-2.312925,-2.913540,-3.612424"
Q01668,"0.163092,0.207545,0.173162,-0.186205,0.196207,0.188546,0.208192,-0.203647,0.208186,-0.176796,0.204018,0.175205,-0.201186,-0.164845,-0.201331,-0.169212,-0.225245,0.173342,-0.166205,-0.204948,-0.184746,0.200827,0.205180,0.192492,-0.194070,-0.211122,0.179731,0.197339,0.177580,-0.188632,-0.183891,-0.153408,0.154802,-0.201984,0.205023,0.206573,-0.205504,-0.179240,0.206525,-0.158067,0.177903,-0.224922,0.194251,-0.183171,0.207703,0.201439,-0.214482,-0.200905,-0.195188,0.213819,0.213227,0.154241,-0.202137,0.151857,-0.212918,-0.204483,-0.158426,0.194428,0.210865,-0.198006,-0.180871,0.200118,0.201210,0.184201"
Q13936,"0.343035,-0.404595,0.299610,0.128929,-0.256902,-0.121273,-0.452659,0.392014,-0.480603,-0.184301,-0.433949,0.129378,0.259863,-0.352816,0.139889,-0.390098,0.710949,0.045231,-0.156925,0.398593,-0.040029,-0.147302,-0.255780,-0.144502,0.314593,0.499578,0.084072,-0.288186,-0.099933,0.005011,0.040026,-0.302104,0.469052,0.376474,-0.349217,-0.361818,0.313532,0.124656,-0.439221,-0.366046,-0.038857,0.517557,-0.169111,-0.171044,-0.359048,-0.418258,0.320795,0.259610,0.261682,-0.443994,-0.533814,0.289118,0.365907,0.265694,0.408215,0.395753,-0.400745,-0.343248,-0.434904,0.260840,-0.096767,-0.098405,-0.164004,0.118120"
O75907,"0.206494,0.180804,0.217762,-0.220070,0.197965,0.183741,0.178576,-0.180337,0.176810,-0.201771,0.184752,0.218171,-0.199934,-0.212710,-0.208906,-0.215904,-0.188089,0.188276,-0.225513,-0.181960,-0.190332,0.202518,0.191403,0.192300,-0.168530,-0.184331,0.201658,0.190226,0.229948,-0.202049,-0.183044,-0.191095,0.229677,-0.179716,0.186320,0.185184,-0.210186,-0.192614,0.179856,-0.190620,0.211090,-0.204500,0.178314,-0.223900,0.184834,0.185685,-0.206532,-0.193892,-0.173771,0.185473,0.185828,0.206156,-0.201793,0.217211,-0.189713,-0.193440,-0.240624,0.166622,0.194346,-0.187001,-0.204403,0.225122,0.214718,0.198737"
Q9BQB6,"-0.508673,-1.017655,-1.291216,0.565431,-0.791225,-0.813137,-0.914106,0.744336,-0.803091,1.367085,-0.651706,-0.866877,1.155638,0.932000,1.260956,1.402345,0.952123,-0.996411,0.981738,0.884624,1.002054,-1.405964,-0.831225,-0.808643,0.780306,0.784984,-1.218367,-0.892038,-1.192560,0.938485,1.091072,0.856199,-1.648855,0.991588,-0.818548,-1.018134,0.878071,0.802099,-0.941804,1.822800,-0.893567,1.579990,-0.784362,1.775804,-1.198195,-0.810966,1.026179,1.005901,0.737096,-1.406636,-1.319036,-0.568005,1.170270,-1.702415,0.910825,0.556751,1.405685,-0.770126,-1.265442,0.918779,1.256678,-1.391220,-0.935485,-0.910934"
P50897,"0.077127,-0.004468,0.151768,-0.157773,0.034555,-0.022404,-0.015895,-0.037320,-0.069278,-0.011301,0.058610,0.140516,0.025655,-0.122167,-0.021539,-0.036606,-0.098844,-0.012926,-0.193593,0.044054,-0.005813,-0.032458,0.008714,0.018934,0.046040,-0.016752,-0.003331,0.018474,0.045243,-0.006543,-0.049579,-0.097349,0.053391,0.015457,-0.016359,-0.030688,-0.134829,-0.131666,0.039256,-0.063008,0.041175,0.079406,-0.027091,-0.002495,-0.062374,0.118262,-0.017222,-0.044035,-0.039193,-0.040383,-0.039731,0.103903,0.020201,0.129313,0.028854,0.000231,-0.121885,-0.050929,-0.031150,0.019983,-0.043258,-0.025723,-0.038660,-0.052800"
P11802,"-1.901702,-1.257597,-1.214965,1.368153,-1.269808,-1.221114,-1.178677,1.351433,-1.160049,0.814678,-1.417393,-1.236884,0.998791,1.353393,1.285498,1.096750,1.454543,-0.816193,0.922971,1.202771,1.157985,-0.947727,-1.620917,-1.366215,1.119537,1.356980,-0.957792,-1.060039,-0.527743,1.299587,0.996131,0.837956,-0.509965,1.017097,-1.487363,-1.164679,1.561207,1.158405,-1.197055,0.309863,-1.056612,1.115341,-1.396436,0.722134,-1.039720,-1.225679,1.725055,1.162963,1.413520,-1.018427,-0.802749,-1.037932,0.739786,0.112425,1.524364,1.765242,0.499682,-1.078245,-1.060323,1.159960,1.040857,-1.113824,-1.428490,-1.476314"
Q00534,"-0.439242,-0.501154,-0.167844,0.245400,-0.336663,-0.360365,-0.443788,0.529099,-0.408515,0.055093,-0.536153,-0.185355,0.207321,0.215975,0.273576,0.087931,0.600309,-0.129583,-0.013292,0.433551,0.291113,-0.129766,-0.548228,-0.373023,0.427080,0.509874,-0.091877,-0.275915,0.258864,0.309517,0.272360,0.024390,0.358294,0.352106,-0.541187,-0.366587,0.472908,0.309328,-0.463542,-0.200197,-0.111596,0.306026,-0.479325,-0.120250,-0.331235,-0.453316,0.559624,0.338037,0.552831,-0.337310,-0.228834,-0.022230,0.090937,0.496250,0.545533,0.595512,-0.413228,-0.415653,-0.316229,0.355086,0.153459,-0.104745,-0.281027,-0.342312"
Q9UBS5,"0.261064,0.093447,0.272589,-0.216745,0.162837,0.131963,0.090799,-0.102451,0.073283,-0.202764,0.115312,0.235475,-0.139886,-0.252669,-0.159178,-0.230459,-0.072997,0.164660,-0.259360,-0.087210,-0.164931,0.147108,0.125613,0.148293,-0.084302,-0.093833,0.173725,0.135124,0.236719,-0.168586,-0.140064,-0.222801,0.263748,-0.095750,0.110899,0.106757,-0.172875,-0.177996,0.090660,-0.211448,0.206303,-0.107825,0.126283,-0.214107,0.105521,0.117947,-0.138722,-0.131930,-0.104609,0.079358,0.089226,0.237859,-0.122206,0.241100,-0.111657,-0.113373,-0.304799,0.078170,0.102406,-0.131840,-0.186647,0.221880,0.179319,0.185584"
O75899,"0.245477,0.144887,0.246055,-0.236025,0.196307,0.169708,0.140469,-0.149572,0.139290,-0.216925,0.160312,0.246173,-0.190325,-0.250233,-0.208654,-0.246792,-0.141360,0.187954,-0.261390,-0.150266,-0.182363,0.191839,0.166445,0.187931,-0.139583,-0.152756,0.211708,0.178950,0.256235,-0.198057,-0.175332,-0.225023,0.284826,-0.152972,0.157482,0.153758,-0.204968,-0.201908,0.149690,-0.217254,0.239333,-0.168093,0.157486,-0.246264,0.157100,0.158732,-0.182914,-0.173703,-0.148562,0.149224,0.156889,0.239027,-0.189769,0.258178,-0.159482,-0.170814,-0.296782,0.132616,0.173826,-0.169265,-0.216616,0.240565,0.219609,0.201872"
P42336,"-0.458017,-0.382328,-0.316809,0.440438,-0.413695,-0.329341,-0.386339,0.442035,-0.370818,0.031416,-0.526360,-0.276406,0.224502,0.296935,0.395823,0.149635,0.631093,-0.115756,0.092115,0.361414,0.320706,-0.268755,-0.529297,-0.351510,0.359336,0.439036,-0.228799,-0.270985,-0.011894,0.419400,0.295682,0.168982,0.052808,0.296532,-0.491121,-0.429343,0.516722,0.262441,-0.452840,-0.125467,-0.231556,0.284049,-0.397666,0.081262,-0.261410,-0.435897,0.521798,0.406963,0.460258,-0.376350,-0.212373,-0.214938,0.149968,0.316745,0.530309,0.554005,-0.028316,-0.309813,-0.262065,0.298453,0.262123,-0.131780,-0.286825,-0.395955"
P46098,"0.224881,0.160552,0.227832,-0.223570,0.196282,0.174417,0.157400,-0.163091,0.156514,-0.206893,0.171239,0.228431,-0.193040,-0.228886,-0.206823,-0.227397,-0.162331,0.184301,-0.237594,-0.163937,-0.182959,0.194086,0.176128,0.189071,-0.153204,-0.167347,0.203714,0.183548,0.236571,-0.195701,-0.177471,-0.207120,0.252320,-0.165225,0.169367,0.166962,-0.205102,-0.196241,0.163899,-0.202458,0.223976,-0.182300,0.166677,-0.230491,0.169751,0.169409,-0.190806,-0.180503,-0.160218,0.165372,0.170973,0.217831,-0.192861,0.231598,-0.172841,-0.179231,-0.262193,0.148069,0.183085,-0.176451,-0.207680,0.230453,0.215009,0.197454"
Q02750,"-0.182350,-0.401209,-0.154543,0.224948,-0.295104,-0.292786,-0.411435,0.439348,-0.360680,0.036463,-0.490713,-0.105278,0.137614,0.128411,0.165782,-0.020968,0.535678,-0.170813,-0.021307,0.346461,0.292486,-0.120913,-0.387849,-0.260186,0.385431,0.415733,-0.063712,-0.256107,0.189363,0.274713,0.293241,0.096793,0.329756,0.314920,-0.412392,-0.386925,0.358995,0.231647,-0.428156,-0.097110,-0.073045,0.175029,-0.377195,-0.117299,-0.266582,-0.414678,0.318057,0.320088,0.462322,-0.296833,-0.225752,-0.044083,0.112145,0.327869,0.409366,0.355811,-0.277086,-0.384164,-0.189484,0.327569,0.096782,0.028105,-0.085684,-0.228356"
P36507,"-0.079281,-0.223162,-0.014667,0.074680,-0.126528,-0.152203,-0.210449,0.239681,-0.196268,0.004213,-0.230185,-0.024737,0.074758,0.019744,0.057683,-0.042653,0.257504,-0.073571,-0.035075,0.187342,0.130936,-0.040240,-0.201347,-0.141137,0.203384,0.225351,-0.001756,-0.123714,0.147686,0.107381,0.134667,0.007463,0.240083,0.164771,-0.213110,-0.189548,0.164051,0.114839,-0.212920,-0.073766,0.014952,0.107795,-0.206878,-0.112007,-0.147793,-0.214316,0.175045,0.149015,0.246947,-0.141695,-0.118645,0.004974,0.048193,0.210740,0.204021,0.202309,-0.215002,-0.214821,-0.108702,0.166828,0.024432,0.027634,-0.055387,-0.093601"
P0AFI2,"0.198878,0.201157,0.231982,-0.214071,0.205543,0.199517,0.203905,-0.195462,0.203353,-0.196042,0.201900,0.217771,-0.208703,-0.209070,-0.226032,-0.197875,-0.224328,0.188080,-0.234060,-0.198225,-0.201552,0.227106,0.210131,0.204741,-0.183620,-0.212983,0.200539,0.209545,0.229605,-0.196410,-0.203655,-0.185171,0.213199,-0.197662,0.204472,0.201198,-0.218953,-0.207331,0.198026,-0.211898,0.212194,-0.217159,0.195519,-0.216691,0.203971,0.204814,-0.224719,-0.213335,-0.196150,0.199764,0.211329,0.183978,-0.202616,0.212702,-0.206192,-0.211486,-0.232153,0.188139,0.221284,-0.202836,-0.196776,0.226741,0.221263,0.211190"
P25963,"-2.965401,-1.793751,-2.038039,2.139390,-1.873840,-1.705122,-1.638498,1.997653,-1.473932,0.982816,-2.231277,-1.902336,1.202615,2.204923,1.872329,1.645148,2.253054,-1.104400,1.259148,1.635553,1.650252,-1.195578,-2.403288,-1.904966,1.592881,1.927082,-1.344379,-1.393978,-0.360349,1.946736,1.524957,1.313790,-0.578177,1.351910,-2.174572,-1.659494,2.424002,1.819128,-1.830767,0.319476,-1.542382,1.272830,-1.995975,0.860271,-1.290471,-1.851419,2.507803,1.693076,2.171584,-1.359797,-0.881738,-1.435562,0.753497,0.520055,2.262444,2.573591,0.450369,-1.444463,-1.342706,1.567522,1.561704,-1.290151,-1.805766,-2.138636"
P11474,"0.107789,-0.047408,0.090889,-0.017883,-0.015216,-0.012047,-0.092748,0.070584,-0.080751,-0.129901,-0.107897,0.125603,-0.052026,-0.116448,-0.030747,-0.161706,0.170469,0.057718,-0.183065,0.048005,0.008203,0.024472,-0.064127,0.028491,0.063815,0.066453,0.080715,-0.000480,0.174277,0.012978,0.003536,-0.104532,0.247339,0.034596,-0.077064,-0.090396,0.029552,-0.073568,-0.082419,-0.215629,0.088051,0.002521,-0.047662,-0.165315,-0.008519,-0.067755,0.029300,0.044851,0.070410,-0.047868,-0.015915,0.118315,-0.050826,0.285157,0.089364,0.046693,-0.254277,-0.056901,0.033459,0.008929,-0.096837,0.146816,0.095992,0.022702"
Q16602,"0.206871,0.143077,0.182407,-0.200915,0.180023,0.164311,0.143384,-0.148250,0.151613,-0.176712,0.154421,0.202243,-0.174652,-0.206499,-0.185450,-0.195763,-0.137298,0.171829,-0.205357,-0.154037,-0.155665,0.169980,0.158869,0.176027,-0.147050,-0.153500,0.184731,0.170489,0.220231,-0.175271,-0.154093,-0.188448,0.218106,-0.150680,0.152510,0.152084,-0.175716,-0.179079,0.146321,-0.160275,0.210273,-0.152008,0.155227,-0.196321,0.151194,0.147599,-0.167022,-0.163046,-0.142821,0.145428,0.150014,0.208558,-0.172872,0.192557,-0.158435,-0.174141,-0.218651,0.143976,0.167120,-0.156864,-0.183713,0.201602,0.197402,0.182901"
P21453,"0.223375,0.203725,0.219818,-0.205191,0.201807,0.203817,0.204735,-0.193379,0.210173,-0.205882,0.201716,0.207956,-0.211018,-0.200146,-0.210187,-0.201828,-0.224306,0.199577,-0.249342,-0.199272,-0.209294,0.201471,0.227075,0.215235,-0.199659,-0.215170,0.204882,0.197256,0.241955,-0.219264,-0.191821,-0.206269,0.213696,-0.193238,0.215898,0.197802,-0.219708,-0.201946,0.194223,-0.210461,0.213067,-0.213003,0.205766,-0.208151,0.192983,0.219684,-0.235422,-0.203107,-0.195567,0.224483,0.202066,0.235627,-0.205658,0.205205,-0.204769,-0.219648,-0.240282,0.208228,0.204363,-0.208546,-0.219198,0.235304,0.218210,0.213411"
Q01726,"0.162772,0.183290,0.173891,-0.184061,0.179885,0.162832,0.176331,-0.184795,0.166954,-0.156524,0.186015,0.175616,-0.171960,-0.168670,-0.183851,-0.162525,-0.205405,0.152502,-0.169736,-0.174473,-0.157687,0.166549,0.183064,0.174613,-0.165266,-0.187331,0.161450,0.172075,0.157961,-0.163610,-0.169939,-0.151984,0.150083,-0.175493,0.179487,0.174333,-0.200600,-0.182576,0.188212,-0.145539,0.171794,-0.189925,0.167675,-0.162823,0.174230,0.187246,-0.191635,-0.178577,-0.179014,0.181094,0.179150,0.143434,-0.171509,0.147898,-0.187592,-0.186226,-0.144239,0.163055,0.184979,-0.169170,-0.171101,0.175223,0.173979,0.156862"
P32245,"0.132148,0.193329,0.139887,-0.162455,0.170944,0.159098,0.185540,-0.192345,0.175354,-0.132735,0.189516,0.149722,-0.163717,-0.136581,-0.168494,-0.127804,-0.221279,0.136145,-0.128628,-0.180295,-0.148024,0.156342,0.184962,0.166647,-0.169912,-0.195217,0.137523,0.167828,0.113842,-0.150574,-0.161536,-0.121662,0.092903,-0.179588,0.184044,0.176053,-0.195995,-0.168664,0.195977,-0.110588,0.140384,-0.188758,0.168602,-0.127995,0.176697,0.194075,-0.190607,-0.178575,-0.184796,0.184882,0.180204,0.105776,-0.163045,0.104086,-0.192094,-0.186514,-0.082807,0.168300,0.183563,-0.167057,-0.146924,0.150403,0.155826,0.139561"
Q15910,"-0.371157,-0.615706,-0.306179,0.443605,-0.497199,-0.435100,-0.664537,0.697841,-0.585485,-0.126744,-0.839534,-0.135855,0.223012,0.169922,0.459486,-0.008324,1.064135,-0.083639,-0.231429,0.559185,0.363022,-0.326976,-0.769049,-0.386686,0.585521,0.679736,-0.183355,-0.337113,0.338258,0.499409,0.386903,-0.014077,0.455739,0.440180,-0.725796,-0.669855,0.632460,0.253743,-0.703437,-0.423801,-0.137161,0.396065,-0.593905,-0.168240,-0.412148,-0.632246,0.741041,0.566114,0.697575,-0.595349,-0.320858,0.071946,0.113170,0.859464,0.837278,0.779753,-0.529146,-0.487065,-0.337849,0.422605,0.206525,0.053217,-0.222798,-0.470680"
Q08209,"0.142346,-0.362014,0.126754,0.057783,-0.198665,-0.182238,-0.407796,0.353377,-0.418812,-0.090902,-0.372391,0.103012,0.180373,-0.182943,0.144020,-0.220424,0.549007,-0.032191,-0.202724,0.346549,0.103211,-0.170684,-0.311519,-0.165774,0.323454,0.396214,0.005331,-0.230196,0.082533,0.114130,0.119860,-0.160010,0.377939,0.310795,-0.344057,-0.357851,0.214959,0.074737,-0.368665,-0.205731,0.036752,0.359080,-0.254401,-0.126395,-0.310538,-0.328852,0.309232,0.251533,0.303200,-0.382541,-0.360933,0.169742,0.197442,0.353764,0.387095,0.335618,-0.350256,-0.341361,-0.283025,0.246527,-0.014765,-0.012495,-0.115288,-0.070659"
P04578,"0.278966,-0.017666,0.271745,-0.231184,0.084972,0.083738,0.022325,0.011924,0.004937,-0.206748,0.000789,0.185246,-0.075305,-0.245812,-0.107690,-0.231113,0.049353,0.147919,-0.261486,-0.002710,-0.144555,0.162021,0.041223,0.081934,0.003353,0.003661,0.194569,0.095583,0.297768,-0.142117,-0.088441,-0.294066,0.359616,-0.008016,0.026482,0.070684,-0.096224,-0.145855,-0.006104,-0.291403,0.178623,0.006013,0.074074,-0.257877,0.019951,0.045216,-0.058526,-0.058992,-0.009800,-0.003554,0.023246,0.350084,-0.075507,0.258444,0.001265,-0.054686,-0.427204,0.010190,-0.012117,-0.082531,-0.163851,0.164973,0.120217,0.175699"
P48764,"0.161711,0.207130,0.172675,-0.185714,0.194618,0.187061,0.207261,-0.203387,0.206775,-0.174453,0.203749,0.174131,-0.199678,-0.164160,-0.199894,-0.167993,-0.225058,0.171867,-0.165264,-0.203998,-0.182393,0.199144,0.204277,0.190696,-0.193058,-0.210687,0.178132,0.195584,0.174891,-0.187106,-0.183166,-0.151473,0.151405,-0.200589,0.203733,0.205656,-0.205143,-0.179169,0.206444,-0.156943,0.175746,-0.223604,0.193324,-0.180858,0.206082,0.201333,-0.214214,-0.199902,-0.194658,0.212609,0.212142,0.151974,-0.200188,0.149536,-0.212260,-0.203470,-0.154603,0.193486,0.210544,-0.196360,-0.179938,0.197913,0.199482,0.182265"
P07333,"0.175857,0.009979,0.118748,-0.090465,0.065137,0.077815,0.018189,-0.022537,0.032557,-0.104450,0.037918,0.100946,-0.050116,-0.145381,-0.060545,-0.136021,0.033104,0.092881,-0.107696,-0.032335,-0.102243,0.055921,0.055102,0.072595,-0.041683,-0.013160,0.090240,0.047192,0.079754,-0.111727,-0.062231,-0.122379,0.138454,-0.020053,0.048415,0.042692,-0.040212,-0.045162,0.004870,-0.082656,0.098121,0.002080,0.074897,-0.097484,0.021630,0.008907,-0.050719,-0.038829,-0.043777,-0.002171,-0.003513,0.160521,-0.029363,0.066019,-0.034300,-0.045034,-0.156877,0.038112,0.007369,-0.055455,-0.082726,0.080987,0.094298,0.131692"
P10721,"-0.646302,-2.954437,-2.112238,1.721112,-2.056662,-2.238966,-2.689210,2.772872,-2.356177,2.698046,-2.279588,-2.156261,2.556866,1.679344,2.145152,2.029109,2.951681,-2.407617,2.330117,2.520232,2.345452,-2.496584,-2.081282,-2.216575,2.482204,2.696506,-2.090621,-2.580588,-1.856030,1.805626,2.837000,2.108315,-1.866120,2.890788,-2.144384,-2.411984,2.399768,2.580071,-2.897724,3.200253,-1.685331,2.837631,-2.214833,2.324871,-2.857586,-3.021770,1.992462,2.698680,2.571052,-2.944090,-3.048705,-1.362929,2.888978,-3.554735,2.126937,1.649079,1.781532,-2.543967,-2.788962,2.549857,2.333586,-2.139942,-1.586722,-1.384495"
Q16620,"0.173865,0.159476,0.179168,-0.181137,0.173167,0.154363,0.158658,-0.155688,0.159985,-0.173658,0.162703,0.173766,-0.173030,-0.170041,-0.169169,-0.172125,-0.164429,0.162159,-0.197350,-0.157328,-0.161295,0.165420,0.160402,0.167708,-0.143672,-0.161972,0.157572,0.167458,0.191672,-0.165092,-0.152795,-0.150986,0.175192,-0.154627,0.163682,0.161845,-0.183727,-0.164441,0.152567,-0.159950,0.177613,-0.187807,0.155696,-0.177331,0.168390,0.155736,-0.177257,-0.155360,-0.152736,0.153397,0.172931,0.160528,-0.173702,0.166141,-0.163272,-0.162528,-0.195735,0.149858,0.173807,-0.170700,-0.157002,0.204903,0.195428,0.166898"
Q16288,"0.194207,-0.370578,0.002425,-0.037911,-0.094041,-0.202491,-0.336532,0.329518,-0.285880,0.118027,-0.229052,-0.004950,0.211560,-0.065091,0.211790,0.049837,0.433975,-0.093352,-0.150087,0.315405,0.168030,-0.266879,-0.274943,-0.154873,0.312285,0.323071,-0.157550,-0.196560,0.140632,0.113459,0.266069,-0.001303,0.062165,0.341469,-0.246225,-0.273434,0.149296,0.107717,-0.381307,0.161650,0.063215,0.343093,-0.227568,0.105309,-0.321998,-0.318866,0.241469,0.301403,0.294229,-0.451585,-0.337015,0.153668,0.247800,-0.084665,0.290125,0.190641,-0.224191,-0.288797,-0.305014,0.200637,0.179353,0.000976,-0.013382,-0.047484"
P04629,"0.140239,-0.511075,0.044890,-0.009865,-0.185935,-0.335570,-0.462015,0.448099,-0.436302,0.174376,-0.304417,-0.056490,0.320919,-0.034669,0.277359,0.062824,0.472536,-0.234523,-0.122867,0.451490,0.211714,-0.338610,-0.359237,-0.272612,0.463444,0.448203,-0.232577,-0.317947,0.065130,0.144231,0.342724,0.070505,0.091844,0.463926,-0.342545,-0.385605,0.176969,0.241072,-0.478802,0.200270,-0.015206,0.418234,-0.353507,0.092777,-0.464681,-0.388559,0.306346,0.395406,0.401459,-0.528799,-0.448867,0.097751,0.332009,-0.092663,0.396953,0.335140,-0.271143,-0.466288,-0.445480,0.311393,0.225664,-0.063736,-0.123961,-0.132869"
P06858,"-0.124329,-0.496771,-0.560473,0.216434,-0.309980,-0.359788,-0.431266,0.393160,-0.343739,0.571954,-0.300620,-0.372115,0.489904,0.358170,0.519967,0.563482,0.513727,-0.406489,0.407568,0.385594,0.435203,-0.596751,-0.379438,-0.337453,0.356366,0.380215,-0.489510,-0.391238,-0.416197,0.368836,0.517338,0.347244,-0.601665,0.453944,-0.342778,-0.433802,0.411840,0.375537,-0.468056,0.801962,-0.288048,0.663927,-0.355691,0.690275,-0.532619,-0.461666,0.432224,0.491106,0.366952,-0.649956,-0.563399,-0.189547,0.488233,-0.767173,0.391158,0.218187,0.494274,-0.346805,-0.547464,0.382542,0.548448,-0.518504,-0.308095,-0.321003"
P51681,"0.403059,-0.048391,0.352463,-0.320419,0.153491,0.084933,-0.063943,0.008132,-0.059946,-0.248028,0.022544,0.371704,-0.111256,-0.415421,-0.168702,-0.360770,0.092981,0.172155,-0.441158,0.021160,-0.125956,0.110391,0.034955,0.143511,0.033066,0.017568,0.220766,0.099377,0.379354,-0.176642,-0.104533,-0.344668,0.502549,0.010552,-0.001637,-0.017471,-0.166638,-0.212258,-0.029092,-0.264903,0.328197,0.040139,0.035366,-0.317451,-0.020324,0.027014,-0.060806,-0.071414,-0.001736,-0.064590,-0.039294,0.407554,-0.106920,0.434413,0.013148,-0.055612,-0.544895,-0.055671,0.029130,-0.055560,-0.238878,0.273189,0.209897,0.200571"
P30874,"0.174218,0.094814,0.144867,-0.125866,0.118004,0.116833,0.080771,-0.097160,0.078182,-0.126989,0.094622,0.149623,-0.105107,-0.162001,-0.123894,-0.161235,-0.067988,0.122538,-0.137665,-0.094409,-0.112827,0.099033,0.106976,0.120349,-0.102565,-0.087052,0.135745,0.098418,0.112339,-0.120996,-0.118464,-0.152483,0.159810,-0.093991,0.101833,0.086847,-0.111086,-0.134047,0.095224,-0.126129,0.144828,-0.072496,0.109025,-0.125726,0.092313,0.091624,-0.103320,-0.102831,-0.107323,0.085283,0.070565,0.146852,-0.088735,0.123040,-0.099811,-0.115769,-0.134905,0.093360,0.097845,-0.097383,-0.140405,0.114703,0.118940,0.132044"
P0AD65,"0.173980,0.180413,0.165688,-0.186665,0.186346,0.178630,0.185414,-0.180274,0.188154,-0.165719,0.181785,0.177267,-0.186542,-0.167751,-0.185240,-0.162208,-0.183481,0.169048,-0.168564,-0.186065,-0.166030,0.183929,0.185440,0.181602,-0.179182,-0.188732,0.178015,0.185412,0.195250,-0.174639,-0.162688,-0.164673,0.161197,-0.182049,0.182856,0.182863,-0.181509,-0.176332,0.179676,-0.145360,0.185174,-0.187493,0.178855,-0.170425,0.183928,0.177317,-0.190124,-0.181882,-0.170237,0.182212,0.185909,0.173296,-0.184761,0.150910,-0.192385,-0.194668,-0.168578,0.179480,0.188691,-0.180336,-0.172170,0.192015,0.194220,0.181578"
P13631,"0.172990,0.066037,0.167530,-0.143442,0.095073,0.088614,0.032420,-0.054528,0.041726,-0.196345,0.021999,0.221320,-0.147427,-0.191095,-0.141114,-0.209296,0.020744,0.150037,-0.260799,-0.060669,-0.080523,0.133747,0.057679,0.132650,-0.039904,-0.066296,0.157512,0.118208,0.267323,-0.069581,-0.095728,-0.171825,0.298434,-0.073858,0.033152,0.046269,-0.087236,-0.178203,0.035704,-0.263023,0.183465,-0.131296,0.060898,-0.225737,0.100407,0.043131,-0.092105,-0.081778,-0.041917,0.049540,0.101037,0.173421,-0.153671,0.349026,-0.042760,-0.087598,-0.321662,0.046116,0.137802,-0.097120,-0.173963,0.236108,0.201646,0.110080"
P07101,"0.040311,-0.123290,0.028326,0.134937,-0.134058,-0.130472,-0.215323,0.121838,-0.285820,0.100428,-0.150034,-0.021876,0.206779,-0.022790,0.133194,-0.018605,0.200651,-0.105755,0.078098,0.193135,0.125325,-0.232161,-0.143146,-0.126701,0.135676,0.195970,-0.098131,-0.212887,-0.310931,0.142445,0.043329,-0.002534,-0.078097,0.169087,-0.147358,-0.220612,0.100593,-0.006083,-0.117413,0.017313,-0.101478,0.280556,-0.131615,0.164800,-0.190401,-0.122695,0.172159,0.157217,0.061745,-0.200921,-0.278014,-0.129054,0.272900,-0.111557,0.168345,0.144656,0.216616,-0.174088,-0.188725,0.176263,0.039220,-0.229375,-0.229468,-0.133419"
P0DP23,"0.226532,0.187299,0.272288,-0.264283,0.193341,0.220437,0.222948,-0.188372,0.211052,-0.261353,0.196641,0.230765,-0.230009,-0.208465,-0.222031,-0.260318,-0.238654,0.217047,-0.293847,-0.179114,-0.249343,0.249967,0.203530,0.193566,-0.180476,-0.191942,0.245285,0.220298,0.292662,-0.222759,-0.223550,-0.225765,0.282076,-0.188633,0.188794,0.220693,-0.245210,-0.214011,0.194403,-0.307132,0.212319,-0.224099,0.212677,-0.271256,0.207640,0.251948,-0.218001,-0.226007,-0.195961,0.224911,0.217398,0.296826,-0.228279,0.301388,-0.175725,-0.203897,-0.355178,0.191526,0.191730,-0.209008,-0.233704,0.231612,0.234991,0.199312"
P0DP25,"0.163092,0.207545,0.173162,-0.186205,0.196207,0.188546,0.208192,-0.203647,0.208186,-0.176796,0.204018,0.175205,-0.201186,-0.164845,-0.201331,-0.169212,-0.225245,0.173342,-0.166205,-0.204948,-0.184746,0.200827,0.205180,0.192492,-0.194070,-0.211122,0.179731,0.197339,0.177580,-0.188632,-0.183891,-0.153408,0.154802,-0.201984,0.205023,0.206573,-0.205504,-0.179240,0.206525,-0.158067,0.177903,-0.224922,0.194251,-0.183171,0.207703,0.201439,-0.214482,-0.200905,-0.195188,0.213819,0.213227,0.154241,-0.202137,0.151857,-0.212918,-0.204483,-0.158426,0.194428,0.210865,-0.198006,-0.180871,0.200118,0.201210,0.184201"
P18405,"0.163814,0.207913,0.173986,-0.186748,0.196498,0.188831,0.208603,-0.204058,0.208487,-0.177165,0.204342,0.175884,-0.201359,-0.165459,-0.201605,-0.169401,-0.225410,0.173895,-0.166777,-0.205037,-0.185103,0.201116,0.205510,0.192683,-0.194212,-0.211274,0.179910,0.197828,0.178596,-0.188776,-0.184214,-0.153688,0.155123,-0.202190,0.205119,0.206858,-0.205823,-0.179923,0.206856,-0.158756,0.178310,-0.225555,0.194591,-0.183612,0.208046,0.201655,-0.214690,-0.201402,-0.195379,0.214045,0.213377,0.154601,-0.202328,0.152773,-0.213314,-0.204771,-0.159022,0.194560,0.211146,-0.198270,-0.181478,0.200873,0.201722,0.184566"
P31213,"0.255454,0.197043,0.288816,-0.266820,0.218003,0.220242,0.210883,-0.200803,0.198011,-0.255295,0.215161,0.262361,-0.238707,-0.221391,-0.237413,-0.258404,-0.244670,0.203396,-0.310262,-0.184990,-0.241943,0.232331,0.214335,0.203692,-0.190220,-0.193735,0.239035,0.214404,0.287518,-0.231420,-0.222282,-0.223708,0.284208,-0.192822,0.206581,0.204447,-0.249396,-0.222947,0.197346,-0.267710,0.233559,-0.223078,0.208951,-0.243342,0.205764,0.251135,-0.243353,-0.235519,-0.201261,0.218715,0.208402,0.288414,-0.216084,0.289193,-0.193949,-0.215793,-0.358174,0.183673,0.204750,-0.199081,-0.242008,0.235972,0.246611,0.199856"
P37288,"0.200227,0.204726,0.206409,-0.211844,0.206570,0.192556,0.201091,-0.200401,0.202176,-0.204986,0.200588,0.209459,-0.209322,-0.201155,-0.215359,-0.197793,-0.214190,0.189064,-0.213310,-0.199488,-0.198903,0.210704,0.209369,0.202254,-0.187977,-0.207861,0.199173,0.203527,0.221862,-0.205837,-0.189736,-0.189337,0.204367,-0.198973,0.205957,0.200395,-0.222646,-0.199387,0.200159,-0.199436,0.198897,-0.218143,0.194612,-0.218196,0.207149,0.205591,-0.221788,-0.207137,-0.193926,0.212736,0.208151,0.200813,-0.210044,0.197918,-0.206420,-0.206034,-0.227706,0.189921,0.208913,-0.204019,-0.207289,0.226970,0.219747,0.203333"
Q9UK17,"0.163092,0.207545,0.173162,-0.186205,0.196207,0.188546,0.208192,-0.203647,0.208186,-0.176796,0.204018,0.175205,-0.201186,-0.164845,-0.201331,-0.169212,-0.225245,0.173342,-0.166205,-0.204948,-0.184746,0.200827,0.205180,0.192492,-0.194070,-0.211122,0.179731,0.197339,0.177580,-0.188632,-0.183891,-0.153408,0.154802,-0.201984,0.205023,0.206573,-0.205504,-0.179240,0.206525,-0.158067,0.177903,-0.224922,0.194251,-0.183171,0.207703,0.201439,-0.214482,-0.200905,-0.195188,0.213819,0.213227,0.154241,-0.202137,0.151857,-0.212918,-0.204483,-0.158426,0.194428,0.210865,-0.198006,-0.180871,0.200118,0.201210,0.184201"
Q09428,"0.159618,0.204766,0.169068,-0.185446,0.192598,0.186414,0.206116,-0.203494,0.207544,-0.173177,0.202552,0.173466,-0.198249,-0.162570,-0.197206,-0.163372,-0.225482,0.168498,-0.164635,-0.203002,-0.184058,0.199062,0.204084,0.191628,-0.190614,-0.211079,0.174202,0.197005,0.172508,-0.187566,-0.180718,-0.149026,0.146578,-0.199426,0.201960,0.203947,-0.204151,-0.173957,0.203689,-0.150232,0.171032,-0.220016,0.192975,-0.178110,0.203819,0.201753,-0.212567,-0.200301,-0.193587,0.210000,0.209073,0.153183,-0.200596,0.147472,-0.209641,-0.201434,-0.155456,0.191033,0.206083,-0.196526,-0.175558,0.196300,0.197796,0.182945"
Q06203,"0.174350,0.235927,0.287657,-0.242387,0.214075,0.233862,0.257682,-0.227791,0.251051,-0.257426,0.241590,0.229210,-0.268688,-0.166092,-0.249334,-0.221340,-0.318741,0.231265,-0.368991,-0.221078,-0.265412,0.258822,0.246074,0.212038,-0.228331,-0.254580,0.239310,0.232905,0.380771,-0.234537,-0.239322,-0.205226,0.294380,-0.236208,0.238935,0.243542,-0.254668,-0.225712,0.224833,-0.297143,0.249995,-0.313448,0.223087,-0.260725,0.236562,0.302161,-0.275002,-0.266864,-0.215762,0.292430,0.286405,0.271936,-0.268113,0.373465,-0.216899,-0.237541,-0.392167,0.241370,0.255060,-0.234559,-0.254418,0.273975,0.235163,0.192492"
P00747,"0.210470,-0.312090,0.072971,-0.118530,-0.088420,-0.194532,-0.295823,0.227736,-0.287845,0.137428,-0.136207,0.052988,0.226765,-0.109564,0.175778,0.049046,0.231362,-0.186737,-0.138008,0.287045,0.107918,-0.238535,-0.167626,-0.113714,0.317684,0.236639,-0.184969,-0.176260,-0.038979,0.052178,0.213644,0.029166,-0.019295,0.315733,-0.191387,-0.263826,0.008343,0.124113,-0.295079,0.249096,-0.023375,0.346743,-0.192111,0.132817,-0.334445,-0.184550,0.136679,0.213511,0.202105,-0.397850,-0.364998,0.108256,0.237377,-0.148676,0.235345,0.155483,-0.154025,-0.332320,-0.327692,0.181450,0.167160,-0.058782,-0.055580,-0.036435"
O00763,"0.191010,0.142339,0.195640,-0.181751,0.162955,0.152631,0.135421,-0.141772,0.129624,-0.175612,0.144924,0.189085,-0.159321,-0.197913,-0.173793,-0.199304,-0.136414,0.159318,-0.187668,-0.141413,-0.159987,0.162761,0.154905,0.159333,-0.135157,-0.139498,0.174494,0.150202,0.172016,-0.168462,-0.160456,-0.180890,0.207042,-0.142458,0.147885,0.145047,-0.171846,-0.166683,0.145349,-0.177790,0.178623,-0.150752,0.148655,-0.191474,0.143260,0.146398,-0.162755,-0.155671,-0.145929,0.141933,0.141207,0.176888,-0.152375,0.185977,-0.149743,-0.148951,-0.199828,0.130014,0.153029,-0.145894,-0.179267,0.178957,0.171129,0.167681"
P41180,"0.173383,0.176521,0.165584,-0.179907,0.188014,0.168778,0.179282,-0.173446,0.181759,-0.162099,0.185194,0.163351,-0.179703,-0.161108,-0.179748,-0.159821,-0.185119,0.165885,-0.164023,-0.176506,-0.165786,0.170413,0.177753,0.173669,-0.170690,-0.180059,0.162444,0.173608,0.178834,-0.175100,-0.160477,-0.148792,0.152319,-0.171858,0.185000,0.186348,-0.187536,-0.168141,0.175156,-0.142399,0.180885,-0.196056,0.173768,-0.167353,0.180889,0.169704,-0.189854,-0.170713,-0.169985,0.177104,0.185093,0.158949,-0.175080,0.132473,-0.188892,-0.186451,-0.163115,0.172740,0.182874,-0.178541,-0.164030,0.191707,0.194397,0.172477"
P15056,"-1.308649,-1.000500,-0.902479,0.962892,-0.910041,-0.851433,-0.931040,1.091494,-0.810107,0.354157,-1.217056,-0.802167,0.550076,0.931160,0.909100,0.632343,1.310406,-0.484361,0.379597,0.881618,0.791387,-0.567497,-1.265966,-0.914244,0.887714,1.060615,-0.589918,-0.690609,0.045188,0.927161,0.764291,0.519354,0.016685,0.728814,-1.154542,-0.909944,1.204228,0.879777,-1.027091,0.027789,-0.629667,0.648026,-1.035318,0.242805,-0.694862,-1.000883,1.287595,0.886173,1.167745,-0.789908,-0.484579,-0.516442,0.322229,0.548783,1.227714,1.338831,-0.093599,-0.810435,-0.682127,0.803115,0.713360,-0.465694,-0.777464,-1.003123"
P05108,"0.164604,0.207896,0.174630,-0.187489,0.196526,0.189323,0.209038,-0.204065,0.209119,-0.177870,0.204714,0.176554,-0.201968,-0.165802,-0.202197,-0.170247,-0.226095,0.173760,-0.168373,-0.205448,-0.185712,0.201836,0.205489,0.193154,-0.194596,-0.211362,0.180775,0.198231,0.179035,-0.189201,-0.184739,-0.153656,0.155626,-0.202769,0.205401,0.207383,-0.206152,-0.180109,0.206948,-0.159648,0.178568,-0.225697,0.194988,-0.184483,0.208055,0.202634,-0.215540,-0.201977,-0.196023,0.214625,0.214040,0.155911,-0.202741,0.153303,-0.213085,-0.205442,-0.160567,0.194865,0.211464,-0.198789,-0.181238,0.200460,0.202183,0.184724"
P06213,"0.335374,-0.666484,0.110950,-0.045567,-0.256289,-0.394001,-0.622288,0.579129,-0.595522,0.232978,-0.429106,-0.018119,0.443246,-0.168074,0.305536,-0.001322,0.646570,-0.294372,-0.145695,0.601518,0.271496,-0.409558,-0.398837,-0.318494,0.626774,0.601275,-0.258743,-0.430113,0.035228,0.138285,0.445236,0.063455,0.141156,0.657112,-0.445780,-0.516115,0.211785,0.310774,-0.655190,0.331647,-0.037887,0.622115,-0.415583,0.119529,-0.632132,-0.535304,0.335996,0.474115,0.519896,-0.727209,-0.708277,0.184699,0.522580,-0.223656,0.488838,0.367169,-0.305592,-0.636070,-0.612427,0.443089,0.263777,-0.092128,-0.136121,-0.052512"
P04035,"0.177115,0.186870,0.180422,-0.184743,0.184700,0.181089,0.186500,-0.182061,0.186096,-0.183997,0.183614,0.182026,-0.189022,-0.181120,-0.194370,-0.186305,-0.192210,0.175099,-0.172478,-0.186862,-0.185563,0.194153,0.190705,0.183515,-0.177303,-0.187581,0.183950,0.186761,0.178780,-0.187402,-0.177600,-0.169479,0.178247,-0.184455,0.188950,0.191104,-0.194156,-0.176107,0.186225,-0.174628,0.180722,-0.203443,0.183005,-0.195103,0.188148,0.182323,-0.199043,-0.186949,-0.180509,0.190818,0.192160,0.170085,-0.188196,0.167071,-0.193607,-0.187690,-0.180279,0.177233,0.191909,-0.183986,-0.184265,0.197699,0.193654,0.185887"
P20711,"0.155026,0.180311,0.173626,-0.186698,0.179767,0.165213,0.179833,-0.179802,0.175534,-0.160594,0.182056,0.174363,-0.178133,-0.163880,-0.183592,-0.161032,-0.203645,0.155648,-0.173221,-0.176162,-0.164335,0.180322,0.179324,0.172714,-0.165410,-0.182892,0.166221,0.176503,0.169983,-0.169913,-0.170586,-0.153059,0.157042,-0.177604,0.177918,0.181008,-0.194793,-0.172925,0.185500,-0.152394,0.167454,-0.192507,0.167416,-0.172110,0.176760,0.187623,-0.189366,-0.183915,-0.174329,0.184106,0.185792,0.151520,-0.179826,0.158541,-0.183574,-0.179015,-0.161926,0.163814,0.185077,-0.171866,-0.167236,0.177000,0.176101,0.160125"
P53004,"0.130715,0.146975,0.168805,-0.148910,0.139926,0.139281,0.149570,-0.145059,0.146615,-0.158054,0.135112,0.142611,-0.153593,-0.134649,-0.149537,-0.143832,-0.148026,0.152259,-0.167885,-0.137945,-0.157507,0.165478,0.139333,0.131124,-0.137015,-0.136967,0.147984,0.149844,0.186970,-0.144652,-0.150289,-0.149054,0.173040,-0.149513,0.137111,0.149272,-0.142793,-0.150489,0.148313,-0.176603,0.139104,-0.168786,0.139012,-0.168003,0.153920,0.154724,-0.142049,-0.158953,-0.134371,0.157790,0.161748,0.148621,-0.154891,0.196847,-0.135808,-0.128379,-0.186164,0.137406,0.152169,-0.142876,-0.160435,0.162595,0.139961,0.134507"
P48443,"-0.608842,-0.742921,-0.689937,0.759328,-0.789027,-0.687849,-0.915008,0.840124,-0.865814,0.236113,-1.067239,-0.387430,0.454514,0.508327,0.605107,0.263486,1.254207,-0.427186,0.273845,0.754465,0.771379,-0.574072,-0.907129,-0.581119,0.781578,0.811037,-0.423700,-0.642719,-0.191872,0.864606,0.660718,0.388021,0.045738,0.681162,-0.947319,-0.870218,0.895261,0.432747,-0.888472,-0.072325,-0.482054,0.517962,-0.801252,0.211738,-0.592839,-0.912129,0.813235,0.787467,0.874502,-0.768305,-0.569864,-0.456183,0.405166,0.372397,0.947089,0.796002,0.022830,-0.741294,-0.486133,0.681762,0.395822,-0.281907,-0.401205,-0.756785"
P78508,"0.145557,0.169440,0.148988,-0.151873,0.156550,0.146105,0.156000,-0.171463,0.149186,-0.130129,0.165712,0.151859,-0.148390,-0.139869,-0.154260,-0.133343,-0.186953,0.125598,-0.136942,-0.156611,-0.143897,0.141352,0.164303,0.156285,-0.149715,-0.168673,0.132138,0.149950,0.108575,-0.144910,-0.150146,-0.124923,0.101576,-0.156202,0.162392,0.149254,-0.175731,-0.156832,0.169049,-0.112913,0.134377,-0.157424,0.152890,-0.124452,0.155689,0.172595,-0.167194,-0.158455,-0.167929,0.161497,0.148234,0.111882,-0.143906,0.104230,-0.165228,-0.165278,-0.101899,0.143742,0.158354,-0.153636,-0.143532,0.140818,0.144130,0.140395"
Q92523,"0.154740,0.170582,0.160390,-0.160394,0.164113,0.156375,0.165365,-0.173009,0.164445,-0.148163,0.171384,0.155296,-0.161733,-0.149159,-0.163444,-0.146718,-0.184908,0.140937,-0.149870,-0.164250,-0.161089,0.160012,0.171383,0.163569,-0.156868,-0.173308,0.144259,0.159781,0.132578,-0.162916,-0.156811,-0.131650,0.121092,-0.161237,0.169729,0.166252,-0.177020,-0.151041,0.168471,-0.129350,0.142671,-0.173742,0.164559,-0.145346,0.166034,0.171135,-0.178409,-0.165638,-0.168443,0.167761,0.161891,0.134111,-0.157645,0.117387,-0.172474,-0.167080,-0.134153,0.154537,0.164326,-0.166258,-0.151105,0.162398,0.164285,0.160007"
P11509,"0.159021,0.204093,0.162749,-0.179170,0.193749,0.185803,0.204890,-0.200217,0.207046,-0.169865,0.200360,0.167284,-0.197016,-0.160541,-0.196506,-0.161290,-0.220356,0.171831,-0.159094,-0.201384,-0.177314,0.193881,0.200138,0.189694,-0.191697,-0.207292,0.172715,0.194224,0.174484,-0.183882,-0.178180,-0.147228,0.144381,-0.197319,0.200823,0.204829,-0.200464,-0.175745,0.201843,-0.147408,0.174706,-0.219396,0.192341,-0.175320,0.204041,0.196816,-0.208870,-0.197140,-0.190678,0.209759,0.208413,0.151711,-0.195445,0.140791,-0.209776,-0.202329,-0.145696,0.193425,0.207505,-0.193065,-0.174694,0.195638,0.196761,0.180477"
P55157,"0.080679,0.084762,0.012608,-0.067344,0.088752,0.090122,0.094788,-0.075253,0.118723,-0.055121,0.082204,0.054253,-0.097025,-0.045203,-0.091111,-0.056282,-0.060938,0.085813,-0.038316,-0.108115,-0.048014,0.080400,0.090329,0.090159,-0.106403,-0.093986,0.091141,0.087555,0.108934,-0.068068,-0.049114,-0.051252,0.065652,-0.091103,0.097277,0.094861,-0.050521,-0.075855,0.076836,-0.031459,0.107143,-0.107984,0.086699,-0.061608,0.100572,0.044259,-0.098823,-0.064508,-0.070363,0.088424,0.105178,0.070209,-0.094959,0.015677,-0.109111,-0.134336,-0.045355,0.113411,0.113761,-0.087446,-0.069001,0.095765,0.131289,0.092150"
P49840,"-0.570077,-0.561559,-0.509539,0.577415,-0.540976,-0.508599,-0.562209,0.654404,-0.495725,0.301837,-0.715116,-0.464707,0.320898,0.513455,0.354214,0.283862,0.711408,-0.410849,0.397564,0.502266,0.537399,-0.270561,-0.582622,-0.503427,0.543936,0.596348,-0.269522,-0.476798,-0.055940,0.526501,0.530690,0.433207,0.033979,0.480883,-0.597608,-0.514324,0.655830,0.540869,-0.603350,0.123876,-0.364914,0.232281,-0.586493,0.090355,-0.394287,-0.675910,0.507552,0.525617,0.686780,-0.381919,-0.323359,-0.417632,0.285098,0.019915,0.553402,0.550640,0.047686,-0.531326,-0.323886,0.526993,0.338043,-0.200570,-0.297457,-0.463143"
P51787,"0.281335,0.234393,0.298722,-0.241229,0.231097,0.219974,0.222942,-0.215998,0.222214,-0.251416,0.230398,0.250455,-0.243395,-0.247357,-0.257808,-0.254731,-0.263188,0.230936,-0.329502,-0.225377,-0.248351,0.231892,0.269020,0.245988,-0.225668,-0.245027,0.240541,0.217254,0.300455,-0.255047,-0.223264,-0.261281,0.287208,-0.231965,0.255069,0.224271,-0.266991,-0.259397,0.227939,-0.265787,0.269335,-0.271773,0.229106,-0.263765,0.213456,0.258759,-0.289016,-0.235096,-0.227657,0.261613,0.254905,0.248213,-0.230338,0.288667,-0.234414,-0.256194,-0.290515,0.231871,0.254914,-0.246336,-0.268143,0.292728,0.233214,0.240984"
Q06278,"0.251031,0.224450,0.288518,-0.275567,0.250710,0.223220,0.226075,-0.230454,0.234781,-0.244126,0.248937,0.275718,-0.244828,-0.258058,-0.270409,-0.260785,-0.280400,0.228338,-0.341921,-0.226537,-0.256024,0.246534,0.246157,0.248067,-0.222314,-0.249888,0.260269,0.254733,0.343467,-0.248078,-0.236647,-0.255555,0.286290,-0.231439,0.243417,0.254639,-0.282021,-0.264979,0.240139,-0.290737,0.295185,-0.301625,0.224199,-0.288033,0.222073,0.262119,-0.264126,-0.232787,-0.235062,0.257223,0.265605,0.288076,-0.251100,0.279644,-0.250759,-0.258565,-0.352064,0.230650,0.254108,-0.236223,-0.276465,0.295191,0.255002,0.244907"
O43451,"0.148260,-0.023327,0.023801,-0.015911,0.002724,0.076249,-0.017031,0.020047,0.008048,-0.049038,-0.019564,0.057306,-0.007565,-0.082146,-0.013755,-0.087187,0.112580,0.063230,-0.024616,-0.017183,-0.054549,0.008586,0.021650,0.035731,-0.051134,0.022530,0.088563,0.005639,0.018449,-0.057094,-0.031546,-0.119242,0.098410,0.003434,0.011764,-0.019435,0.070098,-0.019476,-0.030337,-0.044685,0.073984,0.102372,0.051809,-0.015934,-0.028747,-0.041981,0.010464,0.002089,-0.015473,-0.032898,-0.065997,0.143846,0.019317,0.011746,0.010067,-0.042911,-0.078266,0.036627,-0.032689,-0.001998,-0.059464,-0.030532,0.034080,0.095466"
P12235,"0.115409,0.121268,0.139880,-0.134703,0.134306,0.110425,0.126888,-0.119417,0.131284,-0.117954,0.136169,0.127248,-0.130027,-0.113164,-0.133109,-0.108117,-0.167561,0.096091,-0.140829,-0.121891,-0.118195,0.127870,0.136478,0.121285,-0.111877,-0.132033,0.107031,0.124193,0.142161,-0.133041,-0.110911,-0.094691,0.108717,-0.120646,0.135142,0.129610,-0.152165,-0.106000,0.125432,-0.102069,0.129196,-0.159261,0.120118,-0.128036,0.120970,0.135918,-0.151224,-0.127681,-0.116115,0.141028,0.139177,0.100802,-0.130276,0.109219,-0.139074,-0.128675,-0.125336,0.109123,0.132466,-0.129680,-0.115847,0.150585,0.132227,0.121177"
P15121,"0.649986,0.471245,0.790590,-0.607829,0.492871,0.448694,0.490188,-0.437344,0.459411,-0.606975,0.484148,0.642570,-0.515864,-0.570779,-0.560235,-0.539907,-0.617996,0.461109,-0.898219,-0.422514,-0.568074,0.542159,0.530829,0.517713,-0.413967,-0.495791,0.552802,0.554039,0.903930,-0.516326,-0.469997,-0.634249,0.709546,-0.447185,0.512010,0.475038,-0.626747,-0.653662,0.456538,-0.878800,0.588616,-0.571066,0.462329,-0.663867,0.457002,0.627699,-0.610501,-0.482656,-0.460228,0.561188,0.558020,0.789071,-0.490518,0.736982,-0.454450,-0.539988,-1.006082,0.473963,0.501844,-0.521138,-0.635784,0.658738,0.547685,0.509104"
P37088,"0.197817,0.174673,0.201870,-0.206585,0.191725,0.174524,0.169710,-0.174662,0.168813,-0.191377,0.177688,0.208237,-0.193592,-0.201191,-0.206271,-0.202420,-0.179283,0.175490,-0.202969,-0.174604,-0.176842,0.196375,0.184825,0.189537,-0.163882,-0.181671,0.194200,0.184328,0.209700,-0.187354,-0.175431,-0.185480,0.216447,-0.173912,0.176708,0.181108,-0.199044,-0.188548,0.175468,-0.187313,0.201059,-0.196462,0.171819,-0.211440,0.180789,0.174168,-0.198854,-0.185771,-0.168476,0.180683,0.183015,0.189890,-0.193648,0.200386,-0.185276,-0.188602,-0.226453,0.159707,0.189874,-0.180475,-0.199105,0.214315,0.208913,0.188238"
P51168,"0.163092,0.207545,0.173162,-0.186205,0.196207,0.188546,0.208192,-0.203647,0.208186,-0.176796,0.204018,0.175205,-0.201186,-0.164845,-0.201331,-0.169212,-0.225245,0.173342,-0.166205,-0.204948,-0.184746,0.200827,0.205180,0.192492,-0.194070,-0.211122,0.179731,0.197339,0.177580,-0.188632,-0.183891,-0.153408,0.154802,-0.201984,0.205023,0.206573,-0.205504,-0.179240,0.206525,-0.158067,0.177903,-0.224922,0.194251,-0.183171,0.207703,0.201439,-0.214482,-0.200905,-0.195188,0.213819,0.213227,0.154241,-0.202137,0.151857,-0.212918,-0.204483,-0.158426,0.194428,0.210865,-0.198006,-0.180871,0.200118,0.201210,0.184201"
P51170,"0.177221,0.190337,0.183646,-0.194130,0.191701,0.179233,0.186640,-0.188180,0.186037,-0.181345,0.188614,0.190495,-0.196307,-0.179845,-0.204440,-0.183025,-0.200255,0.171837,-0.179172,-0.188274,-0.177438,0.198622,0.194509,0.190677,-0.177504,-0.196263,0.186205,0.188925,0.190036,-0.184998,-0.177570,-0.167576,0.183941,-0.186165,0.188593,0.194312,-0.199177,-0.182881,0.189677,-0.172517,0.185702,-0.210670,0.181010,-0.195667,0.193440,0.184845,-0.206746,-0.192572,-0.180132,0.196832,0.197099,0.168694,-0.196740,0.173806,-0.198635,-0.197019,-0.191864,0.175160,0.199134,-0.187660,-0.190169,0.204203,0.204313,0.183820"
P51172,"0.111417,0.174423,0.122561,-0.091520,0.127060,0.162682,0.173171,-0.162646,0.171369,-0.144766,0.148470,0.101141,-0.144935,-0.114464,-0.147316,-0.137611,-0.161439,0.144546,-0.075648,-0.169632,-0.167977,0.163279,0.172761,0.148817,-0.171832,-0.157971,0.143734,0.143880,0.062972,-0.154771,-0.160984,-0.111231,0.093090,-0.161924,0.168291,0.174870,-0.124158,-0.108759,0.161631,-0.138452,0.092265,-0.169615,0.175022,-0.128334,0.172640,0.142380,-0.166193,-0.156845,-0.170043,0.176542,0.158071,0.097531,-0.133354,0.070439,-0.171014,-0.147643,-0.071816,0.174783,0.152696,-0.158053,-0.136627,0.116638,0.133613,0.163585"
P05129,"-0.086773,-0.061925,-0.023567,0.055126,-0.057567,-0.028756,-0.048964,0.088039,-0.040234,-0.064245,-0.104679,-0.017900,-0.009155,0.019370,0.015122,-0.040549,0.114982,0.023426,-0.022225,0.041935,0.014407,0.033207,-0.081218,-0.043557,0.050874,0.077921,0.034386,-0.011795,0.096142,0.034540,0.017558,-0.023814,0.142953,0.024269,-0.082005,-0.042034,0.090112,0.051332,-0.069388,-0.115396,0.003916,-0.006234,-0.060601,-0.098372,-0.011520,-0.083790,0.081254,0.034540,0.090895,-0.020263,0.014980,0.014464,-0.039270,0.183670,0.082861,0.105862,-0.130416,-0.039647,-0.006601,0.035119,-0.003957,0.034721,-0.010450,-0.031842"
P06280,"0.208318,0.178939,0.226391,-0.195233,0.186084,0.182276,0.179922,-0.176259,0.170128,-0.202701,0.173154,0.206214,-0.187180,-0.208143,-0.194728,-0.202663,-0.166962,0.189580,-0.201780,-0.170447,-0.191011,0.197639,0.187154,0.182501,-0.166774,-0.172201,0.192397,0.186827,0.216997,-0.186970,-0.180483,-0.191659,0.206286,-0.174200,0.174710,0.181478,-0.188392,-0.189821,0.172633,-0.205731,0.191982,-0.196663,0.184581,-0.209310,0.185523,0.174460,-0.191347,-0.190353,-0.168254,0.178916,0.175730,0.193967,-0.177256,0.206085,-0.187697,-0.175600,-0.220862,0.165287,0.180456,-0.182038,-0.201089,0.221125,0.199922,0.200684"
P25116,"0.152599,0.173683,0.160299,-0.153322,0.160121,0.151196,0.159680,-0.172233,0.153632,-0.137372,0.168472,0.154936,-0.155683,-0.145529,-0.160767,-0.146368,-0.184020,0.135287,-0.143636,-0.161288,-0.147614,0.148549,0.166578,0.157318,-0.156462,-0.169287,0.143491,0.150783,0.119486,-0.151375,-0.156206,-0.130144,0.113736,-0.159068,0.165953,0.155837,-0.174367,-0.161699,0.172315,-0.130096,0.142425,-0.166240,0.157824,-0.135892,0.162213,0.171544,-0.172345,-0.159777,-0.170162,0.169170,0.155822,0.116813,-0.147762,0.110863,-0.170556,-0.167625,-0.112665,0.150718,0.167830,-0.157820,-0.154158,0.149055,0.153008,0.148615"
P16444,"0.179522,0.161973,0.185174,-0.163328,0.154688,0.153803,0.148904,-0.156198,0.139649,-0.164774,0.149113,0.164343,-0.156937,-0.168378,-0.164998,-0.175067,-0.152987,0.147838,-0.157692,-0.152838,-0.160863,0.164737,0.160347,0.153293,-0.146674,-0.152718,0.164946,0.150824,0.144939,-0.162823,-0.159249,-0.167103,0.164298,-0.149590,0.158897,0.153445,-0.165874,-0.167349,0.158703,-0.174809,0.150981,-0.155592,0.159233,-0.169414,0.156287,0.158990,-0.168648,-0.154643,-0.158115,0.159629,0.150395,0.154269,-0.146510,0.142596,-0.157168,-0.157888,-0.164295,0.142541,0.156916,-0.155665,-0.173677,0.157548,0.155785,0.164063"
P02768,"0.202661,-0.043365,0.098291,-0.094646,0.035293,0.055370,-0.053905,0.032196,-0.033605,-0.090225,-0.035120,0.141598,-0.023982,-0.185506,-0.072339,-0.169275,0.136755,0.099387,-0.127903,0.009716,-0.036906,0.038759,0.015071,0.070509,-0.006989,0.039035,0.132507,0.021994,0.124860,-0.069820,-0.036592,-0.183288,0.235566,0.024888,-0.017892,-0.013890,0.017251,-0.078619,-0.045901,-0.106879,0.138370,0.083817,0.023256,-0.108116,-0.027013,-0.066757,-0.000206,-0.006824,0.010821,-0.061271,-0.066265,0.202017,-0.002902,0.121763,0.014430,-0.045431,-0.201837,-0.000292,-0.011043,-0.001398,-0.111377,0.056028,0.087374,0.124874"
P14735,"0.180051,-0.222457,-0.119823,-0.045973,-0.045493,-0.031807,-0.182798,0.171259,-0.107432,0.084207,-0.132405,0.029468,0.108798,-0.085853,0.099516,0.008655,0.332418,0.004981,-0.029208,0.121108,0.115733,-0.156757,-0.130848,-0.038282,0.084162,0.167357,-0.003260,-0.079423,0.096982,0.039908,0.138912,-0.095538,0.073218,0.159102,-0.137268,-0.157185,0.165215,0.028695,-0.204838,0.169112,0.113875,0.322741,-0.080568,0.094054,-0.208247,-0.207030,0.166646,0.143150,0.152642,-0.267779,-0.241165,0.232314,0.126110,-0.071783,0.152067,0.011070,-0.063289,-0.085879,-0.174394,0.130865,0.057293,-0.088518,0.006739,0.023837"
P61278,"0.210082,-0.030406,0.068828,-0.160514,0.057152,0.064608,-0.013171,-0.008483,0.009408,-0.034369,0.039985,0.151206,-0.021024,-0.119984,-0.024076,-0.063313,0.022203,0.038833,-0.161185,-0.005825,-0.037530,-0.017423,0.037002,0.052723,-0.026616,-0.015033,0.062056,0.043212,0.130320,-0.059133,-0.011285,-0.140839,0.097181,0.011074,0.024650,-0.027642,-0.050205,-0.103081,-0.013567,-0.006852,0.138582,0.108755,0.040274,0.010167,-0.053940,0.042741,-0.028501,-0.020372,-0.023754,-0.069711,-0.060246,0.223147,-0.001613,0.066283,0.004059,-0.104712,-0.159765,0.015201,-0.024405,-0.008039,-0.060577,0.008102,0.076004,0.060745"
P30273,"0.032639,-0.076336,-0.183692,-0.014782,-0.020230,-0.027913,-0.049671,0.027506,-0.001842,0.171566,0.003463,-0.063833,0.094517,0.073301,0.115936,0.179204,0.076518,-0.070415,0.089349,0.023119,0.081852,-0.151171,-0.030312,-0.024836,0.008790,0.011799,-0.111324,-0.042399,-0.088574,0.053620,0.113818,0.050152,-0.217898,0.055196,-0.016391,-0.062635,0.062801,0.037918,-0.059068,0.294624,-0.021856,0.179770,-0.025891,0.233995,-0.114386,-0.052475,0.063676,0.077647,0.023547,-0.150178,-0.115105,0.013727,0.091574,-0.259213,0.037768,-0.052995,0.175298,-0.004270,-0.103339,0.047008,0.137458,-0.141140,-0.039990,-0.039437"
P40763,"-0.711456,-2.173793,-1.201316,1.612479,-1.846992,-1.783441,-2.409347,2.445480,-2.250321,0.999861,-2.640032,-0.988063,1.273704,0.951645,0.911221,0.284115,2.876435,-1.540125,1.045003,2.024009,1.954529,-1.094116,-1.821809,-1.559611,2.191538,2.284111,-0.672045,-1.913207,-0.271015,1.705830,1.935538,1.173895,0.659780,2.074174,-2.122406,-2.124862,2.022322,1.552626,-2.367549,0.405745,-0.921950,1.131743,-2.047558,0.116148,-1.729353,-2.634037,1.412958,1.971726,2.423385,-1.741194,-1.773818,-1.048212,1.453915,-0.121616,1.895783,1.500553,-0.140191,-2.258290,-1.295353,2.068734,0.786601,-0.492723,-0.654389,-1.190262"
Q15661,"0.197314,0.107519,0.191728,-0.161554,0.139991,0.125336,0.099352,-0.107989,0.096510,-0.155654,0.116400,0.173353,-0.133807,-0.185780,-0.159624,-0.191062,-0.100323,0.131109,-0.170269,-0.107611,-0.140664,0.142932,0.133031,0.137282,-0.102403,-0.106669,0.157996,0.118394,0.157487,-0.153886,-0.129842,-0.157753,0.202866,-0.104484,0.122488,0.118103,-0.145931,-0.136520,0.107063,-0.159464,0.161874,-0.126708,0.122696,-0.180114,0.114852,0.106450,-0.147580,-0.124509,-0.114528,0.112898,0.104221,0.164248,-0.120052,0.153022,-0.126043,-0.130429,-0.207006,0.093718,0.120721,-0.121764,-0.164035,0.168827,0.162603,0.163110"
P06821,"1.321855,0.884098,1.776072,-1.379290,0.845104,0.920195,0.976183,-0.770975,0.798779,-1.102958,0.913464,1.336709,-0.942141,-1.167990,-1.010828,-1.185403,-1.241497,1.050189,-2.050013,-0.679576,-1.121778,1.082511,1.022128,0.940677,-0.670248,-0.908810,1.139810,0.992565,1.916842,-0.942519,-0.941463,-1.193138,1.548012,-0.692649,0.891473,0.868351,-1.322293,-1.322863,0.760566,-1.762680,1.223595,-1.062312,0.859875,-1.296569,0.786334,1.283137,-1.186505,-0.994588,-0.834024,0.976534,0.903440,1.544536,-0.926466,1.719301,-0.786904,-1.074177,-2.143493,0.790401,0.896919,-0.957155,-1.227825,1.353963,1.114742,1.030025"
P12268,"0.153580,-0.028592,0.167298,-0.081514,0.032772,0.017521,-0.056915,0.029007,-0.070250,-0.099808,-0.029280,0.137982,-0.026877,-0.164461,-0.070442,-0.183050,0.077737,0.062282,-0.148296,0.031863,-0.035961,0.040238,-0.005595,0.029493,0.022531,0.048039,0.110221,-0.004074,0.106334,-0.054159,-0.053463,-0.146077,0.236458,0.021978,-0.022362,-0.030041,-0.028682,-0.081580,-0.020841,-0.164264,0.112934,0.028817,-0.005985,-0.142123,-0.017849,-0.020458,-0.004366,-0.008145,0.010254,-0.021600,-0.039162,0.125328,-0.006276,0.182204,0.022398,0.008191,-0.201032,-0.043217,0.005522,0.008811,-0.123021,0.077447,0.048975,0.068817"
Q14994,"0.175491,0.188743,0.182570,-0.191253,0.190022,0.175357,0.184949,-0.186459,0.180526,-0.174373,0.189103,0.185601,-0.187752,-0.178134,-0.194647,-0.178187,-0.202858,0.167456,-0.178476,-0.184244,-0.172594,0.184883,0.189442,0.183417,-0.174424,-0.191294,0.176908,0.183319,0.179118,-0.179051,-0.176112,-0.163439,0.171555,-0.183854,0.188022,0.184769,-0.203083,-0.184420,0.190414,-0.161537,0.184864,-0.201559,0.177287,-0.183629,0.187024,0.188197,-0.199698,-0.187082,-0.181052,0.190246,0.190568,0.160145,-0.187071,0.165186,-0.194522,-0.191923,-0.169867,0.172262,0.195201,-0.181501,-0.181543,0.196053,0.192731,0.174629"
P63316,"0.204645,0.176465,0.210584,-0.212068,0.196828,0.179644,0.174826,-0.177195,0.174059,-0.197592,0.182824,0.211373,-0.196394,-0.207832,-0.205482,-0.208802,-0.184145,0.181207,-0.214715,-0.177723,-0.184265,0.196642,0.186444,0.190396,-0.167144,-0.182151,0.196148,0.188619,0.218014,-0.193942,-0.179962,-0.189754,0.220913,-0.177626,0.181639,0.180465,-0.206146,-0.191094,0.178377,-0.188365,0.208996,-0.196754,0.176282,-0.214962,0.183039,0.180920,-0.199106,-0.187875,-0.172228,0.181657,0.185354,0.197763,-0.196204,0.206189,-0.186552,-0.188035,-0.229176,0.163949,0.192633,-0.183769,-0.199502,0.220754,0.211180,0.193238"
P25092,"0.145153,0.196006,0.154073,-0.156629,0.175606,0.180024,0.197204,-0.191183,0.196891,-0.167008,0.186046,0.151195,-0.183926,-0.148224,-0.185309,-0.157806,-0.205404,0.163509,-0.136483,-0.193283,-0.178798,0.189344,0.194594,0.178325,-0.187214,-0.195134,0.167365,0.180177,0.142856,-0.177196,-0.176837,-0.139348,0.135468,-0.190448,0.193474,0.197442,-0.181345,-0.156489,0.193162,-0.149190,0.151212,-0.208990,0.188009,-0.165692,0.196751,0.183551,-0.199677,-0.188627,-0.185945,0.201394,0.196577,0.138527,-0.181120,0.128678,-0.199967,-0.187285,-0.128511,0.188566,0.192286,-0.184376,-0.166485,0.175600,0.179427,0.175302"
P04608,"-0.054306,-0.413178,0.063360,0.029191,-0.234715,-0.241952,-0.419204,0.447583,-0.432389,-0.178830,-0.487972,0.097615,0.112841,-0.050093,0.227878,-0.149125,0.611529,0.000285,-0.395501,0.402018,0.169456,-0.140894,-0.493082,-0.234419,0.409135,0.436946,0.005642,-0.170150,0.444873,0.250761,0.172526,-0.198296,0.515514,0.309510,-0.475208,-0.410252,0.248488,0.030226,-0.427822,-0.412682,0.096706,0.288205,-0.369005,-0.230855,-0.289013,-0.311787,0.464080,0.295227,0.445892,-0.384079,-0.227667,0.244561,0.022980,0.765924,0.544253,0.467610,-0.641314,-0.376896,-0.243105,0.239483,0.024172,0.114825,-0.107033,-0.249196"
Q13332,"0.183483,0.190300,0.190916,-0.196910,0.196189,0.181463,0.190144,-0.187858,0.189386,-0.184566,0.193212,0.189010,-0.196222,-0.182936,-0.200286,-0.185750,-0.202892,0.175701,-0.187675,-0.188977,-0.183122,0.194930,0.193462,0.188601,-0.178820,-0.194203,0.184136,0.189693,0.194906,-0.189766,-0.179484,-0.168080,0.183321,-0.187232,0.193324,0.193394,-0.204737,-0.182813,0.190375,-0.170665,0.192016,-0.211041,0.183722,-0.195753,0.193918,0.188369,-0.205632,-0.190636,-0.182357,0.195336,0.198346,0.172514,-0.195727,0.172132,-0.198859,-0.194423,-0.191128,0.177896,0.199168,-0.190166,-0.186597,0.209422,0.205258,0.186671"
Q7L5N7,"0.307804,0.018308,0.229866,-0.216511,0.102545,0.055948,-0.012944,-0.037027,-0.020677,-0.149161,0.045149,0.221110,-0.049985,-0.262445,-0.088574,-0.187824,0.005594,0.097220,-0.264991,-0.001417,-0.119229,0.056852,0.054163,0.100404,0.013061,-0.030168,0.101202,0.079337,0.176881,-0.127212,-0.070607,-0.236494,0.220876,-0.002052,0.047062,0.013250,-0.166594,-0.187216,0.021866,-0.189706,0.153896,0.033819,0.055091,-0.169065,-0.002917,0.080494,-0.073422,-0.046055,-0.058309,-0.029272,-0.019732,0.272276,-0.040522,0.181314,-0.004181,-0.071537,-0.304922,-0.009108,0.005078,-0.070568,-0.151185,0.148820,0.109469,0.130570"
P40238,"0.154874,0.163897,0.145848,-0.161153,0.164248,0.159978,0.170641,-0.159705,0.172573,-0.147356,0.167791,0.146853,-0.165535,-0.147636,-0.175540,-0.151987,-0.176926,0.144378,-0.128438,-0.170011,-0.156328,0.171799,0.178546,0.160636,-0.159415,-0.169114,0.159693,0.160972,0.151045,-0.165963,-0.147367,-0.132788,0.146508,-0.162597,0.174809,0.173154,-0.167752,-0.141190,0.164666,-0.125478,0.156949,-0.185735,0.163696,-0.162472,0.166822,0.153408,-0.187283,-0.164148,-0.157601,0.172766,0.171171,0.138595,-0.162650,0.114067,-0.183340,-0.179051,-0.141221,0.158619,0.170672,-0.159626,-0.153980,0.169861,0.179430,0.167853"
Q02156,"-0.630465,-0.494658,-0.427928,0.481054,-0.460178,-0.398475,-0.451637,0.547576,-0.418675,0.132578,-0.600846,-0.375458,0.285881,0.415047,0.408772,0.266570,0.654528,-0.220735,0.236932,0.438047,0.355970,-0.253267,-0.600620,-0.448881,0.429378,0.525858,-0.247565,-0.334074,0.001309,0.437511,0.351143,0.215068,0.062209,0.359400,-0.570442,-0.432270,0.594850,0.441446,-0.500122,-0.028121,-0.294133,0.336300,-0.499364,0.075767,-0.343695,-0.521385,0.632138,0.408150,0.575799,-0.378490,-0.256978,-0.236213,0.167129,0.301165,0.589572,0.659068,-0.070272,-0.397964,-0.355761,0.397323,0.316060,-0.243539,-0.399591,-0.464632"
P04083,"0.228491,-0.101009,0.157697,-0.096680,0.014212,-0.003970,-0.104356,0.071591,-0.112722,-0.082949,-0.054825,0.113992,0.038325,-0.183204,-0.000499,-0.142009,0.150166,0.037911,-0.151341,0.090803,-0.051644,-0.026491,-0.030498,0.011173,0.077781,0.093726,0.041241,-0.035019,0.069105,-0.059512,-0.000712,-0.150495,0.177349,0.089479,-0.042788,-0.068256,-0.020921,-0.034163,-0.099571,-0.068060,0.083150,0.133580,-0.010082,-0.070143,-0.092159,-0.060359,0.026333,0.040133,0.043555,-0.143341,-0.133680,0.194456,0.073287,0.085664,0.074910,0.035900,-0.201921,-0.084462,-0.109439,0.028422,-0.049600,0.052956,0.025953,0.085241"
P28702,"-0.407708,-0.797358,-0.533741,0.650329,-0.749166,-0.671550,-1.008555,0.870445,-0.958411,0.124671,-1.100389,-0.218436,0.447498,0.324602,0.645154,0.105591,1.395362,-0.347911,0.003647,0.815218,0.725764,-0.645309,-0.974483,-0.543648,0.832949,0.877240,-0.396236,-0.643908,-0.092372,0.833317,0.621707,0.236638,0.183924,0.727957,-0.996731,-0.967842,0.844728,0.329097,-0.953869,-0.183357,-0.358301,0.624213,-0.808040,0.156711,-0.653251,-0.913671,0.884251,0.832492,0.876474,-0.904014,-0.661047,-0.285439,0.411096,0.573176,1.044449,0.854308,-0.164400,-0.792850,-0.525818,0.672994,0.348509,-0.193371,-0.352253,-0.719724"
P19793,"-0.189806,-0.449100,-0.349525,0.349661,-0.440233,-0.370694,-0.626664,0.533601,-0.555966,-0.064073,-0.756025,-0.010482,0.128872,0.143944,0.289027,-0.066302,0.940428,-0.137085,-0.162998,0.448630,0.458609,-0.279149,-0.571501,-0.219401,0.518672,0.494429,-0.122843,-0.312567,0.182419,0.532311,0.380120,0.082984,0.353372,0.400475,-0.620805,-0.583332,0.507229,0.114443,-0.608540,-0.287476,-0.124375,0.191212,-0.485931,-0.085083,-0.301861,-0.603288,0.456829,0.491368,0.566615,-0.524067,-0.286094,-0.092313,0.087700,0.632595,0.629010,0.434216,-0.340147,-0.460448,-0.162943,0.361115,0.119006,0.111241,0.011109,-0.396005"
P10826,"0.079328,0.014804,0.038590,-0.044852,0.015302,0.010130,-0.040474,-0.002620,-0.036013,-0.089283,-0.047017,0.120649,-0.070226,-0.085103,-0.068167,-0.119861,0.069762,0.043957,-0.117419,-0.001838,0.020753,0.041148,0.001435,0.064460,0.017973,-0.012202,0.073772,0.023658,0.102326,0.018532,-0.016231,-0.070848,0.163288,-0.010744,-0.025715,-0.022290,-0.022682,-0.100070,-0.013278,-0.140140,0.069947,-0.064743,-0.006969,-0.113047,0.030538,-0.013319,-0.039445,-0.006988,0.009360,-0.001329,0.026816,0.054764,-0.067466,0.199833,0.010815,-0.042169,-0.142633,-0.019245,0.071758,-0.012991,-0.095381,0.119580,0.107940,0.009735"
P41440,"0.145299,0.190259,0.138657,-0.162388,0.175604,0.177919,0.194436,-0.187723,0.199210,-0.152954,0.186701,0.150069,-0.181216,-0.140525,-0.178982,-0.144769,-0.199092,0.158523,-0.132312,-0.194787,-0.167646,0.180855,0.190749,0.176163,-0.187952,-0.195348,0.165100,0.180164,0.149927,-0.171198,-0.165635,-0.137432,0.127396,-0.188691,0.190988,0.190712,-0.173941,-0.157222,0.189887,-0.129835,0.157785,-0.197590,0.182592,-0.153111,0.189953,0.178373,-0.193401,-0.181614,-0.181388,0.194144,0.193089,0.139889,-0.182512,0.117166,-0.197973,-0.194342,-0.124525,0.188556,0.190952,-0.181324,-0.159382,0.167811,0.182144,0.171258"
P30531,"0.142585,0.199858,0.158278,-0.173484,0.185286,0.174456,0.198672,-0.195525,0.194456,-0.157420,0.195884,0.159720,-0.185657,-0.148256,-0.187072,-0.150352,-0.221775,0.159024,-0.147625,-0.193653,-0.168018,0.184113,0.193177,0.177706,-0.184295,-0.201059,0.163735,0.183148,0.154803,-0.171864,-0.174763,-0.140835,0.133332,-0.192644,0.194804,0.195870,-0.197042,-0.172197,0.201913,-0.142671,0.162187,-0.211422,0.180829,-0.162504,0.195297,0.195963,-0.200634,-0.190574,-0.187714,0.203893,0.202623,0.132712,-0.186521,0.134932,-0.202941,-0.192434,-0.129534,0.184008,0.199592,-0.183206,-0.166910,0.177460,0.179164,0.162624"
Q9UHI7,"-1.597793,-1.495531,-1.569184,2.168586,-1.812612,-1.489815,-1.624786,1.454848,-1.761228,1.773654,-1.592947,-1.920541,2.017387,1.683734,1.882331,1.632516,1.752778,-1.528921,2.220351,1.633602,1.414246,-1.918147,-1.593370,-1.728907,1.255461,1.760086,-1.661586,-1.933829,-2.843877,1.599766,1.246917,1.419274,-2.118409,1.586846,-1.536635,-1.629458,2.005715,1.641667,-1.459144,1.533267,-2.065307,2.258001,-1.411004,2.221711,-1.699762,-1.599931,1.921887,1.652889,1.222937,-1.661741,-2.050892,-1.839229,2.228591,-2.285245,1.661753,1.766666,2.591294,-1.358510,-2.007478,1.684183,1.608377,-2.587365,-2.378991,-1.585389"
P00750,"0.145002,0.151887,0.119487,-0.144357,0.154307,0.144702,0.155192,-0.150502,0.165759,-0.117138,0.157234,0.125091,-0.152751,-0.124595,-0.161563,-0.120876,-0.165200,0.126857,-0.110945,-0.156849,-0.132494,0.152543,0.164498,0.150927,-0.148197,-0.161144,0.136632,0.146468,0.141936,-0.150328,-0.124007,-0.106632,0.109212,-0.144588,0.160998,0.165090,-0.151446,-0.127595,0.148703,-0.088899,0.140270,-0.171357,0.152198,-0.133183,0.153976,0.139178,-0.175835,-0.149707,-0.142769,0.160923,0.155185,0.124504,-0.143769,0.072656,-0.172969,-0.176605,-0.116330,0.148418,0.159324,-0.147207,-0.135175,0.155670,0.169708,0.156710"
P51151,"0.180947,0.155760,0.177676,-0.172067,0.167204,0.155780,0.153667,-0.150633,0.154562,-0.164391,0.155824,0.171090,-0.170161,-0.169033,-0.183256,-0.178781,-0.164347,0.145169,-0.169240,-0.156194,-0.159462,0.173875,0.168163,0.161266,-0.144648,-0.157688,0.170428,0.157268,0.182766,-0.168982,-0.149844,-0.145496,0.179970,-0.151761,0.163884,0.157990,-0.178397,-0.151073,0.154563,-0.151215,0.174963,-0.186251,0.155082,-0.186457,0.163206,0.149487,-0.183345,-0.160627,-0.147576,0.167530,0.161999,0.156676,-0.164750,0.151408,-0.171080,-0.171195,-0.184025,0.141804,0.173178,-0.157889,-0.169403,0.196270,0.189566,0.175187"
P22830,"0.048085,0.002063,0.041600,-0.046058,0.015237,-0.031807,-0.038454,-0.026539,-0.065951,0.066382,0.027698,0.036589,0.052204,-0.028642,0.033300,0.027120,-0.031979,-0.044587,-0.030201,0.034099,0.035065,-0.085054,-0.008231,-0.007592,0.024317,0.001786,-0.054825,-0.040079,-0.101695,0.023287,-0.006749,-0.010249,-0.092130,0.027975,-0.004398,-0.041562,-0.059337,-0.060445,0.021000,0.066126,-0.016562,0.082310,-0.018776,0.098135,-0.053941,0.047189,0.013284,0.012353,-0.035733,-0.054244,-0.070761,-0.032713,0.071760,-0.073527,0.014464,-0.004076,0.095620,-0.041191,-0.038382,0.026956,0.014467,-0.074461,-0.062743,-0.048008"
P23141,"-0.005488,-0.117252,-0.038381,0.118137,-0.133585,-0.116072,-0.174717,0.092140,-0.210691,0.135611,-0.110039,-0.057066,0.194892,0.020419,0.150661,0.062543,0.153197,-0.117029,0.096823,0.157507,0.112055,-0.214696,-0.122128,-0.111837,0.116338,0.144552,-0.130696,-0.167875,-0.287079,0.122236,0.069194,0.045743,-0.171965,0.153750,-0.134422,-0.178100,0.106178,0.040182,-0.110491,0.105886,-0.131232,0.268383,-0.106340,0.201509,-0.184798,-0.097997,0.157407,0.138014,0.055465,-0.186478,-0.247700,-0.109930,0.235384,-0.179855,0.147732,0.126083,0.219027,-0.141343,-0.189418,0.147945,0.085968,-0.234893,-0.212634,-0.114958"
P09960,"0.193103,0.222426,0.209905,-0.197795,0.189027,0.207869,0.233199,-0.208714,0.214457,-0.218955,0.200313,0.180779,-0.210591,-0.176974,-0.208795,-0.186506,-0.227617,0.184764,-0.173088,-0.216290,-0.216063,0.236780,0.217103,0.195549,-0.203741,-0.216749,0.206597,0.217505,0.195064,-0.198819,-0.196243,-0.192241,0.173978,-0.216891,0.218139,0.227852,-0.207380,-0.201021,0.211762,-0.220920,0.167187,-0.226379,0.222015,-0.210895,0.221750,0.226818,-0.236635,-0.217641,-0.206730,0.228747,0.231803,0.197778,-0.200300,0.168133,-0.215197,-0.216330,-0.200611,0.209404,0.204910,-0.217980,-0.192709,0.195518,0.195029,0.202072"
Q07820,"-0.252386,-0.412551,-0.063312,0.156702,-0.296205,-0.439604,-0.471463,0.384242,-0.613890,0.311651,-0.307448,-0.078594,0.474456,0.065545,0.321870,0.172195,0.322730,-0.286688,0.104285,0.487291,0.411315,-0.482152,-0.446882,-0.394599,0.423362,0.435551,-0.283329,-0.388372,-0.291626,0.396785,0.250624,0.035071,-0.067566,0.400015,-0.443270,-0.473349,0.200269,0.032552,-0.301196,0.111407,-0.113372,0.586561,-0.496112,0.278012,-0.511007,-0.266294,0.489222,0.357313,0.336662,-0.458167,-0.482177,-0.261646,0.435194,0.017545,0.440205,0.430272,0.205990,-0.483262,-0.441941,0.446945,0.188121,-0.440630,-0.570842,-0.489376"
P11413,"-0.132212,-0.016311,-0.009611,0.016679,-0.005068,-0.004902,0.011071,0.033840,0.024604,-0.064231,-0.039776,-0.012625,-0.049968,0.046860,0.003642,-0.005585,0.027856,0.050761,-0.053923,-0.001561,-0.014735,0.065766,-0.070091,-0.023722,-0.002902,0.025041,0.042396,0.034523,0.144765,0.010507,-0.023236,-0.037966,0.118169,-0.034340,-0.045993,0.021224,0.053618,0.018019,-0.004979,-0.133078,0.024156,-0.046374,-0.035867,-0.101218,0.034809,-0.001913,0.077787,-0.014374,0.046823,0.046047,0.086072,0.030379,-0.099729,0.215677,0.051968,0.091095,-0.152719,0.011498,0.028855,-0.014903,-0.013967,0.037831,-0.015530,-0.043331"
Q02108,"0.276353,0.219312,0.305119,-0.291321,0.236562,0.233547,0.233071,-0.213086,0.214385,-0.263060,0.233428,0.286205,-0.246622,-0.265591,-0.251182,-0.280851,-0.258036,0.237884,-0.327191,-0.203473,-0.243861,0.250396,0.234981,0.238131,-0.200245,-0.221299,0.262176,0.240611,0.312688,-0.238459,-0.233430,-0.246074,0.305167,-0.204477,0.220661,0.226034,-0.283014,-0.255172,0.213311,-0.293554,0.272782,-0.249188,0.223851,-0.278853,0.222114,0.256718,-0.260596,-0.242837,-0.213675,0.234806,0.224653,0.297235,-0.246774,0.303058,-0.222524,-0.240990,-0.352770,0.199755,0.228467,-0.228382,-0.264536,0.289082,0.278801,0.237760"
Q02153,"0.348421,0.262408,0.400630,-0.371527,0.276868,0.287966,0.291812,-0.249562,0.255032,-0.329259,0.284691,0.361721,-0.297488,-0.323644,-0.297372,-0.353700,-0.332770,0.295120,-0.440585,-0.229339,-0.304167,0.304458,0.284151,0.286050,-0.233664,-0.260658,0.328633,0.293078,0.408468,-0.283573,-0.287249,-0.302931,0.390519,-0.231476,0.260070,0.271903,-0.360791,-0.319770,0.248514,-0.399446,0.336945,-0.301868,0.271833,-0.342988,0.261827,0.333350,-0.322494,-0.298371,-0.255474,0.288092,0.264247,0.397836,-0.297595,0.401098,-0.258848,-0.294333,-0.477936,0.235989,0.264589,-0.273129,-0.330329,0.357823,0.347192,0.282484"
P34998,"0.212484,0.121371,0.210009,-0.195035,0.161547,0.132912,0.108868,-0.129443,0.102532,-0.164364,0.138876,0.203185,-0.143316,-0.205331,-0.159242,-0.192397,-0.123541,0.142012,-0.213276,-0.115995,-0.147974,0.136645,0.136364,0.152527,-0.108744,-0.125160,0.154645,0.137689,0.176727,-0.158782,-0.142811,-0.176846,0.200133,-0.117932,0.130710,0.118072,-0.178206,-0.170398,0.124210,-0.160290,0.183665,-0.123374,0.128854,-0.176399,0.119946,0.138561,-0.148491,-0.136878,-0.132341,0.111728,0.111900,0.180940,-0.136916,0.181516,-0.128448,-0.138844,-0.219284,0.099869,0.130165,-0.137512,-0.168654,0.181071,0.167971,0.158881"
P00352,"0.165949,0.095175,0.169728,-0.171718,0.134337,0.102575,0.093439,-0.106479,0.085348,-0.128569,0.124004,0.163331,-0.111960,-0.165865,-0.125022,-0.142562,-0.119915,0.105413,-0.176861,-0.091628,-0.121002,0.107246,0.111668,0.119342,-0.079371,-0.107715,0.110852,0.116243,0.146902,-0.130708,-0.109666,-0.131319,0.146495,-0.093101,0.107617,0.096538,-0.163050,-0.130622,0.102286,-0.107164,0.148270,-0.101285,0.101421,-0.137761,0.091914,0.120803,-0.124224,-0.114257,-0.104570,0.085488,0.092589,0.144323,-0.114166,0.141519,-0.105724,-0.109182,-0.176122,0.074311,0.100732,-0.112765,-0.121977,0.152458,0.134752,0.123333"
P10145,"0.137900,-0.033379,0.141241,-0.144131,0.087177,0.016582,0.011791,0.018119,0.023142,-0.045307,0.051464,0.072776,-0.017285,-0.107574,-0.027184,-0.046578,-0.000043,0.076076,-0.168593,0.014121,-0.053712,0.029804,0.011622,0.038015,0.018508,0.011936,0.033786,0.046513,0.192055,-0.085673,-0.002245,-0.090626,0.115827,0.030854,0.024931,0.047193,-0.062440,-0.035542,-0.032632,-0.020414,0.120556,0.005923,0.015921,-0.053561,-0.000058,-0.014663,-0.022435,-0.001919,0.012782,-0.052931,0.002898,0.150715,-0.014880,0.017796,-0.017438,-0.015097,-0.225410,0.002834,-0.021148,-0.050286,-0.007104,0.110836,0.096814,0.105536"
Q12809,"0.223267,0.158539,0.226754,-0.216599,0.191522,0.172373,0.153947,-0.160555,0.153990,-0.203475,0.167846,0.223679,-0.189729,-0.224480,-0.202177,-0.225200,-0.157372,0.181328,-0.232959,-0.161465,-0.181747,0.190627,0.173016,0.185580,-0.151807,-0.163432,0.200919,0.179089,0.229134,-0.194014,-0.175200,-0.202970,0.245769,-0.161672,0.166411,0.163512,-0.198199,-0.191411,0.160323,-0.201238,0.217858,-0.177683,0.165328,-0.226035,0.167257,0.165708,-0.186742,-0.176131,-0.158892,0.163936,0.166329,0.212740,-0.187753,0.223725,-0.169363,-0.174838,-0.257923,0.145947,0.179469,-0.174431,-0.205245,0.224473,0.210797,0.197114"
P07949,"0.209559,-0.079752,0.075715,-0.111430,0.042753,0.000150,-0.072967,0.069510,-0.043448,-0.011288,-0.028169,0.094582,-0.012381,-0.119707,-0.076138,-0.107621,0.105493,0.013605,-0.090404,0.036006,0.010738,0.020083,0.013013,0.026864,0.040370,0.048395,0.089305,-0.020360,0.164854,-0.052132,0.046810,-0.088889,0.200754,0.059658,-0.006820,-0.027588,-0.008791,-0.030218,-0.070013,0.004035,0.142245,0.029788,-0.021927,-0.094101,-0.052905,-0.088103,-0.042788,0.028724,0.058673,-0.062294,-0.059241,0.148905,0.014020,0.026375,-0.003538,-0.077204,-0.201154,-0.054526,-0.012343,0.028772,-0.070569,0.095968,0.121161,0.098602"
P50052,"0.162158,0.129341,0.123667,-0.169755,0.156648,0.138465,0.138889,-0.138953,0.151863,-0.115756,0.153482,0.140069,-0.137238,-0.143197,-0.132364,-0.121324,-0.143246,0.135586,-0.147531,-0.137584,-0.132779,0.124952,0.142579,0.149338,-0.131564,-0.149248,0.122605,0.144604,0.148882,-0.145962,-0.119325,-0.126495,0.102170,-0.127988,0.144857,0.148192,-0.161460,-0.139277,0.132572,-0.085627,0.153257,-0.133054,0.143339,-0.120419,0.128217,0.141247,-0.145690,-0.130752,-0.137919,0.120075,0.130141,0.155814,-0.138075,0.084948,-0.146126,-0.160453,-0.129813,0.137372,0.130543,-0.145946,-0.120220,0.155547,0.163409,0.149041"
Q06187,"0.281192,-0.156155,0.246436,-0.128686,0.013717,-0.031569,-0.160358,0.163392,-0.146493,-0.127102,-0.120565,0.194728,-0.024675,-0.247152,-0.121175,-0.267941,0.202204,0.035684,-0.257756,0.120937,-0.002697,0.071447,-0.053125,-0.001016,0.141758,0.137168,0.151364,-0.038820,0.322880,-0.053614,0.035220,-0.164349,0.464213,0.120030,-0.089142,-0.115077,-0.005713,-0.059521,-0.155457,-0.210760,0.222994,0.042915,-0.082900,-0.285647,-0.093319,-0.137683,-0.013719,0.051752,0.143349,-0.101070,-0.094688,0.219922,0.009844,0.307459,0.086327,0.013519,-0.457855,-0.164572,-0.018284,0.070896,-0.151131,0.217144,0.145091,0.122539"
P18031,"-1.224296,-3.112136,-2.476053,1.982881,-2.307046,-2.648751,-2.873859,2.876415,-2.615055,3.104343,-2.394921,-2.506469,2.876252,2.104148,2.526201,2.639606,2.789422,-2.845514,2.553614,2.830136,2.741062,-2.902811,-2.401522,-2.521480,2.856680,2.799816,-2.733073,-2.789438,-2.261148,2.233840,3.149654,2.684766,-2.634779,3.141842,-2.434330,-2.671425,2.380612,2.794026,-3.051449,3.733106,-2.145423,3.009984,-2.542584,2.831146,-3.109523,-2.994981,2.243202,2.891139,2.793457,-3.176863,-3.235273,-1.913468,3.144858,-3.881755,2.407006,1.987678,2.398641,-2.886790,-3.039223,2.797406,2.827069,-2.404798,-2.038018,-1.958724"
P49286,"0.117700,0.035558,0.091827,-0.038710,0.028934,0.056619,0.011957,-0.040114,-0.007690,-0.066747,0.025260,0.082309,-0.012802,-0.116966,-0.044703,-0.110476,0.001437,0.054573,-0.047534,-0.022115,-0.063468,0.018395,0.049135,0.052599,-0.038070,-0.011502,0.060745,0.018099,-0.045667,-0.054017,-0.076598,-0.094067,0.064182,-0.026606,0.034621,0.015363,-0.041603,-0.068213,0.034933,-0.074873,0.036682,0.024808,0.057835,-0.041682,0.011024,0.035860,-0.034864,-0.042634,-0.068322,0.006802,-0.024903,0.064933,0.016618,0.038559,-0.026021,-0.035022,-0.012629,0.025269,0.005500,-0.022016,-0.070777,-0.003588,0.010824,0.062885"
O14764,"0.177637,0.137883,0.173757,-0.174136,0.159029,0.144977,0.133786,-0.137734,0.137492,-0.183683,0.140119,0.182901,-0.167498,-0.176213,-0.156330,-0.179942,-0.126614,0.157387,-0.206750,-0.138978,-0.154342,0.152199,0.137250,0.158524,-0.126158,-0.144267,0.153071,0.158465,0.200152,-0.153543,-0.141321,-0.154969,0.189074,-0.140578,0.138687,0.134938,-0.168000,-0.159439,0.129444,-0.168862,0.179968,-0.165666,0.141008,-0.185192,0.150419,0.139689,-0.154375,-0.141432,-0.132181,0.131871,0.153433,0.172860,-0.172164,0.201747,-0.135682,-0.141516,-0.216984,0.129161,0.158194,-0.159113,-0.157566,0.208897,0.190526,0.155965"
O43614,"0.158785,0.183848,0.168684,-0.176754,0.180828,0.173366,0.183020,-0.179424,0.184503,-0.179992,0.178064,0.175231,-0.191010,-0.164771,-0.186161,-0.172881,-0.189163,0.169450,-0.177170,-0.183318,-0.171519,0.186589,0.178907,0.178867,-0.172362,-0.186728,0.173666,0.184304,0.188301,-0.173157,-0.170112,-0.154876,0.171604,-0.183398,0.179528,0.180983,-0.186977,-0.172192,0.180828,-0.166976,0.178619,-0.205596,0.173635,-0.186745,0.189848,0.178911,-0.189535,-0.180793,-0.171132,0.189229,0.196035,0.158077,-0.194967,0.177446,-0.184548,-0.179896,-0.177134,0.173589,0.195915,-0.182692,-0.174365,0.201444,0.194126,0.170813"
P51164,"0.139553,0.127964,0.109711,-0.124177,0.125350,0.141422,0.130858,-0.126252,0.132407,-0.125332,0.123582,0.124565,-0.124625,-0.134993,-0.131366,-0.139502,-0.112059,0.134878,-0.101689,-0.135517,-0.129702,0.126265,0.139677,0.135475,-0.137770,-0.129306,0.140557,0.125923,0.101541,-0.130676,-0.130790,-0.134723,0.122849,-0.130731,0.133479,0.130269,-0.121007,-0.125771,0.129836,-0.113781,0.132039,-0.116477,0.139444,-0.123414,0.125800,0.116918,-0.129463,-0.126421,-0.134521,0.124084,0.117143,0.130411,-0.121523,0.098183,-0.136142,-0.143804,-0.094668,0.138422,0.125398,-0.126367,-0.130662,0.117281,0.133407,0.140661"
O95718,"0.134039,0.199181,0.137296,-0.156770,0.174532,0.173519,0.193057,-0.191005,0.196377,-0.164898,0.179468,0.154577,-0.193492,-0.135733,-0.182204,-0.148930,-0.200958,0.159836,-0.146209,-0.194500,-0.162220,0.185189,0.186469,0.180805,-0.181395,-0.200206,0.161360,0.183706,0.159403,-0.160458,-0.166189,-0.129878,0.132315,-0.192414,0.186603,0.190449,-0.181050,-0.166057,0.190490,-0.150275,0.153236,-0.223833,0.179413,-0.165417,0.201468,0.183646,-0.198695,-0.182678,-0.179686,0.201253,0.208483,0.127837,-0.195476,0.147228,-0.194812,-0.190647,-0.133679,0.185415,0.206686,-0.185216,-0.163263,0.189257,0.192247,0.158832"
P62508,"-1.166536,-1.144603,-1.080184,1.218036,-1.208181,-1.007783,-1.270715,1.289435,-1.169138,0.241343,-1.575653,-0.694532,0.668987,0.853842,1.113163,0.465945,1.883722,-0.501718,0.236176,1.100147,1.087514,-0.918951,-1.529601,-0.964120,1.130957,1.250414,-0.723836,-0.864547,-0.094696,1.313109,0.966193,0.626443,0.019388,0.952024,-1.469636,-1.364461,1.414453,0.728415,-1.357770,-0.124871,-0.652690,0.822930,-1.219716,0.344849,-0.849425,-1.328736,1.449492,1.232949,1.359296,-1.188717,-0.743769,-0.664664,0.473826,0.789861,1.548684,1.436732,0.031410,-1.005534,-0.716645,0.944609,0.772313,-0.357943,-0.692729,-1.204241"
P01137,"-0.490501,-1.589358,-1.014310,1.593408,-1.550073,-1.111755,-1.692025,1.535927,-1.689674,1.113761,-1.628742,-1.200162,1.691145,0.792789,1.532039,0.737755,2.263847,-1.020028,1.422923,1.529545,1.005323,-1.609616,-1.384066,-1.312570,1.208296,1.805852,-1.057979,-1.669547,-2.016468,1.116036,1.091364,0.709214,-1.014753,1.586644,-1.424257,-1.598547,1.865173,1.351841,-1.654337,0.955800,-1.360520,2.220163,-1.135874,1.469679,-1.658829,-1.781875,1.661095,1.586037,1.198229,-1.840363,-2.108382,-0.812790,1.964762,-1.576886,1.602995,1.465966,1.377170,-1.282905,-1.898670,1.464681,1.121470,-1.892290,-1.583642,-0.854109"
P00956,"0.123002,0.119382,0.171944,-0.176147,0.159761,0.135559,0.133266,-0.119052,0.137926,-0.158629,0.127237,0.155807,-0.160837,-0.154510,-0.163107,-0.160625,-0.139283,0.147112,-0.178476,-0.131733,-0.153237,0.182122,0.129319,0.135211,-0.122334,-0.121880,0.168766,0.148661,0.214356,-0.163911,-0.149263,-0.173052,0.222306,-0.140891,0.131681,0.153480,-0.150110,-0.126352,0.136921,-0.170857,0.165644,-0.157943,0.123954,-0.201994,0.138412,0.140534,-0.132023,-0.157097,-0.114605,0.149735,0.160508,0.178206,-0.170576,0.211904,-0.131666,-0.111758,-0.231677,0.120106,0.144041,-0.131811,-0.158837,0.170583,0.148363,0.144781"
Q96RI1,"0.067366,-0.012475,0.048335,-0.045504,0.013277,0.011139,-0.048305,0.033859,-0.031501,-0.117983,-0.073656,0.116722,-0.087834,-0.084425,-0.080786,-0.142349,0.104635,0.058433,-0.134853,0.004945,0.007166,0.077529,-0.018317,0.049775,0.027935,0.015018,0.107406,0.028706,0.188592,0.001259,-0.010036,-0.088930,0.243679,-0.004422,-0.041670,-0.018445,0.004737,-0.066958,-0.036649,-0.179309,0.097245,-0.082206,-0.020718,-0.174877,0.033104,-0.047165,-0.021123,-0.004812,0.049285,0.006799,0.044499,0.093107,-0.095693,0.265395,0.025098,-0.013316,-0.237030,-0.026398,0.076203,-0.008405,-0.108172,0.155455,0.126213,0.028544"
P35869,"0.062209,0.099197,0.071821,-0.077176,0.087098,0.092453,0.089439,-0.075574,0.097862,-0.127120,0.056454,0.101216,-0.135838,-0.070255,-0.120695,-0.111721,-0.070373,0.094392,-0.106975,-0.101604,-0.080923,0.131981,0.082982,0.097723,-0.084526,-0.095506,0.123486,0.106063,0.170128,-0.076420,-0.082208,-0.083681,0.147748,-0.104773,0.078709,0.093781,-0.081005,-0.087046,0.085893,-0.143016,0.109202,-0.163488,0.079280,-0.154922,0.124415,0.070706,-0.100001,-0.096049,-0.061416,0.125390,0.140176,0.084277,-0.146249,0.176961,-0.091395,-0.092062,-0.154110,0.091112,0.144035,-0.099350,-0.113955,0.157719,0.138001,0.085767"
Q02846,"0.135042,0.189840,0.148794,-0.142200,0.164190,0.178945,0.194062,-0.185513,0.190704,-0.166826,0.178607,0.138695,-0.176046,-0.139633,-0.176310,-0.156958,-0.196370,0.162143,-0.119044,-0.186285,-0.181118,0.182967,0.192853,0.168904,-0.184493,-0.184279,0.162062,0.172047,0.124215,-0.174259,-0.173705,-0.135374,0.130317,-0.183200,0.188338,0.192903,-0.169498,-0.143744,0.184756,-0.149722,0.134478,-0.197757,0.187659,-0.156213,0.192901,0.176909,-0.191568,-0.183634,-0.182534,0.193514,0.186742,0.134429,-0.166819,0.120946,-0.193555,-0.176065,-0.120001,0.187385,0.179774,-0.175141,-0.161750,0.159139,0.168739,0.170930"
P30044,"0.194085,0.097733,0.212870,-0.194246,0.144494,0.106633,0.082835,-0.103905,0.075594,-0.163764,0.116748,0.201499,-0.133580,-0.194129,-0.144116,-0.182808,-0.112156,0.137454,-0.260551,-0.090711,-0.130532,0.114815,0.117007,0.131165,-0.087681,-0.108970,0.140743,0.117690,0.216200,-0.140778,-0.125990,-0.192110,0.228935,-0.105521,0.108930,0.090546,-0.174969,-0.178069,0.105369,-0.168864,0.193517,-0.113823,0.098938,-0.172866,0.090159,0.139690,-0.132879,-0.125252,-0.105720,0.093845,0.112663,0.180658,-0.131100,0.250051,-0.095156,-0.115064,-0.245165,0.082225,0.123540,-0.118785,-0.165151,0.186139,0.136810,0.120677"
Q16555,"0.226659,-0.090188,0.212142,-0.122384,0.033743,0.051879,-0.069473,0.078987,-0.089181,-0.210715,-0.066149,0.174132,-0.023377,-0.277178,-0.092483,-0.284874,0.161441,0.129339,-0.180773,0.060196,-0.123478,0.084252,0.011580,0.047754,0.050343,0.100288,0.157400,0.012689,0.151799,-0.121948,-0.078831,-0.252780,0.407200,0.042152,-0.027189,-0.015804,-0.031580,-0.044956,-0.074729,-0.237472,0.142877,0.063101,0.018291,-0.244038,-0.046140,-0.067515,-0.005491,-0.025724,0.039810,-0.093176,-0.071816,0.283135,0.000048,0.301617,0.048322,0.046694,-0.343768,-0.051096,-0.062329,0.021516,-0.147243,0.122566,0.078621,0.133301"
P34981,"-0.046478,-0.505313,-0.366046,0.276228,-0.401498,-0.395575,-0.585484,0.406891,-0.585966,0.514475,-0.432055,-0.207532,0.569734,0.164589,0.510567,0.362284,0.615013,-0.414572,0.305480,0.500578,0.474804,-0.660555,-0.447305,-0.357784,0.435276,0.491268,-0.434859,-0.480961,-0.582249,0.434923,0.412813,0.189303,-0.469984,0.515551,-0.480630,-0.619072,0.419672,0.224289,-0.473309,0.571041,-0.323378,0.866379,-0.419839,0.637399,-0.629625,-0.432837,0.547991,0.486240,0.354154,-0.691601,-0.759534,-0.215805,0.624080,-0.523336,0.520484,0.343339,0.546465,-0.483635,-0.595939,0.505469,0.392823,-0.636074,-0.508420,-0.380308"
Q16570,"0.183688,0.191880,0.191385,-0.198660,0.196232,0.183836,0.191261,-0.190129,0.190962,-0.186828,0.193092,0.192947,-0.198471,-0.186192,-0.203162,-0.188607,-0.204274,0.176995,-0.190002,-0.191277,-0.184150,0.198580,0.195496,0.191352,-0.180448,-0.196530,0.187726,0.192742,0.197243,-0.190988,-0.181751,-0.171312,0.187308,-0.189731,0.193138,0.193369,-0.205370,-0.184907,0.192316,-0.172864,0.193260,-0.210715,0.185060,-0.198944,0.195052,0.190762,-0.206590,-0.194105,-0.183532,0.197670,0.199142,0.175438,-0.199045,0.178437,-0.199559,-0.196065,-0.193015,0.178975,0.201605,-0.190821,-0.189807,0.210229,0.205810,0.188619"
P15328,"0.119569,0.179113,0.128694,-0.106634,0.141424,0.157050,0.170605,-0.171840,0.168310,-0.133494,0.158601,0.113039,-0.149506,-0.111637,-0.150284,-0.129565,-0.176902,0.134888,-0.091980,-0.168788,-0.156960,0.153354,0.169805,0.149247,-0.171273,-0.166277,0.136987,0.142760,0.077408,-0.149313,-0.158250,-0.106636,0.082777,-0.164841,0.171268,0.169087,-0.142587,-0.127344,0.171267,-0.123975,0.105541,-0.173850,0.168998,-0.119790,0.173308,0.158484,-0.168503,-0.158343,-0.173096,0.180544,0.159580,0.094090,-0.137055,0.072405,-0.174225,-0.159445,-0.068392,0.169620,0.161227,-0.158849,-0.139671,0.124714,0.136033,0.151088"
O95477,"0.225077,0.007094,0.177711,-0.151633,0.102481,0.059552,0.016376,-0.008012,0.026559,-0.097824,0.046089,0.142389,-0.081988,-0.173726,-0.145295,-0.182097,-0.020118,0.062985,-0.147586,-0.029801,-0.074711,0.109029,0.083947,0.077647,-0.015532,-0.019871,0.140304,0.047234,0.194995,-0.124765,-0.042875,-0.112640,0.245394,-0.014079,0.067265,0.051010,-0.104648,-0.067167,0.016565,-0.091829,0.168632,-0.084556,0.049232,-0.182963,0.037129,0.006579,-0.123556,-0.053052,-0.016226,0.041929,0.029397,0.164361,-0.056026,0.095213,-0.080960,-0.105473,-0.239163,0.002103,0.064203,-0.042496,-0.130445,0.176282,0.167049,0.155405"
P78348,"0.145290,0.138286,0.147621,-0.109195,0.123332,0.152822,0.138660,-0.132252,0.134237,-0.165371,0.123630,0.128885,-0.135932,-0.153613,-0.147128,-0.173921,-0.114732,0.150343,-0.107278,-0.138838,-0.166605,0.154881,0.151621,0.141585,-0.144114,-0.124235,0.155608,0.131055,0.092938,-0.156755,-0.154075,-0.143916,0.156776,-0.136104,0.143081,0.148052,-0.121432,-0.112536,0.129973,-0.164230,0.117475,-0.137489,0.156751,-0.158134,0.143880,0.119271,-0.147467,-0.143359,-0.142695,0.140443,0.126475,0.143069,-0.122521,0.124539,-0.142126,-0.127044,-0.130171,0.143123,0.126744,-0.136843,-0.152727,0.131066,0.136948,0.165701"
P29460,"0.255081,0.081700,0.199742,-0.225585,0.165440,0.143879,0.083426,-0.093878,0.099299,-0.178661,0.108354,0.233053,-0.150265,-0.250593,-0.169864,-0.226995,-0.053117,0.180464,-0.260312,-0.105198,-0.132793,0.140681,0.115105,0.158507,-0.100074,-0.093910,0.191186,0.142516,0.281527,-0.171548,-0.124316,-0.217689,0.284955,-0.097848,0.106016,0.106591,-0.150448,-0.178962,0.083478,-0.160305,0.244026,-0.089792,0.118657,-0.216418,0.094871,0.098791,-0.128970,-0.130391,-0.090729,0.078556,0.085432,0.276575,-0.144452,0.238611,-0.106246,-0.151614,-0.293268,0.097393,0.121702,-0.118697,-0.186718,0.206444,0.198955,0.186004"
P24530,"0.153318,0.163264,0.129791,-0.157082,0.161956,0.160665,0.163251,-0.163935,0.171434,-0.134695,0.163526,0.150039,-0.160142,-0.140626,-0.160951,-0.137398,-0.163934,0.145717,-0.135350,-0.170361,-0.144787,0.154111,0.166434,0.163460,-0.166057,-0.169036,0.154588,0.161494,0.147907,-0.153864,-0.145251,-0.138737,0.126943,-0.162746,0.165872,0.159427,-0.153765,-0.153163,0.163067,-0.112230,0.158916,-0.157142,0.159940,-0.135036,0.161852,0.153418,-0.165188,-0.157087,-0.159990,0.161888,0.158592,0.142117,-0.159667,0.107202,-0.171211,-0.180540,-0.124395,0.164426,0.167589,-0.159620,-0.147895,0.150055,0.168431,0.160743"
P30518,"0.110415,0.082296,0.096596,-0.048395,0.067998,0.077096,0.058263,-0.085088,0.049239,-0.065802,0.072758,0.073110,-0.050895,-0.086340,-0.063512,-0.087985,-0.061576,0.065194,-0.053620,-0.064172,-0.085474,0.045165,0.079753,0.076247,-0.079061,-0.063159,0.062315,0.047434,-0.016793,-0.078007,-0.090241,-0.072714,0.029495,-0.062751,0.080402,0.062133,-0.071173,-0.077110,0.075647,-0.064250,0.046487,-0.039991,0.087884,-0.036230,0.065683,0.072882,-0.071587,-0.065343,-0.100436,0.060855,0.030781,0.052177,-0.024401,0.005568,-0.072943,-0.072630,-0.012457,0.069730,0.050920,-0.070690,-0.077227,0.034734,0.047648,0.085198"
P03420,"0.173570,0.156691,0.117746,-0.177697,0.175238,0.167729,0.171592,-0.168716,0.200033,-0.134453,0.176892,0.160648,-0.163302,-0.151783,-0.173454,-0.125139,-0.161427,0.158758,-0.174253,-0.184857,-0.150588,0.150944,0.183480,0.184695,-0.187978,-0.186890,0.175301,0.180165,0.220037,-0.163584,-0.141647,-0.172970,0.153987,-0.178084,0.180187,0.169656,-0.151450,-0.172150,0.168155,-0.130413,0.192894,-0.157652,0.166070,-0.146256,0.159535,0.155259,-0.172451,-0.154375,-0.167836,0.171607,0.175988,0.212650,-0.174415,0.115741,-0.181722,-0.212424,-0.182664,0.200280,0.172444,-0.170489,-0.166692,0.159872,0.191763,0.179303"
P17787,"0.233844,0.163771,0.244316,-0.229943,0.202650,0.181550,0.162022,-0.166867,0.161862,-0.212071,0.177705,0.237961,-0.200085,-0.236599,-0.216123,-0.231740,-0.171117,0.187425,-0.255550,-0.166911,-0.191255,0.203052,0.181620,0.194138,-0.156702,-0.175384,0.208930,0.189399,0.253791,-0.200495,-0.185929,-0.212402,0.263287,-0.169520,0.174811,0.170143,-0.211021,-0.204055,0.167104,-0.216375,0.235442,-0.187493,0.172602,-0.239807,0.172423,0.178827,-0.198503,-0.188516,-0.165120,0.171633,0.176488,0.226916,-0.196917,0.247870,-0.176326,-0.185740,-0.282428,0.151204,0.189737,-0.181003,-0.215248,0.239724,0.221780,0.204755"
P06241,"-2.886955,-5.018149,-3.500065,3.472446,-4.091498,-4.137443,-4.763696,4.768085,-4.522868,3.601354,-4.492791,-3.417992,4.237237,3.002203,4.196594,3.260430,5.295909,-3.685237,3.013855,4.594002,4.019518,-4.203298,-4.566766,-4.118763,4.527988,4.792875,-3.708651,-4.154349,-2.848300,3.795605,4.308392,3.169053,-2.477968,4.630708,-4.607361,-4.687725,4.405834,4.020677,-4.930509,3.630689,-3.204585,5.011107,-4.353771,3.398975,-4.756657,-4.733867,4.579708,4.511509,4.671165,-5.022959,-4.774027,-2.611492,4.162632,-2.882679,4.749049,4.408124,2.362933,-4.560275,-4.672379,4.347789,3.882836,-3.631725,-3.742668,-3.574583"
P32745,"0.162014,0.062100,0.143602,-0.100502,0.084251,0.066931,0.027745,-0.072141,0.012871,-0.075987,0.064309,0.134931,-0.052103,-0.139427,-0.078651,-0.123563,-0.046221,0.065220,-0.126450,-0.042521,-0.072224,0.038340,0.066118,0.083823,-0.052391,-0.050565,0.079984,0.047943,0.041208,-0.075161,-0.089434,-0.117153,0.096969,-0.047972,0.062454,0.028317,-0.099160,-0.122762,0.065214,-0.086958,0.098284,-0.012514,0.063989,-0.064718,0.041733,0.076363,-0.064144,-0.061616,-0.086134,0.033527,0.008226,0.094520,-0.028501,0.077020,-0.053379,-0.076930,-0.079670,0.036110,0.050251,-0.057721,-0.103124,0.062539,0.061275,0.082735"
P30872,"0.167215,0.184430,0.173709,-0.179079,0.181726,0.166255,0.176574,-0.181634,0.169550,-0.160950,0.182593,0.175670,-0.176051,-0.166869,-0.184118,-0.166822,-0.198188,0.156460,-0.165614,-0.175938,-0.161775,0.170407,0.181483,0.174390,-0.168368,-0.183849,0.165329,0.171665,0.158577,-0.166981,-0.169665,-0.153323,0.153222,-0.176361,0.181578,0.174561,-0.196217,-0.180405,0.186101,-0.150181,0.173330,-0.190539,0.169172,-0.166293,0.178911,0.183205,-0.190331,-0.177828,-0.177761,0.182789,0.179461,0.143634,-0.173002,0.147784,-0.187381,-0.185694,-0.146577,0.164995,0.186830,-0.172264,-0.172403,0.179976,0.178185,0.162125"
P35346,"0.222406,0.105320,0.206998,-0.195627,0.157375,0.121574,0.084987,-0.110550,0.071469,-0.157520,0.119113,0.215166,-0.129630,-0.218232,-0.158933,-0.204953,-0.096397,0.139956,-0.216719,-0.098370,-0.122317,0.116661,0.118832,0.143487,-0.096614,-0.103764,0.162625,0.121652,0.181454,-0.138441,-0.136846,-0.196343,0.228979,-0.105611,0.113891,0.091517,-0.172050,-0.190203,0.114490,-0.165116,0.204999,-0.096388,0.107527,-0.175272,0.100959,0.121863,-0.128629,-0.122680,-0.117667,0.091549,0.090231,0.184396,-0.120828,0.200959,-0.112918,-0.137236,-0.211980,0.083805,0.123952,-0.113327,-0.176834,0.170452,0.155207,0.140986"
P30530,"0.158190,-0.185594,0.060857,0.010019,-0.051955,-0.093269,-0.162466,0.199227,-0.139879,0.062652,-0.126730,-0.021813,0.080340,-0.050415,-0.029953,-0.073953,0.180540,-0.096619,0.040433,0.146225,0.072918,-0.021688,-0.053958,-0.087514,0.156029,0.174628,0.022318,-0.138966,0.073416,-0.003966,0.139657,0.042087,0.159296,0.184043,-0.078987,-0.093956,0.075614,0.125083,-0.182814,0.051198,0.043678,0.059502,-0.101975,-0.081076,-0.136820,-0.215584,-0.003712,0.123589,0.169312,-0.116311,-0.154705,0.038601,0.144126,-0.118781,0.053205,0.022223,-0.148210,-0.175129,-0.107229,0.135912,0.000576,0.051035,0.058400,0.070615"
Q03405,"0.151412,0.036411,0.122668,-0.105473,0.079385,0.067293,0.025502,-0.035071,0.030875,-0.118116,0.032681,0.134247,-0.089393,-0.147518,-0.121946,-0.158953,-0.009136,0.086491,-0.125514,-0.043243,-0.069595,0.101345,0.069908,0.093437,-0.034224,-0.041454,0.121642,0.066007,0.141779,-0.088836,-0.063796,-0.117739,0.205197,-0.041405,0.047815,0.055039,-0.076130,-0.087882,0.029875,-0.128552,0.124792,-0.078656,0.056910,-0.159314,0.058026,0.025179,-0.091576,-0.065283,-0.035336,0.048943,0.047163,0.133684,-0.077526,0.149453,-0.059921,-0.081339,-0.192836,0.027536,0.070794,-0.056667,-0.125753,0.143119,0.131634,0.111805"
O00555,"0.044219,-0.369973,-0.034157,0.189521,-0.293168,-0.343358,-0.502336,0.306832,-0.582424,0.280916,-0.341209,-0.066309,0.443660,0.016060,0.352954,0.121910,0.426782,-0.324654,0.088335,0.462446,0.290010,-0.497436,-0.349478,-0.274550,0.412365,0.414771,-0.331655,-0.419461,-0.516916,0.305760,0.229635,0.096149,-0.248554,0.431420,-0.372866,-0.496122,0.194152,0.116626,-0.356771,0.240772,-0.267756,0.610190,-0.338944,0.386721,-0.478430,-0.277565,0.380620,0.362324,0.237761,-0.532997,-0.610065,-0.194937,0.522897,-0.257193,0.429174,0.347901,0.299192,-0.465937,-0.479946,0.380716,0.226683,-0.412373,-0.421134,-0.301362"
P42261,"0.231913,0.139005,0.240333,-0.234496,0.192503,0.164842,0.137690,-0.144994,0.138498,-0.209572,0.154404,0.238223,-0.187620,-0.239969,-0.202235,-0.235608,-0.140907,0.181077,-0.259224,-0.146167,-0.180072,0.192891,0.160374,0.182176,-0.134485,-0.147009,0.206707,0.175753,0.255829,-0.195318,-0.172457,-0.221347,0.279126,-0.150645,0.152382,0.153924,-0.199661,-0.191662,0.146569,-0.212127,0.228245,-0.165348,0.152673,-0.242472,0.152005,0.159805,-0.176095,-0.173533,-0.143494,0.147197,0.156554,0.238437,-0.188075,0.257244,-0.152804,-0.161302,-0.297336,0.128052,0.167753,-0.163655,-0.208247,0.231354,0.210537,0.194527"
P42262,"0.141188,0.162083,0.147131,-0.117256,0.139572,0.160349,0.158855,-0.155963,0.159293,-0.156700,0.146370,0.129166,-0.152082,-0.139642,-0.155915,-0.158442,-0.148773,0.148376,-0.111928,-0.159974,-0.168021,0.163259,0.165008,0.151621,-0.161520,-0.151420,0.153373,0.144657,0.101385,-0.161705,-0.159849,-0.131405,0.128770,-0.155752,0.160946,0.163793,-0.135541,-0.124247,0.154203,-0.150058,0.120933,-0.163257,0.167835,-0.150097,0.163993,0.142702,-0.163388,-0.155638,-0.160894,0.167127,0.150955,0.126232,-0.140093,0.107907,-0.162732,-0.147304,-0.117188,0.159940,0.151569,-0.155690,-0.152118,0.140288,0.147300,0.167622"
P48058,"0.148734,0.191834,0.137922,-0.169562,0.182293,0.178515,0.196368,-0.189671,0.202675,-0.150708,0.191239,0.152485,-0.184198,-0.142709,-0.180805,-0.142020,-0.203492,0.161836,-0.139589,-0.195978,-0.164263,0.179109,0.190754,0.178700,-0.188149,-0.198204,0.163166,0.183393,0.163019,-0.172457,-0.163230,-0.136427,0.126158,-0.188695,0.193094,0.194217,-0.180593,-0.162729,0.190802,-0.123039,0.165507,-0.201231,0.183105,-0.153105,0.191203,0.181679,-0.195834,-0.183349,-0.180744,0.194707,0.195543,0.145250,-0.185008,0.116745,-0.200832,-0.200126,-0.126786,0.190328,0.194595,-0.182863,-0.159010,0.174705,0.187632,0.171283"
P02918,"0.204051,0.182653,0.215812,-0.231693,0.193631,0.183492,0.185911,-0.177570,0.182615,-0.185083,0.179457,0.218259,-0.189021,-0.212947,-0.204822,-0.203718,-0.192114,0.198189,-0.243677,-0.182881,-0.172055,0.204201,0.196271,0.205501,-0.166890,-0.190833,0.211012,0.201704,0.240142,-0.183572,-0.180695,-0.209431,0.223412,-0.173447,0.178800,0.185425,-0.206748,-0.212334,0.178985,-0.192111,0.216370,-0.186899,0.175097,-0.196856,0.188071,0.175006,-0.197674,-0.183336,-0.176091,0.170226,0.186048,0.200335,-0.196478,0.188977,-0.191283,-0.204989,-0.232460,0.180262,0.200258,-0.193234,-0.187453,0.219041,0.219700,0.210364"
P30411,"0.151802,0.169831,0.145770,-0.171668,0.174884,0.168349,0.176492,-0.170664,0.183469,-0.155084,0.174848,0.160772,-0.176208,-0.154462,-0.177589,-0.151707,-0.178738,0.161019,-0.151299,-0.178344,-0.157264,0.175610,0.173258,0.170710,-0.172323,-0.179094,0.167441,0.176591,0.178329,-0.168005,-0.156821,-0.150200,0.155086,-0.174077,0.172549,0.177074,-0.168207,-0.160199,0.172748,-0.134824,0.174595,-0.177719,0.167099,-0.164299,0.174571,0.165245,-0.176495,-0.173414,-0.161786,0.177669,0.179346,0.159446,-0.180316,0.142665,-0.180791,-0.181567,-0.155641,0.171614,0.179810,-0.170265,-0.162504,0.174559,0.180397,0.168413"
P21980,"-0.323880,-1.183327,-0.578055,0.792481,-0.982256,-1.004870,-1.219163,1.066515,-1.249849,1.004949,-1.006307,-0.786804,1.211274,0.557936,1.024657,0.737363,1.155999,-1.052185,0.811723,1.201591,0.875173,-1.146944,-0.946160,-0.977038,1.152530,1.181778,-1.003392,-1.158689,-1.204058,0.808753,0.984580,0.781535,-0.892731,1.252376,-1.010841,-1.162389,0.881814,0.968266,-1.161237,1.071559,-0.962626,1.396651,-0.948533,1.041465,-1.278534,-1.053223,0.961385,1.085214,0.957356,-1.308995,-1.463658,-0.686555,1.369770,-1.247948,1.073795,0.979799,0.884882,-1.215874,-1.332789,1.104578,0.937117,-1.084342,-1.037033,-0.729229"
P21589,"0.183688,0.191880,0.191385,-0.198660,0.196232,0.183836,0.191261,-0.190129,0.190962,-0.186828,0.193092,0.192947,-0.198471,-0.186192,-0.203162,-0.188607,-0.204274,0.176995,-0.190002,-0.191277,-0.184150,0.198580,0.195496,0.191352,-0.180448,-0.196530,0.187726,0.192742,0.197243,-0.190988,-0.181751,-0.171312,0.187308,-0.189731,0.193138,0.193369,-0.205370,-0.184907,0.192316,-0.172864,0.193260,-0.210715,0.185060,-0.198944,0.195052,0.190762,-0.206590,-0.194105,-0.183532,0.197670,0.199142,0.175438,-0.199045,0.178437,-0.199559,-0.196065,-0.193015,0.178975,0.201605,-0.190821,-0.189807,0.210229,0.205810,0.188619"
O75164,"0.026087,0.092973,0.076887,-0.083256,0.096373,0.093591,0.099766,-0.082538,0.113191,-0.140296,0.067725,0.091689,-0.136265,-0.069744,-0.090525,-0.101683,-0.071827,0.124457,-0.138648,-0.102954,-0.097464,0.126451,0.058801,0.092235,-0.093207,-0.088924,0.108293,0.119518,0.179033,-0.084112,-0.100927,-0.103630,0.155594,-0.119071,0.074338,0.097268,-0.073727,-0.089258,0.088628,-0.154936,0.110726,-0.140002,0.079191,-0.148941,0.124326,0.093685,-0.063989,-0.097588,-0.067973,0.112694,0.151487,0.105110,-0.161496,0.218786,-0.067899,-0.050607,-0.166238,0.103068,0.128378,-0.107942,-0.098230,0.146291,0.110993,0.069358"
Q14145,"-3.128805,-2.968075,-2.771679,2.838387,-3.113871,-3.077524,-3.230453,2.903256,-3.489396,2.398750,-3.108770,-2.281161,3.049458,2.407449,3.423989,2.572414,3.351787,-2.460323,1.912724,3.184760,3.179337,-3.492730,-3.596143,-2.955901,3.086513,3.062060,-3.058661,-2.811276,-2.745760,3.488430,2.662676,2.264123,-2.447427,2.884368,-3.495457,-3.612469,2.869157,2.010568,-2.993916,1.952000,-2.578769,3.572710,-3.270625,2.900064,-3.154257,-2.657002,3.709428,3.116215,2.930667,-3.461243,-3.072885,-2.725761,2.706833,-0.965429,3.672036,3.530300,2.714672,-3.062174,-2.980061,2.979100,2.811041,-2.959593,-3.414359,-3.663362"
Q9NWZ3,"0.153900,-0.140388,0.076175,0.015709,-0.040972,-0.064777,-0.131684,0.145885,-0.110239,0.018939,-0.104883,-0.005206,0.059235,-0.082067,-0.035237,-0.100678,0.146802,-0.055144,0.011818,0.117044,0.035841,-0.005504,-0.032538,-0.049699,0.123108,0.142642,0.024785,-0.104351,0.041041,-0.027832,0.092502,0.019473,0.144270,0.147440,-0.061420,-0.065588,0.049656,0.094614,-0.147310,0.014759,0.023730,0.044178,-0.061276,-0.089456,-0.101304,-0.163518,-0.015860,0.088208,0.121890,-0.088300,-0.133722,0.055664,0.123625,-0.088004,0.041195,0.024818,-0.119556,-0.136771,-0.088516,0.102255,-0.020324,0.059596,0.048192,0.085410"
P41146,"0.146598,0.160985,0.122420,-0.156469,0.159438,0.154108,0.159832,-0.163422,0.164540,-0.125556,0.163234,0.146683,-0.153808,-0.136774,-0.156118,-0.128957,-0.166388,0.137647,-0.128293,-0.165681,-0.135088,0.144909,0.162816,0.157566,-0.161399,-0.168293,0.145414,0.155678,0.137243,-0.145340,-0.141392,-0.132028,0.114564,-0.159818,0.162568,0.154746,-0.157482,-0.154442,0.164149,-0.101494,0.153843,-0.152692,0.154678,-0.125053,0.155231,0.155757,-0.163244,-0.155029,-0.157728,0.156396,0.154425,0.133966,-0.153356,0.101965,-0.169008,-0.178972,-0.105856,0.159106,0.164256,-0.152121,-0.142630,0.142761,0.159825,0.147660"
Q9H4A3,"0.045829,0.009976,0.176072,-0.132045,0.056059,0.057011,0.021532,0.022734,0.035865,-0.177390,-0.026139,0.159889,-0.126441,-0.120370,-0.098961,-0.174233,0.017350,0.145507,-0.300930,-0.027099,-0.110649,0.157326,0.006211,0.042481,-0.001217,-0.001364,0.163138,0.077580,0.410319,-0.106116,-0.065304,-0.160272,0.357800,-0.046590,0.008626,0.041751,-0.054200,-0.071663,-0.005353,-0.272361,0.159962,-0.127342,-0.003094,-0.293874,0.053253,0.048445,-0.030120,-0.081390,0.037535,0.078787,0.097326,0.229056,-0.171061,0.449724,0.017229,0.006203,-0.447120,0.024423,0.084588,-0.061375,-0.148154,0.214624,0.110515,0.086432"
Q9UNQ0,"0.186266,0.006580,0.183209,-0.146783,0.093547,0.087627,0.015572,-0.012263,0.016967,-0.178141,0.022413,0.175110,-0.089785,-0.219728,-0.123798,-0.225450,0.036859,0.141432,-0.193142,-0.031577,-0.119784,0.119657,0.053820,0.093074,-0.035225,-0.006246,0.168162,0.077867,0.200168,-0.130417,-0.103094,-0.215887,0.318034,-0.042613,0.038395,0.055231,-0.074591,-0.099602,0.019731,-0.204874,0.175065,-0.035904,0.060825,-0.220586,0.038012,0.020445,-0.055092,-0.075218,-0.029073,0.020021,0.035584,0.233126,-0.086736,0.258356,-0.032323,-0.037958,-0.295679,0.029880,0.043232,-0.054103,-0.157675,0.151015,0.118957,0.139327"
P31751,"-0.333801,-0.335351,-0.199452,0.308971,-0.295652,-0.229619,-0.302185,0.374654,-0.279231,0.030876,-0.406646,-0.219900,0.177328,0.194926,0.232396,0.070317,0.472331,-0.098220,0.133162,0.287142,0.180076,-0.123638,-0.370490,-0.279093,0.269252,0.374587,-0.096019,-0.226282,0.006420,0.226957,0.190889,0.075305,0.150559,0.240564,-0.361141,-0.268469,0.403106,0.292960,-0.339418,-0.100843,-0.166090,0.227983,-0.296387,-0.026753,-0.224430,-0.363340,0.395679,0.260205,0.367435,-0.242304,-0.187562,-0.090135,0.125836,0.225566,0.378323,0.436463,-0.114000,-0.255070,-0.243882,0.259185,0.149835,-0.139414,-0.240820,-0.228305"
P28074,"-0.654668,-0.561576,-0.556662,0.829773,-0.730508,-0.630496,-0.692774,0.555742,-0.835628,0.695898,-0.652352,-0.677435,0.845446,0.578520,0.759339,0.588699,0.665834,-0.623261,0.838483,0.696877,0.616486,-0.831876,-0.656697,-0.699503,0.556535,0.721438,-0.686273,-0.803732,-1.271628,0.707724,0.430430,0.493840,-0.836280,0.636385,-0.650210,-0.712132,0.697794,0.524278,-0.526212,0.523130,-0.847650,0.943264,-0.601012,0.890202,-0.721955,-0.558883,0.794740,0.640789,0.444120,-0.700121,-0.858831,-0.812531,0.941225,-0.777126,0.698232,0.759011,1.149333,-0.610154,-0.797750,0.737468,0.601780,-1.098987,-1.056461,-0.757664"
P28065,"0.032285,-0.120534,0.091015,0.007347,-0.071440,-0.133958,-0.188068,0.108919,-0.261582,0.083471,-0.101734,0.060447,0.170773,-0.076772,0.087980,-0.008361,0.113960,-0.078803,-0.072776,0.185326,0.100857,-0.186086,-0.134242,-0.101493,0.153070,0.152544,-0.074622,-0.139015,-0.108389,0.123673,0.028242,-0.087769,0.030968,0.134665,-0.136282,-0.192882,0.006829,-0.091225,-0.079350,-0.048573,-0.004782,0.239108,-0.157822,0.074958,-0.194542,-0.038750,0.161564,0.105882,0.060182,-0.177166,-0.205236,-0.035958,0.192225,0.074704,0.162586,0.134485,0.019166,-0.178146,-0.153195,0.161527,0.003952,-0.149586,-0.208127,-0.153373"
P04049,"-3.713721,-2.804652,-2.471892,2.640181,-2.527992,-2.412417,-2.511916,3.016583,-2.246428,1.252536,-3.218069,-2.405290,1.742975,2.700789,2.555840,2.015569,3.336272,-1.536520,1.352043,2.484159,2.160331,-1.629462,-3.440253,-2.682401,2.449059,2.944320,-1.733933,-1.985916,-0.117960,2.496177,2.134611,1.511482,-0.266087,2.082254,-3.125836,-2.438975,3.276332,2.595104,-2.748902,0.385939,-1.867732,1.992901,-2.880959,0.897989,-2.052382,-2.700948,3.596473,2.406122,3.191387,-2.128391,-1.467455,-1.531283,1.105150,0.997954,3.317712,3.710651,-0.004266,-2.280627,-2.096708,2.292696,2.089277,-1.659481,-2.467483,-2.784564"
P01116,"0.097158,-0.105454,0.179856,-0.091495,0.034507,-0.037299,-0.053963,0.115805,-0.033626,-0.014217,-0.031409,0.044555,-0.010616,-0.080758,-0.081884,-0.095852,0.016098,-0.019739,-0.134624,0.067957,-0.030618,0.093171,-0.018892,-0.043097,0.091504,0.085731,0.077508,-0.024159,0.245007,-0.073686,0.030052,-0.036801,0.247792,0.074148,-0.014134,-0.004022,-0.027766,0.050693,-0.073920,-0.085350,0.117170,-0.046664,-0.059585,-0.184870,-0.048153,-0.063121,-0.029607,0.019709,0.095592,-0.008598,-0.003719,0.099490,0.005493,0.089607,0.009953,0.028127,-0.308422,-0.098008,-0.009648,0.044089,-0.045341,0.134147,0.074816,0.092539"
P08253,"0.129366,-0.132092,0.100567,-0.007828,-0.037802,-0.091476,-0.125684,0.147587,-0.138175,0.067917,-0.101271,0.011093,0.069436,-0.041190,-0.019278,-0.036387,0.111904,-0.099955,-0.005991,0.128769,0.089965,-0.024122,-0.047154,-0.076915,0.142497,0.129370,0.006396,-0.106743,0.095074,0.036997,0.124658,0.030488,0.100022,0.146587,-0.072919,-0.102359,0.032751,0.046039,-0.137969,0.032369,0.038005,0.053135,-0.096093,-0.043124,-0.107525,-0.131308,-0.005425,0.093196,0.139122,-0.090206,-0.126341,0.004331,0.133444,-0.076640,0.040156,0.011379,-0.108443,-0.160029,-0.074823,0.113397,0.003511,0.055247,0.023370,0.035314"
P48065,"0.155028,0.127332,0.162557,-0.159686,0.133841,0.111657,0.106905,-0.134657,0.088699,-0.115864,0.136077,0.165848,-0.113613,-0.161739,-0.133571,-0.142082,-0.142893,0.107311,-0.156423,-0.110386,-0.108622,0.102900,0.127106,0.128026,-0.104455,-0.128643,0.117930,0.116816,0.104766,-0.117765,-0.129645,-0.133822,0.119813,-0.113249,0.118708,0.102539,-0.166914,-0.162673,0.135038,-0.114474,0.138531,-0.104170,0.112789,-0.116851,0.105609,0.143972,-0.133662,-0.127098,-0.133683,0.109152,0.100285,0.113800,-0.108837,0.126387,-0.123957,-0.131202,-0.113431,0.094865,0.123841,-0.113594,-0.138287,0.122546,0.117503,0.110563"
Q13093,"0.163054,0.207253,0.173077,-0.185888,0.196221,0.188086,0.207975,-0.203228,0.207873,-0.176380,0.204064,0.174462,-0.200757,-0.164215,-0.200756,-0.168641,-0.224962,0.173124,-0.165781,-0.204498,-0.184562,0.200099,0.204773,0.191980,-0.193764,-0.210690,0.179015,0.196759,0.177115,-0.188391,-0.183469,-0.152813,0.154007,-0.201504,0.205060,0.206609,-0.205390,-0.178874,0.206153,-0.157682,0.177659,-0.224983,0.194001,-0.182529,0.207495,0.200986,-0.214284,-0.200233,-0.194983,0.213342,0.213086,0.153693,-0.201506,0.150661,-0.212773,-0.204157,-0.158105,0.194235,0.210376,-0.197915,-0.180251,0.199957,0.201111,0.183801"
P08648,"0.155084,-0.098719,-0.067277,-0.082075,0.033701,0.018973,-0.049409,0.069394,0.006463,0.057692,-0.007893,0.018190,0.019812,-0.020830,0.022237,0.015052,0.139324,0.019935,-0.016512,0.022931,0.041832,-0.067579,-0.020654,0.001398,-0.008090,0.048880,0.029538,-0.022557,0.118256,-0.016458,0.080060,-0.052118,0.044715,0.062618,-0.007270,-0.030379,0.062664,0.003221,-0.083827,0.127057,0.121165,0.122661,-0.007421,0.069398,-0.074740,-0.100853,0.027785,0.067060,0.057535,-0.118320,-0.084962,0.172451,0.039400,-0.109184,0.015783,-0.084772,-0.079632,0.010197,-0.061541,0.033985,0.018983,-0.013931,0.093288,0.050915"
P05556,"-0.703490,-2.235970,-2.226844,1.513094,-1.586531,-1.710934,-1.922865,2.149429,-1.510730,2.504260,-1.697732,-2.084689,1.958892,1.797219,1.625629,2.019066,2.227089,-1.981484,2.399983,1.766332,2.036072,-1.915092,-1.487416,-1.744766,1.702557,1.949120,-1.638501,-2.034146,-1.427595,1.481767,2.441478,1.979288,-1.852318,2.179530,-1.498587,-1.625686,2.091712,2.205197,-2.193630,2.985953,-1.364805,1.988437,-1.664760,2.096425,-2.105850,-2.515566,1.398125,2.136763,2.037490,-2.097612,-2.188526,-1.243818,2.234681,-3.518240,1.383121,0.891244,1.831971,-1.714396,-2.026456,1.966257,1.962316,-1.800828,-1.084244,-1.052972"
P53779,"0.091420,0.034073,0.080601,-0.075551,0.055690,0.053138,0.015519,-0.012544,0.028665,-0.121752,-0.009103,0.118042,-0.109943,-0.097042,-0.115375,-0.147061,0.015716,0.072588,-0.127638,-0.043815,-0.041206,0.113095,0.039379,0.072479,-0.021886,-0.030933,0.130151,0.063160,0.193525,-0.051549,-0.045360,-0.093846,0.224561,-0.047145,0.022113,0.033725,-0.047114,-0.072966,0.021138,-0.156543,0.119457,-0.120330,0.027820,-0.183210,0.071337,0.006109,-0.069524,-0.052088,-0.001374,0.066583,0.081649,0.102840,-0.114147,0.216391,-0.038760,-0.060031,-0.212703,0.021279,0.107983,-0.044900,-0.121348,0.165608,0.140482,0.075612"
Q13393,"0.036481,-0.213933,0.087168,0.124003,-0.176859,-0.091029,-0.226506,0.221847,-0.274114,-0.068299,-0.227782,0.002798,0.174876,-0.116789,0.102040,-0.150440,0.345354,0.011020,0.011086,0.216549,0.017939,-0.101035,-0.166049,-0.127005,0.164476,0.268328,0.015445,-0.167773,-0.133511,0.052505,0.019696,-0.127558,0.207015,0.196996,-0.207801,-0.189412,0.203345,0.092070,-0.216105,-0.173614,-0.054292,0.295390,-0.126507,-0.039302,-0.202339,-0.234897,0.212852,0.143641,0.154123,-0.231889,-0.266137,0.057569,0.200439,0.133185,0.229402,0.258215,-0.118152,-0.179666,-0.243605,0.167089,-0.009664,-0.141493,-0.177850,-0.023863"
P09884,"0.149441,0.156679,0.184747,-0.197863,0.181695,0.158141,0.162873,-0.156988,0.166241,-0.172269,0.158696,0.172620,-0.183304,-0.165027,-0.182859,-0.169164,-0.176520,0.161145,-0.189172,-0.162183,-0.171760,0.198895,0.160669,0.161804,-0.150130,-0.159170,0.180367,0.173867,0.216319,-0.181586,-0.168023,-0.182807,0.212579,-0.166736,0.163595,0.180078,-0.180519,-0.158506,0.168999,-0.180194,0.174636,-0.186225,0.154081,-0.204588,0.168562,0.173741,-0.167637,-0.178904,-0.149077,0.177123,0.186388,0.187403,-0.190634,0.201796,-0.162738,-0.151942,-0.228044,0.148795,0.171924,-0.162104,-0.178524,0.185820,0.173590,0.163257"
P27361,"-0.405575,-0.955210,-0.387039,0.546889,-0.678945,-0.736560,-0.922863,0.999769,-0.846074,0.338304,-0.973801,-0.436582,0.559027,0.372356,0.549374,0.243931,1.114413,-0.520049,0.183088,0.859402,0.649387,-0.506984,-0.874582,-0.701107,0.894925,0.963071,-0.389612,-0.691771,0.081876,0.601796,0.731012,0.352457,0.239266,0.821965,-0.882200,-0.848382,0.776954,0.656532,-0.963774,0.125826,-0.331994,0.636246,-0.849911,0.072092,-0.754888,-0.941565,0.787186,0.797494,0.988485,-0.785461,-0.687304,-0.205917,0.530181,0.129695,0.909351,0.861188,-0.280184,-0.874980,-0.669614,0.767226,0.438727,-0.228717,-0.422022,-0.535791"
P0AES6,"0.129264,0.190004,0.152730,-0.163582,0.178928,0.171081,0.197851,-0.183310,0.200090,-0.152540,0.186196,0.144321,-0.186531,-0.135745,-0.190309,-0.146930,-0.219174,0.151875,-0.134959,-0.191921,-0.167657,0.197353,0.190964,0.168894,-0.180323,-0.191986,0.169047,0.179575,0.167919,-0.175946,-0.166702,-0.130710,0.144757,-0.188870,0.191503,0.197391,-0.183120,-0.148147,0.194135,-0.138205,0.157336,-0.218359,0.175578,-0.174111,0.194685,0.184388,-0.199060,-0.188740,-0.173950,0.212083,0.205646,0.131266,-0.188450,0.129826,-0.202289,-0.185545,-0.139486,0.179603,0.198466,-0.176426,-0.163603,0.179919,0.179080,0.169107"
Q9NUW8,"-0.344402,-0.388033,-0.214093,0.217021,-0.341886,-0.452483,-0.402708,0.335730,-0.503138,0.474979,-0.281531,-0.287642,0.490507,0.256402,0.393803,0.409561,0.199742,-0.463447,0.313807,0.450475,0.424303,-0.461345,-0.369134,-0.427899,0.452418,0.371640,-0.451102,-0.416757,-0.489603,0.382754,0.342549,0.306987,-0.438508,0.421577,-0.388616,-0.432672,0.193542,0.267767,-0.301473,0.443822,-0.387868,0.540193,-0.436264,0.459006,-0.497694,-0.231917,0.384200,0.338013,0.332696,-0.436521,-0.478739,-0.402454,0.485154,-0.389365,0.386231,0.417416,0.466719,-0.486687,-0.466041,0.452503,0.383260,-0.507101,-0.554275,-0.471483"
Q16873,"-0.073658,-0.393123,-0.437780,0.279487,-0.324132,-0.214757,-0.380937,0.333190,-0.320906,0.371468,-0.341799,-0.250165,0.399642,0.199493,0.386587,0.288327,0.566360,-0.246085,0.388802,0.288897,0.312399,-0.439512,-0.301425,-0.256481,0.214698,0.364391,-0.242841,-0.332856,-0.430788,0.287162,0.320131,0.118949,-0.319533,0.330872,-0.316256,-0.401918,0.474041,0.269382,-0.371169,0.459721,-0.226772,0.653578,-0.253815,0.480940,-0.435847,-0.422478,0.422231,0.374450,0.270169,-0.497075,-0.522593,-0.100912,0.421963,-0.475784,0.352141,0.205218,0.432312,-0.238150,-0.443347,0.349497,0.312807,-0.532219,-0.333374,-0.203951"
P04183,"0.466230,0.220034,0.617320,-0.432448,0.335755,0.237911,0.219697,-0.223579,0.210206,-0.416003,0.262678,0.430668,-0.335628,-0.419698,-0.390844,-0.400727,-0.335855,0.323041,-0.765999,-0.194456,-0.387224,0.315156,0.343756,0.318838,-0.208151,-0.260383,0.358657,0.270541,0.729353,-0.390384,-0.303205,-0.536531,0.692110,-0.257721,0.295036,0.220814,-0.408000,-0.417653,0.248456,-0.560759,0.428420,-0.301056,0.220209,-0.480501,0.217900,0.392618,-0.364586,-0.315923,-0.235089,0.319574,0.326179,0.599979,-0.296684,0.717668,-0.203450,-0.255134,-0.856645,0.255332,0.292835,-0.274158,-0.461633,0.480404,0.310122,0.295680"
Q9UQD0,"0.163433,0.207819,0.173351,-0.186387,0.196503,0.188715,0.208378,-0.203887,0.208517,-0.177221,0.204223,0.175615,-0.201415,-0.165217,-0.201627,-0.169321,-0.225465,0.173603,-0.166789,-0.205077,-0.185054,0.200975,0.205526,0.192797,-0.194284,-0.211396,0.179927,0.197555,0.178064,-0.188942,-0.184073,-0.153807,0.155086,-0.202214,0.205306,0.206662,-0.205975,-0.179510,0.206682,-0.158725,0.178000,-0.225007,0.194462,-0.183551,0.208000,0.201763,-0.214785,-0.201236,-0.195493,0.214218,0.213414,0.154810,-0.202345,0.152268,-0.213065,-0.204619,-0.159256,0.194716,0.211014,-0.198294,-0.181270,0.200549,0.201595,0.184545"
Q9H9B1,"-0.041935,0.057082,-0.056352,0.042999,-0.002073,0.027886,0.032523,-0.019726,0.053621,-0.062101,-0.031538,0.009437,-0.094310,0.034603,-0.066624,-0.045123,0.008109,0.029660,0.002405,-0.059290,0.015702,0.082292,0.024404,0.043360,-0.033934,-0.046529,0.062340,0.042464,0.085724,0.023566,-0.004367,0.025725,0.078847,-0.059220,0.012881,0.029556,0.019780,-0.021485,0.021197,-0.090498,0.018356,-0.154528,0.017218,-0.094786,0.093517,-0.010885,-0.058404,-0.023604,0.004424,0.087575,0.108773,-0.033288,-0.102053,0.115453,-0.038089,-0.053153,-0.040619,0.044497,0.123289,-0.033832,-0.052514,0.109583,0.102313,0.006233"
P03952,"0.038509,-0.299859,-0.216983,0.111865,-0.144325,-0.191727,-0.253578,0.278615,-0.185872,0.262075,-0.203921,-0.186507,0.213424,0.123001,0.174596,0.178049,0.308757,-0.201111,0.180202,0.230137,0.244690,-0.240426,-0.188316,-0.180735,0.230286,0.254060,-0.179294,-0.224817,-0.050278,0.149565,0.309169,0.198981,-0.141910,0.287117,-0.185017,-0.215256,0.207020,0.225997,-0.301019,0.365895,-0.066011,0.248632,-0.193247,0.201516,-0.265540,-0.317275,0.159752,0.268109,0.267938,-0.296189,-0.286388,-0.047120,0.263848,-0.377771,0.173300,0.082572,0.128482,-0.224437,-0.237521,0.234672,0.218529,-0.116519,-0.049272,-0.077347"
P10636,"-0.128037,-1.760612,-0.321773,0.934888,-1.096609,-1.416258,-1.645589,1.987212,-1.582171,1.112367,-1.553394,-0.996704,1.124058,0.716882,0.479821,0.310227,1.632948,-1.375392,0.950738,1.605534,1.286205,-0.748258,-1.130388,-1.419740,1.702168,1.795167,-0.544194,-1.627270,-0.006251,0.871647,1.586489,1.158546,0.442223,1.764215,-1.210934,-1.309286,1.185543,1.470217,-1.750732,0.749739,-0.458205,0.682061,-1.514087,0.043720,-1.395183,-1.996184,0.684106,1.494559,1.838720,-1.158575,-1.369406,-0.830279,1.446488,-1.082417,1.035960,0.919056,-0.276793,-1.803201,-1.126877,1.577524,0.688314,-0.276298,-0.396797,-0.525792"
Q92793,"-0.817660,-1.234835,-1.087431,1.167408,-1.241732,-1.069457,-1.488670,1.429737,-1.344590,0.362834,-1.782617,-0.558199,0.625333,0.768632,0.776244,0.281066,2.027093,-0.751356,0.425781,1.183740,1.252874,-0.754945,-1.360389,-0.884957,1.293744,1.313202,-0.507289,-1.016727,-0.031089,1.316652,1.147443,0.674419,0.324655,1.121787,-1.491988,-1.398796,1.416310,0.790576,-1.482895,-0.074935,-0.637681,0.640966,-1.291122,0.113959,-0.913426,-1.579950,1.147195,1.244753,1.505495,-1.133876,-0.884634,-0.658393,0.574361,0.604418,1.418194,1.117889,-0.176235,-1.242009,-0.654836,1.126945,0.542972,-0.215150,-0.392873,-1.031362"
P14920,"0.183683,0.180398,0.172827,-0.175759,0.180123,0.181731,0.181529,-0.174865,0.179818,-0.174234,0.182273,0.164190,-0.185230,-0.155512,-0.182477,-0.168175,-0.191813,0.171427,-0.183429,-0.174753,-0.185095,0.175136,0.191489,0.173831,-0.178110,-0.188062,0.171921,0.167176,0.183266,-0.186066,-0.170262,-0.165788,0.169575,-0.170008,0.190460,0.180688,-0.186144,-0.164858,0.174289,-0.148341,0.181512,-0.190877,0.181695,-0.158112,0.174931,0.183457,-0.202963,-0.182629,-0.170792,0.183873,0.178753,0.181950,-0.173916,0.156039,-0.184754,-0.188230,-0.188406,0.178697,0.177111,-0.173075,-0.176756,0.193621,0.187293,0.173536"
P53634,"0.117622,0.120373,0.112881,-0.075270,0.096190,0.132650,0.118654,-0.114417,0.112545,-0.135629,0.100760,0.096484,-0.106217,-0.125452,-0.120402,-0.144609,-0.090088,0.126632,-0.064625,-0.120355,-0.141910,0.126144,0.132488,0.116587,-0.129336,-0.104307,0.128916,0.102590,0.041503,-0.129724,-0.137052,-0.119725,0.114049,-0.118622,0.123732,0.126823,-0.090912,-0.089587,0.114991,-0.132045,0.083570,-0.109360,0.138909,-0.119351,0.120021,0.095874,-0.123085,-0.120895,-0.128450,0.116544,0.100670,0.106393,-0.089644,0.083085,-0.122868,-0.106577,-0.071193,0.128605,0.101877,-0.111548,-0.124149,0.089599,0.100584,0.137957"
Q13882,"-0.104152,-1.038096,-0.296152,0.305000,-0.659736,-0.867768,-1.048583,0.898055,-1.063141,0.726347,-0.754208,-0.363033,0.902116,0.233391,0.773943,0.502966,0.903348,-0.825149,0.237233,1.027535,0.729235,-0.925098,-0.806753,-0.730915,1.072666,0.934609,-0.801919,-0.842262,-0.561590,0.614549,0.853909,0.513024,-0.472734,1.050211,-0.859954,-1.002124,0.481341,0.632221,-0.988051,0.828344,-0.525819,1.100069,-0.861318,0.660526,-1.099730,-0.785835,0.740173,0.871527,0.849479,-1.169567,-1.144451,-0.341758,0.955852,-0.643300,0.915129,0.793094,0.262298,-1.112548,-1.039468,0.870086,0.722533,-0.582979,-0.650316,-0.600798"
P23284,"-0.789054,-0.822854,-0.460849,0.683213,-0.674350,-0.685050,-0.696114,0.853063,-0.634932,0.345978,-0.769071,-0.607616,0.549929,0.600640,0.648169,0.449764,0.836837,-0.447781,0.287450,0.724602,0.559987,-0.504469,-0.894851,-0.751347,0.691224,0.817308,-0.474501,-0.570441,0.015107,0.599352,0.629565,0.481000,-0.064066,0.653247,-0.819299,-0.697819,0.825246,0.709798,-0.798179,0.159423,-0.372336,0.577714,-0.781038,0.221025,-0.620078,-0.779646,0.892860,0.719078,0.874641,-0.592344,-0.494165,-0.392943,0.410329,0.080358,0.842775,0.947564,-0.060369,-0.669006,-0.623167,0.604956,0.545985,-0.361563,-0.626395,-0.614986"
Q06124,"-0.459991,-2.218333,-1.667380,1.368480,-1.527678,-1.723449,-2.004167,2.243089,-1.697738,2.107666,-1.831244,-1.714928,1.746702,1.443351,1.229119,1.430946,2.233490,-1.911963,2.018096,1.830148,1.967521,-1.560363,-1.437570,-1.700244,1.840130,2.024200,-1.248212,-2.011743,-0.941571,1.383235,2.309260,1.733097,-0.988851,2.184388,-1.540983,-1.666485,1.916638,2.018085,-2.192569,2.285811,-1.088396,1.644423,-1.740180,1.404919,-1.980118,-2.543718,1.187598,2.038759,2.144710,-1.887819,-2.056677,-1.122885,2.066035,-2.765863,1.341008,0.906821,1.098779,-1.907513,-1.792725,1.985445,1.522403,-1.307813,-0.835599,-0.906232"
O15379,"-0.883354,-0.781728,-0.593269,0.660071,-0.707466,-0.639863,-0.796700,0.868354,-0.729494,0.096327,-1.007422,-0.420325,0.343323,0.611594,0.621287,0.311707,1.126298,-0.281866,0.065406,0.730996,0.595341,-0.394477,-0.989147,-0.643871,0.724879,0.812269,-0.340041,-0.518411,0.242927,0.720270,0.566063,0.239012,0.318391,0.606277,-0.954348,-0.746681,0.921236,0.540323,-0.859965,-0.241919,-0.365483,0.477922,-0.827683,0.051877,-0.532402,-0.800034,0.952312,0.672041,0.956052,-0.642726,-0.391391,-0.214079,0.161775,0.799588,1.010842,1.002959,-0.471250,-0.670321,-0.511459,0.607186,0.378113,-0.208660,-0.474879,-0.776873"
P21918,"0.130919,0.185276,0.137319,-0.119025,0.153212,0.167859,0.180572,-0.178073,0.182220,-0.151488,0.166367,0.125899,-0.163137,-0.125492,-0.163694,-0.141122,-0.182942,0.147962,-0.107827,-0.177984,-0.171038,0.168831,0.180541,0.161885,-0.179439,-0.175714,0.150161,0.157122,0.101450,-0.163305,-0.166106,-0.121521,0.104810,-0.175123,0.180497,0.179691,-0.153188,-0.133419,0.176647,-0.140611,0.119228,-0.185172,0.178850,-0.140357,0.184628,0.165326,-0.179089,-0.170168,-0.179048,0.191363,0.172628,0.115357,-0.153151,0.093357,-0.182461,-0.166853,-0.098789,0.179401,0.170197,-0.170882,-0.151593,0.144891,0.153816,0.166330"
P32246,"0.131645,0.071932,0.084729,-0.147621,0.096628,0.076154,0.059480,-0.099103,0.057196,-0.051089,0.095968,0.136440,-0.061335,-0.140481,-0.079526,-0.073988,-0.096686,0.065152,-0.126972,-0.068733,-0.053006,0.045912,0.089498,0.106655,-0.056245,-0.095601,0.058536,0.091057,0.066568,-0.076367,-0.072579,-0.101324,0.049602,-0.062735,0.069049,0.053678,-0.132501,-0.125007,0.082165,-0.006872,0.098927,-0.017265,0.076249,-0.040455,0.040699,0.106161,-0.084576,-0.089994,-0.090189,0.030535,0.030856,0.110074,-0.061686,0.058915,-0.074678,-0.107664,-0.048971,0.053305,0.064058,-0.065609,-0.071593,0.067665,0.078723,0.077256"
P46663,"0.202663,0.211336,0.220564,-0.233495,0.202830,0.201003,0.211297,-0.206496,0.206787,-0.197963,0.203522,0.225217,-0.206351,-0.213060,-0.215784,-0.204491,-0.217607,0.212245,-0.233286,-0.203817,-0.199077,0.216472,0.215868,0.203433,-0.186522,-0.204063,0.205884,0.211956,0.256824,-0.208990,-0.192758,-0.182316,0.214798,-0.195025,0.203844,0.211166,-0.220052,-0.209159,0.200408,-0.187790,0.209362,-0.236791,0.196035,-0.221073,0.206557,0.202067,-0.226644,-0.218914,-0.189661,0.205444,0.199541,0.207697,-0.213617,0.218406,-0.216320,-0.222007,-0.230256,0.192871,0.213469,-0.202397,-0.211541,0.232545,0.228218,0.213074"
P08246,"0.474623,0.378558,0.583906,-0.513574,0.385268,0.357349,0.407455,-0.356656,0.368868,-0.414324,0.399127,0.491295,-0.366023,-0.506394,-0.424669,-0.474563,-0.479938,0.444642,-0.673119,-0.326924,-0.428815,0.415343,0.414871,0.446478,-0.309417,-0.393328,0.463024,0.448846,0.661030,-0.380839,-0.398374,-0.481780,0.566403,-0.332485,0.368751,0.409356,-0.527740,-0.526709,0.381299,-0.666235,0.493378,-0.477976,0.350364,-0.553161,0.363830,0.454861,-0.424733,-0.361480,-0.381255,0.425319,0.409869,0.581642,-0.422228,0.552397,-0.382308,-0.422109,-0.701275,0.374320,0.396101,-0.406674,-0.504594,0.556411,0.471281,0.433838"
P31391,"0.173316,0.187854,0.179738,-0.188914,0.188642,0.173135,0.183209,-0.185309,0.177585,-0.171190,0.187846,0.183572,-0.184761,-0.175663,-0.192390,-0.175157,-0.202458,0.164859,-0.174924,-0.182262,-0.169729,0.180940,0.187778,0.181539,-0.172825,-0.189683,0.173928,0.180902,0.174129,-0.175644,-0.174504,-0.161650,0.167742,-0.182495,0.186876,0.182225,-0.202464,-0.184285,0.189791,-0.158145,0.183003,-0.199019,0.175035,-0.179433,0.185027,0.187356,-0.197428,-0.185130,-0.180449,0.188256,0.188115,0.155935,-0.183860,0.161713,-0.193091,-0.190980,-0.163687,0.170388,0.193128,-0.179065,-0.179124,0.192201,0.189026,0.170709"
P07947,"-2.197116,-2.989773,-2.181663,2.127496,-2.611358,-2.766893,-2.957883,2.733827,-3.015615,2.566479,-2.611185,-2.119593,2.877053,1.980009,2.808172,2.401552,2.820134,-2.562028,1.977386,2.937330,2.700355,-2.894829,-2.887292,-2.666683,2.903760,2.839472,-2.682435,-2.638519,-2.392614,2.599158,2.618899,2.110451,-2.185550,2.870466,-2.948913,-3.048027,2.498699,2.311789,-2.831618,2.548628,-2.321650,3.418853,-2.844363,2.599470,-3.109592,-2.545835,2.976570,2.721656,2.732457,-3.161044,-3.106487,-2.097491,2.759086,-1.956148,3.020816,2.893765,2.131978,-2.992768,-3.034471,2.806575,2.590775,-2.747591,-2.887310,-2.678673"
P19801,"0.019822,-0.057591,0.041460,-0.080139,-0.045683,-0.123637,-0.116482,0.024574,-0.203146,0.125160,-0.010415,0.066774,0.161899,-0.053582,0.100113,0.073827,-0.040654,-0.120979,-0.071713,0.135346,0.121167,-0.193156,-0.058508,-0.048287,0.153880,0.049938,-0.148608,-0.086495,-0.192854,0.118044,0.046893,0.008795,-0.136764,0.124613,-0.083412,-0.153078,-0.109200,-0.080909,-0.036461,0.134853,-0.056358,0.198119,-0.117779,0.194177,-0.162162,0.024766,0.059460,0.069394,0.011143,-0.192388,-0.180274,-0.099822,0.153890,-0.081348,0.094939,0.055821,0.141598,-0.161339,-0.127382,0.104982,0.095336,-0.138883,-0.142753,-0.150795"
P08311,"0.110670,0.083196,0.098169,-0.089417,0.088747,0.075732,0.067781,-0.094486,0.059532,-0.058409,0.096387,0.090834,-0.060376,-0.089602,-0.067126,-0.072622,-0.090298,0.063996,-0.077906,-0.069185,-0.079976,0.043667,0.084384,0.082738,-0.075816,-0.078959,0.055623,0.066288,0.022206,-0.081161,-0.081211,-0.077129,0.031676,-0.067512,0.085658,0.066097,-0.099102,-0.093764,0.083446,-0.042327,0.069176,-0.042257,0.083198,-0.034280,0.065416,0.093953,-0.077022,-0.073846,-0.101088,0.059261,0.043426,0.066065,-0.044630,0.020873,-0.079567,-0.085614,-0.040795,0.067177,0.057333,-0.076834,-0.073201,0.048030,0.063142,0.076406"
Q08345,"0.063645,-0.100206,-0.140079,0.035685,-0.019907,-0.041424,-0.064736,0.097017,-0.013608,0.157751,-0.038808,-0.106317,0.074270,0.080477,0.045095,0.099434,0.122859,-0.071326,0.154799,0.040029,0.105341,-0.093662,-0.030601,-0.056356,0.023276,0.074635,-0.037947,-0.088098,-0.021427,0.035564,0.136465,0.084733,-0.090280,0.090256,-0.012405,-0.037621,0.107523,0.090868,-0.092535,0.222020,0.014616,0.086191,-0.041295,0.123377,-0.082900,-0.153064,0.024698,0.110455,0.080714,-0.092952,-0.095026,-0.009869,0.110998,-0.301632,-0.000858,-0.064637,0.111522,-0.024811,-0.068203,0.076099,0.083899,-0.073245,0.030955,0.016175"
P51451,"-1.078209,-1.615821,-0.947494,1.134973,-1.422545,-1.543565,-1.621210,1.486951,-1.712523,1.425240,-1.375634,-1.140560,1.613906,1.032203,1.473559,1.239240,1.411547,-1.430422,0.994396,1.652126,1.430162,-1.586073,-1.500767,-1.490559,1.600962,1.572779,-1.446338,-1.513257,-1.324633,1.366472,1.401018,1.115807,-1.134748,1.602325,-1.559001,-1.654590,1.283538,1.199600,-1.516273,1.315373,-1.265035,1.840319,-1.550482,1.405353,-1.736179,-1.308828,1.522793,1.467353,1.444384,-1.666336,-1.724131,-1.174338,1.638266,-1.114481,1.607092,1.549706,1.111987,-1.674454,-1.676640,1.565333,1.331764,-1.521015,-1.652824,-1.440204"
Q09472,"-1.517276,-1.800454,-1.951302,2.001768,-1.987278,-1.669709,-2.202056,2.127442,-1.974287,0.707057,-2.719891,-1.086197,0.990094,1.459949,1.312301,0.682633,3.022662,-1.237536,0.909325,1.748099,2.024836,-1.248051,-2.094626,-1.402960,1.924732,1.936418,-0.948585,-1.580433,-0.302443,2.166174,1.821715,1.291604,0.095183,1.663466,-2.260104,-2.125646,2.253970,1.285411,-2.220564,0.083764,-1.180669,0.900564,-1.967409,0.421007,-1.340005,-2.394657,1.765356,1.949948,2.266912,-1.687234,-1.277416,-1.306903,0.904322,0.648774,2.141759,1.694347,0.178591,-1.814840,-0.951846,1.719664,1.006274,-0.462440,-0.691160,-1.733566"
Q99572,"-0.040872,-0.205604,-0.086092,0.412360,-0.299208,-0.065789,-0.225967,0.227052,-0.222176,0.007254,-0.311137,-0.236332,0.233656,0.058457,0.184422,-0.064813,0.447600,-0.051276,0.328777,0.195399,-0.020093,-0.122946,-0.145317,-0.168119,0.099974,0.315047,-0.049924,-0.266062,-0.472860,0.057998,0.039911,0.043479,-0.054262,0.207138,-0.184080,-0.162791,0.403394,0.310570,-0.257765,-0.064943,-0.312859,0.307100,-0.047592,0.103035,-0.181307,-0.329401,0.225620,0.192705,0.125538,-0.206669,-0.330158,-0.080198,0.341441,-0.230940,0.221702,0.283329,0.212597,-0.111293,-0.310695,0.189045,0.078227,-0.315173,-0.264649,0.028929"
P04406,"-2.026156,-1.778730,-0.928659,1.437531,-1.439967,-1.481061,-1.499200,1.783353,-1.442710,1.081740,-1.655301,-1.518048,1.343272,1.423244,1.416420,1.199980,1.665490,-1.078656,1.100189,1.593478,1.115205,-0.918359,-1.847806,-1.729087,1.431049,1.867585,-0.985834,-1.399862,-0.553374,1.120440,1.127468,0.787896,-0.263857,1.413918,-1.742453,-1.269407,1.912490,1.749437,-1.529704,0.428061,-1.276026,1.604514,-1.666804,0.674119,-1.467428,-1.537360,2.067618,1.325703,1.767401,-1.198900,-1.222501,-0.887785,1.122542,-0.180373,1.804559,2.273568,0.105962,-1.479476,-1.637834,1.498595,1.150816,-1.529875,-1.882034,-1.383110"
P13726,"0.153217,0.005358,0.006431,-0.111885,0.079367,0.075754,0.025249,-0.026998,0.066812,-0.024125,0.048359,0.086839,-0.049349,-0.093623,-0.051423,-0.053624,0.037899,0.076243,-0.068471,-0.059148,-0.027572,0.025428,0.047168,0.076967,-0.068986,-0.038577,0.085691,0.061516,0.126886,-0.068401,-0.014527,-0.106399,0.087297,-0.034131,0.048650,0.034022,-0.014551,-0.070794,0.015334,0.026756,0.138570,0.031791,0.056263,-0.025657,0.014769,-0.004746,-0.032338,-0.025009,-0.029623,-0.013454,0.005049,0.161450,-0.048504,0.001173,-0.048690,-0.114773,-0.088122,0.067410,0.033112,-0.045094,-0.053241,0.047247,0.111379,0.102703"
P09668,"0.131490,0.109583,0.141634,-0.153817,0.121783,0.093687,0.097296,-0.125477,0.082751,-0.092157,0.130636,0.144260,-0.095766,-0.140903,-0.110445,-0.106992,-0.143670,0.084541,-0.140058,-0.095393,-0.098311,0.088628,0.115306,0.113688,-0.085255,-0.120484,0.085337,0.106451,0.082244,-0.108771,-0.109938,-0.107112,0.081270,-0.097095,0.106894,0.094743,-0.160854,-0.134694,0.119774,-0.074184,0.108973,-0.086851,0.100322,-0.088831,0.086851,0.139160,-0.122992,-0.116998,-0.119863,0.087660,0.085275,0.100730,-0.095018,0.094923,-0.109602,-0.112669,-0.093231,0.077592,0.098442,-0.102277,-0.106175,0.105203,0.099650,0.094610"
P32929,"-0.139270,-0.005947,-0.013567,0.018126,-0.007196,-0.011989,0.008402,0.017556,0.014110,-0.069149,-0.038328,-0.013312,-0.052128,0.047005,0.023407,-0.006304,0.025446,0.058398,-0.073080,-0.000723,0.005966,0.041114,-0.073208,-0.028163,-0.001216,0.017937,0.018391,0.029548,0.126872,0.027125,-0.023730,-0.039576,0.114353,-0.033490,-0.044968,-0.001202,0.043740,-0.012740,-0.001712,-0.133984,0.016434,-0.038791,-0.036081,-0.069164,0.035892,0.017832,0.070891,-0.002445,0.043205,0.024133,0.086357,0.023734,-0.094005,0.232665,0.060425,0.094740,-0.115972,0.014438,0.036654,-0.003717,-0.016409,0.040940,-0.019073,-0.075096"
P29317,"0.078256,-0.690612,-0.373105,0.166654,-0.347047,-0.434877,-0.615583,0.602774,-0.533743,0.507999,-0.451023,-0.296171,0.543787,0.186428,0.470168,0.349541,0.746807,-0.408321,0.297357,0.555043,0.451157,-0.588533,-0.460660,-0.413263,0.526748,0.593654,-0.398433,-0.516453,-0.246330,0.321716,0.584334,0.255364,-0.251414,0.633347,-0.450198,-0.533899,0.457813,0.433967,-0.655548,0.673143,-0.182087,0.734987,-0.459663,0.481364,-0.673356,-0.654942,0.458253,0.586856,0.540102,-0.780304,-0.720332,-0.031669,0.595707,-0.632388,0.491952,0.306613,0.172609,-0.535114,-0.661650,0.511949,0.461376,-0.413192,-0.255729,-0.241261"
P50281,"-0.264060,-0.834701,-0.476062,0.443336,-0.597421,-0.709491,-0.798646,0.724320,-0.772908,0.715892,-0.591344,-0.562894,0.804286,0.454078,0.787530,0.680768,0.731304,-0.711391,0.443354,0.823719,0.593395,-0.851383,-0.685605,-0.645877,0.820222,0.749487,-0.830760,-0.723890,-0.682836,0.539404,0.754569,0.618046,-0.761181,0.877865,-0.678083,-0.747381,0.537734,0.708464,-0.838664,0.900248,-0.622827,0.928131,-0.658796,0.807599,-0.879795,-0.697301,0.668451,0.765045,0.683156,-0.966727,-0.941627,-0.414805,0.852946,-0.901026,0.751646,0.691385,0.475677,-0.818075,-0.942779,0.675596,0.788997,-0.646994,-0.614922,-0.535851"
O15439,"0.157870,0.202463,0.167040,-0.183716,0.191061,0.183739,0.204411,-0.201826,0.205957,-0.170086,0.202051,0.169698,-0.195350,-0.159069,-0.193305,-0.158673,-0.224447,0.165564,-0.162125,-0.200419,-0.182850,0.195477,0.202081,0.189267,-0.187986,-0.209356,0.169096,0.194485,0.168422,-0.186067,-0.177831,-0.144788,0.140247,-0.196495,0.200732,0.202836,-0.202914,-0.170190,0.201026,-0.145348,0.167123,-0.218048,0.191478,-0.173398,0.201444,0.199990,-0.210971,-0.197487,-0.192049,0.206641,0.206706,0.150406,-0.197474,0.141074,-0.207660,-0.198830,-0.152769,0.188814,0.202160,-0.195485,-0.170939,0.193870,0.195934,0.180775"
O95271,"-1.186501,-0.610660,-0.981689,1.035124,-0.841008,-0.686738,-0.636954,0.726530,-0.615761,0.440653,-0.879629,-0.812517,0.533301,0.938237,0.798504,0.686979,0.893604,-0.488976,0.677543,0.614854,0.776426,-0.641074,-0.924914,-0.750002,0.599321,0.695635,-0.650513,-0.600604,-0.471941,0.936991,0.648126,0.717734,-0.523828,0.520351,-0.847586,-0.749828,0.972453,0.645881,-0.699757,0.242832,-0.699213,0.480258,-0.766702,0.535748,-0.484174,-0.754916,0.935104,0.744427,0.788237,-0.563938,-0.385014,-0.852137,0.392441,-0.004146,0.858086,0.915529,0.649596,-0.531893,-0.463498,0.627885,0.687446,-0.566477,-0.726796,-0.947267"
O43613,"0.178480,0.190325,0.185705,-0.193919,0.192169,0.177929,0.187097,-0.188179,0.184191,-0.178565,0.190826,0.188629,-0.191195,-0.181444,-0.197593,-0.181326,-0.203831,0.170622,-0.183368,-0.186460,-0.176176,0.188986,0.191955,0.186059,-0.176524,-0.193536,0.180253,0.186211,0.185146,-0.183093,-0.178118,-0.166257,0.175992,-0.185794,0.189906,0.187392,-0.204945,-0.185279,0.191417,-0.166492,0.186944,-0.204185,0.179971,-0.188626,0.189743,0.189853,-0.202616,-0.189821,-0.182456,0.193216,0.193380,0.165666,-0.190679,0.169603,-0.196264,-0.193210,-0.177981,0.174811,0.197527,-0.184600,-0.184893,0.200869,0.197261,0.179255"
Q12974,"0.163092,0.207545,0.173162,-0.186205,0.196207,0.188546,0.208192,-0.203647,0.208186,-0.176796,0.204018,0.175205,-0.201186,-0.164845,-0.201331,-0.169212,-0.225245,0.173342,-0.166205,-0.204948,-0.184746,0.200827,0.205180,0.192492,-0.194070,-0.211122,0.179731,0.197339,0.177580,-0.188632,-0.183891,-0.153408,0.154802,-0.201984,0.205023,0.206573,-0.205504,-0.179240,0.206525,-0.158067,0.177903,-0.224922,0.194251,-0.183171,0.207703,0.201439,-0.214482,-0.200905,-0.195188,0.213819,0.213227,0.154241,-0.202137,0.151857,-0.212918,-0.204483,-0.158426,0.194428,0.210865,-0.198006,-0.180871,0.200118,0.201210,0.184201"
Q5S007,"-8.358874,-8.387368,-6.747737,7.265342,-7.728338,-8.190416,-7.643893,8.336434,-7.524637,7.674993,-7.652053,-7.977657,7.602231,7.798707,7.322953,7.651861,6.834049,-8.099739,7.236351,8.028925,7.512050,-6.643467,-7.879160,-8.397296,8.262953,8.074879,-7.408794,-7.690861,-5.770092,7.115641,7.963110,7.884319,-6.139281,7.970910,-7.948325,-7.514511,7.580821,8.772901,-7.932284,7.232975,-7.481673,7.011370,-8.280099,6.264577,-7.903670,-7.712194,7.655591,7.513495,8.546459,-7.063519,-7.164366,-7.455459,7.170654,-6.348635,7.757918,8.493537,5.607239,-8.365716,-7.777056,7.963191,7.700935,-6.959519,-7.861607,-7.436860"
O15399,"0.165157,0.202055,0.175400,-0.184446,0.192699,0.181287,0.206341,-0.200682,0.206299,-0.169536,0.203259,0.168200,-0.194695,-0.161174,-0.189916,-0.152325,-0.226078,0.162456,-0.165171,-0.199589,-0.188257,0.195482,0.203719,0.192845,-0.182278,-0.210301,0.159556,0.197012,0.168687,-0.189743,-0.174429,-0.144447,0.133957,-0.195208,0.203692,0.201481,-0.204840,-0.171451,0.199863,-0.145844,0.159163,-0.213805,0.190458,-0.173122,0.199940,0.203607,-0.214242,-0.194215,-0.191112,0.201934,0.206577,0.157556,-0.195381,0.137426,-0.204429,-0.195491,-0.157808,0.188972,0.198997,-0.199589,-0.164733,0.198832,0.197473,0.180987"
P16591,"0.125597,0.104773,0.155912,-0.116540,0.113649,0.105493,0.110174,-0.081301,0.114411,-0.115766,0.098911,0.124101,-0.134705,-0.119223,-0.168817,-0.143517,-0.122291,0.098250,-0.129680,-0.109961,-0.103370,0.166457,0.126728,0.109218,-0.088859,-0.108149,0.148027,0.113033,0.187101,-0.115792,-0.097216,-0.089562,0.189363,-0.100563,0.115703,0.115289,-0.113564,-0.103629,0.096405,-0.150985,0.146749,-0.170021,0.096026,-0.182338,0.126976,0.080335,-0.155389,-0.112769,-0.084160,0.139742,0.138188,0.087092,-0.124438,0.131813,-0.132671,-0.135002,-0.192908,0.088813,0.154204,-0.107249,-0.133425,0.174255,0.168378,0.146295"
P09237,"0.097951,0.111004,0.080164,-0.074364,0.099683,0.101538,0.122058,-0.106813,0.130301,-0.062109,0.119841,0.049934,-0.094987,-0.064572,-0.106800,-0.069509,-0.140431,0.065627,-0.033403,-0.114725,-0.102376,0.105110,0.130855,0.092827,-0.106515,-0.111784,0.078280,0.090313,0.053038,-0.116011,-0.079142,-0.029805,0.027203,-0.097190,0.131052,0.121712,-0.105280,-0.049075,0.106368,-0.022035,0.068113,-0.132551,0.118410,-0.074141,0.110817,0.095587,-0.140371,-0.100243,-0.107474,0.126566,0.103708,0.051050,-0.077283,-0.031097,-0.139220,-0.125711,-0.027024,0.105800,0.105334,-0.101472,-0.072125,0.096511,0.111610,0.124797"
P52789,"0.182682,0.123620,0.189807,-0.183605,0.156900,0.140820,0.118009,-0.120492,0.119643,-0.192847,0.123262,0.202854,-0.168869,-0.195203,-0.175060,-0.205399,-0.107444,0.162888,-0.217268,-0.128384,-0.148914,0.168084,0.129340,0.155729,-0.117681,-0.129169,0.182003,0.155613,0.232325,-0.154789,-0.143627,-0.183994,0.247211,-0.133014,0.122870,0.129084,-0.158608,-0.167403,0.122084,-0.202308,0.200862,-0.156475,0.125731,-0.218521,0.142222,0.123982,-0.144884,-0.143329,-0.115104,0.132595,0.147000,0.192912,-0.176673,0.245729,-0.127551,-0.135872,-0.263734,0.115141,0.157474,-0.146363,-0.183081,0.213383,0.189493,0.160491"
P42681,"-0.004460,-0.618918,-0.173982,0.375296,-0.466876,-0.411781,-0.617649,0.611114,-0.612882,0.307525,-0.563097,-0.281186,0.507362,0.082490,0.363982,0.075082,0.750746,-0.353971,0.330661,0.565597,0.373311,-0.432904,-0.437656,-0.429519,0.534783,0.651545,-0.264910,-0.539302,-0.383720,0.303837,0.438472,0.206070,-0.023545,0.604589,-0.503662,-0.554867,0.514614,0.442799,-0.627900,0.272797,-0.284480,0.640916,-0.434149,0.224935,-0.595236,-0.648804,0.438418,0.525358,0.519331,-0.610935,-0.690458,-0.168116,0.613402,-0.364258,0.506814,0.461549,0.154883,-0.570787,-0.586882,0.545964,0.285284,-0.379980,-0.358882,-0.195721"
Q14416,"-0.337000,-0.945790,-0.500437,1.285600,-1.089785,-0.662574,-1.099077,0.964878,-1.164504,0.527467,-1.143056,-0.826482,1.101124,0.436821,0.952705,0.260042,1.519787,-0.582559,1.025878,1.009053,0.488627,-0.967181,-0.866209,-0.847297,0.738336,1.237104,-0.623463,-1.145253,-1.625119,0.664488,0.517470,0.399119,-0.595470,0.999464,-0.920075,-0.994314,1.268889,0.922589,-1.039075,0.288774,-1.065103,1.396694,-0.635291,0.828513,-0.995647,-1.145618,1.080226,0.969696,0.681507,-1.083282,-1.393558,-0.613538,1.382551,-0.940370,1.052691,1.106085,0.998408,-0.802395,-1.251645,0.947225,0.600135,-1.286753,-1.174440,-0.491191"
Q15125,"-10.557329,-13.302394,-15.809892,14.921624,-14.569609,-12.577329,-14.538498,11.591305,-14.450518,17.291331,-12.679087,-14.202146,17.254703,13.408616,17.182384,16.107264,15.229345,-14.337025,16.923562,13.490513,13.745783,-18.529883,-13.178464,-13.170627,11.410486,13.557387,-15.833782,-15.351649,-23.108400,14.215108,12.830844,12.532804,-21.409783,14.064865,-13.147766,-15.369267,15.532544,12.625514,-13.065038,18.579599,-16.470324,21.292467,-11.918247,21.876245,-16.105311,-13.006918,15.872941,14.695654,10.255690,-16.968482,-18.943284,-13.748992,18.532531,-21.917748,14.270959,12.268967,22.920849,-12.081251,-17.287631,14.190405,15.463631,-21.763684,-17.866350,-13.455177"
Q13451,"-1.413832,-1.020206,-0.863811,0.958321,-0.917454,-0.902114,-0.886965,1.128761,-0.813964,0.567512,-1.151117,-0.939414,0.633946,1.044192,0.783566,0.744276,1.081031,-0.645516,0.655431,0.899076,0.822528,-0.462128,-1.167234,-1.031452,0.883914,1.061487,-0.532685,-0.778323,-0.013184,0.862736,0.789249,0.590566,-0.007116,0.773822,-1.103032,-0.805584,1.192184,1.026692,-0.944943,0.184602,-0.683788,0.641029,-1.083569,0.258691,-0.746048,-1.004667,1.203029,0.806325,1.206510,-0.625097,-0.502055,-0.634529,0.425254,0.249883,1.095995,1.287284,-0.018727,-0.862841,-0.725001,0.907657,0.685990,-0.638779,-0.924893,-0.979154"
Q86X55,"-1.069836,-0.617677,-0.820584,0.849244,-0.724955,-0.653298,-0.590915,0.737241,-0.538621,0.501859,-0.828643,-0.771895,0.446321,0.886691,0.563439,0.621698,0.734867,-0.551056,0.692488,0.571820,0.711744,-0.383968,-0.764094,-0.708904,0.595643,0.667033,-0.462933,-0.580736,-0.244659,0.749304,0.640075,0.659648,-0.292710,0.520634,-0.744895,-0.577913,0.875524,0.731117,-0.641912,0.263399,-0.630233,0.314583,-0.735426,0.325669,-0.450629,-0.739891,0.738156,0.616803,0.809283,-0.393982,-0.314497,-0.724819,0.344340,-0.098385,0.687121,0.773836,0.370515,-0.561687,-0.403038,0.639651,0.557068,-0.470249,-0.591904,-0.748652"
P49327,"-0.138461,-0.118863,-0.054827,0.172593,-0.130705,-0.086227,-0.114838,0.139516,-0.113409,0.036985,-0.160109,-0.129533,0.091205,0.101794,0.090586,0.034693,0.173321,-0.058192,0.120474,0.111789,0.044378,-0.039777,-0.128930,-0.123217,0.086859,0.159091,-0.036657,-0.119586,-0.089839,0.068489,0.051876,0.042445,0.014554,0.097139,-0.125657,-0.086185,0.187810,0.152270,-0.117438,-0.040662,-0.125061,0.103423,-0.100291,0.014774,-0.084362,-0.144814,0.153945,0.097081,0.121429,-0.067021,-0.094260,-0.071245,0.097747,-0.003313,0.134948,0.184940,0.013717,-0.090386,-0.116269,0.106888,0.054550,-0.119633,-0.144518,-0.069259"
Q15139,"0.019838,-0.076849,0.012255,0.030286,-0.045570,-0.011869,-0.081776,0.101188,-0.070398,-0.112924,-0.128806,0.037598,-0.016709,-0.065086,-0.007879,-0.120202,0.180327,0.048961,-0.062912,0.056875,-0.007100,0.030486,-0.062394,-0.012399,0.064921,0.098174,0.063521,-0.022252,0.098665,0.009648,0.008158,-0.081639,0.220409,0.039685,-0.077557,-0.058454,0.071430,0.026514,-0.095975,-0.159394,0.031532,0.004624,-0.042181,-0.145233,-0.027175,-0.104444,0.054786,0.038105,0.086829,-0.056853,-0.021150,0.084890,-0.019629,0.224409,0.087581,0.088514,-0.183986,-0.054121,-0.020131,0.044436,-0.046861,0.077206,0.037378,0.008788"
P42892,"0.120194,0.002433,0.041576,-0.059324,-0.021297,0.061001,0.011346,-0.018633,0.004558,-0.022431,0.004196,0.051558,0.009424,-0.033277,0.010575,-0.068282,0.025284,0.037344,-0.049787,-0.010229,-0.046326,-0.008521,0.027785,0.008088,-0.045178,0.002982,0.070099,-0.003165,-0.008056,-0.028639,-0.038577,-0.086547,0.040115,0.004839,0.014568,-0.017272,0.014556,-0.063215,0.006375,-0.058495,0.018848,0.098171,0.045780,0.030642,-0.023364,0.039267,-0.004727,-0.003769,-0.046974,-0.020351,-0.065285,0.134829,0.027432,0.000739,0.018683,-0.074222,-0.045351,0.039608,-0.040838,-0.003207,-0.053399,-0.087401,0.002806,0.032990"
Q00535,"-1.338340,-1.025099,-0.797782,0.940024,-0.904640,-0.869720,-0.906567,1.084018,-0.837768,0.400347,-1.122513,-0.804093,0.632785,0.886492,0.861441,0.643075,1.213799,-0.488268,0.492433,0.906195,0.768302,-0.546174,-1.238134,-0.952911,0.860127,1.058226,-0.562796,-0.702598,-0.039143,0.871461,0.730003,0.474038,0.037583,0.751105,-1.154251,-0.859091,1.217780,0.888139,-0.991707,0.032559,-0.614581,0.782562,-1.051386,0.258206,-0.737430,-0.999282,1.303034,0.844317,1.153654,-0.755715,-0.547941,-0.526899,0.388634,0.450844,1.188438,1.356841,-0.108595,-0.830298,-0.783192,0.811007,0.671131,-0.604566,-0.906761,-0.969216"
Q9UPY5,"0.279205,0.100952,0.262170,-0.231088,0.171931,0.147116,0.092741,-0.109710,0.095638,-0.210648,0.122500,0.257330,-0.159849,-0.274768,-0.189550,-0.257817,-0.072707,0.180731,-0.289563,-0.113078,-0.166108,0.159490,0.139693,0.173371,-0.107551,-0.109738,0.212016,0.149141,0.274018,-0.188188,-0.153949,-0.252665,0.321138,-0.115041,0.122970,0.104085,-0.169257,-0.201669,0.106496,-0.239541,0.240263,-0.101071,0.126994,-0.249312,0.111682,0.119863,-0.149168,-0.136108,-0.118814,0.105093,0.104483,0.281104,-0.154558,0.273439,-0.114542,-0.143524,-0.347335,0.104437,0.134085,-0.139342,-0.222399,0.221222,0.207348,0.201670"
Q9Y2I1,"0.198401,0.103130,0.171335,-0.167673,0.135739,0.124974,0.082541,-0.093319,0.087272,-0.189631,0.083625,0.202207,-0.159772,-0.188935,-0.158788,-0.209149,-0.058861,0.143075,-0.224208,-0.104158,-0.125724,0.142614,0.106749,0.144141,-0.087091,-0.103603,0.170301,0.131660,0.232616,-0.128182,-0.119151,-0.168423,0.244509,-0.106572,0.098148,0.092218,-0.145739,-0.157528,0.090489,-0.196220,0.192974,-0.151327,0.106806,-0.213298,0.123311,0.092365,-0.131122,-0.114817,-0.089375,0.101895,0.122753,0.185243,-0.160471,0.251371,-0.100622,-0.125632,-0.261560,0.088474,0.151598,-0.124833,-0.171980,0.223391,0.199578,0.145690"
Q9BV23,"0.130039,0.071890,0.054447,-0.132155,0.108426,0.092282,0.080884,-0.094334,0.098356,-0.051005,0.108266,0.100294,-0.078010,-0.101079,-0.074251,-0.054761,-0.076895,0.080124,-0.091559,-0.090913,-0.070080,0.055276,0.092973,0.102572,-0.088566,-0.099114,0.066574,0.094975,0.090551,-0.092907,-0.062097,-0.087019,0.040264,-0.076555,0.093160,0.083681,-0.099175,-0.095500,0.078879,0.003953,0.108579,-0.042673,0.094189,-0.036576,0.062498,0.084248,-0.089357,-0.080419,-0.088603,0.044257,0.059631,0.123816,-0.077099,0.017833,-0.092805,-0.123180,-0.062542,0.089726,0.070169,-0.086913,-0.062699,0.075422,0.110041,0.097231"
Q2M2I8,"0.163092,0.207545,0.173162,-0.186205,0.196207,0.188546,0.208192,-0.203647,0.208186,-0.176796,0.204018,0.175205,-0.201186,-0.164845,-0.201331,-0.169212,-0.225245,0.173342,-0.166205,-0.204948,-0.184746,0.200827,0.205180,0.192492,-0.194070,-0.211122,0.179731,0.197339,0.177580,-0.188632,-0.183891,-0.153408,0.154802,-0.201984,0.205023,0.206573,-0.205504,-0.179240,0.206525,-0.158067,0.177903,-0.224922,0.194251,-0.183171,0.207703,0.201439,-0.214482,-0.200905,-0.195188,0.213819,0.213227,0.154241,-0.202137,0.151857,-0.212918,-0.204483,-0.158426,0.194428,0.210865,-0.198006,-0.180871,0.200118,0.201210,0.184201"
P62937,"-2.270519,-1.825424,-1.671910,1.920009,-1.772492,-1.630734,-1.693369,2.033108,-1.548782,0.935842,-2.165078,-1.668163,1.218121,1.805653,1.617481,1.264616,2.214238,-1.156259,1.133499,1.657950,1.549568,-1.145431,-2.161516,-1.790605,1.657464,1.952498,-1.165155,-1.449507,-0.325280,1.722216,1.539322,1.242478,-0.296626,1.468152,-2.013180,-1.707882,2.185208,1.749592,-1.871987,0.395091,-1.297584,1.239474,-1.900070,0.658250,-1.365107,-1.914924,2.165741,1.697102,2.118980,-1.380224,-1.081784,-1.244932,0.917771,0.252642,2.082245,2.258283,0.307405,-1.562401,-1.341747,1.594964,1.375241,-1.059398,-1.522074,-1.772211"
O14920,"-1.820543,-1.599920,-1.096087,1.363512,-1.343819,-1.337901,-1.340934,1.687628,-1.290183,0.922446,-1.598407,-1.414191,1.167537,1.363370,1.250259,1.096344,1.568657,-1.030073,1.075693,1.426030,1.088162,-0.851318,-1.667547,-1.567341,1.363816,1.671930,-0.913041,-1.240720,-0.375715,1.146477,1.156636,0.873080,-0.236144,1.270514,-1.564902,-1.220954,1.664112,1.616685,-1.438997,0.496081,-1.088821,1.234565,-1.538333,0.545475,-1.269078,-1.501473,1.789999,1.243609,1.695170,-1.106559,-1.024357,-0.880151,0.939188,-0.109410,1.607104,1.937436,0.183109,-1.346320,-1.352877,1.379732,1.129059,-1.152403,-1.506523,-1.308240"
Q15759,"-1.339005,-1.049478,-1.022380,1.180393,-1.067539,-0.926409,-0.985244,1.142220,-0.899692,0.601644,-1.262863,-1.019835,0.758867,1.038723,0.944359,0.745979,1.295858,-0.690771,0.821360,0.948308,0.890463,-0.666606,-1.194891,-1.024273,0.926405,1.136828,-0.692708,-0.881875,-0.451352,0.982583,0.857662,0.731049,-0.276466,0.848026,-1.152079,-0.958392,1.320951,1.070632,-1.067660,0.306669,-0.887605,0.789501,-1.050521,0.470912,-0.817099,-1.117548,1.236088,0.956654,1.170646,-0.821183,-0.697051,-0.780133,0.632959,-0.031043,1.177242,1.303797,0.395459,-0.888092,-0.836459,0.965617,0.811771,-0.770912,-0.965800,-1.001234"
Q13043,"-0.867039,-0.814654,-0.611427,0.684880,-0.702081,-0.661995,-0.799686,0.889187,-0.717149,0.274282,-1.005188,-0.524967,0.422906,0.604092,0.545955,0.350231,1.078911,-0.400347,0.347304,0.724050,0.625903,-0.336679,-0.899936,-0.661156,0.727910,0.858957,-0.316558,-0.585841,0.034131,0.670876,0.585839,0.298523,0.236115,0.624841,-0.905865,-0.670412,0.938089,0.666686,-0.823740,-0.070956,-0.470349,0.493743,-0.810777,0.058251,-0.571800,-0.860245,0.896974,0.651893,0.932614,-0.600987,-0.448790,-0.323248,0.303863,0.426293,0.901815,0.945970,-0.227405,-0.704170,-0.550416,0.687843,0.401484,-0.358151,-0.534400,-0.680435"
Q13698,"0.138606,0.011901,0.144538,-0.066615,0.040230,0.047139,-0.012259,-0.012573,-0.036514,-0.106595,0.008212,0.118969,-0.024660,-0.155233,-0.061552,-0.161479,0.036707,0.079150,-0.108033,-0.000160,-0.068158,0.034263,0.025567,0.045502,-0.017701,0.011623,0.093829,0.015979,0.036771,-0.064505,-0.082517,-0.140587,0.165842,-0.011227,0.013599,0.003383,-0.046302,-0.085597,0.016858,-0.144220,0.087943,0.022952,0.034961,-0.103435,0.006576,0.013474,-0.018400,-0.033834,-0.037462,-0.004963,-0.022817,0.108023,-0.004170,0.136290,-0.006424,-0.008225,-0.120714,0.003835,0.007879,-0.019389,-0.107496,0.047315,0.030279,0.071536"
P05771,"0.146853,0.041560,0.194614,-0.177408,0.102664,0.098652,0.063979,-0.040472,0.063482,-0.201769,0.046203,0.180518,-0.127521,-0.193443,-0.122282,-0.217911,-0.026877,0.163046,-0.255192,-0.055774,-0.127723,0.152106,0.046867,0.103679,-0.049260,-0.050626,0.176469,0.119487,0.267225,-0.118245,-0.125509,-0.208592,0.309834,-0.079165,0.040807,0.082508,-0.112737,-0.140576,0.056810,-0.267787,0.186878,-0.089666,0.071259,-0.254160,0.078365,0.087406,-0.056318,-0.095478,-0.049622,0.074766,0.103071,0.234507,-0.157832,0.336707,-0.029894,-0.046979,-0.330548,0.057022,0.086491,-0.102019,-0.158821,0.190839,0.135589,0.114911"
O43781,"0.112462,0.192125,0.144882,-0.160037,0.174014,0.169505,0.197513,-0.183745,0.197812,-0.160110,0.182836,0.144963,-0.185469,-0.127831,-0.178341,-0.137788,-0.211972,0.159795,-0.145319,-0.190120,-0.168385,0.190955,0.179666,0.168862,-0.179332,-0.193510,0.162592,0.185019,0.170806,-0.166069,-0.169159,-0.134872,0.136888,-0.189688,0.182775,0.195887,-0.177562,-0.152853,0.191919,-0.150676,0.153300,-0.213617,0.171440,-0.166042,0.197679,0.182461,-0.183230,-0.185589,-0.173266,0.204224,0.210086,0.128943,-0.196327,0.148711,-0.190494,-0.172775,-0.148721,0.184194,0.196890,-0.184124,-0.155738,0.176355,0.173711,0.157940"
P55055,"0.191745,0.022847,0.143187,-0.123833,0.072178,0.055792,-0.032100,-0.010054,-0.016425,-0.195069,-0.034882,0.222351,-0.132010,-0.197959,-0.134458,-0.227619,0.098923,0.122911,-0.243655,-0.020742,-0.051566,0.110279,0.031413,0.125712,-0.000146,-0.022972,0.158735,0.073654,0.241455,-0.058418,-0.062311,-0.190292,0.333801,-0.033800,-0.002298,0.007341,-0.058574,-0.157457,-0.010828,-0.273728,0.157182,-0.086582,0.025602,-0.238948,0.062034,-0.002575,-0.074799,-0.044538,-0.003800,0.015121,0.055536,0.201325,-0.127061,0.349579,-0.000351,-0.060929,-0.355795,0.003535,0.099006,-0.060405,-0.184207,0.222781,0.196659,0.093649"
P13500,"0.235217,-0.056198,0.076722,-0.184164,0.060109,0.032873,-0.020276,0.015645,0.016224,-0.025080,0.037612,0.115590,0.003086,-0.139404,-0.003062,-0.031013,0.044672,0.057344,-0.209433,0.024333,-0.025071,-0.023119,-0.006204,0.065331,0.026173,0.009128,0.018161,0.055329,0.168762,-0.059077,0.019205,-0.098580,0.059363,0.055622,-0.002516,0.009934,-0.056160,-0.083003,-0.061942,0.028312,0.123825,0.104870,0.029561,0.004516,-0.058422,-0.003820,-0.018728,0.007511,0.001168,-0.116034,-0.063958,0.243802,0.012177,-0.016853,0.030845,-0.080885,-0.206558,-0.005344,-0.053892,-0.036914,0.011351,0.045168,0.110171,0.090519"
P15559,"0.143975,0.124429,0.193475,-0.171241,0.152616,0.149089,0.141678,-0.125212,0.141195,-0.182619,0.135005,0.167748,-0.163498,-0.164528,-0.168545,-0.182485,-0.142085,0.159315,-0.192630,-0.132003,-0.173100,0.186521,0.136474,0.141539,-0.134570,-0.124263,0.180352,0.151167,0.203841,-0.172847,-0.164436,-0.177717,0.229635,-0.142102,0.134212,0.158469,-0.144643,-0.132075,0.135207,-0.200680,0.164848,-0.152120,0.138619,-0.203302,0.142189,0.148150,-0.144366,-0.165221,-0.126480,0.156102,0.154292,0.198681,-0.165419,0.220622,-0.130911,-0.117555,-0.253894,0.129183,0.136000,-0.141420,-0.170515,0.165773,0.152064,0.154659"
Q13153,"0.158516,-1.140160,0.180275,0.563400,-0.814990,-0.521325,-1.085673,1.163532,-1.181380,-0.161745,-1.207690,-0.131009,0.754414,-0.357342,0.449179,-0.488149,1.696107,-0.127534,0.171099,1.046586,0.238894,-0.376271,-0.781923,-0.638130,0.902491,1.307159,0.003114,-0.789309,-0.228045,0.326802,0.391669,-0.348100,0.958658,0.968911,-0.989869,-0.874329,0.988921,0.625819,-1.156763,-0.519071,-0.277310,1.112756,-0.657701,-0.265267,-0.941384,-1.223208,0.894009,0.721478,0.960200,-1.096139,-1.162326,0.315182,0.894755,0.504304,1.021445,1.077872,-0.602789,-0.933500,-1.094317,0.868354,0.076871,-0.382387,-0.600433,-0.092978"
Q13315,"-0.162299,-0.677963,-0.142446,0.279469,-0.457661,-0.476230,-0.676977,0.684314,-0.677687,0.119639,-0.683991,-0.139000,0.396284,0.072890,0.345095,0.011161,0.835236,-0.282392,0.018281,0.635409,0.400890,-0.344341,-0.601168,-0.443555,0.643972,0.681703,-0.204831,-0.462972,0.053351,0.397214,0.425206,0.098454,0.314213,0.584977,-0.652917,-0.609909,0.477011,0.358076,-0.671681,-0.029811,-0.150163,0.506738,-0.573779,-0.021659,-0.556138,-0.651567,0.562114,0.509246,0.670375,-0.626399,-0.550810,-0.044826,0.366844,0.301094,0.655854,0.611311,-0.286699,-0.648137,-0.504291,0.529301,0.218509,-0.121836,-0.288479,-0.342373"
P11166,"0.132924,0.116141,0.091923,-0.137599,0.126528,0.116232,0.114767,-0.129304,0.121781,-0.082643,0.133137,0.120962,-0.107961,-0.115112,-0.108260,-0.086959,-0.125548,0.098126,-0.106275,-0.121911,-0.100723,0.093021,0.125083,0.125400,-0.117421,-0.131106,0.095584,0.118557,0.092601,-0.113890,-0.100746,-0.101352,0.062139,-0.113050,0.123281,0.111453,-0.129270,-0.121199,0.120158,-0.045160,0.116502,-0.091617,0.120105,-0.072028,0.103127,0.123071,-0.123198,-0.114679,-0.124597,0.097427,0.098474,0.113690,-0.106344,0.052018,-0.125227,-0.142258,-0.072138,0.114774,0.109980,-0.115586,-0.097243,0.099076,0.122271,0.115214"
O15552,"-1.724207,-4.486809,-3.526306,3.397259,-4.058777,-3.879714,-5.112505,3.793696,-5.185297,4.586707,-4.079731,-2.845997,5.153178,2.457237,4.817529,3.687619,5.107613,-4.088820,3.387989,4.629955,4.108104,-5.663175,-4.186195,-3.641542,4.136050,4.489992,-4.381314,-4.550577,-5.846726,4.043144,3.793751,2.684482,-4.821888,4.699483,-4.390327,-5.259661,3.986309,2.997593,-4.368042,4.947864,-3.939575,6.996183,-3.881952,5.672489,-5.386461,-3.924006,4.880911,4.431889,3.368036,-5.787661,-6.382686,-2.935260,5.598318,-4.992352,4.768656,3.801077,5.167517,-4.461572,-5.429974,4.506439,4.010563,-5.727365,-4.977425,-3.752566"
Q96KQ7,"-1.637905,-1.233863,-1.326971,1.401016,-1.370005,-1.211089,-1.328945,1.404910,-1.268271,0.623100,-1.657699,-1.023895,0.850352,1.255029,1.205310,0.833821,1.779599,-0.766905,0.675157,1.206659,1.295035,-0.976102,-1.617922,-1.230663,1.234149,1.351797,-0.881382,-1.079011,-0.288285,1.454969,1.134308,0.919003,-0.259981,1.064076,-1.559424,-1.356967,1.581339,1.000638,-1.379298,0.180544,-0.952411,0.859066,-1.427078,0.542896,-0.982279,-1.398393,1.547739,1.272254,1.518876,-1.127216,-0.815252,-0.997803,0.627900,0.469112,1.582406,1.545519,0.325669,-1.137688,-0.860212,1.159074,0.933580,-0.721240,-1.026399,-1.460991"
Q12851,"0.101177,0.134558,0.138880,-0.136229,0.141085,0.133354,0.143229,-0.125934,0.147750,-0.147693,0.130099,0.134878,-0.159401,-0.121502,-0.159958,-0.138278,-0.146361,0.134006,-0.140181,-0.141155,-0.136482,0.172520,0.131457,0.130936,-0.131528,-0.139366,0.153374,0.148209,0.189530,-0.138845,-0.133819,-0.126385,0.173705,-0.145113,0.131835,0.147720,-0.133609,-0.122046,0.137820,-0.156555,0.150840,-0.172664,0.124903,-0.179381,0.153102,0.131139,-0.139990,-0.148460,-0.115800,0.164532,0.168598,0.129141,-0.169797,0.178319,-0.140619,-0.127609,-0.184604,0.130517,0.160346,-0.139916,-0.146390,0.169015,0.152373,0.135889"
Q9H228,"0.307954,0.238617,0.343321,-0.324989,0.243091,0.236465,0.228572,-0.218364,0.215015,-0.271683,0.253903,0.324489,-0.253948,-0.275897,-0.252963,-0.288083,-0.303694,0.257326,-0.431334,-0.223539,-0.267041,0.227493,0.287833,0.248143,-0.217790,-0.238783,0.258356,0.220222,0.391792,-0.299166,-0.215761,-0.263405,0.340943,-0.206528,0.277302,0.233101,-0.322505,-0.262636,0.204967,-0.257427,0.307562,-0.292054,0.230297,-0.280251,0.193591,0.296106,-0.337012,-0.262645,-0.217027,0.252444,0.223785,0.337846,-0.253238,0.356037,-0.243245,-0.295564,-0.393649,0.219166,0.232862,-0.248790,-0.294167,0.311375,0.266187,0.256122"
P32320,"-0.537796,-0.466855,-0.251649,0.365449,-0.389776,-0.415821,-0.435714,0.513532,-0.431131,0.146514,-0.532609,-0.285988,0.259675,0.347626,0.336585,0.220591,0.508758,-0.238628,0.063477,0.442971,0.370028,-0.238487,-0.545745,-0.429918,0.434111,0.490197,-0.209884,-0.330831,0.133664,0.399149,0.323698,0.149190,0.163600,0.358739,-0.522680,-0.438672,0.470361,0.319960,-0.440242,-0.103230,-0.213824,0.310216,-0.513263,0.041091,-0.348055,-0.405782,0.539775,0.382433,0.547708,-0.317958,-0.233182,-0.157290,0.172016,0.353404,0.546274,0.597614,-0.190211,-0.406835,-0.307230,0.409077,0.224343,-0.184845,-0.375012,-0.468457"
Q15717,"-0.054433,-0.006251,0.012444,0.039925,-0.023490,-0.000320,-0.008261,0.017807,-0.010674,-0.047956,-0.032939,-0.004757,-0.010341,0.007245,0.004462,-0.030983,0.039298,0.030460,-0.010444,0.006613,-0.016986,0.025531,-0.037858,-0.018631,-0.004648,0.023500,0.028940,0.002835,0.027365,0.004272,-0.024800,-0.029811,0.062185,-0.008291,-0.032082,-0.004591,0.046944,0.008050,-0.007011,-0.096705,-0.001320,0.001687,-0.013971,-0.049795,0.013130,-0.016593,0.049021,0.001013,0.018762,0.018140,0.017701,0.005052,-0.026368,0.103876,0.034417,0.061364,-0.058297,0.003213,0.002928,-0.002420,-0.025443,-0.000275,-0.031047,-0.010715"
P04070,"0.174045,0.153723,0.174384,-0.159402,0.158243,0.149582,0.146248,-0.147134,0.144194,-0.154042,0.149972,0.163852,-0.161424,-0.163811,-0.181592,-0.176707,-0.156353,0.140642,-0.148051,-0.151210,-0.150247,0.169518,0.166255,0.156274,-0.143486,-0.151126,0.169483,0.146224,0.157093,-0.162208,-0.148204,-0.144554,0.175549,-0.145964,0.158360,0.156072,-0.163623,-0.150304,0.152021,-0.154914,0.161954,-0.175623,0.150593,-0.178546,0.157366,0.141741,-0.179720,-0.155110,-0.147277,0.166372,0.152776,0.141954,-0.150893,0.136012,-0.168790,-0.168006,-0.169521,0.136782,0.165406,-0.149044,-0.172473,0.174925,0.176549,0.169246"
P78536,"0.446013,0.226667,0.425761,-0.402085,0.234817,0.225184,0.232428,-0.132822,0.180576,-0.210318,0.264292,0.384276,-0.190287,-0.393126,-0.268399,-0.309778,-0.301238,0.292539,-0.527669,-0.190289,-0.214033,0.242487,0.287722,0.313306,-0.169099,-0.215142,0.341943,0.270087,0.492750,-0.234297,-0.180204,-0.344204,0.495335,-0.118800,0.273373,0.217910,-0.377781,-0.370468,0.142182,-0.406545,0.457627,-0.226825,0.192672,-0.321191,0.161359,0.213849,-0.363808,-0.201257,-0.193574,0.192431,0.204002,0.402299,-0.236092,0.303217,-0.249979,-0.378161,-0.531137,0.190687,0.261322,-0.260200,-0.319639,0.367815,0.385440,0.370126"
P40306,"0.181328,-0.023694,0.182406,-0.051807,0.001150,0.027082,-0.064979,0.025643,-0.104465,-0.109457,-0.034673,0.108526,0.006893,-0.160498,-0.041885,-0.183975,0.087154,0.081318,-0.165169,0.051974,-0.088213,-0.001404,0.014451,0.015132,0.015456,0.049080,0.087393,-0.041512,0.036609,-0.061037,-0.071437,-0.191661,0.226468,0.025928,-0.009695,-0.052809,-0.028280,-0.091948,-0.025692,-0.151400,0.083959,0.082141,0.005963,-0.086340,-0.052698,0.008110,-0.004215,-0.017719,-0.014661,-0.050539,-0.073730,0.132492,0.051978,0.201203,0.053073,0.025803,-0.180918,-0.031643,-0.039055,0.023665,-0.117427,0.032092,-0.027421,0.049648"
O75116,"0.091443,0.042132,0.097446,-0.076980,0.050944,0.072552,0.043260,-0.047053,0.026862,-0.116041,0.041873,0.101335,-0.052853,-0.129625,-0.072337,-0.122316,-0.028886,0.084503,-0.088251,-0.042828,-0.094609,0.071474,0.064478,0.069469,-0.042549,-0.042408,0.083258,0.063971,0.049604,-0.081515,-0.086225,-0.118526,0.134066,-0.052425,0.045192,0.045196,-0.070347,-0.064360,0.045868,-0.103815,0.073577,-0.025788,0.064470,-0.104697,0.037767,0.053239,-0.054063,-0.075947,-0.055971,0.031374,0.030469,0.107856,-0.055472,0.141265,-0.039154,-0.031279,-0.109174,0.039744,0.031265,-0.049507,-0.085115,0.068199,0.047856,0.076145"
Q14973,"-2.270891,-4.962578,-5.360282,3.052430,-4.001668,-3.922567,-4.889132,3.995131,-4.525280,5.446399,-3.887817,-3.494841,5.340102,3.304352,5.327830,5.152673,5.306197,-4.339539,4.239978,4.391810,4.591792,-6.029894,-4.232220,-3.703061,4.027934,4.249395,-4.904596,-4.294315,-5.464724,4.317714,4.659896,3.142062,-5.743937,4.667374,-4.315398,-5.128279,4.397689,3.580073,-4.634492,6.898154,-3.832866,7.388363,-4.006973,6.680098,-5.711951,-4.339664,5.073393,4.685887,3.756876,-6.438048,-6.272460,-2.613757,5.324280,-6.124647,4.706849,3.297223,5.709781,-4.139924,-5.762706,4.552711,5.074468,-6.112525,-4.668572,-4.035837"
Q00796,"0.183688,0.191880,0.191385,-0.198660,0.196232,0.183836,0.191261,-0.190129,0.190962,-0.186828,0.193092,0.192947,-0.198471,-0.186192,-0.203162,-0.188607,-0.204274,0.176995,-0.190002,-0.191277,-0.184150,0.198580,0.195496,0.191352,-0.180448,-0.196530,0.187726,0.192742,0.197243,-0.190988,-0.181751,-0.171312,0.187308,-0.189731,0.193138,0.193369,-0.205370,-0.184907,0.192316,-0.172864,0.193260,-0.210715,0.185060,-0.198944,0.195052,0.190762,-0.206590,-0.194105,-0.183532,0.197670,0.199142,0.175438,-0.199045,0.178437,-0.199559,-0.196065,-0.193015,0.178975,0.201605,-0.190821,-0.189807,0.210229,0.205810,0.188619"
O75530,"-1.080777,-1.071292,-0.888265,1.038816,-1.020420,-0.913655,-1.080669,1.215985,-0.963124,0.377378,-1.356618,-0.714472,0.596908,0.832319,0.775219,0.446083,1.446649,-0.596505,0.420007,0.960941,0.929617,-0.593833,-1.230290,-0.922571,0.991601,1.130476,-0.486253,-0.797903,0.072009,1.013241,0.896953,0.591802,0.173543,0.856381,-1.215268,-1.058713,1.236046,0.846557,-1.143373,-0.005297,-0.537430,0.593699,-1.113695,0.133833,-0.770222,-1.196343,1.163297,0.997034,1.271786,-0.814297,-0.612313,-0.581578,0.439535,0.478812,1.200532,1.178950,-0.100874,-0.941268,-0.631986,0.923639,0.597143,-0.344839,-0.650952,-0.928452"
Q16549,"0.089769,-0.269595,0.006257,0.048535,-0.148973,-0.150636,-0.269714,0.224663,-0.270189,0.083498,-0.190290,-0.027151,0.226663,-0.061343,0.192980,0.010653,0.330923,-0.089839,0.004223,0.253277,0.083026,-0.215332,-0.198321,-0.142320,0.221656,0.258157,-0.123716,-0.190470,-0.146348,0.078111,0.138544,-0.028484,-0.019675,0.260245,-0.211455,-0.221086,0.153445,0.115058,-0.260436,0.075707,-0.082043,0.367160,-0.156228,0.116475,-0.281575,-0.217193,0.224976,0.209622,0.172846,-0.335571,-0.332203,0.064336,0.252956,-0.098420,0.250132,0.217030,-0.039972,-0.230347,-0.313107,0.177677,0.113349,-0.164002,-0.163066,-0.055967"
Q8WUI4,"0.012993,-0.821659,0.194250,-0.001306,-0.387539,-0.559163,-0.872302,0.777679,-0.955901,0.020380,-0.703951,0.183176,0.456031,-0.259534,0.370249,-0.207371,0.988874,-0.175727,-0.423534,0.803916,0.454808,-0.463178,-0.792655,-0.483179,0.771636,0.826033,-0.122368,-0.496660,0.290450,0.399701,0.348973,-0.281040,0.707052,0.688727,-0.819642,-0.791638,0.386278,0.068907,-0.726187,-0.300691,0.126836,0.843519,-0.736990,-0.140418,-0.752147,-0.618257,0.767119,0.556576,0.741156,-0.841125,-0.706382,0.226441,0.387827,0.803397,0.865561,0.789183,-0.690782,-0.821874,-0.609792,0.616154,0.065330,-0.135648,-0.402892,-0.444050"
P55085,"0.226569,-0.157332,0.098559,-0.136899,-0.004947,-0.048087,-0.172483,0.104330,-0.168853,0.007596,-0.077430,0.151047,0.085649,-0.187305,0.040910,-0.106922,0.198925,0.000910,-0.175236,0.132438,0.050750,-0.114210,-0.085562,-0.006348,0.117653,0.118162,0.018610,-0.067789,0.068295,0.009768,0.046485,-0.151856,0.151537,0.133946,-0.110486,-0.154473,-0.001866,-0.075088,-0.127312,0.011023,0.122204,0.245245,-0.081029,-0.001497,-0.174548,-0.086984,0.100212,0.092836,0.077437,-0.218313,-0.209757,0.184284,0.092131,0.084432,0.129501,0.030460,-0.156513,-0.136972,-0.137707,0.084448,-0.027520,-0.007318,0.001211,0.019132"
Q04912,"0.178127,0.091414,0.158928,-0.155370,0.141818,0.102556,0.109483,-0.096815,0.117605,-0.104186,0.136128,0.112485,-0.113530,-0.131377,-0.124774,-0.120101,-0.132878,0.090145,-0.138105,-0.099297,-0.129445,0.114173,0.128854,0.109983,-0.083613,-0.104538,0.096650,0.104379,0.144617,-0.151554,-0.085327,-0.079657,0.111668,-0.084750,0.137192,0.122858,-0.157483,-0.080745,0.092153,-0.058496,0.134470,-0.141658,0.116186,-0.128059,0.102573,0.102487,-0.156682,-0.100418,-0.100344,0.098602,0.105254,0.128627,-0.098617,0.040099,-0.133859,-0.127919,-0.156797,0.084567,0.100942,-0.118390,-0.095559,0.169627,0.165093,0.152630"
Q9NR97,"0.251246,0.250074,0.310425,-0.274012,0.245021,0.223981,0.247737,-0.236179,0.231183,-0.247361,0.233422,0.282778,-0.239132,-0.262226,-0.259353,-0.228915,-0.261602,0.241290,-0.317141,-0.222217,-0.233277,0.263737,0.255527,0.246372,-0.205357,-0.244846,0.242576,0.258057,0.320814,-0.224022,-0.230806,-0.249004,0.258387,-0.226094,0.231935,0.232854,-0.272443,-0.274481,0.231684,-0.286810,0.244330,-0.262082,0.224325,-0.254181,0.254419,0.241386,-0.262765,-0.252588,-0.226486,0.235231,0.246950,0.233414,-0.234955,0.268723,-0.247616,-0.238962,-0.321781,0.222151,0.255258,-0.249447,-0.244525,0.297495,0.271235,0.259186"
Q15120,"0.163092,0.207545,0.173162,-0.186205,0.196207,0.188546,0.208192,-0.203647,0.208186,-0.176796,0.204018,0.175205,-0.201186,-0.164845,-0.201331,-0.169212,-0.225245,0.173342,-0.166205,-0.204948,-0.184746,0.200827,0.205180,0.192492,-0.194070,-0.211122,0.179731,0.197339,0.177580,-0.188632,-0.183891,-0.153408,0.154802,-0.201984,0.205023,0.206573,-0.205504,-0.179240,0.206525,-0.158067,0.177903,-0.224922,0.194251,-0.183171,0.207703,0.201439,-0.214482,-0.200905,-0.195188,0.213819,0.213227,0.154241,-0.202137,0.151857,-0.212918,-0.204483,-0.158426,0.194428,0.210865,-0.198006,-0.180871,0.200118,0.201210,0.184201"
Q96DB2,"0.136265,0.198337,0.147754,-0.173629,0.173494,0.163594,0.189563,-0.195937,0.179505,-0.136704,0.192914,0.159673,-0.167977,-0.143739,-0.172081,-0.136832,-0.226424,0.144449,-0.142723,-0.185157,-0.156393,0.162828,0.189957,0.168694,-0.171893,-0.198218,0.144280,0.171603,0.128296,-0.160010,-0.164326,-0.125316,0.099916,-0.182010,0.189800,0.182789,-0.204032,-0.173849,0.199038,-0.116220,0.144358,-0.198319,0.170854,-0.138522,0.178247,0.201708,-0.198706,-0.184493,-0.187849,0.187953,0.182456,0.117297,-0.169041,0.115412,-0.196418,-0.193192,-0.096723,0.172247,0.187130,-0.170721,-0.153276,0.157592,0.160361,0.145961"
P54762,"0.145039,0.103900,0.115454,-0.134736,0.126885,0.123961,0.113276,-0.098704,0.123123,-0.123016,0.111837,0.128814,-0.128780,-0.133939,-0.140117,-0.140619,-0.093469,0.130900,-0.123947,-0.120427,-0.111145,0.129156,0.121337,0.120078,-0.115018,-0.108842,0.142734,0.119278,0.176071,-0.132496,-0.099519,-0.118136,0.162591,-0.108922,0.120287,0.121175,-0.111591,-0.112875,0.100533,-0.102447,0.158660,-0.128791,0.114092,-0.148927,0.116600,0.087617,-0.131835,-0.114175,-0.094395,0.115569,0.114612,0.147977,-0.127222,0.117886,-0.128309,-0.142482,-0.156327,0.116152,0.126447,-0.114389,-0.131107,0.150758,0.157116,0.143852"
O94782,"0.098107,0.161619,0.134081,-0.144576,0.155708,0.150634,0.169484,-0.153623,0.170891,-0.157502,0.155667,0.135954,-0.170244,-0.118175,-0.159112,-0.131381,-0.173253,0.148832,-0.140439,-0.163298,-0.154974,0.174100,0.146903,0.145364,-0.155809,-0.164303,0.152440,0.166911,0.179334,-0.150104,-0.150995,-0.131390,0.145843,-0.167275,0.152525,0.170426,-0.152431,-0.133548,0.163697,-0.152775,0.149868,-0.187417,0.146429,-0.167707,0.174099,0.156039,-0.148651,-0.164841,-0.142164,0.181324,0.188770,0.131112,-0.185970,0.169469,-0.158465,-0.139348,-0.166793,0.158621,0.172590,-0.164229,-0.146144,0.168334,0.155407,0.139212"
Q04760,"0.279001,0.262269,0.321778,-0.294823,0.246690,0.260350,0.275154,-0.251007,0.266007,-0.264886,0.265006,0.285161,-0.273187,-0.245604,-0.284970,-0.247587,-0.318706,0.223882,-0.335678,-0.247944,-0.273064,0.299960,0.264129,0.247560,-0.231427,-0.271259,0.261462,0.277573,0.325227,-0.248660,-0.259007,-0.230991,0.274923,-0.246234,0.263020,0.257523,-0.289988,-0.280946,0.251371,-0.315395,0.261159,-0.277637,0.256502,-0.278736,0.258546,0.299434,-0.306860,-0.281113,-0.255099,0.272400,0.277622,0.277133,-0.259600,0.289113,-0.246952,-0.288103,-0.363382,0.235175,0.276715,-0.262809,-0.258105,0.270087,0.287127,0.252733"
Q92769,"-1.071031,-0.828153,-0.695452,0.801463,-0.763069,-0.713330,-0.753955,0.911370,-0.693509,0.354840,-0.958457,-0.675737,0.506840,0.759247,0.667000,0.518513,0.999136,-0.455365,0.461496,0.736373,0.663036,-0.432818,-0.985247,-0.788785,0.719645,0.868659,-0.437255,-0.602470,-0.028340,0.734381,0.633955,0.446919,0.015555,0.629857,-0.935980,-0.714050,0.992727,0.759544,-0.815374,0.056597,-0.513819,0.564912,-0.864454,0.191962,-0.594150,-0.859106,1.016346,0.699282,0.966677,-0.582870,-0.442577,-0.486130,0.329853,0.308875,0.938352,1.056329,-0.042064,-0.693525,-0.590380,0.691391,0.540495,-0.464478,-0.694183,-0.780598"
Q16832,"0.105019,-0.107225,-0.050839,0.012087,-0.014886,-0.056382,-0.084716,0.120879,-0.043680,0.094742,-0.061685,-0.053700,0.042892,0.022655,-0.007594,0.017686,0.111919,-0.069787,0.070652,0.063063,0.094672,-0.045298,-0.020349,-0.042973,0.067454,0.087892,-0.004590,-0.085635,0.063595,0.016228,0.135709,0.070146,0.030864,0.107509,-0.020821,-0.040568,0.059876,0.080355,-0.114169,0.127938,0.046788,0.011444,-0.053443,0.011243,-0.074851,-0.153452,-0.026187,0.099777,0.108765,-0.068675,-0.074156,0.011137,0.087697,-0.186702,-0.002135,-0.056463,-0.012608,-0.070712,-0.040550,0.075927,0.031534,0.033897,0.079700,0.041285"
P07948,"-0.402297,-1.856318,-0.949168,0.898850,-1.236102,-1.253321,-1.697314,1.723526,-1.513127,1.057568,-1.539459,-0.909662,1.379098,0.586219,1.262712,0.741507,2.079685,-1.036934,0.763799,1.562621,1.194967,-1.322771,-1.449313,-1.244375,1.515228,1.738874,-0.981093,-1.366491,-0.620043,0.998084,1.434675,0.706421,-0.319848,1.640260,-1.497708,-1.549226,1.490528,1.310326,-1.809389,1.138327,-0.746711,1.830722,-1.366999,0.873808,-1.703903,-1.756999,1.464011,1.528281,1.610714,-1.850086,-1.764822,-0.309910,1.439221,-0.900801,1.572549,1.342782,0.299077,-1.531129,-1.666264,1.470904,1.115343,-1.037827,-0.981177,-0.818503"
Q99895,"-0.031933,-0.335580,-0.298374,0.188171,-0.286339,-0.257438,-0.390584,0.274466,-0.397333,0.397043,-0.287956,-0.140759,0.408167,0.128931,0.355661,0.265884,0.413397,-0.290181,0.247452,0.324127,0.359986,-0.474733,-0.292484,-0.243546,0.268752,0.323285,-0.274697,-0.332171,-0.427404,0.323539,0.288382,0.119416,-0.338941,0.347326,-0.321334,-0.443582,0.304996,0.130970,-0.307672,0.432158,-0.196102,0.633930,-0.290009,0.490508,-0.444989,-0.300041,0.378515,0.339176,0.232216,-0.471882,-0.539664,-0.159463,0.433947,-0.407745,0.340250,0.186571,0.446080,-0.311809,-0.401367,0.362392,0.266131,-0.489938,-0.359802,-0.268288"
P48147,"0.097484,0.150211,0.138749,-0.137620,0.146669,0.135636,0.156408,-0.151136,0.157490,-0.126741,0.155778,0.119215,-0.147196,-0.111755,-0.142373,-0.114273,-0.174963,0.128753,-0.120813,-0.149370,-0.146190,0.156775,0.145059,0.134478,-0.144754,-0.151991,0.129556,0.145326,0.128548,-0.149294,-0.143381,-0.116874,0.111762,-0.149930,0.148806,0.163768,-0.144204,-0.118907,0.155721,-0.123594,0.118429,-0.159836,0.141452,-0.135735,0.152641,0.155943,-0.146130,-0.153344,-0.144565,0.164778,0.161713,0.113473,-0.151652,0.113491,-0.152203,-0.128874,-0.131895,0.142390,0.144962,-0.148545,-0.130856,0.132254,0.130070,0.133901"
P25098,"-0.109411,-0.340636,-0.019324,0.119850,-0.207379,-0.206285,-0.341871,0.358689,-0.321422,-0.080542,-0.382058,0.010305,0.109267,-0.014289,0.137877,-0.100985,0.499427,-0.026368,-0.137624,0.295928,0.161946,-0.090071,-0.353097,-0.188932,0.296413,0.354907,0.001262,-0.167018,0.228898,0.177151,0.159614,-0.078519,0.392222,0.244471,-0.364697,-0.301703,0.288833,0.122108,-0.347723,-0.227833,0.025768,0.224300,-0.298259,-0.165881,-0.224195,-0.336364,0.338754,0.235580,0.363207,-0.282003,-0.195778,0.087049,0.054768,0.461669,0.378021,0.364370,-0.394059,-0.294915,-0.192348,0.220863,0.023160,0.035860,-0.095068,-0.154652"
Q08881,"-0.024650,-0.152095,-0.097148,0.122615,-0.112721,-0.099892,-0.149446,0.182302,-0.115252,0.044122,-0.182517,-0.083312,0.056771,0.061434,0.040134,-0.011693,0.233816,-0.067606,0.088374,0.114284,0.125937,-0.046358,-0.114076,-0.094181,0.124749,0.161357,-0.010999,-0.119092,0.031744,0.093832,0.141406,0.076728,0.102746,0.129396,-0.126001,-0.121033,0.172479,0.119320,-0.176121,0.012036,-0.024337,0.039756,-0.120688,-0.035098,-0.092227,-0.217777,0.076329,0.144377,0.175705,-0.102884,-0.090797,-0.046391,0.077680,-0.013421,0.107176,0.077613,-0.043690,-0.124711,-0.063511,0.127914,0.038854,0.010744,0.014378,-0.039286"
P02766,"-3.226261,-3.441812,-3.165534,2.764549,-3.132376,-3.396538,-3.193260,3.037790,-3.306602,3.526972,-2.661722,-3.161815,3.739250,3.062097,3.830052,3.915305,2.759588,-3.311222,2.955155,3.470669,3.201816,-3.883186,-3.465820,-3.353419,3.374127,3.106113,-3.985434,-3.083811,-3.492013,3.237149,3.322537,3.203308,-4.105603,3.425968,-3.368933,-3.407462,2.880041,3.116202,-3.260110,4.008393,-3.251589,4.224423,-3.318999,4.050653,-3.698946,-2.816383,3.693026,3.264191,3.103271,-3.811058,-3.680305,-3.009604,3.465038,-3.477767,3.523956,3.527916,3.429814,-3.377202,-3.942036,3.144352,3.838231,-3.761810,-3.851764,-3.517264"
Q96JM7,"-0.719715,-2.184519,-0.552004,1.383761,-1.770395,-1.892659,-2.449416,2.156097,-2.643577,1.174303,-2.162036,-0.767043,1.913059,0.544238,1.540253,0.564879,2.554662,-1.426091,0.650710,2.304535,1.747496,-1.860704,-2.105244,-1.771000,2.144301,2.353435,-1.209078,-2.018887,-1.185581,1.680478,1.500408,0.675175,-0.119426,2.143585,-2.222983,-2.425550,1.727806,1.056610,-2.113422,0.466421,-1.067694,2.518102,-2.105776,0.972066,-2.199448,-2.006583,2.102035,1.951280,1.985444,-2.234100,-2.419504,-0.943649,2.032442,-0.237651,2.296829,2.112663,0.458789,-2.299745,-2.026029,2.065552,0.994736,-1.502806,-1.833030,-1.578076"
P08263,"0.157410,0.204711,0.166565,-0.180439,0.191714,0.187060,0.206879,-0.200483,0.205685,-0.175845,0.200031,0.169638,-0.196944,-0.162436,-0.198536,-0.166868,-0.221286,0.172234,-0.157480,-0.202589,-0.183457,0.198839,0.203813,0.189582,-0.192339,-0.207839,0.177141,0.194422,0.169271,-0.185700,-0.182738,-0.151661,0.152609,-0.200287,0.202911,0.205671,-0.201414,-0.174285,0.204093,-0.155763,0.172489,-0.222005,0.193030,-0.180401,0.204954,0.197338,-0.211888,-0.199448,-0.192845,0.210088,0.210475,0.151571,-0.197905,0.149168,-0.210729,-0.200919,-0.150203,0.193627,0.206330,-0.194065,-0.177167,0.194714,0.195959,0.180920"
P19634,"0.189879,0.170818,0.195126,-0.198865,0.184795,0.164170,0.163372,-0.170523,0.155749,-0.174724,0.175564,0.197945,-0.177221,-0.194058,-0.190027,-0.190234,-0.180866,0.164019,-0.194556,-0.165485,-0.162835,0.172894,0.175292,0.175804,-0.156244,-0.173188,0.176935,0.171417,0.185424,-0.172858,-0.169929,-0.174763,0.191377,-0.166741,0.171828,0.165591,-0.201241,-0.189728,0.175008,-0.168549,0.193112,-0.180644,0.162595,-0.188073,0.168022,0.175908,-0.187490,-0.175145,-0.167402,0.168516,0.170354,0.170074,-0.174980,0.181640,-0.177540,-0.180050,-0.187002,0.151916,0.181860,-0.167180,-0.184686,0.195614,0.187906,0.168877"
P03951,"0.152097,0.156552,0.132214,-0.159443,0.162698,0.150595,0.165821,-0.150605,0.170694,-0.120485,0.161643,0.132912,-0.155782,-0.126209,-0.162194,-0.121531,-0.167381,0.135845,-0.126349,-0.164566,-0.133249,0.158800,0.169076,0.154886,-0.155530,-0.166114,0.150200,0.154703,0.164551,-0.149082,-0.126019,-0.125522,0.119996,-0.150498,0.169767,0.168312,-0.154128,-0.142541,0.152443,-0.099418,0.156070,-0.169524,0.154599,-0.128424,0.161773,0.140596,-0.178915,-0.147395,-0.145653,0.156703,0.164629,0.134754,-0.148013,0.071224,-0.180262,-0.187227,-0.130682,0.161343,0.165643,-0.156803,-0.132518,0.160250,0.178206,0.165478"
P29033,"-0.726928,-2.461644,-2.604696,1.356352,-1.719589,-1.637765,-2.188531,2.000537,-1.664091,2.525242,-1.758832,-1.798797,2.282001,1.700344,2.515175,2.443595,2.887046,-1.760393,1.873134,1.880830,1.982316,-2.655127,-2.001884,-1.671019,1.624622,2.009359,-2.064015,-1.911500,-1.838138,1.722844,2.339686,1.468273,-2.540647,2.197152,-1.890660,-2.151822,2.445801,1.923743,-2.377733,3.283027,-1.475680,3.359622,-1.695690,3.047778,-2.528353,-2.377947,2.360592,2.358840,1.886398,-3.005346,-2.775951,-0.687364,2.284541,-3.219124,2.111233,1.339609,2.051590,-1.604643,-2.634622,1.862062,2.389677,-2.563625,-1.620821,-1.379046"
Q9UGN5,"0.068258,0.120140,0.154078,-0.124894,0.113373,0.095409,0.126902,-0.105731,0.104652,-0.146523,0.099842,0.119056,-0.130729,-0.099599,-0.110869,-0.102611,-0.120123,0.123649,-0.153604,-0.107144,-0.105823,0.144828,0.082741,0.090354,-0.101006,-0.111317,0.124824,0.132994,0.200338,-0.093099,-0.114022,-0.147202,0.155728,-0.127462,0.094830,0.114217,-0.114294,-0.150652,0.121104,-0.202038,0.118367,-0.124900,0.092449,-0.155388,0.131922,0.141629,-0.094985,-0.120790,-0.088400,0.136811,0.158424,0.129018,-0.143403,0.209733,-0.091984,-0.075236,-0.190706,0.107995,0.126819,-0.122960,-0.128639,0.139403,0.090851,0.079092"
Q05397,"-0.086101,-1.242724,-0.402524,0.595461,-0.796749,-1.025415,-1.195977,1.300731,-1.161030,0.920630,-1.029636,-0.700451,0.914925,0.515708,0.474865,0.410290,1.149465,-1.018076,0.750603,1.150252,0.968948,-0.729286,-0.784096,-0.951309,1.192692,1.200509,-0.543780,-1.152610,-0.285854,0.665054,1.157826,0.795332,-0.024860,1.279746,-0.888106,-0.948132,0.818865,0.987854,-1.217098,0.808984,-0.460257,0.735304,-1.054844,0.356393,-1.093140,-1.356001,0.546496,1.067849,1.223065,-0.977224,-1.116856,-0.551802,1.114133,-1.014279,0.769672,0.619397,0.053727,-1.257015,-0.952114,1.120225,0.588889,-0.442150,-0.404964,-0.466763"
O15554,"0.190282,-0.059098,0.166218,-0.027245,-0.013408,0.013305,-0.101180,0.054658,-0.127380,-0.098287,-0.065898,0.119354,0.036162,-0.186557,-0.017219,-0.196116,0.152081,0.053795,-0.100664,0.071642,-0.053344,-0.022278,-0.021993,0.012294,0.043898,0.100110,0.077358,-0.050101,-0.033023,-0.046754,-0.053667,-0.157658,0.188456,0.062989,-0.045705,-0.076802,0.014839,-0.051610,-0.063382,-0.149469,0.057590,0.127004,-0.002172,-0.088174,-0.070148,-0.058482,0.040327,0.028749,0.003367,-0.089902,-0.132644,0.114744,0.081663,0.114721,0.066611,0.053400,-0.129652,-0.068898,-0.076962,0.038757,-0.097437,-0.004263,-0.014287,0.072505"
P29323,"0.323434,-0.047066,0.261432,-0.167100,0.055340,0.090711,-0.048251,0.041782,-0.060180,-0.257978,-0.041408,0.235200,-0.055917,-0.330945,-0.125592,-0.334975,0.155762,0.163288,-0.242013,0.019919,-0.154969,0.116209,0.036254,0.086606,0.010987,0.061675,0.213725,0.053577,0.200423,-0.153507,-0.109978,-0.315130,0.448082,0.010445,0.001871,-0.004120,-0.053230,-0.120919,-0.043746,-0.312132,0.195262,0.058813,0.058935,-0.290091,-0.016743,-0.035324,-0.038476,-0.045187,-0.004585,-0.052334,-0.051515,0.339670,-0.037155,0.329202,0.029504,-0.013169,-0.409976,-0.021623,-0.025200,-0.030215,-0.208816,0.148400,0.120401,0.188500"
O76083,"-1.012451,-1.214452,-0.728266,1.029403,-1.127833,-1.170454,-1.333894,1.206729,-1.497464,0.858235,-1.199002,-0.757149,1.235593,0.732289,1.215233,0.755923,1.384085,-0.860819,0.714784,1.316127,1.102693,-1.304038,-1.407437,-1.189622,1.176175,1.338449,-0.983249,-1.163033,-1.045288,1.199376,0.899098,0.560145,-0.608346,1.166834,-1.356143,-1.382615,1.146609,0.701610,-1.145467,0.489899,-0.839882,1.564276,-1.292637,0.955927,-1.285466,-1.082972,1.536760,1.190517,1.112539,-1.317994,-1.316334,-0.924349,1.173089,-0.288204,1.431339,1.451914,0.760475,-1.249345,-1.272532,1.200982,0.876566,-1.257918,-1.451180,-1.298926"
P05362,"0.264389,-0.020900,0.222035,-0.212699,0.065171,0.020152,-0.035347,-0.001980,-0.079627,-0.036956,0.032080,0.208390,0.027269,-0.232607,-0.010823,-0.147319,0.023876,0.088862,-0.249912,0.061417,-0.019657,-0.040229,0.014037,0.069724,0.047938,0.016727,0.070141,0.021964,0.133322,-0.026717,-0.038485,-0.180567,0.150956,0.061269,-0.019408,-0.042373,-0.143528,-0.192084,-0.015438,-0.120881,0.164971,0.095914,0.006562,-0.061352,-0.060715,0.048196,0.004688,0.005982,-0.027546,-0.089486,-0.110565,0.190744,0.020737,0.130191,0.016693,-0.060098,-0.171514,-0.051795,-0.046338,-0.018241,-0.106275,0.095146,0.073832,0.081009"
P41968,"0.128836,0.190878,0.136218,-0.161459,0.167593,0.156940,0.183555,-0.192082,0.174339,-0.129186,0.188135,0.147844,-0.160830,-0.134316,-0.164710,-0.122510,-0.221381,0.131689,-0.126789,-0.178363,-0.146804,0.154304,0.183803,0.165516,-0.166776,-0.194959,0.132449,0.167028,0.108789,-0.149155,-0.158706,-0.117546,0.085416,-0.177151,0.181200,0.173479,-0.194637,-0.164154,0.193520,-0.103595,0.134195,-0.184244,0.167242,-0.123078,0.173135,0.194147,-0.188783,-0.177780,-0.183298,0.181427,0.176376,0.104134,-0.161214,0.099852,-0.189145,-0.183723,-0.079250,0.165179,0.179348,-0.165388,-0.142176,0.146530,0.152458,0.137895"
Q9HC98,"-6.393527,-4.636895,-4.471877,4.761649,-4.775079,-4.760308,-4.546997,4.711899,-4.836612,3.616450,-4.843973,-4.337139,4.397677,4.706342,5.177340,4.483814,4.944787,-3.582238,3.501989,4.741919,4.664076,-4.566622,-5.885255,-5.063151,4.444815,4.851715,-4.380300,-4.173011,-3.302090,5.202091,3.906370,3.466453,-3.285647,4.093804,-5.484659,-4.870330,5.124474,3.816518,-4.388713,2.377995,-4.122634,5.022009,-5.214708,3.915918,-4.425181,-4.185377,6.269113,4.504473,4.880353,-4.498955,-3.837204,-4.316543,3.564907,-0.820488,5.683191,6.175171,3.331068,-4.374750,-4.450865,4.480522,4.362488,-4.782527,-5.733256,-5.868567"
Q9HBH9,"0.093722,0.097504,0.152870,-0.136162,0.098872,0.103214,0.096875,-0.075840,0.093180,-0.197386,0.034697,0.151951,-0.154273,-0.126086,-0.098333,-0.159499,-0.036925,0.169248,-0.240437,-0.085772,-0.108938,0.156217,0.057886,0.114599,-0.066252,-0.088984,0.149024,0.142348,0.283633,-0.073932,-0.111900,-0.176117,0.233795,-0.107935,0.053184,0.090751,-0.103202,-0.159990,0.075628,-0.268915,0.146153,-0.161538,0.086918,-0.209683,0.137508,0.102245,-0.064751,-0.094779,-0.057219,0.097931,0.154647,0.170127,-0.182507,0.328918,-0.052511,-0.058757,-0.272040,0.095901,0.138008,-0.129795,-0.139958,0.230128,0.154535,0.097043"
Q8TDU6,"0.168420,0.184530,0.175358,-0.180871,0.182225,0.171709,0.180812,-0.181962,0.175862,-0.169958,0.182760,0.176772,-0.180957,-0.172141,-0.188498,-0.173581,-0.196026,0.163416,-0.167419,-0.179743,-0.169368,0.180036,0.185443,0.177714,-0.171516,-0.185566,0.171814,0.176649,0.165695,-0.174209,-0.173331,-0.157853,0.163494,-0.179331,0.183504,0.181216,-0.194786,-0.176619,0.185835,-0.157747,0.174763,-0.195454,0.174621,-0.176513,0.182419,0.181966,-0.194448,-0.182477,-0.177591,0.185232,0.184360,0.153620,-0.178891,0.156333,-0.189799,-0.185585,-0.157402,0.169789,0.188523,-0.175867,-0.176001,0.186478,0.184245,0.170335"
P14679,"0.198714,0.123097,0.209245,-0.183332,0.157089,0.135108,0.109693,-0.125121,0.102723,-0.169898,0.131070,0.199104,-0.148501,-0.200690,-0.163059,-0.202900,-0.115575,0.150622,-0.208476,-0.118838,-0.144409,0.143510,0.131390,0.147209,-0.115501,-0.119087,0.168529,0.135957,0.184582,-0.155480,-0.148129,-0.184155,0.220228,-0.122706,0.126668,0.117365,-0.164252,-0.173114,0.126483,-0.182914,0.187516,-0.125846,0.126085,-0.187766,0.125939,0.134418,-0.140645,-0.136451,-0.129057,0.122247,0.119525,0.177889,-0.141058,0.201022,-0.126376,-0.132872,-0.222327,0.105777,0.139523,-0.132975,-0.179641,0.177137,0.163187,0.155298"
Q9NZ08,"0.183688,0.191880,0.191385,-0.198660,0.196232,0.183836,0.191261,-0.190129,0.190962,-0.186828,0.193092,0.192947,-0.198471,-0.186192,-0.203162,-0.188607,-0.204274,0.176995,-0.190002,-0.191277,-0.184150,0.198580,0.195496,0.191352,-0.180448,-0.196530,0.187726,0.192742,0.197243,-0.190988,-0.181751,-0.171312,0.187308,-0.189731,0.193138,0.193369,-0.205370,-0.184907,0.192316,-0.172864,0.193260,-0.210715,0.185060,-0.198944,0.195052,0.190762,-0.206590,-0.194105,-0.183532,0.197670,0.199142,0.175438,-0.199045,0.178437,-0.199559,-0.196065,-0.193015,0.178975,0.201605,-0.190821,-0.189807,0.210229,0.205810,0.188619"
P18054,"0.160504,0.193052,0.169671,-0.179462,0.182177,0.178775,0.192434,-0.179347,0.188723,-0.189458,0.184630,0.183255,-0.195870,-0.171216,-0.185831,-0.178168,-0.198665,0.177847,-0.187908,-0.188229,-0.175656,0.190294,0.180701,0.187995,-0.178369,-0.189952,0.184139,0.194162,0.199161,-0.173485,-0.172328,-0.162003,0.188157,-0.186370,0.186580,0.185269,-0.199148,-0.179924,0.181025,-0.193771,0.189323,-0.210489,0.176733,-0.200284,0.194883,0.188714,-0.198057,-0.185285,-0.174223,0.201206,0.204633,0.177070,-0.208147,0.194147,-0.186749,-0.185474,-0.196225,0.178881,0.201524,-0.189883,-0.185655,0.209740,0.204618,0.174978"
P02753,"0.159231,0.081912,0.086238,-0.147091,0.129813,0.122244,0.101730,-0.099582,0.128752,-0.087397,0.118048,0.124148,-0.109303,-0.129506,-0.109458,-0.090799,-0.081865,0.109552,-0.123307,-0.112785,-0.105556,0.099839,0.112728,0.124323,-0.110057,-0.113271,0.106265,0.122100,0.151255,-0.122976,-0.084404,-0.115550,0.102101,-0.099676,0.114550,0.106070,-0.105823,-0.106323,0.087466,-0.042633,0.149214,-0.072467,0.117082,-0.091834,0.086803,0.091782,-0.110950,-0.103726,-0.098159,0.070753,0.087788,0.164529,-0.106762,0.068045,-0.111435,-0.144152,-0.127421,0.112145,0.096704,-0.109709,-0.092234,0.119051,0.146346,0.139851"
Q99250,"0.187831,0.200327,0.213342,-0.198784,0.180927,0.190762,0.203243,-0.187828,0.190254,-0.203319,0.185325,0.195685,-0.191661,-0.194873,-0.205742,-0.201238,-0.208030,0.188084,-0.203753,-0.194051,-0.197226,0.216659,0.204263,0.197648,-0.180890,-0.192993,0.205323,0.200809,0.190145,-0.190139,-0.194150,-0.189502,0.201020,-0.190021,0.195266,0.203319,-0.200613,-0.192305,0.190609,-0.211885,0.178827,-0.207730,0.192913,-0.202880,0.201457,0.189723,-0.216549,-0.198498,-0.192542,0.195713,0.202901,0.182669,-0.190018,0.176621,-0.198489,-0.197519,-0.210044,0.188993,0.198941,-0.199524,-0.186027,0.195882,0.200788,0.203482"
P28062,"-0.909922,-0.936252,-0.576566,0.840712,-0.881248,-0.941103,-1.028033,0.906834,-1.185825,0.843258,-0.928647,-0.742628,1.059535,0.671224,0.976161,0.748391,0.960529,-0.787271,0.757329,1.049873,0.842733,-1.010333,-1.041613,-0.980163,0.910901,1.073769,-0.835829,-1.009870,-1.102960,0.896967,0.634749,0.452772,-0.662818,0.919969,-1.010000,-0.994131,0.887859,0.674781,-0.810748,0.512328,-0.898414,1.295108,-0.988874,0.896735,-1.050567,-0.773592,1.203180,0.860092,0.806409,-0.994041,-1.087429,-0.794252,1.069223,-0.507529,1.086546,1.192659,0.842453,-0.977537,-1.101213,1.019177,0.742891,-1.257424,-1.343245,-1.057531"
P01112,"-2.954716,-6.004124,-2.461648,2.573475,-4.255159,-5.706490,-5.662715,5.110669,-6.033941,5.437512,-3.950881,-3.978954,6.023207,3.242275,5.615320,4.947283,4.069240,-5.605393,2.903906,6.183143,4.426157,-5.908751,-5.099003,-5.317589,6.335858,5.466119,-6.131213,-5.395492,-5.013196,3.990946,5.074751,4.396919,-5.197076,6.202198,-4.996980,-5.376205,3.035170,4.864824,-5.390299,6.015644,-4.762822,6.477928,-5.296809,5.425596,-6.570683,-4.138585,4.882449,5.192829,4.892781,-6.672956,-6.406788,-3.696322,6.104087,-5.538040,5.463391,5.705536,3.510271,-6.472830,-6.743467,5.260360,5.587022,-5.026309,-5.449846,-4.762587"
O75582,"0.123542,0.031300,0.166136,-0.145506,0.102488,0.077398,0.036897,-0.028480,0.044517,-0.172251,0.028440,0.167356,-0.124042,-0.163612,-0.117202,-0.183279,-0.001218,0.132395,-0.222017,-0.047957,-0.098030,0.133416,0.036711,0.087977,-0.038220,-0.031795,0.153982,0.099883,0.267072,-0.103634,-0.093146,-0.179322,0.295786,-0.067127,0.033944,0.056383,-0.082658,-0.109422,0.038409,-0.210590,0.175721,-0.092209,0.046154,-0.222756,0.073762,0.050328,-0.048645,-0.082516,-0.020305,0.059743,0.092063,0.194914,-0.141634,0.309638,-0.032355,-0.031735,-0.311447,0.037229,0.091654,-0.074116,-0.146336,0.189721,0.133934,0.102931"
Q8TDS5,"-0.011428,-0.963053,-0.031033,0.625914,-0.798883,-0.819266,-1.231503,0.946342,-1.435914,0.555043,-0.979488,-0.247010,1.026296,0.053691,0.790367,0.070434,1.295680,-0.603538,0.297982,1.132536,0.752827,-1.081025,-0.961128,-0.804076,0.949123,1.178840,-0.536750,-1.076669,-0.983046,0.763579,0.537223,0.101672,-0.167497,1.053854,-1.000001,-1.193743,0.748940,0.299542,-0.929959,0.153513,-0.487581,1.420055,-0.888028,0.635043,-1.117108,-0.893316,1.049976,0.958350,0.729422,-1.168445,-1.375500,-0.462191,1.224922,-0.326254,1.077797,0.969290,0.496128,-1.078744,-1.071622,0.996713,0.371846,-0.954325,-1.019010,-0.700860"
Q9Y4K0,"0.231450,0.065941,0.215228,-0.176970,0.132872,0.101173,0.059628,-0.062471,0.062859,-0.156023,0.081422,0.189741,-0.129615,-0.205729,-0.173580,-0.221195,-0.060285,0.115385,-0.201279,-0.074988,-0.118121,0.147237,0.113868,0.123334,-0.060284,-0.069297,0.174682,0.097374,0.217732,-0.149768,-0.099715,-0.160355,0.274028,-0.067619,0.096756,0.088082,-0.139179,-0.125367,0.066378,-0.169481,0.190863,-0.126342,0.089460,-0.220167,0.089912,0.063308,-0.147021,-0.098554,-0.068629,0.088839,0.082595,0.185167,-0.111907,0.179680,-0.106697,-0.124156,-0.277563,0.049288,0.113688,-0.094240,-0.174092,0.207362,0.190618,0.173149"
Q02790,"-0.496757,-0.387463,-0.273992,0.329844,-0.343357,-0.305876,-0.346968,0.457291,-0.329658,0.085343,-0.491534,-0.263728,0.135712,0.400110,0.247624,0.156077,0.426846,-0.209511,0.076435,0.366907,0.291509,-0.131440,-0.447059,-0.380093,0.357046,0.428069,-0.119257,-0.280254,0.199869,0.339964,0.287771,0.187331,0.213760,0.308135,-0.437527,-0.345455,0.414333,0.350941,-0.399665,-0.112215,-0.187996,0.139728,-0.418239,-0.002357,-0.235620,-0.355661,0.414067,0.287803,0.503700,-0.214485,-0.147466,-0.113375,0.089143,0.376333,0.447079,0.473386,-0.272727,-0.338082,-0.206872,0.370529,0.168064,-0.103762,-0.214682,-0.404592"
P78527,"-0.136440,-0.399764,-0.142379,0.200158,-0.285004,-0.345504,-0.399245,0.417901,-0.400756,0.239392,-0.370721,-0.190813,0.269704,0.185886,0.177150,0.134161,0.365891,-0.335418,0.185258,0.386929,0.313271,-0.215795,-0.303833,-0.316192,0.418722,0.384068,-0.188289,-0.343153,-0.064965,0.253932,0.353096,0.247882,0.018798,0.399539,-0.346578,-0.344035,0.260031,0.320851,-0.393116,0.187214,-0.176037,0.229636,-0.374687,0.081236,-0.344093,-0.404795,0.234674,0.324226,0.420260,-0.311519,-0.334295,-0.196892,0.287112,-0.134019,0.309784,0.288734,-0.045988,-0.440978,-0.296648,0.361395,0.193161,-0.122025,-0.165030,-0.222384"
Q9UKV0,"-0.017328,0.055922,0.038142,-0.046584,0.058987,0.062967,0.061063,-0.038672,0.076169,-0.128988,0.018674,0.064457,-0.112433,-0.032176,-0.051923,-0.074471,-0.015879,0.102249,-0.124675,-0.066370,-0.069769,0.096735,0.007191,0.055041,-0.056552,-0.048791,0.083992,0.092405,0.182203,-0.044737,-0.069825,-0.083205,0.143698,-0.087155,0.027260,0.058009,-0.031732,-0.055463,0.048201,-0.152270,0.088184,-0.112546,0.039250,-0.135153,0.096014,0.051171,-0.008637,-0.062118,-0.022167,0.078686,0.128168,0.085812,-0.148145,0.239511,-0.017708,0.000714,-0.171669,0.071262,0.101503,-0.079377,-0.068349,0.128224,0.081975,0.029605"
P23443,"-0.010005,-0.094756,0.096981,-0.006028,-0.027668,-0.023106,-0.078219,0.103026,-0.075912,-0.124613,-0.096712,0.061676,-0.009347,-0.083798,0.006640,-0.122608,0.160398,0.081216,-0.139994,0.070417,-0.032239,0.037084,-0.107836,-0.034137,0.057454,0.106428,0.078647,-0.002012,0.181155,-0.012474,-0.019295,-0.138991,0.262072,0.038124,-0.102470,-0.052145,0.078210,-0.003712,-0.084132,-0.225629,0.078202,0.060073,-0.067252,-0.167424,-0.039449,-0.074469,0.120144,0.035988,0.094281,-0.050160,-0.014142,0.135439,-0.042100,0.305238,0.118113,0.149029,-0.290950,-0.053294,-0.042355,0.024451,-0.066113,0.063783,-0.018949,0.003535"
P51582,"0.124392,0.182550,0.135758,-0.115655,0.143700,0.165455,0.180907,-0.173197,0.177568,-0.138843,0.162690,0.114043,-0.153101,-0.121893,-0.152129,-0.144521,-0.185777,0.148659,-0.099441,-0.171709,-0.164536,0.162323,0.177123,0.159074,-0.174210,-0.173867,0.148229,0.148957,0.080606,-0.154622,-0.166711,-0.116021,0.091612,-0.166761,0.174121,0.179620,-0.155673,-0.133600,0.175882,-0.143211,0.112825,-0.179803,0.178257,-0.135810,0.177145,0.168897,-0.170821,-0.159814,-0.180751,0.190065,0.164119,0.104894,-0.146694,0.078842,-0.178109,-0.165330,-0.070893,0.177001,0.162531,-0.168124,-0.146798,0.136945,0.144137,0.162187"
Q06418,"-0.023383,-0.398329,-0.247667,0.232461,-0.295442,-0.272934,-0.397220,0.364877,-0.361652,0.336276,-0.334265,-0.221267,0.359128,0.158452,0.282306,0.196945,0.469339,-0.298534,0.296495,0.339494,0.301027,-0.345143,-0.282863,-0.279617,0.305878,0.380954,-0.217441,-0.359507,-0.302837,0.239126,0.333652,0.189047,-0.191991,0.384917,-0.309970,-0.368663,0.362057,0.296121,-0.384157,0.362048,-0.207230,0.480987,-0.289743,0.312534,-0.406061,-0.418176,0.306749,0.360188,0.319970,-0.418908,-0.475096,-0.135622,0.409820,-0.425805,0.312007,0.219001,0.238931,-0.337881,-0.392663,0.353007,0.249775,-0.353342,-0.247710,-0.159419"
Q9NZJ5,"0.109590,0.108490,0.113872,-0.138562,0.119509,0.112765,0.109061,-0.103604,0.113124,-0.130245,0.104583,0.133449,-0.128198,-0.118016,-0.116919,-0.120299,-0.107126,0.118230,-0.152158,-0.112703,-0.119927,0.123987,0.099199,0.109897,-0.100314,-0.112613,0.123060,0.128387,0.177275,-0.117234,-0.106280,-0.123188,0.138314,-0.114337,0.105142,0.109289,-0.129430,-0.118273,0.109816,-0.122138,0.139051,-0.128447,0.100883,-0.144873,0.113992,0.115231,-0.104156,-0.117456,-0.095621,0.112287,0.127103,0.137210,-0.144279,0.166655,-0.102394,-0.106144,-0.167820,0.105066,0.126627,-0.118374,-0.117651,0.148188,0.128087,0.110038"
O14744,"-2.171929,-2.658742,-1.588468,1.968724,-2.190477,-2.404279,-2.338650,2.762486,-2.282405,2.037950,-2.462868,-2.323278,2.128334,2.143485,1.898566,1.850863,2.229838,-2.290882,1.973305,2.454698,2.072345,-1.588619,-2.408645,-2.615313,2.537143,2.691190,-1.733008,-2.305782,-0.992690,1.858810,2.315261,1.969857,-0.851417,2.444150,-2.345052,-2.164230,2.306623,2.650308,-2.440509,1.616113,-1.865786,1.927983,-2.527998,1.188655,-2.303135,-2.499198,2.275041,2.249518,2.761619,-1.940828,-2.032496,-1.769892,2.031214,-1.505557,2.326147,2.559742,0.792646,-2.596369,-2.257906,2.441477,1.947936,-1.800620,-2.143738,-1.934960"
Q9UBF8,"-0.338109,-0.047247,-0.183727,0.182027,-0.105161,-0.068935,-0.025231,0.093696,0.014457,-0.045670,-0.143232,-0.142161,-0.024537,0.221847,0.130042,0.122815,0.110600,0.015422,0.001086,0.026538,0.066004,-0.008537,-0.174235,-0.096144,0.030780,0.069650,-0.062849,0.000415,0.121225,0.130133,0.050852,0.069608,0.007338,-0.018280,-0.121103,-0.051960,0.178769,0.103211,-0.071503,-0.112916,-0.073352,-0.058415,-0.099446,-0.013313,0.028404,-0.068365,0.186872,0.073133,0.126123,0.010876,0.114652,-0.098457,-0.109824,0.248266,0.148044,0.201959,-0.038324,0.010254,0.024227,0.009532,0.095860,0.007071,-0.088995,-0.171078"
Q8N122,"-0.258832,-0.386207,-0.087990,0.200648,-0.289618,-0.300973,-0.395367,0.416123,-0.413126,0.044300,-0.414155,-0.086292,0.221148,0.109546,0.242165,0.033789,0.499183,-0.117197,-0.045544,0.372221,0.254515,-0.206365,-0.449600,-0.306096,0.356250,0.414623,-0.097888,-0.253088,0.128095,0.279229,0.224457,0.014146,0.239720,0.315243,-0.439764,-0.378583,0.342348,0.173304,-0.379685,-0.137650,-0.054303,0.333037,-0.402219,-0.031927,-0.304848,-0.370659,0.453640,0.304297,0.421389,-0.327816,-0.268231,-0.052594,0.140092,0.365873,0.454543,0.457743,-0.260815,-0.360625,-0.269226,0.292239,0.115292,-0.116164,-0.258176,-0.285581"
Q9BVC4,"0.080512,0.105417,0.109749,-0.106569,0.109975,0.104794,0.107661,-0.093514,0.109792,-0.138612,0.091375,0.117795,-0.134205,-0.103870,-0.124272,-0.128624,-0.098192,0.118562,-0.133218,-0.109750,-0.104075,0.132680,0.091007,0.103908,-0.100240,-0.103572,0.129154,0.120922,0.173369,-0.101904,-0.106560,-0.109981,0.164007,-0.117368,0.094890,0.103579,-0.105295,-0.108368,0.104149,-0.146250,0.136167,-0.143415,0.091862,-0.158987,0.125844,0.097923,-0.100127,-0.110487,-0.083635,0.126558,0.139931,0.108371,-0.148767,0.185431,-0.100065,-0.091681,-0.162639,0.102004,0.137492,-0.111763,-0.122623,0.155278,0.129168,0.099625"
Q96B36,"0.019074,0.098027,0.022485,-0.040723,0.066883,0.082698,0.077689,-0.078468,0.100344,-0.142165,0.028870,0.084313,-0.141094,-0.047058,-0.065398,-0.098438,-0.024476,0.117958,-0.138432,-0.100037,-0.061226,0.095318,0.042807,0.098463,-0.080381,-0.085753,0.082652,0.106521,0.149569,-0.036534,-0.076662,-0.067650,0.123698,-0.114369,0.057092,0.063154,-0.050303,-0.100251,0.064966,-0.154221,0.083653,-0.159788,0.072422,-0.125272,0.127424,0.074984,-0.065395,-0.065898,-0.060461,0.087752,0.149263,0.068966,-0.158295,0.226040,-0.046956,-0.057604,-0.114015,0.100545,0.146515,-0.099771,-0.081692,0.162073,0.132202,0.038501"
Q8TB45,"-0.264380,-0.056203,-0.117190,0.116757,-0.077038,-0.062300,-0.028895,0.091734,-0.016126,-0.021992,-0.117761,-0.113861,-0.008836,0.165106,0.088911,0.090732,0.093316,-0.002273,0.024676,0.040061,0.049311,0.013463,-0.152208,-0.103470,0.044439,0.074437,-0.027395,-0.010567,0.119748,0.094445,0.041577,0.033153,0.038768,0.002593,-0.109227,-0.039742,0.135032,0.090832,-0.055641,-0.090742,-0.050716,-0.018253,-0.097715,-0.037923,0.007583,-0.059884,0.165887,0.049221,0.122184,0.007838,0.073931,-0.054006,-0.076480,0.198439,0.121720,0.179387,-0.076316,-0.020858,-0.001102,0.032803,0.063589,-0.008799,-0.089479,-0.132631"
Q9Y6M4,"0.171341,0.109342,0.204136,-0.162960,0.142795,0.125457,0.104245,-0.111437,0.094528,-0.151724,0.123861,0.181965,-0.131427,-0.188718,-0.156014,-0.179147,-0.112749,0.137260,-0.188140,-0.105944,-0.135804,0.141682,0.118854,0.127895,-0.106778,-0.112258,0.152755,0.124501,0.169914,-0.139517,-0.145731,-0.169128,0.204996,-0.114722,0.115425,0.111272,-0.147074,-0.160903,0.118238,-0.183190,0.174315,-0.106112,0.115490,-0.177511,0.110336,0.128012,-0.127422,-0.134972,-0.118195,0.112497,0.110606,0.158466,-0.121883,0.198949,-0.114466,-0.117242,-0.204597,0.096470,0.126182,-0.118340,-0.164368,0.153737,0.135176,0.141104"
Q96SB4,"-1.817242,-1.378630,-1.473054,1.675459,-1.474098,-1.277907,-1.308351,1.608644,-1.141321,0.767437,-1.805389,-1.406476,0.903440,1.515657,1.181400,0.981597,1.761537,-0.967856,1.010099,1.244166,1.300203,-0.831644,-1.603137,-1.363794,1.298039,1.502104,-0.873296,-1.157996,-0.257245,1.431674,1.279796,1.152386,-0.252715,1.128411,-1.554670,-1.342695,1.775770,1.444742,-1.483505,0.314189,-1.108715,0.731885,-1.473066,0.460958,-0.974582,-1.604398,1.560732,1.360756,1.681474,-0.976287,-0.764497,-1.129550,0.712782,0.082378,1.547525,1.645608,0.384902,-1.175000,-0.890499,1.279129,1.076605,-0.713811,-1.035758,-1.341040"
Q92887,"0.164893,0.178270,0.169218,-0.166358,0.171819,0.173727,0.179917,-0.173116,0.178338,-0.174091,0.172453,0.163934,-0.178537,-0.168015,-0.187910,-0.177114,-0.184243,0.163171,-0.150668,-0.178943,-0.175517,0.187845,0.186170,0.173144,-0.170571,-0.177414,0.175838,0.173422,0.159911,-0.178707,-0.170350,-0.154251,0.169726,-0.175902,0.181534,0.182182,-0.179045,-0.157717,0.177209,-0.160532,0.165073,-0.195141,0.177095,-0.184064,0.181382,0.168984,-0.193364,-0.179644,-0.171116,0.186375,0.181361,0.154780,-0.174798,0.149057,-0.187598,-0.179378,-0.158561,0.169772,0.182249,-0.172332,-0.174259,0.183185,0.182605,0.179655"
Q9P1W9,"-0.049268,0.091930,0.012897,0.010853,0.045884,0.086674,0.108061,-0.075961,0.115832,-0.090757,0.053780,-0.005659,-0.087627,0.004657,-0.054953,-0.039260,-0.070829,0.090619,0.004409,-0.098583,-0.100307,0.110361,0.062651,0.054879,-0.106790,-0.073096,0.071587,0.080957,0.035009,-0.070912,-0.095454,-0.045150,0.044596,-0.108287,0.074451,0.113216,-0.011229,-0.008117,0.087024,-0.103212,0.008915,-0.111281,0.087974,-0.077312,0.114195,0.066801,-0.043548,-0.088646,-0.073535,0.120177,0.124195,0.029614,-0.099745,0.081136,-0.070539,-0.021415,-0.031594,0.116566,0.082380,-0.086243,-0.052550,0.041138,0.032770,0.056929"
Q13627,"-0.710652,-0.554642,-0.503469,0.554807,-0.538422,-0.466070,-0.544023,0.641229,-0.500344,0.107278,-0.717167,-0.381051,0.289848,0.505799,0.496835,0.307886,0.815308,-0.241250,0.161734,0.512682,0.439956,-0.331662,-0.758080,-0.523209,0.509423,0.591371,-0.287529,-0.364795,0.146280,0.565058,0.434697,0.266769,0.055281,0.421017,-0.704710,-0.551974,0.684999,0.449867,-0.598077,-0.099295,-0.275337,0.349848,-0.605369,0.073877,-0.367626,-0.621986,0.775191,0.506787,0.698490,-0.441465,-0.264265,-0.274052,0.125774,0.476822,0.723463,0.766745,-0.180461,-0.457801,-0.344631,0.417007,0.356539,-0.183032,-0.394631,-0.570156"
Q16665,"-0.982957,-1.590178,-0.994156,1.117266,-1.347822,-1.326508,-1.761757,1.788589,-1.593950,0.524169,-2.066703,-0.693106,0.826472,0.880848,1.001181,0.443030,2.218390,-0.936324,0.230904,1.494418,1.318508,-0.843246,-1.687283,-1.194276,1.622719,1.697495,-0.606700,-1.206190,0.274815,1.372005,1.298493,0.568478,0.491928,1.370127,-1.732391,-1.591015,1.517111,1.009238,-1.702624,-0.108524,-0.700959,0.864898,-1.600336,0.054807,-1.237208,-1.690905,1.511673,1.429338,1.819071,-1.350891,-1.040685,-0.508990,0.728635,0.781370,1.758794,1.537703,-0.518132,-1.544184,-0.930090,1.397367,0.695224,-0.345912,-0.716159,-1.221464"
Q9NYY3,"-0.204568,0.038672,-0.154446,0.134395,-0.052502,-0.006613,0.030480,-0.001107,0.057458,-0.047732,-0.062940,-0.083092,-0.065504,0.141834,0.048343,0.054380,0.045570,0.034324,0.029196,-0.041488,0.043558,0.017830,-0.066398,-0.013582,-0.027003,-0.018967,-0.026157,0.032348,0.043371,0.093497,0.014857,0.080005,-0.025010,-0.063765,-0.037361,-0.005856,0.095073,0.021520,-0.003618,-0.075218,-0.050159,-0.113792,-0.018640,-0.013924,0.084846,-0.014452,0.053652,0.021960,0.031906,0.051132,0.124576,-0.098995,-0.107823,0.145625,0.041015,0.058346,0.044153,0.057521,0.091188,-0.027146,0.039834,0.049955,0.011583,-0.097192"
Q01064,"0.137033,0.201327,0.169948,-0.184335,0.186339,0.185273,0.212246,-0.195744,0.212945,-0.172270,0.197476,0.162232,-0.198204,-0.150535,-0.191582,-0.165129,-0.229266,0.178495,-0.170211,-0.199531,-0.185069,0.206157,0.196164,0.184068,-0.188852,-0.207651,0.180348,0.194253,0.188519,-0.185387,-0.183972,-0.146507,0.153667,-0.198368,0.195085,0.211851,-0.200155,-0.168818,0.202984,-0.168582,0.169632,-0.227600,0.188373,-0.191367,0.204900,0.205811,-0.200956,-0.198322,-0.188712,0.220731,0.215083,0.154512,-0.209690,0.164636,-0.202612,-0.192852,-0.165707,0.194525,0.202820,-0.198916,-0.174024,0.197161,0.190904,0.177535"
Q08752,"-0.128973,-0.114045,-0.009116,0.045958,-0.072583,-0.054617,-0.082859,0.127129,-0.065146,-0.089038,-0.143027,-0.017840,-0.000634,0.028930,0.076677,-0.027646,0.173885,0.042959,-0.102716,0.084902,0.008198,0.014180,-0.162740,-0.071028,0.087147,0.130004,0.010895,-0.014059,0.153678,0.051244,0.018376,-0.059860,0.180970,0.042173,-0.139400,-0.072243,0.127055,0.056454,-0.112081,-0.174671,-0.002294,0.050557,-0.098274,-0.111982,-0.045740,-0.080739,0.170795,0.061292,0.127286,-0.069937,0.005148,0.072414,-0.053787,0.302198,0.173010,0.199315,-0.228710,-0.067846,-0.056184,0.043237,0.023154,0.021013,-0.052464,-0.081729"
Q16678,"0.278579,0.243147,0.313091,-0.268619,0.258878,0.223865,0.241936,-0.242710,0.241341,-0.263254,0.248867,0.269792,-0.254313,-0.281856,-0.287648,-0.259104,-0.270361,0.241212,-0.343810,-0.238134,-0.265096,0.259572,0.266801,0.272492,-0.222231,-0.260747,0.258542,0.261793,0.352560,-0.259853,-0.242506,-0.278854,0.314760,-0.250756,0.255784,0.244516,-0.281064,-0.287050,0.251323,-0.316566,0.271073,-0.280248,0.226554,-0.313989,0.244988,0.265943,-0.279446,-0.242241,-0.243095,0.272480,0.276261,0.312017,-0.256419,0.299691,-0.245260,-0.254188,-0.374441,0.248944,0.266215,-0.254958,-0.286142,0.311233,0.271374,0.257244"
Q04759,"0.017438,-0.127156,0.078229,-0.036674,-0.032444,-0.041804,-0.116005,0.136729,-0.119896,-0.140050,-0.132168,0.099184,-0.009365,-0.104358,-0.020446,-0.141815,0.197331,0.061804,-0.149711,0.100565,0.004503,0.039260,-0.123875,-0.037402,0.100183,0.122400,0.093147,-0.009115,0.236087,0.013711,0.010266,-0.145650,0.334646,0.066814,-0.133795,-0.083617,0.065054,-0.010502,-0.115860,-0.216629,0.119357,0.059489,-0.101479,-0.199067,-0.057245,-0.120560,0.117284,0.041674,0.143872,-0.083286,-0.034739,0.153076,-0.056022,0.367999,0.135072,0.130928,-0.345023,-0.101821,-0.044337,0.047569,-0.078088,0.104144,0.017350,-0.010591"
Q9NQS5,"0.120337,0.163118,0.079081,-0.132025,0.149042,0.160610,0.172027,-0.166203,0.189051,-0.108075,0.162650,0.114648,-0.152321,-0.101738,-0.144178,-0.097733,-0.162892,0.132701,-0.087389,-0.179774,-0.133805,0.146162,0.166338,0.154759,-0.178072,-0.175203,0.138178,0.157784,0.119340,-0.142007,-0.131784,-0.109717,0.077157,-0.167650,0.167823,0.164002,-0.129074,-0.127964,0.164051,-0.070827,0.132835,-0.151656,0.162845,-0.099754,0.161556,0.146624,-0.158997,-0.152494,-0.158318,0.162824,0.160587,0.122394,-0.155218,0.059021,-0.174671,-0.185375,-0.070741,0.178918,0.162957,-0.156134,-0.123051,0.121196,0.156131,0.150282"
P13866,"0.155315,0.168983,0.150865,-0.170781,0.167332,0.157492,0.169293,-0.170128,0.169691,-0.141473,0.172506,0.158716,-0.165568,-0.151976,-0.175254,-0.147464,-0.191681,0.137306,-0.144379,-0.169836,-0.150759,0.167409,0.178369,0.164606,-0.157141,-0.177042,0.153983,0.164418,0.150740,-0.161701,-0.150012,-0.131987,0.135536,-0.164594,0.172543,0.165991,-0.181642,-0.153606,0.172051,-0.117203,0.156768,-0.180032,0.161206,-0.153978,0.165056,0.169377,-0.187207,-0.169661,-0.162694,0.173034,0.167687,0.136642,-0.164823,0.119982,-0.181611,-0.182063,-0.132835,0.154155,0.174695,-0.159723,-0.154334,0.168941,0.173693,0.161092"
O15530,"-0.250886,-0.137709,-0.094665,0.090003,-0.100844,-0.093377,-0.105728,0.165003,-0.071795,-0.058385,-0.193671,-0.070168,-0.000851,0.122796,0.116163,0.034784,0.202747,0.023271,-0.093933,0.107000,0.056347,0.000606,-0.231493,-0.114258,0.110668,0.147063,-0.008260,-0.028213,0.218219,0.113403,0.053208,-0.021654,0.157330,0.051463,-0.190233,-0.087742,0.164722,0.088790,-0.129568,-0.183197,-0.014099,0.018962,-0.152507,-0.110100,-0.047852,-0.104758,0.244394,0.093926,0.182031,-0.060912,0.037314,0.033008,-0.090870,0.357316,0.216254,0.251065,-0.234966,-0.078202,-0.043754,0.062742,0.053329,0.030727,-0.080836,-0.152069"
P14625,"-0.161086,-0.222335,-0.208977,0.238821,-0.207268,-0.214917,-0.201942,0.280820,-0.169196,0.215396,-0.251318,-0.245895,0.138331,0.246326,0.048147,0.130220,0.209429,-0.252849,0.312152,0.185040,0.246228,-0.061184,-0.140962,-0.213317,0.217933,0.221108,-0.080360,-0.230712,-0.045169,0.177588,0.279010,0.287927,-0.017067,0.225534,-0.173957,-0.154021,0.246458,0.293277,-0.236731,0.173455,-0.147494,0.000190,-0.225269,0.030047,-0.144760,-0.332998,0.067735,0.213543,0.290080,-0.083144,-0.129241,-0.246137,0.166495,-0.254418,0.103349,0.093731,0.074483,-0.228598,-0.102597,0.230957,0.129750,-0.058761,-0.038948,-0.102494"
P48729,"-0.566005,-0.565538,-0.297859,0.412987,-0.438148,-0.442499,-0.495907,0.618955,-0.463588,0.175023,-0.610717,-0.352539,0.296173,0.380890,0.339032,0.224263,0.643884,-0.267349,0.204365,0.490291,0.374137,-0.193818,-0.601486,-0.490490,0.484017,0.582347,-0.181191,-0.376159,0.139753,0.388075,0.390956,0.189743,0.208340,0.424290,-0.587629,-0.435455,0.590875,0.476088,-0.537641,-0.036610,-0.228845,0.345338,-0.555544,-0.012645,-0.388022,-0.565806,0.607667,0.417017,0.649523,-0.357501,-0.289383,-0.190411,0.196025,0.283725,0.576738,0.659546,-0.248486,-0.481313,-0.380523,0.444009,0.265040,-0.204933,-0.382949,-0.403705"
Q05655,"-0.045661,-0.234655,0.069682,0.012381,-0.100317,-0.094274,-0.192816,0.237096,-0.201629,-0.128619,-0.221743,0.044847,0.074334,-0.111366,0.041317,-0.146559,0.301275,0.061027,-0.135670,0.187953,0.004912,0.001012,-0.191639,-0.103495,0.165639,0.233822,0.074887,-0.077029,0.199730,0.031545,0.024575,-0.196371,0.398292,0.130291,-0.207503,-0.122455,0.141370,0.060850,-0.191691,-0.251721,0.076262,0.153754,-0.161414,-0.207947,-0.160194,-0.186166,0.217264,0.092795,0.210818,-0.172381,-0.107565,0.188478,0.024322,0.419364,0.227946,0.255616,-0.364215,-0.156240,-0.159375,0.132593,-0.045987,0.026275,-0.104512,-0.053601"
P55072,"-1.417573,-2.528021,-1.424730,2.200357,-2.356598,-2.177624,-2.723956,2.506478,-2.828369,1.527549,-2.639265,-1.575831,2.347485,1.254985,2.177595,1.126973,3.068523,-1.758930,1.485341,2.580937,1.987479,-2.292653,-2.486506,-2.167560,2.390260,2.737245,-1.770387,-2.397808,-2.078983,2.104542,1.896373,1.313063,-0.955292,2.449489,-2.557301,-2.674479,2.397885,1.806250,-2.562799,1.051050,-1.829231,2.780687,-2.303665,1.603126,-2.498419,-2.492728,2.559694,2.405483,2.291941,-2.657167,-2.745449,-1.525846,2.463784,-0.994479,2.687827,2.586873,1.388009,-2.470606,-2.516588,2.386888,1.666563,-2.079545,-2.340454,-1.962058"
P41231,"0.131616,0.187075,0.140910,-0.128868,0.156410,0.163576,0.179570,-0.180553,0.177015,-0.141664,0.172085,0.130104,-0.162104,-0.125287,-0.162614,-0.138126,-0.191330,0.142747,-0.111672,-0.177619,-0.160927,0.162545,0.178178,0.159737,-0.176232,-0.178486,0.146212,0.156366,0.101881,-0.157329,-0.163731,-0.118080,0.097935,-0.173836,0.179536,0.176858,-0.160879,-0.143988,0.181556,-0.131039,0.125382,-0.185602,0.174130,-0.133565,0.180967,0.171164,-0.179873,-0.168026,-0.179567,0.188848,0.173232,0.105978,-0.152837,0.090622,-0.184301,-0.171520,-0.088865,0.174378,0.175104,-0.168140,-0.149871,0.142937,0.152198,0.156884"
Q13370,"0.287976,0.081853,0.293823,-0.238390,0.158504,0.150337,0.084633,-0.093952,0.080557,-0.234041,0.103027,0.261866,-0.156190,-0.292023,-0.185165,-0.308983,-0.067629,0.196017,-0.321469,-0.086789,-0.179542,0.168632,0.124573,0.171593,-0.088610,-0.089416,0.227172,0.138643,0.263782,-0.183719,-0.174440,-0.257946,0.351563,-0.098964,0.099970,0.107635,-0.182415,-0.199169,0.091687,-0.283346,0.243858,-0.108869,0.131541,-0.278885,0.102790,0.127512,-0.134517,-0.131624,-0.118399,0.097318,0.089922,0.290321,-0.149626,0.311926,-0.092984,-0.127656,-0.359301,0.085165,0.114224,-0.136015,-0.225096,0.234978,0.202541,0.202592"
P78417,"0.049884,0.147817,0.112338,-0.116070,0.135058,0.131590,0.159555,-0.139856,0.156658,-0.143056,0.140866,0.106871,-0.155998,-0.081712,-0.136160,-0.105658,-0.169909,0.136422,-0.126706,-0.145738,-0.135257,0.156119,0.125383,0.121872,-0.144553,-0.150443,0.131622,0.149230,0.165467,-0.125730,-0.140492,-0.113145,0.134331,-0.154971,0.133569,0.154460,-0.128157,-0.116094,0.151039,-0.147910,0.128660,-0.175548,0.126029,-0.142015,0.161424,0.150177,-0.126361,-0.149448,-0.124017,0.173982,0.182492,0.110270,-0.174997,0.172768,-0.137320,-0.111106,-0.152511,0.148251,0.155522,-0.143355,-0.129718,0.144878,0.124949,0.102131"
Q92630,"-0.115904,-0.071228,-0.029489,0.038695,-0.043279,-0.039907,-0.066434,0.094772,-0.048175,-0.088905,-0.119931,0.007356,-0.036049,0.033345,0.035550,-0.030387,0.147126,0.042178,-0.095050,0.052447,0.027099,0.023656,-0.132588,-0.046672,0.059657,0.080521,0.030093,0.002233,0.188429,0.057209,0.020697,-0.045269,0.171257,0.018219,-0.113278,-0.059148,0.093242,0.024225,-0.079151,-0.156952,0.037723,-0.011571,-0.086267,-0.115526,-0.004292,-0.076307,0.129587,0.043080,0.116334,-0.030515,0.040080,0.045047,-0.089430,0.300256,0.122309,0.140519,-0.208663,-0.044141,0.008840,0.022570,-0.008730,0.076405,-0.000515,-0.070642"
Q9UQM7,"-3.607817,-3.569316,-2.218969,3.056880,-3.282072,-3.289355,-3.530760,3.618543,-3.836952,2.381089,-3.625639,-2.747676,3.294294,2.552643,3.289507,2.361339,3.871377,-2.393516,2.339113,3.629828,2.945395,-2.948015,-4.001748,-3.579417,3.264132,3.907546,-2.496752,-3.245269,-2.350570,3.163999,2.458311,1.612067,-1.239949,3.188068,-3.849085,-3.377384,3.628104,2.656569,-3.220064,1.026346,-2.711266,3.957629,-3.625444,2.183066,-3.434269,-3.188359,4.362031,3.141952,3.452979,-3.283738,-3.216009,-2.338065,3.006768,-0.569122,4.023113,4.408788,1.613629,-3.351812,-3.546152,3.430161,2.480533,-3.564918,-4.160070,-3.569862"
Q13554,"-0.764415,-1.443507,-0.362198,1.006702,-1.152153,-0.960481,-1.379640,1.440881,-1.455313,0.354191,-1.440351,-0.700905,1.121868,0.351300,1.003141,0.208160,1.830204,-0.509880,0.591673,1.351398,0.644930,-0.823407,-1.341448,-1.128054,1.141766,1.608864,-0.511768,-1.136765,-0.701546,0.747947,0.662385,0.039893,0.336397,1.200723,-1.382222,-1.164866,1.428271,1.011465,-1.348519,-0.141180,-0.755899,1.590676,-1.119323,0.295512,-1.287088,-1.362951,1.545772,1.063702,1.247722,-1.311594,-1.341571,-0.236361,1.113826,0.229543,1.506413,1.685125,-0.101222,-1.198842,-1.459894,1.182751,0.567230,-1.107057,-1.338878,-0.792185"
Q13557,"-0.735810,-0.832901,-0.343425,0.441629,-0.606952,-0.676696,-0.791020,0.819650,-0.824829,0.298524,-0.809610,-0.378756,0.579627,0.381615,0.647888,0.358762,0.916502,-0.369837,0.154320,0.792925,0.547007,-0.507953,-0.940308,-0.712939,0.744932,0.861762,-0.407761,-0.568076,-0.062402,0.597045,0.473764,0.102303,0.137018,0.653296,-0.893149,-0.723344,0.719336,0.486429,-0.728370,-0.010080,-0.359326,0.827452,-0.820704,0.197385,-0.724631,-0.665082,1.016794,0.614259,0.824219,-0.741627,-0.602845,-0.204709,0.422278,0.425979,0.954734,1.042000,-0.183372,-0.755581,-0.724787,0.683243,0.425443,-0.537926,-0.780896,-0.733704"
Q13555,"-0.632880,-0.702244,-0.347086,0.514418,-0.569532,-0.551954,-0.673812,0.727571,-0.672327,0.229937,-0.749576,-0.397390,0.470532,0.373204,0.538633,0.259801,0.863914,-0.305132,0.225195,0.654151,0.462025,-0.406620,-0.781190,-0.607291,0.606090,0.759735,-0.315946,-0.520568,-0.107232,0.510359,0.418068,0.160533,0.121774,0.556137,-0.752792,-0.615932,0.713971,0.500060,-0.660603,-0.036782,-0.355366,0.636217,-0.667801,0.141479,-0.573902,-0.653383,0.834978,0.554562,0.715509,-0.591305,-0.502868,-0.232662,0.378616,0.294818,0.794116,0.880271,-0.098406,-0.607308,-0.581775,0.586021,0.356784,-0.431476,-0.610849,-0.568554"
P09211,"-0.239932,-0.790452,-0.407672,0.910084,-0.889019,-0.614934,-0.924177,0.764995,-1.007098,0.588598,-0.902782,-0.606665,0.975912,0.336807,0.843228,0.332457,1.177507,-0.553350,0.748305,0.873521,0.538150,-0.902557,-0.725672,-0.706326,0.674309,0.968388,-0.597398,-0.950048,-1.307817,0.646604,0.484833,0.333124,-0.640858,0.865077,-0.802328,-0.902689,0.937095,0.611573,-0.820842,0.350876,-0.867762,1.266327,-0.591022,0.822312,-0.908090,-0.855478,0.907151,0.827946,0.563579,-0.978834,-1.216023,-0.507190,1.172591,-0.819268,0.891568,0.850282,0.930025,-0.710394,-1.046783,0.815898,0.539079,-1.092820,-0.995814,-0.506516"
P11086,"0.130790,0.136582,0.087832,-0.123478,0.129869,0.148746,0.145451,-0.140085,0.161930,-0.108952,0.138239,0.114751,-0.135351,-0.104271,-0.130300,-0.110838,-0.119909,0.125841,-0.087152,-0.158895,-0.131752,0.135177,0.148325,0.138023,-0.162089,-0.146123,0.142887,0.135298,0.109660,-0.136253,-0.123674,-0.118657,0.098345,-0.146806,0.148769,0.140009,-0.101909,-0.113842,0.139031,-0.085759,0.127871,-0.123046,0.146612,-0.100591,0.139156,0.117165,-0.139271,-0.129490,-0.140818,0.135827,0.133921,0.128597,-0.137322,0.064576,-0.150614,-0.164231,-0.092107,0.159388,0.138159,-0.140741,-0.122422,0.106193,0.146900,0.149733"
Q96P20,"0.187142,-0.140991,0.220186,0.026633,-0.089633,-0.025457,-0.182270,0.142339,-0.204174,-0.144725,-0.176502,0.126110,0.062306,-0.192699,0.051304,-0.234552,0.317310,0.076321,-0.174481,0.151386,-0.043869,-0.040659,-0.114340,-0.044388,0.115585,0.203963,0.074963,-0.096213,0.055597,-0.017212,-0.009344,-0.171450,0.268369,0.137171,-0.147124,-0.162274,0.130303,-0.009864,-0.182798,-0.243851,0.034863,0.190248,-0.055901,-0.126640,-0.120765,-0.142175,0.129876,0.094977,0.101909,-0.166519,-0.207299,0.162542,0.113521,0.243027,0.174816,0.170085,-0.271889,-0.135560,-0.149418,0.076638,-0.096140,0.024779,-0.038549,0.073765"
Q08493,"0.225305,0.056896,0.278849,-0.127179,0.095307,0.039544,0.011824,-0.052715,-0.021438,-0.160995,0.054631,0.217235,-0.055407,-0.257086,-0.120158,-0.191194,-0.029621,0.112201,-0.300116,-0.013136,-0.099826,0.043618,0.067467,0.111917,-0.021519,-0.042630,0.118108,0.068574,0.198463,-0.093786,-0.115704,-0.242864,0.257662,-0.049885,0.048527,-0.008331,-0.138642,-0.230235,0.067353,-0.324425,0.140550,0.012898,0.027915,-0.198024,0.033692,0.103955,-0.066629,-0.052628,-0.082351,0.055710,0.029154,0.238307,-0.038541,0.275340,-0.011765,-0.030349,-0.311943,0.046925,0.062227,-0.066466,-0.197962,0.144038,0.075132,0.088368"
Q07912,"0.168804,-0.290473,0.097600,-0.049110,-0.091110,-0.154113,-0.294856,0.263168,-0.283678,0.034081,-0.207231,0.078627,0.144656,-0.110494,0.091750,-0.096384,0.356020,-0.072887,-0.136067,0.248397,0.113448,-0.144911,-0.207054,-0.129008,0.235076,0.275374,-0.004714,-0.178329,0.116820,0.061846,0.145831,-0.086121,0.239736,0.250124,-0.214348,-0.245085,0.131470,0.055648,-0.267476,-0.017253,0.083816,0.277399,-0.204664,-0.038010,-0.253974,-0.249801,0.186263,0.204995,0.230020,-0.292952,-0.275924,0.139777,0.156945,0.101660,0.235360,0.162551,-0.281751,-0.263554,-0.219354,0.180130,0.012776,-0.019578,-0.032281,-0.029399"
P00740,"0.160941,0.161267,0.138670,-0.160406,0.156496,0.157682,0.152098,-0.148160,0.152442,-0.164665,0.145639,0.173013,-0.178286,-0.155573,-0.177644,-0.169703,-0.151172,0.155384,-0.165245,-0.159049,-0.137962,0.169364,0.161630,0.172036,-0.150915,-0.164779,0.175865,0.163330,0.190675,-0.146191,-0.140678,-0.151351,0.192822,-0.151263,0.154539,0.154626,-0.163549,-0.165506,0.145898,-0.167714,0.179681,-0.183654,0.150106,-0.178578,0.164115,0.147266,-0.183032,-0.158460,-0.137947,0.168262,0.167930,0.169677,-0.181102,0.179978,-0.163311,-0.181645,-0.190097,0.148907,0.180423,-0.153316,-0.179632,0.194646,0.198335,0.156014"
P53778,"-0.027851,-0.064600,0.014320,0.020288,-0.048856,-0.054610,-0.066876,0.059927,-0.076640,-0.000885,-0.062611,-0.006610,0.047523,-0.007574,0.052275,0.000806,0.073219,-0.021422,-0.025613,0.070613,0.025401,-0.039295,-0.065263,-0.043810,0.077621,0.070511,-0.041917,-0.041243,-0.019466,0.035746,0.027616,0.002438,0.021915,0.059802,-0.070776,-0.064347,0.036183,0.030986,-0.065218,-0.020201,-0.038554,0.062164,-0.058536,0.003274,-0.059873,-0.048389,0.064375,0.048869,0.056591,-0.079741,-0.057519,-0.011733,0.039809,0.051871,0.080665,0.095136,-0.034588,-0.072909,-0.063521,0.046798,0.034014,-0.018448,-0.047198,-0.044076"
P16278,"0.128614,0.108226,0.136554,-0.094713,0.100170,0.107768,0.091588,-0.102547,0.075124,-0.114126,0.097537,0.116082,-0.091679,-0.134029,-0.110854,-0.141594,-0.089810,0.108377,-0.092785,-0.095523,-0.113182,0.095831,0.110068,0.102625,-0.102401,-0.088145,0.115106,0.085730,0.048741,-0.110060,-0.125227,-0.125215,0.115845,-0.098352,0.105743,0.096003,-0.106642,-0.116137,0.108587,-0.128326,0.098749,-0.084838,0.109662,-0.109328,0.095405,0.100812,-0.104633,-0.104023,-0.118784,0.098489,0.079554,0.091314,-0.073035,0.094317,-0.104128,-0.095157,-0.079279,0.094087,0.094151,-0.092005,-0.124688,0.081668,0.084761,0.109311"
P34947,"-0.000106,0.097345,0.065027,-0.056597,0.084643,0.096781,0.113704,-0.085682,0.120989,-0.121853,0.078185,0.057791,-0.117489,-0.047981,-0.088282,-0.079221,-0.089745,0.114679,-0.075236,-0.107095,-0.108827,0.130304,0.072484,0.080507,-0.106968,-0.090390,0.102481,0.110915,0.123743,-0.092895,-0.106071,-0.089230,0.117118,-0.119377,0.083623,0.118003,-0.056596,-0.058223,0.098165,-0.136514,0.077977,-0.128363,0.089079,-0.127290,0.123122,0.089438,-0.063887,-0.105636,-0.077405,0.128051,0.144439,0.079958,-0.139219,0.157708,-0.082115,-0.045718,-0.122751,0.113335,0.108646,-0.105935,-0.088631,0.100073,0.077772,0.075461"
P42574,"-1.244320,-1.031978,-0.891649,1.010509,-0.976426,-0.948662,-0.911858,1.093380,-0.864425,0.684032,-1.070387,-0.961738,0.804172,0.989275,0.901757,0.841911,1.057645,-0.750982,0.745665,0.943403,0.874482,-0.700808,-1.122052,-1.013890,0.938471,1.040456,-0.747243,-0.826279,-0.349689,0.920199,0.894497,0.771594,-0.382305,0.870276,-1.080274,-0.924410,1.142344,1.022103,-1.009607,0.458162,-0.784809,0.824520,-1.060555,0.528468,-0.839470,-1.036524,1.155483,0.924853,1.136926,-0.796573,-0.702775,-0.759379,0.638695,-0.197742,1.088168,1.212066,0.319919,-0.899435,-0.854326,0.900011,0.848421,-0.738338,-0.938415,-0.951876"
P03433,"0.093296,0.135670,0.171289,-0.172295,0.163037,0.143205,0.160700,-0.136577,0.162785,-0.161843,0.151263,0.146552,-0.171225,-0.129597,-0.167061,-0.143339,-0.177435,0.152856,-0.174419,-0.145334,-0.163798,0.195885,0.136259,0.136197,-0.144024,-0.141337,0.169373,0.162472,0.216904,-0.168322,-0.160834,-0.161951,0.207353,-0.157764,0.141663,0.177022,-0.148157,-0.125727,0.154340,-0.180044,0.158682,-0.171455,0.132967,-0.193018,0.156216,0.164663,-0.140892,-0.174980,-0.126982,0.179100,0.184242,0.175281,-0.186697,0.213184,-0.142569,-0.115881,-0.240295,0.139851,0.149559,-0.147965,-0.158388,0.160165,0.141941,0.136342"
P57059,"0.080432,0.158096,0.100502,-0.114390,0.136738,0.140745,0.157302,-0.146520,0.165574,-0.155213,0.131117,0.119694,-0.169153,-0.098295,-0.134669,-0.122736,-0.145470,0.144824,-0.139488,-0.158765,-0.133499,0.153358,0.128969,0.140599,-0.146579,-0.154884,0.131405,0.157418,0.162379,-0.121556,-0.136227,-0.107947,0.126395,-0.164472,0.139319,0.146466,-0.132607,-0.130983,0.147419,-0.147163,0.131030,-0.191405,0.138462,-0.150395,0.172519,0.146090,-0.137731,-0.142560,-0.133467,0.163999,0.187832,0.108324,-0.182303,0.173988,-0.138946,-0.128923,-0.130368,0.155961,0.177640,-0.154932,-0.126998,0.171841,0.156433,0.115615"
P08069,"-0.087683,-1.115222,-0.576437,0.535519,-0.685259,-0.829434,-1.014273,1.060040,-0.889496,0.844546,-0.845741,-0.708113,0.871262,0.488849,0.723374,0.611541,1.102593,-0.822550,0.631853,0.980937,0.788321,-0.845714,-0.785888,-0.782990,0.992770,1.028782,-0.738532,-0.919576,-0.450757,0.579539,1.031137,0.723735,-0.491862,1.111498,-0.791869,-0.842358,0.777887,0.924658,-1.126806,1.015617,-0.527583,0.928072,-0.803702,0.660295,-1.021794,-1.115095,0.673047,0.983449,0.991475,-1.088852,-1.081995,-0.353978,1.023253,-1.138684,0.799028,0.644061,0.329945,-0.993270,-1.012804,0.890720,0.799657,-0.552532,-0.450797,-0.426323"
P49137,"-0.361939,-0.126001,-0.234133,0.246113,-0.183176,-0.135590,-0.110658,0.175069,-0.082554,0.047057,-0.225709,-0.201125,0.052980,0.246901,0.149834,0.133044,0.205965,-0.060527,0.135856,0.104833,0.146569,-0.045138,-0.218195,-0.162887,0.112766,0.154368,-0.084139,-0.093488,0.010809,0.191166,0.122056,0.131101,-0.008130,0.072152,-0.195176,-0.115325,0.257741,0.171647,-0.145455,-0.053077,-0.147867,0.017596,-0.171751,0.012700,-0.052271,-0.168850,0.223768,0.137877,0.199164,-0.055312,0.010394,-0.168685,-0.006397,0.138646,0.191698,0.242141,0.028172,-0.086245,-0.049652,0.119244,0.123552,-0.071272,-0.136973,-0.204162"
P29376,"0.179474,0.122939,0.165975,-0.169007,0.150147,0.138349,0.123922,-0.130990,0.125133,-0.153716,0.139371,0.165649,-0.139119,-0.175894,-0.146842,-0.161735,-0.125355,0.139718,-0.166855,-0.126549,-0.151269,0.138735,0.142195,0.149323,-0.119047,-0.131281,0.139127,0.140951,0.148660,-0.157881,-0.134886,-0.152143,0.160631,-0.123725,0.136538,0.134287,-0.158106,-0.137916,0.122602,-0.129804,0.154674,-0.127422,0.139838,-0.155913,0.124742,0.131481,-0.148302,-0.138457,-0.132536,0.114930,0.119791,0.167761,-0.135031,0.140955,-0.134447,-0.136962,-0.179412,0.117077,0.122974,-0.139639,-0.143535,0.162316,0.160026,0.158245"
P09936,"-2.683178,-2.585269,-2.439804,2.873476,-2.762049,-2.554329,-2.608790,2.615734,-2.680415,2.399977,-2.668380,-2.581305,2.649984,2.474553,2.564927,2.315836,2.717759,-2.409577,2.704619,2.608861,2.554137,-2.518128,-2.676622,-2.666850,2.467899,2.697287,-2.390695,-2.636022,-2.696271,2.616928,2.409295,2.385459,-2.217847,2.550223,-2.721769,-2.682159,2.880043,2.527098,-2.582658,2.063108,-2.589499,2.765489,-2.612721,2.404659,-2.561038,-2.667388,2.788899,2.593723,2.569415,-2.467789,-2.645872,-2.636331,2.623558,-2.130536,2.689002,2.775529,2.538770,-2.537560,-2.622502,2.631917,2.385920,-2.775134,-2.857689,-2.563906"
P29375,"0.119564,0.193554,0.135838,-0.151828,0.170206,0.170207,0.194599,-0.184743,0.197022,-0.164554,0.178114,0.143372,-0.187885,-0.126369,-0.173000,-0.139758,-0.201548,0.158826,-0.142453,-0.191026,-0.165261,0.183854,0.176447,0.168972,-0.179499,-0.194035,0.157243,0.183657,0.165615,-0.160303,-0.164556,-0.128861,0.129930,-0.190642,0.182074,0.188125,-0.174736,-0.156523,0.188474,-0.150359,0.151722,-0.215455,0.174298,-0.164579,0.198433,0.182190,-0.184187,-0.179677,-0.173087,0.201509,0.209032,0.127701,-0.196094,0.149967,-0.186828,-0.175946,-0.137131,0.184292,0.199408,-0.184246,-0.155865,0.181934,0.178241,0.153919"
P01106,"-5.351946,-4.270919,-4.027024,4.614344,-4.253528,-3.758951,-3.932911,4.545920,-3.730344,2.716773,-4.760805,-4.269501,3.445395,4.304539,4.198376,3.485898,5.009755,-2.921308,3.472987,3.968260,3.371626,-3.127844,-4.884643,-4.319435,3.753300,4.589217,-3.204751,-3.650623,-2.313405,3.856562,3.441242,3.001731,-2.024024,3.601202,-4.590847,-3.787194,5.151895,4.471271,-4.250504,1.747150,-3.772005,3.703568,-4.185577,2.530274,-3.553909,-4.374044,5.266348,3.887396,4.555451,-3.566308,-3.140847,-3.177636,2.912316,-0.881372,4.806187,5.455371,1.889703,-3.589568,-3.863256,3.812976,3.644718,-3.676422,-4.348636,-4.111289"
O95136,"0.172195,0.179831,0.178075,-0.190292,0.185949,0.169645,0.181441,-0.182774,0.181965,-0.168769,0.189208,0.175556,-0.182000,-0.168841,-0.182295,-0.162807,-0.200688,0.159420,-0.177247,-0.177935,-0.177129,0.179828,0.185547,0.179799,-0.165655,-0.188648,0.160436,0.180783,0.173675,-0.182010,-0.166289,-0.149356,0.151876,-0.174774,0.185032,0.185211,-0.199634,-0.165662,0.178983,-0.144159,0.170377,-0.197357,0.176232,-0.173009,0.180402,0.184143,-0.197329,-0.181093,-0.175866,0.179404,0.184240,0.161101,-0.182962,0.146868,-0.187949,-0.182779,-0.175940,0.165898,0.180218,-0.183630,-0.165182,0.194554,0.192540,0.176107"
P43003,"0.129348,0.097226,0.113092,-0.083911,0.088303,0.094395,0.073198,-0.102468,0.066517,-0.082375,0.089145,0.108603,-0.074963,-0.112490,-0.088351,-0.108385,-0.082790,0.079410,-0.086817,-0.084376,-0.094978,0.068448,0.097700,0.098870,-0.091852,-0.085253,0.088188,0.074537,0.025879,-0.093436,-0.103047,-0.099112,0.064755,-0.083094,0.092346,0.070404,-0.094699,-0.104644,0.094286,-0.077942,0.078997,-0.053790,0.098222,-0.064440,0.079151,0.095634,-0.088727,-0.087620,-0.112611,0.079480,0.050011,0.078460,-0.056641,0.048253,-0.088482,-0.096498,-0.048533,0.079839,0.076450,-0.085233,-0.100850,0.060106,0.072293,0.100904"
P06756,"0.038983,-0.448671,-0.327460,0.164423,-0.205310,-0.293122,-0.365873,0.403024,-0.264792,0.413752,-0.262779,-0.322084,0.345885,0.226523,0.315768,0.337119,0.451347,-0.306454,0.301298,0.344794,0.320107,-0.388940,-0.284031,-0.280799,0.332449,0.371097,-0.325009,-0.345692,-0.155195,0.197857,0.456490,0.308110,-0.312143,0.433651,-0.250948,-0.283007,0.316293,0.377679,-0.446805,0.579276,-0.155101,0.399525,-0.273330,0.371357,-0.407013,-0.464930,0.251725,0.413027,0.371979,-0.471388,-0.430447,-0.074905,0.413241,-0.659720,0.263497,0.156515,0.196471,-0.317772,-0.414576,0.316718,0.376636,-0.233221,-0.103971,-0.122312"
Q9UQL6,"-0.295609,-0.183108,-0.167216,0.177209,-0.177424,-0.149726,-0.176991,0.232849,-0.161059,-0.046914,-0.263597,-0.097065,0.050216,0.151102,0.195790,0.061097,0.317970,-0.005005,-0.055485,0.162989,0.137965,-0.091710,-0.317625,-0.163372,0.166943,0.214020,-0.063379,-0.076900,0.170194,0.205677,0.124451,0.029042,0.140755,0.113555,-0.264291,-0.193070,0.234198,0.111718,-0.215457,-0.175806,-0.035094,0.094967,-0.220918,-0.062634,-0.098106,-0.192312,0.312303,0.174532,0.258084,-0.145077,-0.022093,-0.021841,-0.054266,0.381998,0.297163,0.319852,-0.183699,-0.136780,-0.076236,0.113009,0.092692,0.005462,-0.109740,-0.220747"
P43004,"0.180063,0.137369,0.196193,-0.184762,0.165292,0.151800,0.138350,-0.133287,0.146299,-0.175670,0.145364,0.196699,-0.172364,-0.187969,-0.180768,-0.189762,-0.143515,0.157192,-0.209117,-0.143202,-0.169070,0.184090,0.146105,0.155785,-0.132530,-0.147853,0.178385,0.165705,0.225396,-0.169928,-0.150052,-0.171665,0.212277,-0.144317,0.145337,0.151437,-0.171925,-0.164534,0.139635,-0.196126,0.194066,-0.169953,0.140818,-0.214251,0.147269,0.150616,-0.162928,-0.158365,-0.133682,0.151435,0.160108,0.186863,-0.173503,0.213466,-0.147747,-0.150203,-0.250584,0.129561,0.166022,-0.154579,-0.178947,0.209899,0.184261,0.174649"
Q14289,"0.104190,-0.179001,0.042833,-0.009735,-0.043112,-0.113895,-0.161554,0.179342,-0.138487,0.036999,-0.118315,-0.017372,0.068130,-0.021230,0.032936,-0.030088,0.171718,-0.086015,-0.040789,0.153400,0.072170,-0.062072,-0.099788,-0.085497,0.176200,0.162360,-0.041835,-0.115862,0.095971,0.022872,0.141513,0.054985,0.110796,0.172349,-0.098212,-0.110341,0.046678,0.109058,-0.185079,0.052721,0.027068,0.048321,-0.117521,-0.050063,-0.127459,-0.175608,0.038147,0.136870,0.167080,-0.148328,-0.124253,0.033908,0.096576,-0.039526,0.099260,0.077382,-0.170804,-0.178371,-0.110184,0.104708,0.048110,0.079238,0.053673,0.005883"
O95342,"0.148882,0.202032,0.159138,-0.174704,0.184592,0.174012,0.197524,-0.197970,0.191133,-0.155168,0.197663,0.162883,-0.183255,-0.151920,-0.186505,-0.151636,-0.222981,0.156864,-0.148029,-0.193225,-0.164834,0.178530,0.195074,0.178536,-0.183502,-0.202961,0.161135,0.181349,0.147049,-0.169192,-0.174301,-0.138808,0.126335,-0.191268,0.195463,0.192513,-0.201489,-0.177609,0.203221,-0.138987,0.161881,-0.209187,0.181596,-0.157200,0.193385,0.197615,-0.203855,-0.189341,-0.190653,0.200917,0.198757,0.128970,-0.182026,0.128981,-0.204260,-0.196692,-0.119473,0.182957,0.200433,-0.182142,-0.166873,0.176122,0.179501,0.161227"
Q99571,"-0.028061,-0.100598,-0.128082,0.239834,-0.156917,-0.051658,-0.130784,0.091821,-0.112554,0.115654,-0.142708,-0.162056,0.164688,0.113638,0.160028,0.082618,0.221417,-0.087473,0.228061,0.098772,0.040547,-0.156037,-0.091836,-0.095623,0.032474,0.148818,-0.096787,-0.164905,-0.341898,0.078322,0.060161,0.081425,-0.207455,0.114243,-0.089392,-0.123196,0.233178,0.158523,-0.126122,0.118334,-0.198670,0.235296,-0.036007,0.216318,-0.116957,-0.160934,0.156166,0.137804,0.040079,-0.137752,-0.222031,-0.104526,0.225306,-0.298082,0.121350,0.109342,0.266430,-0.049065,-0.188302,0.102572,0.107746,-0.262556,-0.181737,-0.024976"
O95470,"-0.534508,-1.190846,-0.646036,0.549974,-1.032842,-1.327388,-1.474147,0.954034,-1.746717,1.386385,-0.930079,-0.506639,1.583759,0.460349,1.326933,1.042113,0.932145,-1.313842,0.593097,1.451780,1.256126,-1.752050,-1.187114,-1.090185,1.413590,1.160926,-1.420665,-1.268554,-1.695876,1.258411,1.009760,0.684971,-1.434110,1.358999,-1.244895,-1.529680,0.507025,0.434759,-1.009033,1.310558,-1.042313,1.895661,-1.291469,1.580300,-1.675179,-0.700281,1.279786,1.177251,0.840370,-1.697140,-1.765428,-1.001125,1.625870,-1.128607,1.328693,1.121169,1.456635,-1.518693,-1.522667,1.364163,1.095391,-1.571421,-1.630454,-1.424513"
Q14376,"0.170192,0.186665,0.183926,-0.198097,0.195059,0.178856,0.186843,-0.184981,0.189142,-0.177360,0.185066,0.183598,-0.196817,-0.175140,-0.197110,-0.177944,-0.202366,0.170353,-0.187046,-0.187327,-0.180754,0.199311,0.189917,0.185511,-0.174974,-0.189354,0.183513,0.187362,0.196998,-0.188777,-0.179805,-0.170336,0.184328,-0.187358,0.189807,0.194191,-0.201896,-0.174907,0.190790,-0.166997,0.182663,-0.211285,0.179882,-0.195579,0.190325,0.191259,-0.199490,-0.193276,-0.178527,0.195489,0.199814,0.174292,-0.197145,0.177073,-0.193950,-0.186732,-0.190715,0.174605,0.197741,-0.182708,-0.183064,0.201766,0.197601,0.180185"
Q9UBN7,"-0.693360,-0.661310,-0.344890,0.419209,-0.509408,-0.555230,-0.623566,0.684136,-0.638988,0.232206,-0.672141,-0.345306,0.426043,0.403065,0.507580,0.322067,0.748062,-0.303683,0.143829,0.624486,0.478032,-0.392255,-0.789238,-0.596617,0.590701,0.678186,-0.313482,-0.449612,0.059399,0.528628,0.415595,0.157295,0.114815,0.511910,-0.745762,-0.581927,0.626394,0.429212,-0.595345,-0.028512,-0.263258,0.575344,-0.693750,0.126491,-0.533752,-0.584291,0.839722,0.506981,0.714310,-0.534052,-0.411959,-0.230332,0.268393,0.408628,0.766371,0.848021,-0.194760,-0.588016,-0.512514,0.532498,0.350182,-0.370814,-0.586235,-0.620977"
P05164,"0.197983,0.122613,0.189866,-0.144098,0.137729,0.139923,0.123790,-0.118136,0.119285,-0.164717,0.130762,0.137464,-0.135836,-0.166348,-0.153640,-0.184117,-0.108912,0.154833,-0.166102,-0.119148,-0.174931,0.142089,0.149258,0.133154,-0.125413,-0.114795,0.150438,0.115359,0.148325,-0.168019,-0.139167,-0.154735,0.186317,-0.120093,0.147836,0.144337,-0.145085,-0.131007,0.114701,-0.157559,0.147826,-0.145330,0.145332,-0.167847,0.128364,0.120356,-0.162899,-0.135162,-0.133921,0.121599,0.125831,0.166099,-0.108486,0.140873,-0.133549,-0.136070,-0.195836,0.128273,0.122717,-0.136113,-0.153694,0.164550,0.153829,0.167552"
P48730,"-3.305408,-2.440499,-2.144884,2.359849,-2.323690,-2.241873,-2.247683,2.592060,-2.235508,1.359484,-2.657222,-2.103252,1.856784,2.346700,2.361948,1.957922,2.779962,-1.510232,1.468744,2.314304,2.070826,-1.776190,-3.038791,-2.493945,2.201213,2.540898,-1.749205,-1.889349,-0.668622,2.381853,1.904319,1.455287,-0.766150,1.968676,-2.824474,-2.271220,2.788138,2.147461,-2.344658,0.606939,-1.749114,2.149078,-2.626244,1.233727,-1.991318,-2.355710,3.247617,2.159861,2.728598,-2.032747,-1.585187,-1.703008,1.305074,0.446978,2.904782,3.275227,0.549533,-2.106438,-2.040103,2.106160,1.953409,-1.861826,-2.518202,-2.642565"
Q14680,"0.085025,0.181426,0.111402,-0.125686,0.153509,0.156470,0.185469,-0.171684,0.190319,-0.153324,0.163175,0.121319,-0.177760,-0.101993,-0.154057,-0.120807,-0.186564,0.150991,-0.125430,-0.180803,-0.149488,0.170753,0.157409,0.154000,-0.170945,-0.181169,0.140570,0.172526,0.152730,-0.141153,-0.151709,-0.108916,0.114040,-0.183325,0.165736,0.175532,-0.150826,-0.138677,0.174694,-0.140573,0.134572,-0.206755,0.159389,-0.149525,0.190764,0.168382,-0.163601,-0.165251,-0.158125,0.191886,0.204426,0.106006,-0.189651,0.147187,-0.170421,-0.154215,-0.117622,0.177413,0.189791,-0.172790,-0.137012,0.168829,0.161305,0.133227"
P15917,"0.153933,0.149580,0.117504,-0.153027,0.168578,0.146925,0.159573,-0.146775,0.168410,-0.119698,0.168714,0.121151,-0.148879,-0.119375,-0.142523,-0.113927,-0.150545,0.144078,-0.119757,-0.157440,-0.135512,0.129868,0.152176,0.146121,-0.158151,-0.155679,0.130552,0.144995,0.148506,-0.147822,-0.126020,-0.118232,0.102700,-0.146949,0.169790,0.168055,-0.150643,-0.139790,0.148734,-0.091255,0.160675,-0.163590,0.153301,-0.114996,0.155042,0.133807,-0.161042,-0.133908,-0.147936,0.142453,0.160000,0.135081,-0.142458,0.064490,-0.170187,-0.175213,-0.116753,0.163614,0.153115,-0.157151,-0.124038,0.152862,0.175092,0.148358"
Q15118,"0.234904,0.086838,0.233841,-0.200711,0.147743,0.131987,0.081136,-0.089366,0.073361,-0.201756,0.104955,0.229103,-0.138263,-0.253893,-0.168216,-0.251034,-0.063061,0.168636,-0.236307,-0.094404,-0.156041,0.148776,0.116637,0.143591,-0.089859,-0.086692,0.191487,0.132512,0.215209,-0.167471,-0.144365,-0.226880,0.293305,-0.099594,0.103578,0.100575,-0.156476,-0.172716,0.093902,-0.221369,0.215719,-0.097754,0.113136,-0.234804,0.096384,0.102403,-0.126345,-0.125381,-0.102900,0.085991,0.092815,0.228607,-0.134262,0.257526,-0.102078,-0.110866,-0.290748,0.080458,0.113607,-0.116977,-0.196055,0.197389,0.168653,0.173771"
Q96SW2,"-0.184200,-0.120252,-0.000835,0.054581,-0.065104,-0.081183,-0.091596,0.152246,-0.078685,-0.109104,-0.161857,-0.008147,-0.014387,0.047449,0.062025,-0.001504,0.188407,0.054592,-0.136531,0.099711,0.019706,0.031863,-0.188443,-0.091856,0.098272,0.130134,0.025605,-0.011528,0.282802,0.058349,0.037943,-0.094062,0.247326,0.041531,-0.160096,-0.086621,0.135593,0.046704,-0.119729,-0.241161,0.022069,0.052404,-0.146704,-0.160432,-0.031929,-0.093582,0.200607,0.056449,0.177163,-0.041398,0.032658,0.102713,-0.092874,0.415122,0.194154,0.240460,-0.353305,-0.067712,-0.044004,0.038972,-0.005922,0.069293,-0.061429,-0.100336"
Q16348,"-1.204576,-1.309980,-1.563881,1.536207,-1.546468,-1.336788,-1.485912,1.156128,-1.598779,1.773097,-1.295976,-1.404584,1.818611,1.327534,1.745224,1.598633,1.412625,-1.488563,1.726510,1.430138,1.505494,-1.938551,-1.372926,-1.398206,1.214261,1.366486,-1.628912,-1.588896,-2.469415,1.566856,1.254221,1.253576,-2.166446,1.443707,-1.412219,-1.654258,1.482823,1.140259,-1.253296,1.787151,-1.689659,2.236306,-1.287518,2.235797,-1.679158,-1.207823,1.659406,1.469365,1.034698,-1.686683,-1.965346,-1.533790,1.922322,-2.066289,1.493257,1.301360,2.503654,-1.303457,-1.747018,1.533739,1.515270,-2.298053,-1.999497,-1.546713"
P41240,"0.208914,-0.312493,-0.079596,-0.066321,-0.056264,-0.148996,-0.241567,0.244025,-0.137254,0.209541,-0.116842,-0.051495,0.199694,-0.045276,0.147357,0.089967,0.271834,-0.121045,-0.075109,0.207270,0.116616,-0.227714,-0.158757,-0.116271,0.202972,0.218951,-0.112580,-0.138965,0.147007,0.031012,0.260809,0.039731,-0.051030,0.266080,-0.131890,-0.161462,0.086573,0.124696,-0.269734,0.284094,0.083734,0.249915,-0.153138,0.110705,-0.298969,-0.232236,0.138758,0.249844,0.203912,-0.323374,-0.268343,0.206783,0.225819,-0.302889,0.150232,0.039113,-0.116259,-0.176202,-0.243071,0.179542,0.150100,-0.022907,0.001434,0.033503"
Q9N6S8,"0.231815,0.259424,0.278842,-0.262060,0.232096,0.227269,0.260243,-0.241492,0.242602,-0.217245,0.249324,0.262691,-0.227982,-0.246475,-0.251145,-0.212214,-0.282115,0.234502,-0.272843,-0.233429,-0.225253,0.257373,0.253681,0.243432,-0.213049,-0.247897,0.230650,0.264410,0.281827,-0.211021,-0.231842,-0.208037,0.233289,-0.226642,0.237373,0.244469,-0.267285,-0.267222,0.241941,-0.264220,0.243791,-0.277097,0.226832,-0.242756,0.251002,0.237086,-0.264653,-0.251920,-0.233986,0.240600,0.250516,0.199245,-0.239817,0.241050,-0.257695,-0.257733,-0.260089,0.222692,0.266409,-0.245657,-0.238030,0.270362,0.269944,0.248441"
P54764,"0.128228,-0.184779,-0.130504,-0.064760,-0.037494,-0.039188,-0.147153,0.120374,-0.088098,0.095661,-0.087801,0.027876,0.109591,-0.052603,0.103984,0.061819,0.243396,-0.032899,-0.005438,0.095108,0.091761,-0.147271,-0.090492,-0.025330,0.076560,0.109310,-0.040460,-0.057996,0.028897,0.040648,0.126575,-0.069498,0.003001,0.123919,-0.102217,-0.137931,0.112921,0.035265,-0.157965,0.202373,0.062812,0.286580,-0.072127,0.129353,-0.187046,-0.152561,0.130965,0.116019,0.110753,-0.248838,-0.206064,0.173740,0.097269,-0.094039,0.122467,0.002301,-0.024378,-0.078982,-0.170475,0.099176,0.082165,-0.101744,-0.007991,0.000207"
P41252,"0.153463,0.173406,0.172628,-0.179171,0.181723,0.166622,0.180526,-0.168137,0.183968,-0.159196,0.173554,0.159449,-0.184532,-0.156596,-0.191091,-0.166549,-0.199838,0.152782,-0.162251,-0.178137,-0.167913,0.195255,0.182231,0.166278,-0.164776,-0.174051,0.176685,0.172477,0.189938,-0.181009,-0.164479,-0.148070,0.177368,-0.176161,0.182928,0.183921,-0.187406,-0.150470,0.180575,-0.147675,0.172186,-0.208120,0.167134,-0.190388,0.180650,0.176136,-0.192960,-0.181571,-0.162410,0.195594,0.192044,0.154284,-0.183070,0.151735,-0.189819,-0.177134,-0.170697,0.163130,0.190663,-0.165812,-0.170109,0.191764,0.184896,0.174451"
Q9GZT4,"0.148041,0.140550,0.149412,-0.115812,0.128941,0.147076,0.135100,-0.134867,0.129276,-0.155606,0.127170,0.133889,-0.134800,-0.150773,-0.146867,-0.166150,-0.122355,0.142634,-0.114493,-0.137099,-0.156553,0.146040,0.148921,0.140171,-0.140578,-0.128188,0.148920,0.128248,0.094306,-0.150155,-0.151706,-0.141607,0.146039,-0.136349,0.142697,0.141441,-0.128717,-0.123528,0.135349,-0.152376,0.123351,-0.137325,0.150466,-0.148919,0.140636,0.125187,-0.146381,-0.141097,-0.144453,0.140396,0.125651,0.130851,-0.121331,0.120581,-0.142343,-0.130872,-0.122365,0.137403,0.130335,-0.135166,-0.149558,0.131227,0.133548,0.155076"
O14684,"-0.048945,-0.381421,-0.234571,0.306009,-0.363367,-0.245529,-0.424280,0.362936,-0.454802,0.261118,-0.389334,-0.202719,0.430838,0.094638,0.355771,0.127824,0.571278,-0.224186,0.337603,0.358773,0.256331,-0.412278,-0.316109,-0.293049,0.285491,0.436163,-0.207070,-0.382582,-0.521658,0.277637,0.234882,0.035878,-0.166960,0.366517,-0.345723,-0.428412,0.428164,0.222441,-0.369234,0.210830,-0.265050,0.641941,-0.276730,0.351593,-0.445740,-0.411528,0.424063,0.370685,0.255451,-0.488280,-0.550976,-0.152718,0.484370,-0.316023,0.395115,0.318878,0.345961,-0.320358,-0.470879,0.381793,0.225187,-0.531975,-0.415254,-0.221149"
P24557,"0.229803,0.227441,0.250257,-0.256592,0.225204,0.216220,0.229508,-0.211686,0.219735,-0.223340,0.227736,0.246718,-0.226621,-0.239857,-0.237906,-0.244917,-0.259325,0.223829,-0.276449,-0.217312,-0.224213,0.239367,0.231100,0.238580,-0.203102,-0.232008,0.244903,0.236671,0.262391,-0.222824,-0.219251,-0.227180,0.253486,-0.209814,0.226719,0.233190,-0.269353,-0.242361,0.222640,-0.259511,0.250434,-0.253747,0.211295,-0.257005,0.220683,0.238050,-0.249832,-0.219939,-0.219134,0.235938,0.235745,0.242660,-0.243295,0.231355,-0.230488,-0.239872,-0.276697,0.211643,0.236851,-0.230245,-0.237982,0.266030,0.252189,0.233255"
Q9H2K2,"-1.025365,-0.778718,-0.653221,0.782050,-0.749815,-0.714033,-0.705129,0.843477,-0.716832,0.403323,-0.837262,-0.675197,0.595611,0.710591,0.696172,0.550307,0.882410,-0.461801,0.522084,0.733874,0.665639,-0.541234,-0.934874,-0.798612,0.688524,0.816793,-0.515621,-0.618842,-0.232501,0.742521,0.604138,0.475740,-0.164169,0.631288,-0.881231,-0.706891,0.897397,0.685121,-0.749339,0.151072,-0.523190,0.647138,-0.830650,0.335924,-0.621650,-0.794739,0.977896,0.693606,0.876216,-0.618239,-0.499893,-0.568207,0.433953,0.124577,0.882779,1.009575,0.189739,-0.667223,-0.636283,0.676931,0.577613,-0.563158,-0.776763,-0.807587"
P51812,"-0.170183,-0.233410,-0.095893,0.167103,-0.180738,-0.141385,-0.222234,0.265975,-0.199260,-0.054632,-0.299120,-0.072315,0.072987,0.065320,0.119312,-0.035654,0.367578,-0.023120,-0.008492,0.192557,0.114245,-0.051767,-0.258966,-0.156923,0.193120,0.258311,-0.011312,-0.124930,0.119624,0.144546,0.119513,-0.009193,0.238127,0.153950,-0.258084,-0.198624,0.258442,0.149464,-0.246940,-0.154908,-0.037032,0.123047,-0.205478,-0.110591,-0.136626,-0.258204,0.257820,0.171160,0.267583,-0.170619,-0.104795,0.008754,0.030301,0.306838,0.269779,0.286658,-0.208887,-0.181512,-0.126339,0.163339,0.048296,-0.000421,-0.092402,-0.133165"
Q9NS75,"0.110677,0.073127,0.107828,-0.072488,0.061676,0.041544,0.028195,-0.076245,-0.009090,-0.031211,0.068633,0.095901,-0.017369,-0.101169,-0.050060,-0.079924,-0.072736,0.034880,-0.068161,-0.032812,-0.036067,-0.003393,0.061660,0.056582,-0.041803,-0.049491,0.036829,0.021329,-0.049323,-0.036234,-0.078855,-0.075638,0.014680,-0.039122,0.058842,0.019891,-0.104440,-0.119380,0.078642,-0.046150,0.050272,-0.005469,0.049165,-0.004148,0.027763,0.082835,-0.058323,-0.048026,-0.094900,0.025463,-0.000589,0.013268,0.008953,0.010395,-0.055094,-0.065864,0.031464,0.027142,0.040224,-0.033855,-0.069298,0.005680,0.012717,0.029262"
P19440,"0.164985,0.051770,0.164554,-0.090866,0.075659,0.103291,0.041760,-0.045379,0.046133,-0.179467,0.035300,0.146176,-0.102173,-0.176323,-0.099996,-0.208378,0.019876,0.140632,-0.164973,-0.061021,-0.128611,0.107601,0.063719,0.098828,-0.064895,-0.033986,0.145108,0.082553,0.135175,-0.119228,-0.110037,-0.165839,0.230155,-0.064829,0.053983,0.053976,-0.056336,-0.095344,0.036705,-0.204909,0.131154,-0.058983,0.088524,-0.183925,0.073547,0.040127,-0.062222,-0.069657,-0.064217,0.054228,0.054141,0.165647,-0.091589,0.210938,-0.042282,-0.041338,-0.222301,0.061126,0.070111,-0.085491,-0.142977,0.139133,0.118722,0.138777"
P36268,"0.181877,0.189473,0.189751,-0.190163,0.189757,0.182199,0.187676,-0.185874,0.187716,-0.183544,0.189520,0.186960,-0.194054,-0.182180,-0.196821,-0.187016,-0.197310,0.174584,-0.181547,-0.188900,-0.183475,0.193767,0.192508,0.186865,-0.178407,-0.190989,0.184515,0.188080,0.186181,-0.189646,-0.178392,-0.167775,0.180268,-0.185479,0.189788,0.188889,-0.195976,-0.178718,0.187436,-0.172004,0.186245,-0.203969,0.183916,-0.195197,0.190940,0.185639,-0.201106,-0.188293,-0.182479,0.195949,0.193484,0.167766,-0.192606,0.169161,-0.195445,-0.189607,-0.188464,0.175910,0.196322,-0.187907,-0.186676,0.201268,0.200352,0.188366"
Q969S8,"-0.092088,-0.138468,0.007886,0.027131,-0.080559,-0.117063,-0.148079,0.134252,-0.159741,0.031448,-0.135067,-0.007855,0.077605,0.013785,0.082647,0.006121,0.147478,-0.052423,-0.053742,0.139832,0.096754,-0.069918,-0.163695,-0.114410,0.136173,0.148338,-0.037201,-0.095231,0.043302,0.089222,0.056856,-0.018905,0.088991,0.109859,-0.158094,-0.132028,0.083157,0.039256,-0.109197,-0.051145,-0.020444,0.128031,-0.149020,-0.012594,-0.123738,-0.090107,0.162712,0.091534,0.139240,-0.119969,-0.095716,-0.008439,0.054428,0.151122,0.163070,0.179644,-0.086155,-0.145359,-0.093508,0.121147,0.030070,-0.052047,-0.115768,-0.121054"
Q15418,"0.052591,-0.102421,0.079505,-0.014391,-0.047801,-0.038666,-0.110748,0.128036,-0.101022,-0.102701,-0.143828,0.074183,-0.017097,-0.084184,-0.012588,-0.153984,0.180351,0.043746,-0.158218,0.087450,0.024015,0.031077,-0.094008,-0.025335,0.104065,0.114800,0.084714,-0.030652,0.194785,0.024750,0.024584,-0.093364,0.284568,0.072150,-0.113450,-0.098531,0.057363,-0.012057,-0.115359,-0.191657,0.087699,0.012354,-0.083297,-0.177666,-0.047585,-0.106142,0.072416,0.066811,0.119384,-0.063880,-0.034880,0.095193,-0.032874,0.282742,0.116059,0.090900,-0.266152,-0.097446,-0.009072,0.052372,-0.066024,0.124254,0.052966,0.007559"
P05981,"0.129025,0.121326,0.089584,-0.135854,0.128914,0.113980,0.113496,-0.131817,0.112218,-0.077701,0.131834,0.126899,-0.104143,-0.117450,-0.113538,-0.086765,-0.134124,0.094420,-0.103013,-0.120089,-0.090355,0.086553,0.124902,0.125463,-0.117181,-0.132328,0.095735,0.116397,0.085155,-0.101108,-0.105089,-0.106175,0.065224,-0.117438,0.123680,0.103983,-0.138365,-0.138092,0.128772,-0.045743,0.123236,-0.088980,0.114338,-0.067955,0.102480,0.130201,-0.120992,-0.118291,-0.128292,0.099301,0.096521,0.102085,-0.101277,0.061599,-0.126476,-0.148738,-0.050999,0.112198,0.115409,-0.107766,-0.101138,0.092579,0.111131,0.100986"
P03126,"0.160296,-0.218441,0.148709,0.095812,-0.145984,-0.061277,-0.243023,0.228403,-0.248112,-0.100184,-0.244549,0.049633,0.106298,-0.147061,0.032809,-0.238615,0.374963,0.004176,-0.044365,0.201015,-0.012306,-0.040118,-0.135336,-0.095121,0.157576,0.279501,0.088818,-0.164714,-0.020953,-0.003497,0.032351,-0.128255,0.308056,0.197989,-0.184490,-0.184750,0.197846,0.101163,-0.236953,-0.211281,-0.007313,0.224943,-0.100249,-0.137597,-0.170057,-0.247126,0.151330,0.137052,0.161031,-0.184585,-0.254538,0.130720,0.174821,0.150573,0.202052,0.194294,-0.252482,-0.187962,-0.192537,0.155532,-0.079976,-0.047558,-0.060274,0.065728"
P42356,"0.173339,0.187975,0.186293,-0.195625,0.193756,0.179956,0.188779,-0.186280,0.189438,-0.181539,0.188780,0.186166,-0.196040,-0.178657,-0.198924,-0.181538,-0.202616,0.173321,-0.185641,-0.188263,-0.181405,0.198120,0.190917,0.186530,-0.177371,-0.192101,0.184482,0.189465,0.196072,-0.188486,-0.179565,-0.169102,0.184898,-0.187703,0.189728,0.192982,-0.200747,-0.178281,0.190310,-0.169820,0.187149,-0.208967,0.180877,-0.196286,0.192062,0.189152,-0.200818,-0.192475,-0.179387,0.196342,0.198824,0.172709,-0.197543,0.177241,-0.195494,-0.189240,-0.191309,0.176204,0.197962,-0.186384,-0.185250,0.204205,0.199303,0.183085"
P30926,"0.193480,0.226240,0.209295,-0.222611,0.202122,0.202227,0.226878,-0.218270,0.222082,-0.200903,0.215882,0.204374,-0.213378,-0.188401,-0.221755,-0.189691,-0.252398,0.187262,-0.214633,-0.219056,-0.204567,0.230059,0.222039,0.211949,-0.199401,-0.227096,0.205134,0.223831,0.209632,-0.202685,-0.202933,-0.179989,0.185879,-0.212438,0.217779,0.223042,-0.228604,-0.210588,0.220989,-0.199806,0.190820,-0.238783,0.207521,-0.205916,0.222688,0.221382,-0.240341,-0.218250,-0.213676,0.225995,0.231633,0.183400,-0.220333,0.174664,-0.220722,-0.228954,-0.210548,0.205382,0.227725,-0.221012,-0.195905,0.211138,0.221919,0.205117"
P20292,"0.025077,-0.143704,-0.085594,0.160891,-0.176874,-0.041887,-0.142839,0.144061,-0.146526,0.054447,-0.168889,-0.090895,0.184969,0.001892,0.149825,0.005204,0.284472,-0.032650,0.171061,0.116390,0.019752,-0.128235,-0.081249,-0.083744,0.071168,0.184964,-0.038535,-0.135790,-0.277435,0.061204,0.059502,-0.028827,-0.055844,0.139988,-0.112794,-0.132506,0.228429,0.132139,-0.166307,0.031703,-0.144903,0.278449,-0.046513,0.136570,-0.163610,-0.206549,0.154687,0.140331,0.069234,-0.211294,-0.242239,-0.007914,0.217728,-0.180349,0.141634,0.123087,0.135188,-0.071148,-0.221167,0.119864,0.084146,-0.242731,-0.153205,0.012176"
P04271,"-0.594211,-1.802887,-0.468851,0.606424,-1.349349,-1.571851,-1.801898,1.641578,-1.958863,1.160846,-1.402704,-0.670239,1.601369,0.576046,1.470666,0.903885,1.442390,-1.406617,0.219588,1.881119,1.218251,-1.567469,-1.519115,-1.397976,1.967400,1.674756,-1.404543,-1.494451,-0.846994,1.140483,1.433503,0.932553,-0.649575,1.890230,-1.618397,-1.790354,0.862498,1.205479,-1.776665,1.148775,-1.040168,1.868018,-1.638554,1.068042,-1.960697,-1.268435,1.373367,1.470658,1.601313,-1.959052,-1.966279,-0.566533,1.527226,-0.599138,1.778618,1.626307,0.150248,-2.005669,-1.890134,1.552838,1.250820,-1.071631,-1.333073,-1.261239"
O60563,"0.218662,0.044121,0.177412,-0.162064,0.090967,0.068861,-0.001060,-0.031236,-0.012454,-0.164303,0.013700,0.220598,-0.111475,-0.201966,-0.137765,-0.216172,0.014120,0.098754,-0.239389,-0.031383,-0.061094,0.096128,0.051418,0.105485,-0.011659,-0.040882,0.152908,0.076225,0.219095,-0.067614,-0.080830,-0.180926,0.287513,-0.040780,0.032917,0.012546,-0.118795,-0.177128,0.032713,-0.217039,0.187147,-0.081476,0.040647,-0.204058,0.052025,0.045541,-0.092696,-0.063630,-0.034503,0.030069,0.050410,0.176463,-0.103082,0.286011,-0.032127,-0.095352,-0.283188,0.004065,0.104151,-0.056396,-0.171212,0.190227,0.162935,0.089858"
O00206,"0.397788,-0.264386,0.083548,-0.226631,0.026534,-0.001130,-0.209068,0.210434,-0.152649,-0.012018,-0.165570,0.227479,0.061121,-0.252516,0.048061,-0.108657,0.462610,0.102242,-0.269694,0.137061,0.105847,-0.094448,-0.132693,0.005417,0.092891,0.189744,0.150023,-0.020756,0.462264,0.016278,0.152831,-0.344695,0.342171,0.165891,-0.162459,-0.197559,0.155767,-0.136286,-0.250247,0.010173,0.325961,0.379033,-0.088222,-0.019248,-0.214757,-0.229934,0.176033,0.142370,0.214670,-0.334222,-0.253198,0.475344,0.086910,0.161544,0.155536,-0.038362,-0.400860,-0.092366,-0.161591,0.101544,-0.057674,0.075868,0.109958,0.138870"
P33032,"0.129734,0.191767,0.140520,-0.163425,0.168770,0.157270,0.184566,-0.194205,0.174560,-0.130418,0.190452,0.148688,-0.161308,-0.136328,-0.167630,-0.124764,-0.224298,0.133092,-0.131862,-0.179113,-0.147430,0.154771,0.185482,0.167246,-0.168153,-0.196790,0.135094,0.167971,0.113683,-0.149658,-0.161537,-0.119891,0.090372,-0.178490,0.182105,0.175570,-0.195994,-0.167039,0.195600,-0.107748,0.137621,-0.187677,0.168227,-0.125704,0.174115,0.195546,-0.190344,-0.178479,-0.185288,0.184275,0.178848,0.106876,-0.162121,0.102697,-0.191032,-0.185709,-0.084169,0.167055,0.180999,-0.166179,-0.145807,0.147306,0.153248,0.138759"
Q12884,"0.088049,0.041650,-0.049892,-0.068165,0.070856,0.084785,0.071016,-0.060076,0.114379,0.008750,0.080415,0.021481,-0.047314,-0.015026,-0.024064,0.014863,-0.008963,0.059676,0.011090,-0.094092,-0.038988,0.019806,0.068050,0.068784,-0.107327,-0.073642,0.049417,0.064386,0.046760,-0.061737,-0.016064,-0.045602,-0.028224,-0.064459,0.082696,0.068361,-0.000366,-0.035111,0.047531,0.075274,0.077365,0.001188,0.081564,0.037708,0.043644,0.018111,-0.045622,-0.030796,-0.063430,0.018507,0.039524,0.093698,-0.050442,-0.094643,-0.078071,-0.124032,0.012520,0.111198,0.040850,-0.069181,-0.011024,0.002463,0.091381,0.085750"
P00338,"-0.091458,-0.092437,0.111667,-0.069675,0.028091,-0.024009,-0.036916,0.084242,-0.020267,-0.110828,-0.051516,0.053909,-0.047338,-0.043295,-0.029249,-0.070388,0.063301,0.085126,-0.169774,0.047128,-0.045631,0.104666,-0.096527,-0.030065,0.033574,0.078713,0.098242,0.034991,0.291788,-0.051694,-0.040635,-0.161967,0.321782,-0.001316,-0.079905,0.017344,0.053374,0.016152,-0.042880,-0.211482,0.110478,0.011113,-0.073495,-0.199561,-0.013862,-0.024544,0.115561,-0.022752,0.098679,0.015217,0.060077,0.162426,-0.114415,0.365620,0.091155,0.150771,-0.382145,-0.039845,-0.025667,0.002389,-0.073747,0.069938,-0.028897,-0.006257"
P04637,"-15.698606,-12.289139,-13.237276,13.820419,-12.884519,-12.117786,-12.087556,13.397534,-11.591164,9.242476,-14.287784,-12.447468,10.112304,13.640048,12.111500,11.121030,14.218977,-10.227110,10.509235,11.897955,12.218221,-10.194913,-14.438748,-12.803736,11.938922,12.902785,-10.374221,-11.175118,-6.720476,13.256830,11.723855,11.066455,-7.373192,11.014123,-13.796437,-12.322703,14.394131,12.311981,-12.663859,6.699279,-11.006218,9.595373,-13.279554,8.311933,-10.427395,-13.140973,14.428258,12.257391,13.978268,-10.566345,-9.070325,-11.557539,8.597153,-3.581285,13.833502,14.543274,7.361232,-11.432102,-10.104717,11.731355,11.196779,-9.680257,-11.631954,-13.440168"
Q8NCG7,"0.074037,0.102317,0.012946,-0.072077,0.077174,0.084558,0.095324,-0.115714,0.099906,-0.014856,0.106352,0.049071,-0.055829,-0.037681,-0.052599,-0.007341,-0.108822,0.044319,-0.010024,-0.102891,-0.059417,0.040795,0.099948,0.084218,-0.104573,-0.112490,0.038737,0.077664,-0.014737,-0.062793,-0.065458,-0.042631,-0.050213,-0.090043,0.103086,0.080775,-0.079762,-0.081015,0.105561,0.027413,0.039691,-0.043610,0.097396,0.021052,0.073704,0.099461,-0.086674,-0.077515,-0.113106,0.070531,0.060478,0.039476,-0.052802,-0.059012,-0.100202,-0.124264,0.055521,0.101612,0.070221,-0.082985,-0.040909,0.007522,0.055211,0.064708"
P41279,"0.061056,-0.053360,0.088831,-0.027939,0.003201,0.004154,-0.039979,0.063787,-0.039216,-0.087607,-0.054029,0.058298,-0.023397,-0.089028,-0.062777,-0.126932,0.076721,0.039863,-0.066643,0.031908,-0.032297,0.067593,-0.013346,0.000831,0.034325,0.059943,0.092855,-0.001565,0.127290,-0.041784,-0.015043,-0.085067,0.228568,0.022684,-0.030321,-0.012384,0.017371,0.009302,-0.045594,-0.124546,0.078388,-0.013713,-0.021314,-0.154889,-0.009885,-0.061874,0.005032,-0.002231,0.055252,-0.002718,-0.008018,0.093789,-0.024216,0.161535,0.022553,0.032299,-0.197754,-0.042541,-0.004343,0.020408,-0.076427,0.082576,0.044496,0.057838"
P08631,"-2.001409,-2.918478,-1.769178,1.853412,-2.459810,-2.755372,-2.977548,2.617816,-3.218418,2.552179,-2.437207,-1.828246,2.967021,1.659341,2.694483,2.210125,2.645960,-2.485856,1.811796,2.989338,2.645152,-2.945927,-2.828998,-2.631344,2.861791,2.827611,-2.563922,-2.668523,-2.551070,2.520624,2.364742,1.737663,-2.003665,2.849852,-2.904208,-3.018340,2.255633,1.962362,-2.629162,2.326732,-2.168456,3.650697,-2.848389,2.593165,-3.190651,-2.339965,2.989881,2.589636,2.544535,-3.169538,-3.229083,-2.006135,2.880901,-1.802497,2.977021,2.878000,2.087339,-3.040262,-3.110318,2.831933,2.356773,-2.961879,-3.102430,-2.722740"
Q9BUB5,"-0.232707,-0.120163,-0.183873,0.189086,-0.152089,-0.101581,-0.132488,0.166902,-0.101090,-0.032859,-0.241447,-0.107419,0.016497,0.154131,0.116195,0.043493,0.259513,-0.022641,0.025337,0.103022,0.112137,-0.037132,-0.200709,-0.107184,0.118104,0.149581,-0.042287,-0.072964,0.075289,0.166601,0.098023,0.061771,0.081511,0.069932,-0.184751,-0.129830,0.211077,0.115896,-0.159281,-0.108295,-0.085839,0.000739,-0.144467,-0.040086,-0.041217,-0.173908,0.190115,0.127144,0.187253,-0.091156,-0.000194,-0.071764,-0.028130,0.233123,0.194699,0.203431,-0.068590,-0.084446,-0.026900,0.095764,0.077256,0.014368,-0.052714,-0.156539"
Q16512,"-3.125786,-3.631763,-2.227880,4.293100,-3.853908,-2.689599,-3.533903,3.701814,-3.692878,2.095545,-4.011635,-3.517602,3.673779,2.395298,3.431635,1.782922,4.756838,-2.130216,3.795310,3.528701,1.910097,-2.717921,-3.439637,-3.482654,2.810530,4.373075,-2.265341,-3.712453,-4.495083,2.391913,2.027486,1.568606,-1.625561,3.332145,-3.541531,-3.020382,4.699085,3.912699,-3.574182,0.991751,-3.895202,4.468709,-2.762163,2.394176,-3.482036,-3.856308,4.234319,3.133765,3.033256,-3.373368,-4.014081,-2.250443,4.024775,-2.242120,3.875202,4.671431,2.571907,-2.938526,-4.369498,3.476784,2.479586,-4.560154,-4.562732,-2.389328"
Q9NYL2,"0.131986,-0.050137,0.159310,-0.134431,0.046511,-0.000062,-0.063179,0.037100,-0.073231,-0.105394,-0.025145,0.165959,-0.035588,-0.173242,-0.063302,-0.160924,0.065071,0.058288,-0.206142,0.043770,-0.021243,0.039337,-0.027302,0.030510,0.053175,0.041313,0.092762,0.020921,0.184313,-0.044001,-0.033919,-0.154430,0.262074,0.025283,-0.043408,-0.042501,-0.058880,-0.092315,-0.031508,-0.147177,0.142328,0.030879,-0.033377,-0.157913,-0.032818,-0.006070,0.010603,-0.012408,0.037497,-0.045700,-0.025238,0.155996,-0.046794,0.260427,0.044552,0.023788,-0.267639,-0.067918,0.003104,0.008775,-0.105244,0.114429,0.061693,0.039904"
Q14957,"-2.628095,-4.583123,-3.012138,6.363237,-5.515781,-3.664179,-5.316261,4.736671,-5.945331,3.156017,-5.569651,-4.380395,5.683198,2.692640,4.865194,1.979449,6.871432,-3.306192,5.511233,5.055577,3.020523,-5.058605,-4.368879,-4.498469,3.866936,5.960521,-3.536687,-5.751215,-8.323219,3.891059,2.783869,2.419621,-3.513047,4.876813,-4.624402,-5.008626,5.976996,4.423101,-4.866035,1.972466,-5.507814,6.727322,-3.541949,4.549655,-5.052813,-5.374547,5.363575,4.773580,3.478833,-5.336010,-6.673670,-3.859220,6.858482,-4.675053,5.161064,5.473148,5.901603,-4.136242,-6.089833,4.995231,3.360915,-6.704741,-6.320759,-3.347045"
Q05513,"-0.133096,-0.360975,-0.036361,0.164132,-0.238971,-0.218332,-0.357876,0.386913,-0.336750,-0.066131,-0.402358,-0.033763,0.139253,0.024361,0.180271,-0.075160,0.528107,-0.044106,-0.108829,0.318008,0.157182,-0.120788,-0.383634,-0.223489,0.310491,0.383145,-0.024248,-0.193468,0.194058,0.187648,0.175541,-0.048568,0.337457,0.271937,-0.385110,-0.321632,0.322704,0.170962,-0.373836,-0.211485,-0.006421,0.256961,-0.310506,-0.134195,-0.242747,-0.366541,0.382715,0.266974,0.380042,-0.298860,-0.222953,0.060624,0.083456,0.412888,0.408008,0.408020,-0.372238,-0.303826,-0.225250,0.227782,0.060059,0.000991,-0.130065,-0.161314"
P56817,"-0.160081,-0.761792,-0.763626,0.340474,-0.519258,-0.501024,-0.661907,0.640831,-0.513605,0.796821,-0.537188,-0.512098,0.721723,0.474766,0.725697,0.710716,0.858097,-0.530755,0.524238,0.571561,0.628984,-0.792907,-0.564022,-0.482529,0.519252,0.612712,-0.577330,-0.576112,-0.521419,0.531201,0.725455,0.410477,-0.693625,0.694613,-0.555824,-0.661653,0.712161,0.551881,-0.733354,1.011573,-0.388353,1.024880,-0.537197,0.929083,-0.780646,-0.775309,0.675295,0.743701,0.573372,-0.957911,-0.856302,-0.214088,0.710140,-1.038612,0.612091,0.332160,0.590517,-0.488694,-0.785304,0.569269,0.743733,-0.767416,-0.431964,-0.368780"
P08151,"0.061642,-0.345928,0.215543,-0.092877,-0.090805,-0.179173,-0.331023,0.330192,-0.342985,-0.120816,-0.280177,0.169769,0.095026,-0.188677,0.065522,-0.197922,0.414865,0.020484,-0.327898,0.304751,0.087697,-0.053277,-0.312365,-0.151035,0.296879,0.335963,0.074439,-0.127350,0.375453,0.063305,0.094763,-0.237070,0.538589,0.247755,-0.321908,-0.267816,0.145240,0.015212,-0.304706,-0.281894,0.175813,0.279811,-0.282513,-0.246581,-0.250286,-0.251468,0.301083,0.173411,0.324361,-0.288601,-0.218870,0.251861,0.041621,0.550150,0.342597,0.331631,-0.614637,-0.318987,-0.213449,0.185417,-0.063886,0.088971,-0.068253,-0.071142"
Q9UHD2,"-1.082705,-1.498367,-0.539999,0.805815,-1.090862,-1.290181,-1.407830,1.429949,-1.517728,0.880431,-1.260998,-0.783018,1.256433,0.685818,1.085097,0.769146,1.357976,-0.945069,0.615632,1.468007,1.053615,-1.040819,-1.445916,-1.291629,1.379885,1.494315,-0.882898,-1.179571,-0.587224,1.015849,0.990671,0.501017,-0.162901,1.324839,-1.451011,-1.290885,1.156164,1.009637,-1.302938,0.509298,-0.776781,1.565728,-1.444098,0.658775,-1.408246,-1.234895,1.541851,1.143977,1.388473,-1.343145,-1.328886,-0.654074,1.112124,-0.150808,1.479495,1.614198,0.118743,-1.459470,-1.442527,1.294271,0.883492,-1.132497,-1.410737,-1.159445"
Q99685,"0.180539,0.161065,0.184722,-0.170067,0.167238,0.163051,0.155571,-0.159192,0.152815,-0.175041,0.158891,0.177767,-0.168275,-0.181283,-0.178352,-0.187674,-0.157821,0.161419,-0.172185,-0.159060,-0.168807,0.171468,0.168105,0.167447,-0.154542,-0.158485,0.173338,0.160508,0.162776,-0.172548,-0.166096,-0.166140,0.183142,-0.158450,0.163620,0.161089,-0.172669,-0.163524,0.159909,-0.170070,0.171159,-0.169358,0.163026,-0.182714,0.163510,0.157220,-0.174823,-0.165373,-0.160341,0.163372,0.157869,0.164579,-0.161927,0.164566,-0.166447,-0.163414,-0.179205,0.150537,0.166075,-0.162211,-0.176727,0.180107,0.176002,0.174758"
P06734,"0.101668,0.185457,0.121132,-0.130181,0.154644,0.155775,0.185427,-0.174227,0.181085,-0.145112,0.168866,0.127614,-0.170980,-0.108906,-0.160425,-0.122480,-0.196639,0.140150,-0.117319,-0.178976,-0.144521,0.165140,0.167257,0.153967,-0.168951,-0.185565,0.141200,0.167569,0.140872,-0.139021,-0.147986,-0.106653,0.101708,-0.178867,0.170536,0.171579,-0.163227,-0.145915,0.178515,-0.128479,0.136741,-0.201897,0.160591,-0.141036,0.186972,0.171249,-0.174887,-0.166318,-0.161826,0.192365,0.194452,0.097769,-0.175834,0.123654,-0.180547,-0.167623,-0.101608,0.172632,0.188870,-0.169587,-0.138940,0.165734,0.159387,0.137313"
Q8IXJ6,"0.023646,-0.070618,-0.026294,0.018981,-0.058558,-0.043098,-0.127174,0.099824,-0.094303,-0.102942,-0.180467,0.091517,-0.072529,-0.030934,-0.037802,-0.134781,0.216588,0.021377,-0.131154,0.064441,0.083353,0.037627,-0.086285,0.017493,0.097148,0.081189,0.076487,-0.022814,0.184244,0.089414,0.054556,-0.039387,0.259814,0.048848,-0.121796,-0.093273,0.079069,-0.041881,-0.120510,-0.200162,0.043771,-0.074268,-0.082633,-0.164311,-0.002837,-0.115606,0.023054,0.063779,0.119862,-0.057510,0.009796,0.060570,-0.069551,0.315626,0.105244,0.026600,-0.243430,-0.085432,0.057397,0.053359,-0.079445,0.153416,0.132274,-0.042688"
Q04756,"0.269633,0.143706,0.263017,-0.208082,0.142022,0.157382,0.123783,-0.121426,0.094677,-0.174368,0.132829,0.246463,-0.122185,-0.268433,-0.153440,-0.241181,-0.115578,0.204055,-0.264761,-0.108120,-0.152835,0.140133,0.147273,0.185453,-0.112707,-0.104691,0.207179,0.161994,0.215609,-0.151766,-0.159037,-0.226175,0.265406,-0.088300,0.122210,0.117818,-0.186702,-0.224969,0.108588,-0.263394,0.222188,-0.101528,0.141516,-0.202511,0.122403,0.128326,-0.143991,-0.135320,-0.139588,0.116167,0.076344,0.239146,-0.128817,0.208162,-0.130913,-0.164827,-0.260170,0.110632,0.130972,-0.145857,-0.223178,0.191967,0.195727,0.217489"
P04156,"-0.144903,-0.694868,-0.056425,0.155392,-0.420289,-0.504474,-0.667798,0.667224,-0.686286,0.103251,-0.609282,-0.102146,0.429034,0.086391,0.459272,0.131637,0.773358,-0.293839,-0.151220,0.674656,0.331650,-0.411982,-0.663910,-0.458008,0.700985,0.654819,-0.318666,-0.403113,0.145218,0.377920,0.450901,0.072882,0.179583,0.620954,-0.669649,-0.622760,0.390000,0.341059,-0.695581,0.012709,-0.144064,0.598634,-0.590989,0.063125,-0.587320,-0.578430,0.642441,0.529996,0.665663,-0.711202,-0.563872,0.022263,0.337074,0.308472,0.729230,0.694874,-0.464658,-0.680703,-0.597379,0.438244,0.324604,-0.113018,-0.322431,-0.363250"
P30307,"-0.345135,-0.170756,-0.159970,0.178488,-0.157728,-0.145723,-0.139432,0.200145,-0.112392,-0.014470,-0.227084,-0.133092,0.046228,0.188293,0.156851,0.100765,0.244128,-0.018208,0.004318,0.140721,0.121071,-0.044885,-0.273564,-0.171424,0.137003,0.185265,-0.065984,-0.076707,0.144022,0.167109,0.104271,0.050174,0.107130,0.085696,-0.234666,-0.137225,0.247539,0.145123,-0.173222,-0.127718,-0.077736,0.074837,-0.204649,-0.045304,-0.076723,-0.166847,0.283248,0.131847,0.234175,-0.092683,-0.001465,-0.056754,-0.044489,0.308992,0.251605,0.306214,-0.158340,-0.113317,-0.084067,0.109000,0.098691,-0.036630,-0.142151,-0.210186"
Q9NPH5,"0.165519,0.171083,0.140964,-0.178356,0.177582,0.172405,0.175613,-0.172707,0.186383,-0.151564,0.175472,0.166840,-0.176753,-0.160104,-0.178483,-0.154104,-0.175113,0.162507,-0.157099,-0.182063,-0.157000,0.172294,0.177167,0.176390,-0.175345,-0.181861,0.171083,0.179084,0.182021,-0.168695,-0.155142,-0.154898,0.151862,-0.174943,0.176369,0.176939,-0.171851,-0.167583,0.173883,-0.129244,0.181146,-0.177581,0.170552,-0.160974,0.172727,0.165665,-0.180196,-0.171698,-0.165915,0.173180,0.177491,0.168381,-0.179131,0.134677,-0.184347,-0.193691,-0.152376,0.176355,0.183489,-0.170474,-0.163830,0.176524,0.187812,0.173809"
P45984,"-1.131342,-1.811185,-0.966795,1.214150,-1.486022,-1.437936,-1.862811,1.904883,-1.756816,0.512769,-2.043718,-0.765939,1.063999,0.839542,1.310063,0.511321,2.389844,-0.899499,0.224909,1.692614,1.363737,-1.139341,-1.964037,-1.394318,1.742487,1.862187,-0.849837,-1.291078,0.082638,1.459114,1.357297,0.673941,0.322998,1.539905,-1.968088,-1.839696,1.668810,1.140740,-1.898862,0.063655,-0.703713,1.349619,-1.734564,0.281793,-1.442141,-1.819718,1.872667,1.595467,1.954176,-1.665333,-1.322247,-0.574683,0.862393,0.806143,2.027531,1.914247,-0.403155,-1.689239,-1.251269,1.450921,0.929028,-0.515331,-0.978093,-1.347767"
Q8IW41,"-0.174180,-0.059526,-0.052437,0.072789,-0.054723,-0.046966,-0.036986,0.083689,-0.019352,-0.032612,-0.099367,-0.055833,-0.014003,0.083445,0.032642,0.018112,0.084277,0.012917,-0.009071,0.038188,0.032478,0.038906,-0.104995,-0.062422,0.042913,0.071191,0.015537,-0.009005,0.117272,0.050775,0.023334,0.000959,0.113542,0.011614,-0.090435,-0.030285,0.108477,0.069202,-0.056523,-0.102372,-0.014501,-0.016005,-0.081505,-0.077365,0.001723,-0.067534,0.112391,0.033118,0.101408,0.007051,0.045620,-0.017165,-0.063230,0.186192,0.090398,0.132706,-0.122736,-0.031646,-0.000101,0.032063,0.016622,0.016837,-0.041676,-0.067493"
P54750,"0.149861,0.201558,0.163654,-0.175026,0.187291,0.184144,0.204994,-0.196256,0.203789,-0.172483,0.197877,0.163740,-0.193561,-0.157084,-0.193690,-0.162521,-0.218104,0.170327,-0.150442,-0.200292,-0.181552,0.196396,0.199770,0.184578,-0.190139,-0.203629,0.174170,0.191916,0.164948,-0.183721,-0.179442,-0.148984,0.149292,-0.197594,0.199159,0.203373,-0.193998,-0.168738,0.200741,-0.154806,0.168104,-0.217140,0.189715,-0.178497,0.201672,0.193785,-0.205724,-0.195777,-0.189811,0.209482,0.208529,0.145576,-0.195442,0.145975,-0.206926,-0.193888,-0.149413,0.190750,0.201907,-0.191325,-0.173665,0.187683,0.189878,0.177733"
P32302,"0.315048,0.183763,0.380723,-0.322050,0.217429,0.186092,0.183534,-0.176537,0.133988,-0.251628,0.186782,0.321345,-0.195643,-0.325712,-0.225157,-0.294380,-0.188850,0.242597,-0.369257,-0.147603,-0.196707,0.226075,0.195777,0.216077,-0.134718,-0.182868,0.257174,0.219929,0.349865,-0.193938,-0.207025,-0.302688,0.328947,-0.155634,0.161202,0.175840,-0.278521,-0.314798,0.178283,-0.337714,0.286196,-0.185746,0.180326,-0.287219,0.181015,0.218544,-0.208136,-0.197282,-0.173335,0.165126,0.169642,0.285994,-0.199749,0.330564,-0.184433,-0.202433,-0.370778,0.142990,0.189901,-0.210090,-0.266757,0.307427,0.243157,0.240003"
O00444,"-1.023531,-0.778447,-0.719956,0.834510,-0.806528,-0.809548,-0.828780,0.827904,-0.889450,0.495404,-0.889892,-0.636569,0.694828,0.709995,0.848167,0.597434,0.979307,-0.507782,0.477100,0.817524,0.836300,-0.795349,-1.051992,-0.827650,0.756762,0.858640,-0.670160,-0.712654,-0.475118,0.941721,0.638310,0.495362,-0.350470,0.681797,-0.970366,-0.894052,0.895042,0.503780,-0.772850,0.194931,-0.580690,0.811591,-0.916091,0.557110,-0.718683,-0.760938,1.084897,0.815648,0.845838,-0.790912,-0.626838,-0.715564,0.564105,0.108774,1.005703,1.049900,0.476367,-0.743859,-0.677376,0.763992,0.636663,-0.691912,-0.899016,-1.026904"
O60885,"-0.015225,-0.366434,-0.143793,0.214644,-0.320840,-0.310864,-0.461848,0.450578,-0.430822,0.123756,-0.512060,-0.036779,0.136688,0.101157,-0.042852,-0.069501,0.506681,-0.297289,0.141170,0.346491,0.374598,-0.036976,-0.235791,-0.203021,0.406451,0.354881,0.045008,-0.318060,0.135747,0.285744,0.358146,0.139963,0.370485,0.371743,-0.379513,-0.337116,0.334053,0.203802,-0.419677,-0.084096,-0.075673,0.061420,-0.378468,-0.175440,-0.270371,-0.512305,0.097677,0.285896,0.471357,-0.204128,-0.262518,-0.135899,0.178610,0.139160,0.268474,0.117096,-0.291576,-0.446172,-0.125347,0.360153,-0.038882,0.045741,0.030486,-0.133993"
O95977,"0.165332,0.212194,0.181425,-0.195281,0.197938,0.193222,0.212494,-0.207425,0.211300,-0.181772,0.206640,0.182788,-0.205421,-0.170086,-0.205297,-0.177220,-0.230096,0.181072,-0.178078,-0.209359,-0.191614,0.207095,0.210846,0.194608,-0.195797,-0.213546,0.185749,0.199448,0.190796,-0.197454,-0.187370,-0.155313,0.164798,-0.204252,0.210159,0.211659,-0.210521,-0.181308,0.208297,-0.161066,0.180408,-0.233022,0.196730,-0.192476,0.210168,0.207114,-0.222421,-0.207582,-0.197110,0.217824,0.214007,0.163891,-0.208055,0.164214,-0.216478,-0.210352,-0.171621,0.197570,0.212893,-0.201416,-0.186606,0.204962,0.205576,0.189978"
P45983,"-0.143968,-0.411870,-0.135547,0.203610,-0.295639,-0.280337,-0.417853,0.457597,-0.366949,0.019177,-0.499231,-0.078597,0.131986,0.104493,0.159083,-0.056837,0.560686,-0.151584,-0.059525,0.359014,0.284931,-0.119559,-0.391507,-0.248634,0.393573,0.412590,-0.034995,-0.256756,0.233650,0.273781,0.291245,0.081117,0.344598,0.331686,-0.429631,-0.385043,0.345554,0.222359,-0.441471,-0.133942,-0.037938,0.171794,-0.373663,-0.148791,-0.271410,-0.428823,0.328124,0.328347,0.470074,-0.297784,-0.236660,-0.012509,0.098602,0.357203,0.415445,0.346691,-0.327889,-0.383393,-0.189645,0.311176,0.083075,0.068515,-0.052083,-0.203409"
Q99640,"0.010266,-0.436107,0.001691,0.470154,-0.445812,-0.182507,-0.458970,0.459565,-0.474208,-0.006998,-0.528160,-0.222970,0.384618,-0.027472,0.319322,-0.165315,0.766738,-0.076883,0.266574,0.416706,0.040458,-0.248398,-0.330796,-0.298566,0.296865,0.575784,-0.067616,-0.426595,-0.501302,0.127260,0.117574,-0.054104,0.108079,0.409675,-0.397239,-0.373871,0.564563,0.384977,-0.484318,-0.190804,-0.339280,0.574713,-0.195048,0.060369,-0.402597,-0.515085,0.444927,0.364241,0.294643,-0.430414,-0.572375,-0.019585,0.509047,-0.096317,0.462174,0.525396,0.056676,-0.320571,-0.536759,0.350909,0.097962,-0.404591,-0.401683,-0.021316"
Q9UPP1,"0.291373,0.146443,0.284802,-0.260675,0.214987,0.176384,0.137323,-0.148971,0.140339,-0.252697,0.161163,0.288245,-0.203959,-0.296952,-0.229872,-0.277353,-0.133010,0.208442,-0.318916,-0.147166,-0.201888,0.203504,0.177521,0.207433,-0.137476,-0.154210,0.232784,0.190272,0.307441,-0.220351,-0.185393,-0.269500,0.340084,-0.156093,0.163902,0.146958,-0.229867,-0.229199,0.147477,-0.274136,0.262835,-0.160377,0.160404,-0.289453,0.162582,0.167973,-0.194998,-0.184444,-0.153090,0.155095,0.157259,0.296394,-0.200622,0.313420,-0.155273,-0.171744,-0.378633,0.135656,0.178061,-0.180632,-0.249330,0.279804,0.247775,0.226449"
Q9UM07,"0.168636,0.119650,0.171855,-0.163228,0.155829,0.119003,0.140267,-0.126423,0.142331,-0.115778,0.161004,0.115181,-0.129384,-0.127989,-0.124619,-0.111187,-0.170212,0.099440,-0.148912,-0.121759,-0.150531,0.128133,0.147433,0.124111,-0.104169,-0.134317,0.093993,0.126163,0.142817,-0.162799,-0.101491,-0.082606,0.082440,-0.109712,0.158452,0.144274,-0.179303,-0.091032,0.116162,-0.061295,0.125952,-0.159235,0.139641,-0.120649,0.125883,0.141378,-0.172870,-0.122044,-0.125053,0.119697,0.130594,0.128448,-0.114398,0.039417,-0.152408,-0.134175,-0.147151,0.109182,0.114593,-0.144242,-0.091850,0.178307,0.164019,0.159922"
Q9NTG7,"0.177440,0.105492,0.175399,-0.127487,0.111900,0.127569,0.100288,-0.098112,0.094677,-0.162841,0.094722,0.152241,-0.120826,-0.178486,-0.136528,-0.195839,-0.080087,0.144785,-0.160473,-0.099894,-0.142974,0.130963,0.124499,0.134325,-0.098811,-0.099208,0.154516,0.113174,0.135856,-0.135718,-0.133166,-0.157492,0.192381,-0.101017,0.106073,0.105424,-0.127249,-0.131928,0.097927,-0.191386,0.142642,-0.116237,0.124500,-0.183611,0.111432,0.101764,-0.120641,-0.109278,-0.115513,0.114440,0.095068,0.155885,-0.114840,0.167522,-0.105991,-0.110570,-0.182765,0.101382,0.109035,-0.120626,-0.159311,0.160978,0.145159,0.156778"
Q9GZQ4,"0.108515,0.119933,0.110392,-0.093044,0.099250,0.092791,0.095708,-0.126035,0.077379,-0.070304,0.114365,0.102254,-0.077800,-0.098250,-0.086661,-0.080527,-0.131586,0.068266,-0.079492,-0.095257,-0.092643,0.066674,0.112807,0.103053,-0.095949,-0.111999,0.066464,0.084452,0.007693,-0.088072,-0.104647,-0.080747,0.017917,-0.096449,0.108950,0.086280,-0.126936,-0.113681,0.117131,-0.054423,0.063291,-0.074385,0.106030,-0.042662,0.090761,0.129956,-0.108295,-0.102314,-0.129683,0.092909,0.069465,0.052022,-0.060238,0.026065,-0.107493,-0.106271,-0.012921,0.087321,0.085975,-0.095492,-0.085492,0.059919,0.064926,0.084701"
P15374,"0.007192,0.035881,0.030417,0.006657,0.016186,0.047544,0.041286,-0.020811,0.042289,-0.098535,0.010693,0.030718,-0.057113,-0.034825,-0.046450,-0.074350,0.004339,0.069507,-0.029149,-0.041037,-0.058767,0.066707,0.022599,0.036071,-0.043632,-0.027084,0.062333,0.048419,0.058984,-0.036252,-0.047998,-0.041212,0.092528,-0.048311,0.021466,0.042077,0.001720,-0.018267,0.020765,-0.110061,0.040359,-0.065097,0.039608,-0.091961,0.063373,0.004576,-0.024192,-0.036838,-0.019826,0.052578,0.062296,0.038451,-0.067766,0.114232,-0.023609,-0.006849,-0.086173,0.048538,0.048826,-0.052305,-0.053094,0.070175,0.050740,0.045796"
P14174,"0.293276,0.130007,0.326432,-0.273013,0.196194,0.178046,0.126385,-0.131076,0.085022,-0.255737,0.168738,0.299311,-0.194383,-0.268527,-0.201795,-0.302605,-0.171540,0.196866,-0.356010,-0.101489,-0.201352,0.165462,0.167227,0.175042,-0.120256,-0.128012,0.232412,0.160621,0.305217,-0.208607,-0.183009,-0.270553,0.381703,-0.099637,0.150656,0.110718,-0.250177,-0.227719,0.119229,-0.290673,0.279521,-0.124299,0.145332,-0.233616,0.130511,0.198983,-0.198190,-0.173474,-0.127769,0.131705,0.109321,0.341182,-0.172375,0.349566,-0.131836,-0.160688,-0.432772,0.103464,0.137921,-0.132993,-0.271977,0.254013,0.233727,0.178581"
Q13535,"0.135251,0.058762,0.155159,-0.147820,0.090839,0.064427,0.040370,-0.065799,0.023166,-0.129136,0.066997,0.174167,-0.082628,-0.169925,-0.093241,-0.151520,-0.051368,0.103202,-0.204003,-0.048359,-0.069092,0.069007,0.055098,0.094667,-0.035973,-0.064016,0.099826,0.090139,0.146136,-0.072761,-0.089963,-0.143277,0.180345,-0.058962,0.044331,0.032951,-0.122443,-0.149415,0.060352,-0.142492,0.144905,-0.048431,0.048524,-0.128095,0.055787,0.079113,-0.067385,-0.071948,-0.063105,0.029484,0.056517,0.126175,-0.095925,0.210353,-0.043032,-0.061050,-0.183088,0.034563,0.081250,-0.075121,-0.112697,0.133700,0.102688,0.073236"
P21860,"-0.834316,-1.954659,-1.199024,1.414397,-1.626582,-1.839245,-1.944653,1.912129,-1.920848,1.844170,-1.680084,-1.533804,1.806254,1.316053,1.362732,1.368478,1.667412,-2.017802,1.691924,1.930313,1.713754,-1.599672,-1.444365,-1.679875,2.028892,1.861037,-1.610909,-1.942092,-1.606084,1.430020,1.963002,1.845294,-1.335781,2.096421,-1.610680,-1.745156,1.459672,1.893979,-1.965519,1.936473,-1.576141,1.572447,-1.739918,1.416623,-1.920157,-1.975554,1.196234,1.819167,1.846299,-1.804606,-2.037258,-1.576479,2.037972,-2.250233,1.495743,1.380965,1.255442,-2.126882,-1.867585,1.865405,1.569561,-1.365408,-1.283809,-1.228830"
Q15077,"0.045221,-0.321413,0.014427,0.349239,-0.351392,-0.219090,-0.420244,0.332805,-0.469852,0.157218,-0.397722,-0.162430,0.378991,0.014978,0.293788,-0.074441,0.516580,-0.159492,0.181970,0.389177,0.161907,-0.337147,-0.288065,-0.247198,0.287130,0.432589,-0.134883,-0.418582,-0.531918,0.208966,0.121463,0.033049,-0.092565,0.387594,-0.337631,-0.382543,0.347401,0.191887,-0.350187,-0.042098,-0.279671,0.517450,-0.218647,0.210172,-0.367103,-0.347761,0.369723,0.355807,0.195121,-0.368599,-0.548493,-0.159618,0.491381,-0.250246,0.379352,0.351310,0.254913,-0.320828,-0.428187,0.315313,0.104492,-0.383012,-0.373349,-0.113298"
P35499,"0.155798,0.202068,0.165734,-0.170717,0.185420,0.184298,0.201940,-0.197187,0.202396,-0.171103,0.195374,0.163325,-0.192706,-0.156066,-0.192186,-0.163888,-0.214444,0.168003,-0.151893,-0.199221,-0.182053,0.194171,0.199365,0.184987,-0.190619,-0.202482,0.173452,0.188269,0.159651,-0.183627,-0.179631,-0.145809,0.143492,-0.195379,0.198906,0.200765,-0.191722,-0.167667,0.199084,-0.154259,0.164246,-0.215730,0.191215,-0.174205,0.201880,0.192333,-0.206170,-0.193273,-0.191144,0.208516,0.203991,0.144726,-0.191044,0.138025,-0.205857,-0.195025,-0.145195,0.190724,0.201536,-0.191760,-0.174069,0.186857,0.190506,0.181004"
Q9UP65,"0.062393,0.122599,0.065053,-0.077419,0.100778,0.095405,0.124166,-0.109168,0.133008,-0.082205,0.107178,0.064810,-0.126041,-0.048112,-0.130451,-0.074362,-0.139647,0.071983,-0.045136,-0.123047,-0.088030,0.136277,0.127846,0.104299,-0.104914,-0.127687,0.097135,0.104831,0.098228,-0.097263,-0.079087,-0.033133,0.071799,-0.112973,0.122173,0.134438,-0.102685,-0.066394,0.112284,-0.071460,0.074251,-0.184174,0.105636,-0.111708,0.136489,0.093995,-0.152216,-0.109971,-0.095927,0.148969,0.146444,0.042710,-0.123268,0.045199,-0.141325,-0.132433,-0.079198,0.106817,0.139456,-0.110800,-0.093631,0.131749,0.139988,0.103964"
P43403,"0.160067,-0.332766,-0.058074,0.049342,-0.121723,-0.204971,-0.297103,0.319197,-0.244728,0.221982,-0.212775,-0.116711,0.204544,0.035160,0.098318,0.060536,0.332981,-0.208270,0.125475,0.265371,0.206846,-0.180581,-0.163295,-0.180572,0.268829,0.294714,-0.100632,-0.258736,0.005810,0.084052,0.296266,0.137008,0.025480,0.329673,-0.178054,-0.207800,0.182083,0.225712,-0.325484,0.265039,-0.017460,0.223823,-0.206979,0.084741,-0.282912,-0.356629,0.101755,0.269985,0.288195,-0.290149,-0.311365,0.005028,0.282243,-0.340559,0.155994,0.078138,-0.059853,-0.287824,-0.252416,0.244560,0.132379,-0.056961,0.004024,-0.000569"
P49336,"0.004759,0.040883,0.039459,-0.043904,0.041732,0.036856,0.025689,-0.026272,0.033468,-0.106625,0.000819,0.082776,-0.093916,-0.049489,-0.071285,-0.086678,0.008559,0.080285,-0.100075,-0.041867,-0.027553,0.086284,0.010796,0.056525,-0.032419,-0.039016,0.085971,0.064738,0.147081,-0.020806,-0.049118,-0.078668,0.159958,-0.057900,0.006218,0.040789,-0.019954,-0.073670,0.029156,-0.156619,0.077374,-0.094916,0.017431,-0.130602,0.073218,0.021587,-0.027873,-0.047135,-0.008022,0.058965,0.093830,0.065761,-0.115938,0.218046,-0.016421,-0.019274,-0.167016,0.036618,0.087988,-0.051968,-0.089542,0.114559,0.087076,0.020878"
P00749,"0.193913,-0.012626,0.119432,-0.125656,0.078451,0.032293,-0.010989,0.010472,0.007721,-0.047983,0.024348,0.113742,-0.059589,-0.137414,-0.138752,-0.136164,0.003839,0.033339,-0.091536,-0.010960,-0.028860,0.089171,0.070074,0.067640,0.003037,-0.011011,0.119851,0.027408,0.172290,-0.090759,-0.004162,-0.082914,0.205780,0.013180,0.040479,0.050448,-0.067877,-0.050495,-0.006145,-0.055380,0.139654,-0.071983,0.025328,-0.151619,0.014229,-0.028852,-0.111246,-0.031952,0.008269,0.028807,0.010321,0.137023,-0.030989,0.038086,-0.073184,-0.112051,-0.214963,-0.016181,0.045356,-0.015554,-0.116020,0.139453,0.153159,0.131272"
P09769,"0.177429,-0.240007,-0.000312,-0.028806,-0.055623,-0.109625,-0.209892,0.227373,-0.159260,0.086198,-0.157195,0.002122,0.096290,-0.061612,0.020626,-0.049163,0.266988,-0.089645,-0.008280,0.166562,0.125310,-0.080796,-0.106889,-0.087221,0.176856,0.204227,0.007186,-0.139045,0.128433,0.026845,0.182921,0.008733,0.172949,0.207505,-0.126322,-0.154667,0.112759,0.106254,-0.228407,0.114441,0.084800,0.151196,-0.137331,-0.037243,-0.187385,-0.249895,0.063510,0.167433,0.208788,-0.200765,-0.199611,0.104351,0.135909,-0.089271,0.111030,0.030596,-0.165628,-0.192810,-0.138307,0.159277,0.029581,0.034543,0.065915,0.043004"
P15104,"0.184020,0.120049,0.337602,-0.243597,0.191605,0.153098,0.153585,-0.115825,0.139483,-0.273645,0.151060,0.244670,-0.210886,-0.204742,-0.208909,-0.229538,-0.186196,0.202711,-0.364814,-0.126405,-0.209574,0.239711,0.148666,0.153900,-0.144668,-0.140432,0.242081,0.187108,0.418773,-0.216896,-0.183285,-0.298117,0.392028,-0.157239,0.142958,0.174214,-0.179568,-0.197559,0.135366,-0.342786,0.268446,-0.183553,0.140115,-0.288584,0.151648,0.203210,-0.169742,-0.193433,-0.104287,0.204625,0.210585,0.309923,-0.219521,0.412200,-0.129626,-0.115544,-0.484769,0.135779,0.148829,-0.184022,-0.249552,0.258097,0.156109,0.176432"
Q9BZP6,"0.063477,0.089683,0.105015,-0.091560,0.079412,0.114221,0.099818,-0.068858,0.097167,-0.200624,0.059393,0.126187,-0.160516,-0.063962,-0.088625,-0.145709,-0.079215,0.136817,-0.212156,-0.082124,-0.117731,0.120693,0.066450,0.089286,-0.088646,-0.084552,0.128486,0.118595,0.233862,-0.086455,-0.101202,-0.121989,0.224251,-0.091898,0.071041,0.068611,-0.086651,-0.100260,0.058649,-0.225504,0.135256,-0.143780,0.087071,-0.149024,0.120707,0.114604,-0.094479,-0.097635,-0.049942,0.111127,0.139932,0.183257,-0.170696,0.307451,-0.047474,-0.059814,-0.279308,0.099369,0.119780,-0.096259,-0.135540,0.180615,0.150442,0.053883"
P21462,"0.203686,0.175939,0.208916,-0.210604,0.195878,0.178969,0.174224,-0.176353,0.173518,-0.196787,0.181764,0.210171,-0.195366,-0.207298,-0.204797,-0.207741,-0.182991,0.180533,-0.213034,-0.177368,-0.183409,0.196203,0.185686,0.189967,-0.166677,-0.181678,0.195480,0.187876,0.216211,-0.193027,-0.179549,-0.189040,0.219659,-0.177354,0.181065,0.180139,-0.204947,-0.190126,0.177924,-0.187406,0.208118,-0.196316,0.175740,-0.214429,0.182191,0.179724,-0.198505,-0.187242,-0.171620,0.181138,0.184839,0.196494,-0.195591,0.204852,-0.186017,-0.187381,-0.226759,0.163493,0.191945,-0.183260,-0.198388,0.219925,0.209923,0.192681"
P00491,"-0.018148,-0.291697,0.127502,0.108137,-0.165545,-0.145387,-0.276940,0.295386,-0.260340,-0.106305,-0.286957,0.009195,0.115182,-0.078456,0.116583,-0.129358,0.413005,0.012391,-0.156122,0.251635,0.027066,-0.060067,-0.263521,-0.152033,0.217077,0.318343,0.024491,-0.149912,0.161781,0.043444,0.072528,-0.149202,0.355842,0.208676,-0.275615,-0.226164,0.260548,0.126019,-0.284794,-0.281014,-0.001675,0.265779,-0.204048,-0.169165,-0.207694,-0.255803,0.290823,0.183278,0.259130,-0.209819,-0.200596,0.163290,0.098790,0.356975,0.322403,0.359518,-0.416704,-0.217795,-0.225299,0.155308,-0.024203,-0.021994,-0.137981,-0.041684"
Q13255,"0.192816,0.228395,0.214185,-0.227023,0.213027,0.211490,0.239371,-0.220165,0.233828,-0.192702,0.225219,0.200601,-0.215945,-0.201177,-0.214783,-0.207030,-0.259007,0.213054,-0.211091,-0.216003,-0.205650,0.226373,0.229155,0.222224,-0.204363,-0.235927,0.210999,0.222605,0.214731,-0.204083,-0.209950,-0.180445,0.183096,-0.211272,0.217398,0.234867,-0.250788,-0.216903,0.227565,-0.213706,0.209057,-0.253508,0.218642,-0.225327,0.226238,0.235871,-0.229841,-0.215379,-0.219468,0.242303,0.228699,0.186552,-0.231671,0.184617,-0.232214,-0.231563,-0.184002,0.213621,0.227101,-0.228080,-0.211839,0.245497,0.234111,0.216929"
P27707,"0.163092,0.207545,0.173162,-0.186205,0.196207,0.188546,0.208192,-0.203647,0.208186,-0.176796,0.204018,0.175205,-0.201186,-0.164845,-0.201331,-0.169212,-0.225245,0.173342,-0.166205,-0.204948,-0.184746,0.200827,0.205180,0.192492,-0.194070,-0.211122,0.179731,0.197339,0.177580,-0.188632,-0.183891,-0.153408,0.154802,-0.201984,0.205023,0.206573,-0.205504,-0.179240,0.206525,-0.158067,0.177903,-0.224922,0.194251,-0.183171,0.207703,0.201439,-0.214482,-0.200905,-0.195188,0.213819,0.213227,0.154241,-0.202137,0.151857,-0.212918,-0.204483,-0.158426,0.194428,0.210865,-0.198006,-0.180871,0.200118,0.201210,0.184201"
O60341,"-2.861757,-5.104729,-3.078863,3.558802,-4.138298,-4.714531,-4.779417,5.152428,-4.612482,4.382432,-4.492495,-4.170247,4.228788,3.846081,3.526959,3.541684,4.211018,-5.008410,3.887835,4.894652,4.195068,-3.618152,-3.980846,-4.596087,5.238965,4.905016,-3.898823,-4.788781,-2.872658,3.591068,5.014820,4.703589,-2.765798,5.212953,-4.205717,-4.280469,3.807427,5.193899,-5.051328,4.345839,-3.905954,3.378648,-4.613272,3.005405,-4.654024,-4.988681,3.276930,4.583495,5.095413,-4.298172,-4.519309,-3.745800,4.591253,-4.652574,3.998142,3.997167,2.168453,-5.329776,-4.471630,4.729377,4.044453,-2.992991,-3.128779,-3.338566"
O14939,"-0.041835,-0.030104,0.041286,0.046090,-0.042812,-0.028032,-0.038792,0.037078,-0.072669,-0.010131,-0.026747,-0.004078,0.048449,-0.013329,0.031807,-0.027018,0.042692,0.007048,0.018467,0.047401,0.010785,-0.033453,-0.053791,-0.049352,0.020007,0.055545,0.001309,-0.040557,-0.061638,0.022298,-0.018066,-0.033548,0.033966,0.032165,-0.052851,-0.045133,0.050301,-0.000335,-0.020991,-0.071088,-0.011503,0.089652,-0.040062,0.001615,-0.042694,-0.024347,0.074271,0.025111,0.021284,-0.021240,-0.052582,-0.027486,0.043877,0.050914,0.055286,0.088082,-0.002123,-0.038874,-0.054408,0.037169,-0.016130,-0.073448,-0.095855,-0.039551"
Q9Y4D2,"0.195226,-0.003276,0.160790,-0.197656,0.057494,0.004893,-0.048684,-0.032289,-0.098487,-0.035592,0.040715,0.218324,0.017764,-0.229485,-0.037761,-0.120424,-0.024542,0.024614,-0.203118,0.037009,0.000364,-0.039112,0.023189,0.063745,0.054518,-0.005452,0.032864,0.026442,0.052483,-0.027824,-0.038526,-0.141510,0.121313,0.030902,-0.010193,-0.059694,-0.163182,-0.166890,0.012607,-0.034427,0.116763,0.095434,-0.009768,-0.048695,-0.073274,0.078170,-0.032945,-0.039769,-0.032551,-0.083232,-0.095484,0.138915,0.011440,0.150287,0.012573,-0.048495,-0.101786,-0.078302,-0.022326,0.016956,-0.088334,0.040949,0.024945,0.020411"
P33981,"0.121052,0.169056,0.158066,-0.165841,0.171934,0.159836,0.178189,-0.166011,0.179593,-0.163675,0.171104,0.152617,-0.178822,-0.141625,-0.176050,-0.149213,-0.189019,0.159191,-0.155004,-0.172390,-0.165186,0.187702,0.164210,0.159928,-0.164938,-0.173600,0.165672,0.175394,0.185167,-0.168319,-0.163407,-0.148430,0.166988,-0.175601,0.167112,0.183059,-0.168346,-0.148677,0.174775,-0.159551,0.163153,-0.192366,0.158218,-0.180150,0.179648,0.170478,-0.168393,-0.177355,-0.155935,0.188903,0.193158,0.148380,-0.189655,0.171193,-0.173516,-0.155631,-0.179106,0.164427,0.178285,-0.171091,-0.162195,0.177248,0.166980,0.156423"
P42684,"0.153774,-0.810755,-0.017256,0.280403,-0.413186,-0.637265,-0.722706,0.852938,-0.705848,0.511496,-0.572787,-0.431244,0.561944,0.221322,0.268238,0.137862,0.637636,-0.657950,0.367551,0.748165,0.480840,-0.418562,-0.442054,-0.610920,0.806783,0.798074,-0.349915,-0.739349,-0.131250,0.270444,0.721531,0.551963,0.043886,0.848993,-0.459677,-0.561425,0.360684,0.708991,-0.790944,0.524191,-0.222898,0.344423,-0.612468,0.108161,-0.678249,-0.841367,0.224877,0.692317,0.755609,-0.613720,-0.698418,-0.310145,0.734269,-0.759783,0.419510,0.399322,-0.085788,-0.849419,-0.621281,0.660284,0.394283,-0.091313,-0.131380,-0.146610"
P53667,"-0.375142,-0.316613,-0.294517,0.328393,-0.304643,-0.257128,-0.323628,0.369823,-0.272161,0.018345,-0.445541,-0.203439,0.120786,0.270219,0.282742,0.123257,0.503957,-0.114426,0.026666,0.282721,0.256874,-0.175867,-0.431492,-0.264692,0.299510,0.343797,-0.158221,-0.202939,0.110136,0.322925,0.252487,0.151668,0.097434,0.230625,-0.397030,-0.338681,0.398176,0.246592,-0.369957,-0.084945,-0.148567,0.151267,-0.333508,0.006510,-0.193855,-0.352134,0.408636,0.307399,0.403158,-0.263287,-0.131190,-0.131602,0.044968,0.333041,0.426771,0.429325,-0.127309,-0.262009,-0.164893,0.239830,0.195446,-0.027728,-0.161081,-0.317771"
Q5BJF2,"-2.212106,-3.877269,-4.170420,2.986489,-3.438292,-3.620055,-4.094798,3.178217,-4.019456,4.950886,-3.084446,-3.333930,4.694040,3.170154,4.697666,4.667180,3.867331,-4.014614,3.723911,3.878821,4.065631,-5.417114,-3.655651,-3.390857,3.545336,3.547696,-4.702649,-3.939840,-5.348626,3.858584,3.928996,3.354066,-5.889453,4.096315,-3.592068,-4.308354,3.400141,3.001437,-3.729242,5.915946,-3.789282,5.959404,-3.434411,6.094367,-4.718645,-3.321191,4.172366,4.058140,2.983375,-5.169290,-5.289128,-3.174327,4.944008,-5.967870,3.893368,3.014362,5.682507,-3.655556,-4.799319,3.859751,4.487536,-5.309200,-4.357179,-3.751048"
P26358,"-0.518448,-0.546687,-0.323721,0.421911,-0.443476,-0.409110,-0.543000,0.585665,-0.485545,0.047907,-0.669538,-0.261446,0.257935,0.296481,0.430793,0.138870,0.796547,-0.148669,0.012525,0.485681,0.354513,-0.275695,-0.668203,-0.417213,0.473446,0.593541,-0.211084,-0.344231,0.110723,0.433891,0.328233,0.086959,0.239501,0.388272,-0.623830,-0.500582,0.604806,0.348843,-0.566012,-0.182718,-0.218864,0.380725,-0.522981,-0.001625,-0.382296,-0.531700,0.678852,0.457750,0.596300,-0.472068,-0.291597,-0.104092,0.156986,0.512030,0.681968,0.710523,-0.250523,-0.438939,-0.365050,0.408596,0.255587,-0.165102,-0.354467,-0.459035"
Q13177,"0.268558,-0.547530,0.208354,-0.035016,-0.209714,-0.254806,-0.533908,0.542082,-0.526380,-0.120586,-0.490480,0.164710,0.195749,-0.307214,0.040593,-0.353409,0.686358,-0.075391,-0.250788,0.462459,0.155447,-0.090836,-0.346768,-0.209253,0.480875,0.539395,0.104893,-0.279083,0.329635,0.079531,0.227784,-0.218457,0.740966,0.440838,-0.426707,-0.421902,0.236884,0.154298,-0.521984,-0.238844,0.168492,0.367861,-0.364278,-0.348815,-0.416407,-0.506856,0.285868,0.305770,0.494036,-0.464513,-0.434710,0.315126,0.214773,0.477081,0.430658,0.353401,-0.671468,-0.513840,-0.343804,0.364433,-0.073261,0.132056,-0.008055,0.003553"
O00141,"0.134037,0.057436,0.172021,-0.135618,0.098697,0.091739,0.057639,-0.053345,0.058150,-0.173627,0.053048,0.161832,-0.118280,-0.165606,-0.111411,-0.178483,-0.017290,0.146198,-0.209577,-0.062636,-0.117633,0.122821,0.054572,0.090537,-0.060423,-0.050439,0.144526,0.105476,0.230997,-0.109640,-0.108231,-0.174059,0.253680,-0.080097,0.050088,0.067843,-0.087323,-0.123790,0.058802,-0.210040,0.164271,-0.093246,0.068341,-0.201570,0.083075,0.066338,-0.058141,-0.093378,-0.049685,0.069913,0.095062,0.176171,-0.131502,0.287229,-0.046603,-0.041720,-0.273363,0.060238,0.096950,-0.090038,-0.148941,0.174248,0.123509,0.108939"
P09871,"0.134954,-0.092724,-0.005030,-0.037963,0.023024,-0.046161,-0.067829,0.089787,-0.033401,0.084219,-0.018235,-0.033160,0.049003,-0.020937,-0.005110,0.023369,0.070974,-0.041686,0.015963,0.067282,0.060469,-0.053961,-0.011489,-0.021378,0.072243,0.071044,-0.030880,-0.061641,0.060561,-0.015920,0.107324,0.047942,0.000428,0.111479,-0.006153,-0.011760,0.003220,0.055847,-0.098674,0.140852,0.048585,0.032041,-0.033270,0.028942,-0.068968,-0.118633,-0.026628,0.077743,0.076000,-0.089008,-0.082745,0.044437,0.097364,-0.209122,-0.006698,-0.046165,-0.038787,-0.062663,-0.059800,0.050964,0.046790,0.039398,0.080701,0.059594"
P11309,"-0.172882,-0.255855,0.047582,-0.005631,-0.141662,-0.129280,-0.178130,0.272781,-0.155999,-0.147241,-0.277049,-0.012102,0.025186,0.037980,0.113416,-0.042075,0.309582,0.029379,-0.222856,0.194586,0.016547,0.065979,-0.324858,-0.177046,0.200783,0.276986,0.062518,-0.033640,0.382989,0.079661,0.049807,-0.167274,0.410532,0.113677,-0.276515,-0.121038,0.220795,0.083723,-0.214653,-0.370061,0.016408,0.132361,-0.209302,-0.260872,-0.138942,-0.137728,0.309005,0.101357,0.269114,-0.124583,-0.007292,0.234034,-0.077111,0.568043,0.346058,0.347765,-0.568766,-0.183702,-0.149354,0.110488,0.008834,-0.013324,-0.130184,-0.154903"
O60911,"0.134969,0.163453,0.147075,-0.168798,0.166854,0.153523,0.169491,-0.166822,0.172442,-0.141774,0.173042,0.148544,-0.164548,-0.141629,-0.162973,-0.134766,-0.184868,0.144990,-0.146834,-0.166284,-0.152309,0.165897,0.165189,0.157606,-0.157590,-0.173004,0.146651,0.164871,0.157370,-0.161530,-0.151010,-0.133976,0.130249,-0.163086,0.165492,0.173521,-0.170819,-0.147194,0.168406,-0.124552,0.150771,-0.174050,0.157986,-0.149657,0.163765,0.168018,-0.171793,-0.167064,-0.157465,0.168223,0.173200,0.141847,-0.168758,0.128196,-0.171819,-0.163401,-0.144926,0.157598,0.166517,-0.162663,-0.147074,0.161895,0.164403,0.152574"
P21802,"-0.116708,-0.340242,-0.160816,0.278069,-0.319987,-0.231052,-0.351338,0.376758,-0.327212,0.031783,-0.414334,-0.121395,0.183321,0.082822,0.161366,-0.028157,0.493805,-0.163184,0.110852,0.298598,0.225728,-0.147787,-0.299107,-0.230972,0.320551,0.351722,-0.081111,-0.243229,-0.016014,0.232628,0.260659,0.139372,0.157455,0.298160,-0.355803,-0.350326,0.345589,0.253856,-0.387497,-0.025880,-0.121426,0.217192,-0.286074,-0.046042,-0.254229,-0.414348,0.263924,0.290282,0.375144,-0.280276,-0.273675,-0.102135,0.176056,0.129216,0.334620,0.301294,-0.093448,-0.321900,-0.212826,0.276847,0.111675,-0.039113,-0.108233,-0.141435"
Q9HC29,"-0.452489,-1.213344,-0.736171,1.046590,-1.144713,-1.013389,-1.366178,1.092666,-1.466507,0.967155,-1.176161,-0.810612,1.382727,0.578399,1.244332,0.735377,1.462229,-0.976001,0.918457,1.297565,0.886199,-1.404944,-1.102293,-1.018160,1.129335,1.317468,-1.087346,-1.292648,-1.663747,0.979603,0.882272,0.642164,-1.013244,1.270446,-1.146435,-1.339749,1.099603,0.914562,-1.219007,0.973628,-1.126186,1.741143,-0.994765,1.288433,-1.388940,-1.131011,1.262636,1.174049,0.904273,-1.527669,-1.689943,-0.761918,1.548427,-1.133708,1.299207,1.179775,1.202886,-1.197282,-1.527018,1.190686,0.987492,-1.448699,-1.364448,-0.927946"
P04062,"0.255497,0.270389,0.312222,-0.294776,0.253062,0.263095,0.282364,-0.250203,0.255869,-0.267998,0.276588,0.291221,-0.273062,-0.245732,-0.279433,-0.264705,-0.339214,0.242208,-0.341602,-0.245439,-0.267577,0.282209,0.277250,0.261802,-0.238552,-0.268764,0.273464,0.272848,0.310989,-0.251617,-0.261786,-0.237545,0.296319,-0.236960,0.268913,0.259723,-0.310273,-0.269412,0.250281,-0.305528,0.274128,-0.285775,0.250151,-0.259806,0.262445,0.297816,-0.313936,-0.281128,-0.252584,0.274851,0.272269,0.283873,-0.268711,0.291276,-0.261932,-0.281032,-0.359961,0.243186,0.274603,-0.255165,-0.265857,0.281291,0.297915,0.248409"
Q93096,"0.163092,0.207545,0.173162,-0.186205,0.196207,0.188546,0.208192,-0.203647,0.208186,-0.176796,0.204018,0.175205,-0.201186,-0.164845,-0.201331,-0.169212,-0.225245,0.173342,-0.166205,-0.204948,-0.184746,0.200827,0.205180,0.192492,-0.194070,-0.211122,0.179731,0.197339,0.177580,-0.188632,-0.183891,-0.153408,0.154802,-0.201984,0.205023,0.206573,-0.205504,-0.179240,0.206525,-0.158067,0.177903,-0.224922,0.194251,-0.183171,0.207703,0.201439,-0.214482,-0.200905,-0.195188,0.213819,0.213227,0.154241,-0.202137,0.151857,-0.212918,-0.204483,-0.158426,0.194428,0.210865,-0.198006,-0.180871,0.200118,0.201210,0.184201"
P80370,"0.059069,0.067002,0.014988,-0.016698,0.039819,0.069356,0.069369,-0.065614,0.065708,-0.027460,0.064641,0.012812,-0.028905,-0.044747,-0.045569,-0.034882,-0.062219,0.040225,0.039502,-0.067339,-0.065211,0.040642,0.087770,0.059875,-0.071242,-0.058971,0.035026,0.042481,-0.060697,-0.063544,-0.052602,-0.024243,-0.020521,-0.053305,0.080213,0.072354,-0.044291,-0.018233,0.059342,0.006263,0.005611,-0.038624,0.085450,-0.009137,0.049595,0.046019,-0.076456,-0.057542,-0.080188,0.053057,0.029269,0.022298,-0.009886,-0.069695,-0.081149,-0.074341,0.056373,0.069902,0.031086,-0.048352,-0.031931,0.000589,0.035993,0.074199"
Q13133,"-0.153041,-0.494485,-0.373740,0.362016,-0.456254,-0.403119,-0.691169,0.572754,-0.610128,-0.053773,-0.811339,-0.008208,0.140029,0.133517,0.302668,-0.076413,1.028882,-0.158107,-0.143080,0.497677,0.492653,-0.307027,-0.595380,-0.221736,0.566688,0.531153,-0.145567,-0.361260,0.149659,0.557049,0.415897,0.080781,0.367859,0.443673,-0.656138,-0.611465,0.528282,0.118347,-0.660178,-0.302964,-0.156795,0.212450,-0.508315,-0.096367,-0.344098,-0.637441,0.461568,0.528833,0.600548,-0.573399,-0.332939,-0.069159,0.122817,0.641126,0.668487,0.446194,-0.354805,-0.510271,-0.207265,0.399470,0.108851,0.121013,0.025646,-0.423427"
P28300,"0.077115,-0.414655,-0.209663,0.077883,-0.202553,-0.257174,-0.347983,0.346531,-0.278887,0.307110,-0.238348,-0.207216,0.325743,0.160174,0.335659,0.272991,0.402358,-0.279722,0.137771,0.328350,0.219353,-0.361505,-0.283142,-0.258418,0.320456,0.334212,-0.291095,-0.288404,-0.136857,0.161915,0.367261,0.185305,-0.240133,0.387669,-0.247300,-0.324043,0.255174,0.298925,-0.399753,0.451433,-0.134664,0.453125,-0.253514,0.337622,-0.406025,-0.350741,0.273739,0.367777,0.312058,-0.470843,-0.428050,0.010429,0.342164,-0.454539,0.312980,0.195751,0.060651,-0.322198,-0.429410,0.263660,0.328892,-0.240008,-0.147879,-0.128675"
P51955,"0.142850,0.058798,0.208333,-0.191335,0.142768,0.097097,0.069112,-0.067212,0.068092,-0.161435,0.086937,0.184549,-0.129104,-0.189107,-0.145386,-0.186819,-0.071447,0.141864,-0.221453,-0.073069,-0.128316,0.153299,0.076244,0.108265,-0.070579,-0.063726,0.169266,0.116773,0.243279,-0.148007,-0.129376,-0.209839,0.290420,-0.090374,0.075853,0.101945,-0.126441,-0.132053,0.085750,-0.200891,0.188327,-0.088117,0.072756,-0.218818,0.084080,0.098814,-0.079523,-0.120049,-0.066530,0.090150,0.104163,0.210413,-0.143177,0.270360,-0.073168,-0.060504,-0.308052,0.059287,0.093583,-0.094537,-0.167142,0.162927,0.123160,0.126133"
P42680,"0.187693,0.072507,0.140483,-0.142764,0.129010,0.100745,0.086072,-0.069429,0.099767,-0.096101,0.100359,0.120691,-0.111852,-0.145706,-0.147683,-0.146793,-0.090956,0.091584,-0.121536,-0.091764,-0.094263,0.121092,0.119380,0.104829,-0.079961,-0.080790,0.134234,0.092232,0.175642,-0.136108,-0.073158,-0.099088,0.171009,-0.074357,0.115323,0.100651,-0.125479,-0.089325,0.077773,-0.068403,0.163638,-0.123301,0.097947,-0.152938,0.089751,0.066116,-0.144368,-0.092488,-0.071907,0.099184,0.087706,0.141408,-0.090580,0.062045,-0.127917,-0.141613,-0.156896,0.074631,0.112240,-0.085281,-0.122493,0.166114,0.167266,0.156979"
Q13546,"0.088991,-0.797153,-0.127278,0.343319,-0.515254,-0.575841,-0.766234,0.782478,-0.780695,0.470686,-0.678478,-0.366850,0.630277,0.195849,0.428708,0.220567,0.853119,-0.569938,0.392298,0.744691,0.476669,-0.495065,-0.501914,-0.561955,0.734210,0.784320,-0.361546,-0.702841,-0.308948,0.364559,0.661323,0.307090,-0.091503,0.811087,-0.569211,-0.635592,0.544509,0.586579,-0.810925,0.453652,-0.365649,0.698273,-0.563314,0.320252,-0.739452,-0.791979,0.425321,0.666638,0.710455,-0.766304,-0.842076,-0.164374,0.794135,-0.638401,0.562934,0.477170,0.039000,-0.770538,-0.772535,0.654723,0.399936,-0.369588,-0.369791,-0.206049"
P07711,"0.004475,-0.024208,-0.003607,0.011428,-0.021798,-0.016414,-0.031283,0.004979,-0.039018,0.031946,-0.005273,-0.008084,0.049631,-0.008537,0.040354,0.019746,0.033747,-0.012582,0.024952,0.028239,0.015267,-0.050644,-0.025188,-0.021515,0.008559,0.023189,-0.030160,-0.031838,-0.083641,0.013347,-0.000020,-0.007533,-0.055461,0.029107,-0.026065,-0.027028,0.025737,0.001283,-0.013660,0.032033,-0.030634,0.093329,-0.010793,0.065734,-0.044636,-0.013123,0.042317,0.021413,-0.001235,-0.052567,-0.063863,-0.004118,0.056062,-0.055981,0.031117,0.028794,0.062471,-0.016700,-0.055803,0.022915,0.018817,-0.078622,-0.060933,-0.017937"
P28482,"-1.697586,-1.970557,-1.313421,1.596998,-1.682386,-1.657289,-1.872014,2.132179,-1.716912,0.846419,-2.210127,-1.355402,1.215818,1.419961,1.483303,0.969747,2.391971,-1.146430,0.765572,1.795359,1.533628,-1.131696,-2.106905,-1.706223,1.845762,2.055848,-1.059007,-1.487701,-0.044126,1.609498,1.612619,1.075224,0.054611,1.652872,-2.042010,-1.795810,2.017623,1.626190,-2.040833,0.346074,-1.073183,1.267464,-1.915745,0.471141,-1.487441,-2.037642,2.004452,1.751311,2.199953,-1.606916,-1.263444,-0.954247,1.017014,0.327158,2.084772,2.135351,-0.144569,-1.762977,-1.396212,1.634667,1.243682,-0.764145,-1.225671,-1.537773"
P51449,"0.168942,0.145534,0.163301,-0.167861,0.153124,0.145711,0.130764,-0.137457,0.134988,-0.184960,0.124107,0.189066,-0.176847,-0.174403,-0.171103,-0.190987,-0.119772,0.159738,-0.204996,-0.144642,-0.140027,0.165693,0.141477,0.166210,-0.127832,-0.145860,0.170996,0.159112,0.206180,-0.141591,-0.144032,-0.161686,0.212819,-0.146178,0.134646,0.134324,-0.159806,-0.171333,0.133275,-0.188941,0.179424,-0.181382,0.136905,-0.197158,0.159381,0.133323,-0.161265,-0.144406,-0.130298,0.141393,0.163034,0.164268,-0.180225,0.221781,-0.138969,-0.152931,-0.216132,0.131963,0.178303,-0.152910,-0.171668,0.211956,0.199054,0.152320"
Q16513,"0.141818,0.122560,0.163203,-0.155973,0.142653,0.144819,0.134300,-0.120713,0.127716,-0.175571,0.126063,0.155662,-0.145424,-0.177878,-0.161379,-0.182079,-0.119180,0.159828,-0.146351,-0.131968,-0.159539,0.168697,0.142636,0.141268,-0.127587,-0.121664,0.167379,0.144191,0.157238,-0.161524,-0.154092,-0.176449,0.213818,-0.137661,0.133656,0.150107,-0.141663,-0.130040,0.131132,-0.175855,0.155144,-0.140731,0.138702,-0.193631,0.133234,0.124846,-0.141697,-0.152847,-0.125418,0.132771,0.140853,0.172139,-0.147781,0.192792,-0.135815,-0.118297,-0.191664,0.127260,0.129721,-0.130411,-0.160902,0.156380,0.144393,0.153298"
Q96D31,"0.310561,-0.004240,0.309824,-0.266870,0.112367,0.028245,-0.057146,-0.009766,-0.138141,-0.134700,0.032928,0.312494,-0.023707,-0.329982,-0.097709,-0.258171,0.013220,0.097065,-0.325010,0.051268,-0.036829,0.000480,0.027295,0.083844,0.054755,0.015549,0.130689,0.033382,0.188953,-0.061209,-0.083402,-0.275958,0.318134,0.025065,0.000431,-0.059189,-0.206278,-0.260016,0.014643,-0.197489,0.239568,0.069218,-0.005069,-0.166935,-0.051746,0.081710,-0.045794,-0.044577,-0.030245,-0.073742,-0.077919,0.231381,-0.008505,0.308661,0.005788,-0.057300,-0.280129,-0.081590,0.001135,-0.000366,-0.183545,0.144283,0.077564,0.063113"
Q15746,"0.244833,0.121430,0.255531,-0.239349,0.178113,0.151384,0.116429,-0.125406,0.114863,-0.217222,0.129636,0.231939,-0.178144,-0.240631,-0.200537,-0.243677,-0.114728,0.178853,-0.266770,-0.127597,-0.183413,0.200125,0.145054,0.163411,-0.115934,-0.126638,0.215741,0.164565,0.280656,-0.196602,-0.164560,-0.250535,0.324636,-0.133078,0.138117,0.141628,-0.186663,-0.196335,0.131376,-0.243079,0.227362,-0.145669,0.137461,-0.261975,0.137785,0.146190,-0.162501,-0.161561,-0.123361,0.135713,0.146389,0.261829,-0.180223,0.283702,-0.127604,-0.148163,-0.346418,0.109140,0.151124,-0.151863,-0.224420,0.224407,0.194397,0.191882"
P29597,"0.125670,-0.475765,0.023567,0.216732,-0.324627,-0.328746,-0.517472,0.462084,-0.521453,0.216124,-0.443395,-0.113593,0.358758,-0.008323,0.193182,-0.032068,0.538345,-0.325364,0.145447,0.462351,0.263075,-0.270156,-0.298185,-0.296511,0.454899,0.498618,-0.146016,-0.430434,-0.225511,0.189022,0.326200,0.132272,0.082851,0.492277,-0.379177,-0.441846,0.316238,0.314915,-0.484789,0.158221,-0.191371,0.445400,-0.342173,0.088693,-0.452218,-0.473774,0.259411,0.377672,0.401372,-0.436854,-0.559226,-0.088931,0.472859,-0.244025,0.367129,0.313234,-0.030286,-0.510955,-0.432412,0.416288,0.138535,-0.200239,-0.216314,-0.079787"
Q9P0X4,"0.221141,0.157706,0.224009,-0.213272,0.187843,0.172920,0.156157,-0.159835,0.153248,-0.205968,0.164766,0.221789,-0.185057,-0.226782,-0.201079,-0.223361,-0.153277,0.185112,-0.225258,-0.158745,-0.183286,0.190830,0.174285,0.183312,-0.150656,-0.160174,0.198854,0.179598,0.226779,-0.190800,-0.176860,-0.203259,0.246276,-0.161453,0.164342,0.165342,-0.195657,-0.190499,0.160064,-0.204166,0.213817,-0.179861,0.166740,-0.226215,0.166701,0.161635,-0.185108,-0.179239,-0.157000,0.160266,0.163957,0.212933,-0.183531,0.229278,-0.170050,-0.172619,-0.250927,0.146347,0.175351,-0.170983,-0.205392,0.224102,0.207826,0.195400"
P51813,"0.185430,-0.035557,0.193066,-0.106715,0.038093,0.042948,-0.043929,0.059030,-0.041974,-0.156286,-0.055640,0.179763,-0.075318,-0.209479,-0.142258,-0.238070,0.093574,0.093457,-0.209966,0.016870,-0.055296,0.127877,0.026305,0.064821,0.039460,0.034913,0.167576,0.037179,0.237892,-0.064154,-0.052530,-0.168223,0.379902,0.012352,-0.012832,-0.013480,-0.032652,-0.090799,-0.048270,-0.246836,0.171675,-0.047009,0.000940,-0.253360,0.009587,-0.053983,-0.062892,-0.030025,0.035693,-0.015165,0.011680,0.164999,-0.055165,0.299636,0.006272,-0.033662,-0.344801,-0.039450,0.061225,-0.004071,-0.148177,0.184030,0.149162,0.125687"
O75751,"0.310359,0.262926,0.359811,-0.354002,0.259028,0.275086,0.295673,-0.253443,0.272716,-0.291091,0.275203,0.307103,-0.279321,-0.285988,-0.276142,-0.321400,-0.344595,0.282156,-0.399214,-0.232474,-0.290577,0.301010,0.282976,0.279418,-0.225420,-0.277773,0.301790,0.281961,0.353162,-0.271358,-0.281258,-0.272841,0.319235,-0.228758,0.254820,0.282622,-0.354159,-0.302431,0.259001,-0.364771,0.292430,-0.302801,0.272623,-0.318620,0.261657,0.332129,-0.304822,-0.274679,-0.266779,0.291451,0.266390,0.341606,-0.293505,0.324360,-0.253548,-0.293291,-0.395978,0.243884,0.257019,-0.283858,-0.293319,0.334760,0.323004,0.275884"
P30305,"-0.117221,-0.009753,-0.024218,0.032681,-0.020858,0.008262,0.002683,0.037623,0.026959,-0.151696,-0.087070,0.013187,-0.099043,0.055212,0.034661,-0.039821,0.087862,0.085802,-0.161652,0.000573,-0.022318,0.051932,-0.100725,-0.013575,0.008849,0.032802,0.034888,0.056319,0.233191,0.040700,-0.014834,-0.049480,0.169897,-0.042492,-0.064323,-0.030788,0.058543,-0.017293,-0.040132,-0.218093,0.031078,-0.076054,-0.032307,-0.121791,0.065403,0.009025,0.086442,0.007678,0.065242,0.017751,0.115466,0.089794,-0.142650,0.366277,0.105432,0.109566,-0.235948,0.027610,0.064833,-0.026656,-0.018911,0.119003,0.045897,-0.075457"
Q86TI2,"0.117100,-0.459263,0.121279,-0.051773,-0.195496,-0.343214,-0.476143,0.333019,-0.502508,0.202042,-0.257002,0.006439,0.368055,-0.044734,0.343144,0.126324,0.355483,-0.298486,-0.174277,0.490746,0.162992,-0.395137,-0.349051,-0.257118,0.485678,0.406925,-0.344564,-0.333472,-0.195636,0.149011,0.256974,0.065989,-0.116934,0.471395,-0.361186,-0.406953,0.083551,0.203052,-0.422555,0.240734,-0.194150,0.547923,-0.328858,0.258241,-0.500225,-0.222145,0.325812,0.317639,0.296370,-0.574126,-0.546483,0.056702,0.402716,-0.116979,0.448655,0.403085,-0.171167,-0.517632,-0.539977,0.309752,0.259850,-0.227646,-0.270980,-0.214823"
P41594,"0.204284,0.176216,0.209609,-0.211115,0.196257,0.179127,0.174330,-0.176610,0.173738,-0.196861,0.182165,0.210689,-0.195756,-0.207539,-0.204992,-0.208002,-0.183303,0.180648,-0.213798,-0.177607,-0.183555,0.196333,0.185812,0.190211,-0.166826,-0.181939,0.195720,0.188145,0.216907,-0.193345,-0.179611,-0.189216,0.219814,-0.177478,0.181252,0.180165,-0.205236,-0.190574,0.178108,-0.187661,0.208618,-0.196508,0.175869,-0.214717,0.182401,0.180085,-0.198698,-0.187304,-0.171875,0.181521,0.185058,0.196634,-0.195953,0.205017,-0.186200,-0.187648,-0.227604,0.163522,0.192345,-0.183636,-0.198744,0.220341,0.210410,0.193037"
P10276,"-0.380006,-0.993524,-0.564714,0.724136,-0.877454,-0.803389,-1.259780,1.080510,-1.152165,0.070405,-1.396291,-0.166308,0.462037,0.286545,0.732106,-0.005376,1.781762,-0.354011,-0.183719,0.987022,0.889434,-0.716188,-1.183355,-0.600935,1.040411,1.099969,-0.407172,-0.752191,0.080505,0.990060,0.753910,0.212551,0.464550,0.876707,-1.221037,-1.209626,1.030094,0.330149,-1.207749,-0.342290,-0.343071,0.686226,-0.981750,0.047284,-0.775065,-1.124557,1.026430,1.021953,1.095524,-1.121407,-0.772609,-0.232064,0.439581,0.897183,1.287918,1.010221,-0.386012,-0.985686,-0.571733,0.824577,0.346660,-0.068179,-0.286144,-0.815875"
P42785,"0.149791,0.199097,0.158598,-0.164710,0.180370,0.183051,0.200834,-0.193372,0.199653,-0.170420,0.191433,0.157370,-0.188034,-0.154142,-0.188951,-0.161851,-0.209933,0.167330,-0.141489,-0.196990,-0.180932,0.191803,0.198273,0.181774,-0.188616,-0.198728,0.170765,0.185498,0.149998,-0.180781,-0.178168,-0.144579,0.141521,-0.193608,0.196760,0.199721,-0.187076,-0.162361,0.196347,-0.152056,0.158687,-0.212186,0.190118,-0.171957,0.198474,0.187785,-0.203265,-0.191560,-0.188891,0.204535,0.201111,0.141264,-0.186466,0.135346,-0.203621,-0.190804,-0.136639,0.189671,0.196410,-0.187342,-0.170073,0.180421,0.184796,0.177508"
P16050,"0.218425,0.226967,0.267648,-0.249033,0.218800,0.204847,0.226955,-0.213719,0.202423,-0.211957,0.219366,0.245020,-0.216099,-0.223837,-0.227602,-0.210171,-0.250547,0.207684,-0.265234,-0.204339,-0.204446,0.230897,0.224429,0.216742,-0.191320,-0.219237,0.219948,0.226819,0.260620,-0.198527,-0.211294,-0.212052,0.224020,-0.204800,0.213088,0.216981,-0.249579,-0.243182,0.216911,-0.239329,0.224100,-0.240628,0.203978,-0.219147,0.220488,0.230652,-0.241546,-0.227828,-0.206577,0.216680,0.224527,0.206389,-0.213711,0.229715,-0.226372,-0.223178,-0.255698,0.196723,0.229963,-0.215831,-0.218117,0.246155,0.233021,0.213114"
Q99500,"0.175472,0.109372,0.143207,-0.145669,0.134531,0.111309,0.103609,-0.121155,0.111010,-0.113213,0.127884,0.144747,-0.109898,-0.147297,-0.111746,-0.106531,-0.113722,0.103434,-0.154355,-0.105664,-0.130157,0.097243,0.127444,0.136019,-0.099605,-0.121194,0.092888,0.117817,0.114268,-0.136436,-0.104576,-0.125697,0.091837,-0.102331,0.125262,0.100557,-0.145105,-0.126420,0.105314,-0.094679,0.110988,-0.080281,0.118444,-0.102356,0.101271,0.126691,-0.129766,-0.111386,-0.124295,0.090586,0.087355,0.155061,-0.100970,0.082037,-0.108799,-0.121753,-0.148594,0.104218,0.093968,-0.127889,-0.110423,0.131157,0.137180,0.136023"
Q13304,"0.169463,0.210458,0.177268,-0.193621,0.200911,0.191427,0.210404,-0.205694,0.212668,-0.179818,0.207631,0.183280,-0.204536,-0.171832,-0.205360,-0.176101,-0.228624,0.178885,-0.176726,-0.208538,-0.192029,0.205136,0.207253,0.196175,-0.197314,-0.214384,0.186464,0.203752,0.188830,-0.193624,-0.186188,-0.161358,0.159018,-0.205583,0.209394,0.213000,-0.213398,-0.187847,0.210981,-0.168103,0.186345,-0.232969,0.196152,-0.192112,0.209379,0.207214,-0.217644,-0.202671,-0.199639,0.216429,0.219226,0.164005,-0.206612,0.157534,-0.217194,-0.209814,-0.169750,0.199065,0.216122,-0.201636,-0.187012,0.208808,0.205129,0.189457"
O96013,"0.097081,-0.043364,0.080952,-0.003766,-0.006651,0.013003,-0.048375,0.059903,-0.039701,-0.104762,-0.069217,0.060908,-0.032689,-0.097279,-0.056570,-0.153755,0.113536,0.050699,-0.071175,0.026358,-0.031290,0.056772,-0.009022,0.015114,0.028883,0.060229,0.091115,-0.010549,0.096316,-0.036052,-0.013027,-0.073092,0.216301,0.024674,-0.025500,-0.022523,0.028480,0.000156,-0.058698,-0.138143,0.066845,-0.026093,-0.004430,-0.148125,0.000579,-0.075371,-0.013839,0.015202,0.045693,-0.016525,-0.013914,0.088622,-0.014164,0.144696,0.023578,0.017096,-0.170334,-0.031980,0.008354,0.012869,-0.079573,0.102398,0.075198,0.070871"
P07332,"0.208205,0.015860,0.167150,-0.131454,0.076891,0.094954,0.021480,-0.027504,0.023311,-0.142144,0.038364,0.158212,-0.067297,-0.205297,-0.098535,-0.196649,0.029210,0.118181,-0.158874,-0.039195,-0.119210,0.088303,0.072164,0.091830,-0.044694,-0.023042,0.138043,0.064694,0.121892,-0.122853,-0.093797,-0.182102,0.229696,-0.038109,0.051525,0.039077,-0.069362,-0.092680,0.021443,-0.148781,0.143452,-0.001245,0.078415,-0.157763,0.024161,0.028577,-0.065591,-0.064563,-0.054356,0.004851,0.006212,0.197531,-0.053058,0.168594,-0.038291,-0.060754,-0.213419,0.037276,0.029033,-0.058003,-0.129086,0.109291,0.108196,0.146211"
P56524,"-3.671852,-2.792661,-2.462873,2.605526,-2.663357,-2.671212,-2.754379,2.961037,-2.798133,1.633899,-3.116212,-2.272896,2.187514,2.579158,2.848489,2.193695,3.338741,-1.742780,1.459059,2.754432,2.588612,-2.323136,-3.616284,-2.878861,2.626516,2.978697,-2.121306,-2.300007,-0.916856,2.918141,2.174087,1.591597,-0.972657,2.328496,-3.325519,-2.783381,3.072723,2.165727,-2.679678,0.644406,-2.002753,2.574860,-3.099404,1.572033,-2.419827,-2.625185,3.788771,2.597449,3.092318,-2.556847,-1.924023,-1.978815,1.614663,0.638626,3.466264,3.777177,0.866232,-2.504051,-2.312536,2.544652,2.220285,-2.204566,-2.933634,-3.301284"
P42575,"0.124727,0.007594,0.096732,-0.093826,0.066817,0.050083,0.038242,-0.016668,0.052239,-0.062349,0.055482,0.058494,-0.038664,-0.091241,-0.048752,-0.075678,-0.020778,0.062482,-0.096196,-0.032136,-0.078036,0.051804,0.052974,0.051837,-0.026487,-0.021955,0.055476,0.047876,0.098384,-0.093591,-0.030812,-0.062889,0.093419,-0.015258,0.058325,0.051144,-0.056595,-0.018894,0.007133,-0.023541,0.086811,-0.031069,0.052240,-0.065241,0.028911,0.007936,-0.061746,-0.025511,-0.029242,0.000600,0.024040,0.109843,-0.033677,0.005990,-0.047595,-0.048954,-0.131671,0.035454,0.015886,-0.058039,-0.030443,0.089965,0.097238,0.111027"
O14843,"0.031529,-0.315666,-0.129740,0.133671,-0.246104,-0.254226,-0.397719,0.258873,-0.445711,0.277109,-0.274895,-0.058333,0.372222,0.014766,0.294022,0.125459,0.390519,-0.249600,0.138337,0.341006,0.284607,-0.423714,-0.274940,-0.224394,0.295313,0.329608,-0.236351,-0.328771,-0.411868,0.267441,0.210868,0.045639,-0.203451,0.333509,-0.303890,-0.415895,0.208969,0.078820,-0.282566,0.269692,-0.172567,0.563978,-0.274105,0.355938,-0.417682,-0.255669,0.330755,0.301180,0.200015,-0.457222,-0.506850,-0.130719,0.419533,-0.246248,0.335080,0.229052,0.316094,-0.340958,-0.382683,0.337504,0.191370,-0.402135,-0.340628,-0.248958"
Q9Y463,"-0.139791,-0.205772,-0.133755,0.177532,-0.193157,-0.164115,-0.246381,0.252226,-0.208560,-0.035889,-0.325457,-0.036868,0.038093,0.082131,0.083820,-0.043259,0.379257,-0.054165,-0.031673,0.184138,0.194420,-0.054592,-0.244783,-0.122723,0.210478,0.224636,-0.010044,-0.129570,0.145066,0.205597,0.165007,0.049705,0.233947,0.159537,-0.268037,-0.229458,0.252852,0.093496,-0.257784,-0.158884,-0.034519,0.047491,-0.223498,-0.109476,-0.108614,-0.276416,0.191866,0.194830,0.277378,-0.158670,-0.085241,-0.048767,0.009085,0.306092,0.251804,0.206387,-0.197421,-0.197316,-0.051579,0.163962,0.023885,0.071309,-0.000489,-0.149459"
P43005,"0.005660,-0.129566,-0.102934,0.044164,-0.101785,-0.141136,-0.184085,0.076559,-0.220056,0.212259,-0.090072,-0.034904,0.214531,0.030871,0.173130,0.154110,0.100039,-0.182534,0.090393,0.166775,0.171361,-0.268513,-0.115720,-0.096984,0.154437,0.118587,-0.200800,-0.157654,-0.292654,0.159534,0.122254,0.074751,-0.257971,0.161068,-0.129584,-0.216566,0.032757,0.019113,-0.107130,0.278522,-0.125252,0.308274,-0.132208,0.289146,-0.222258,-0.058289,0.149797,0.134023,0.061188,-0.242161,-0.277861,-0.119820,0.240958,-0.238960,0.147347,0.078364,0.300841,-0.179822,-0.205723,0.169383,0.154960,-0.244508,-0.210336,-0.166108"
Q8WZA2,"0.122046,0.063261,0.238870,-0.167828,0.075786,0.066870,0.068334,-0.036969,0.025424,-0.160573,0.012024,0.188138,-0.096731,-0.175493,-0.134011,-0.171532,-0.043348,0.140364,-0.245580,-0.033146,-0.077950,0.172310,0.078412,0.095141,-0.009281,-0.048205,0.171518,0.114357,0.296091,-0.059437,-0.095545,-0.197586,0.290271,-0.049320,0.022715,0.071812,-0.104710,-0.162436,0.048493,-0.273210,0.143002,-0.125087,0.044639,-0.207057,0.095273,0.051505,-0.082036,-0.097680,-0.019553,0.058127,0.092001,0.151058,-0.108843,0.301049,-0.063561,-0.056557,-0.314536,0.035521,0.100314,-0.079124,-0.148289,0.211324,0.132753,0.124210"
P07339,"-0.637119,-1.344022,-1.022834,1.380019,-1.324929,-0.971036,-1.339400,1.277986,-1.296881,1.010579,-1.362918,-1.158217,1.391238,0.805965,1.258448,0.788486,1.735036,-0.963105,1.330981,1.254470,0.892398,-1.246664,-1.128293,-1.130471,1.048966,1.452576,-0.973173,-1.349609,-1.637365,0.955682,0.994710,0.800845,-0.972591,1.303516,-1.194760,-1.267604,1.534559,1.307327,-1.369251,1.004900,-1.253377,1.706383,-0.962432,1.227558,-1.353641,-1.466096,1.326106,1.264912,1.081207,-1.460438,-1.657623,-0.769826,1.577535,-1.401756,1.288357,1.234981,1.282727,-1.083427,-1.545738,1.254371,1.058053,-1.514141,-1.324974,-0.755091"
P36897,"0.016491,-0.014020,0.050105,-0.040649,0.030565,0.026018,0.005369,0.012252,0.024655,-0.096024,-0.008723,0.048328,-0.053558,-0.048794,-0.019960,-0.066824,0.044387,0.072108,-0.102300,-0.009369,-0.055901,0.056653,-0.017822,0.023719,-0.009006,0.008988,0.054789,0.042596,0.134735,-0.046035,-0.031528,-0.078102,0.142659,-0.022776,-0.006082,0.019350,0.005247,-0.008872,-0.014925,-0.109806,0.063686,-0.025422,0.008956,-0.104477,0.027608,-0.004673,0.017812,-0.016915,0.015363,0.005082,0.044586,0.103470,-0.076608,0.168518,0.021897,0.036302,-0.183388,0.016094,0.014791,-0.037578,-0.040936,0.084436,0.052759,0.038249"
Q16539,"-1.393450,-1.278832,-1.099086,1.258130,-1.226909,-1.110790,-1.257363,1.427988,-1.138907,0.529757,-1.593214,-1.021976,0.785434,1.111791,1.062630,0.708886,1.706077,-0.725620,0.630141,1.167341,1.057623,-0.754126,-1.495811,-1.164678,1.185683,1.376217,-0.718016,-0.997308,-0.126525,1.190735,1.046837,0.714576,0.009916,1.030204,-1.428341,-1.202467,1.508978,1.094361,-1.346931,0.095294,-0.837471,0.818709,-1.302842,0.323227,-0.948090,-1.374575,1.461407,1.186241,1.476030,-1.029598,-0.753131,-0.733822,0.606753,0.394076,1.485978,1.519193,0.018221,-1.108579,-0.890313,1.099444,0.840995,-0.616440,-0.934002,-1.182984"
Q8WTS6,"-0.975799,-0.643897,-0.790086,0.820535,-0.720594,-0.643604,-0.631718,0.748354,-0.560127,0.475587,-0.866963,-0.716510,0.433111,0.799304,0.500241,0.530753,0.787042,-0.540897,0.687209,0.579293,0.704798,-0.333821,-0.724647,-0.659161,0.612344,0.691219,-0.406492,-0.587141,-0.259131,0.712384,0.630710,0.599273,-0.152021,0.534628,-0.742925,-0.577623,0.888729,0.719434,-0.669768,0.224770,-0.621130,0.318988,-0.723524,0.252334,-0.467991,-0.771767,0.684187,0.606948,0.810480,-0.413158,-0.353967,-0.655386,0.357853,-0.072202,0.679720,0.729826,0.304628,-0.595509,-0.418682,0.667716,0.489645,-0.452415,-0.540473,-0.690100"
Q9Y5Z0,"-0.733955,-1.344596,-1.668034,1.115798,-1.178225,-1.086144,-1.292098,1.121679,-1.138612,1.671796,-1.059759,-1.283223,1.531988,1.248843,1.603144,1.631780,1.499862,-1.276277,1.495576,1.170003,1.274363,-1.751572,-1.181431,-1.126852,0.998980,1.197530,-1.451936,-1.300476,-1.747328,1.228067,1.367683,1.133088,-1.951377,1.301422,-1.113421,-1.363491,1.424780,1.201258,-1.302457,2.078806,-1.235765,2.000156,-1.061047,2.098346,-1.518080,-1.307609,1.416239,1.416687,1.016524,-1.718291,-1.720172,-0.933082,1.588479,-2.218966,1.248326,0.885540,1.887326,-1.021136,-1.621123,1.226865,1.551764,-1.855066,-1.321258,-1.102857"
P30304,"-0.118347,-0.021045,-0.010807,0.023166,-0.012707,-0.002901,-0.002358,0.045358,0.018270,-0.107236,-0.068713,0.008176,-0.067452,0.030623,0.011820,-0.030492,0.076310,0.074937,-0.104211,0.001231,-0.016919,0.062761,-0.085689,-0.018023,0.010474,0.034406,0.044423,0.042824,0.206017,0.016135,-0.013010,-0.047018,0.164184,-0.032130,-0.059263,-0.008170,0.064111,0.008438,-0.030879,-0.165830,0.041811,-0.059169,-0.043044,-0.131802,0.042861,-0.021512,0.085059,-0.000712,0.069864,0.026339,0.089001,0.060761,-0.124309,0.297418,0.075628,0.103809,-0.204453,0.011110,0.042825,-0.020756,-0.022499,0.093561,0.018079,-0.040108"
Q00987,"-8.849205,-5.269359,-7.146350,7.164846,-6.224161,-5.480961,-5.306420,5.993599,-4.919959,3.781404,-7.031917,-6.130935,4.129982,7.114879,6.059712,5.398435,7.005716,-4.052062,4.672636,5.084206,5.862923,-4.602910,-7.213529,-5.887391,5.092851,5.795435,-4.833201,-4.820709,-2.749172,6.765713,5.158049,5.114228,-3.347786,4.405304,-6.645000,-5.655444,7.362233,5.425000,-5.680674,2.166568,-5.362208,3.863919,-6.176219,3.783547,-4.198164,-5.872465,7.287533,5.659595,6.466750,-4.598123,-3.236666,-5.691482,3.083902,0.032471,6.815306,7.246650,3.701572,-4.606516,-3.994198,5.186252,5.284417,-4.377797,-5.544056,-7.057183"
Q9Y6F1,"0.117471,0.187397,0.136334,-0.158091,0.166525,0.156798,0.185864,-0.188115,0.179343,-0.132904,0.186717,0.142285,-0.163749,-0.129117,-0.165458,-0.121486,-0.219054,0.136074,-0.125181,-0.178903,-0.150144,0.162811,0.179926,0.162194,-0.168630,-0.192527,0.136717,0.169280,0.120531,-0.152689,-0.159151,-0.118644,0.095250,-0.178308,0.178550,0.178775,-0.185633,-0.156272,0.191286,-0.111945,0.134731,-0.186548,0.165631,-0.131400,0.175922,0.190169,-0.183954,-0.178736,-0.177763,0.186445,0.182592,0.108089,-0.167743,0.108783,-0.187192,-0.176000,-0.094235,0.167338,0.178616,-0.167328,-0.143153,0.148225,0.151379,0.140064"
P53582,"0.078173,0.017131,0.076167,0.027983,0.000091,0.065761,0.008812,-0.008985,-0.003895,-0.101186,-0.018181,0.028981,-0.009517,-0.096077,-0.038967,-0.131482,0.058391,0.078464,0.009862,-0.016173,-0.100249,0.051247,0.042680,0.035606,-0.045159,0.024165,0.081095,0.000255,-0.071215,-0.072701,-0.089917,-0.103931,0.107876,-0.022564,0.028514,0.034963,0.022252,0.000176,0.009821,-0.125351,-0.002263,0.015019,0.067697,-0.074661,0.021634,-0.014078,-0.014041,-0.035498,-0.048074,0.011168,-0.022691,0.072632,0.025663,0.047562,-0.013595,0.013595,-0.027563,0.040051,-0.019208,-0.015270,-0.074281,-0.013091,-0.007084,0.087837"
P22455,"0.223186,0.098238,0.211836,-0.198724,0.156935,0.125116,0.092685,-0.102303,0.096103,-0.177669,0.114702,0.207085,-0.153234,-0.213513,-0.173180,-0.214342,-0.093313,0.142813,-0.226097,-0.105063,-0.140830,0.154938,0.129010,0.150186,-0.089811,-0.107431,0.171383,0.133190,0.223492,-0.161112,-0.125873,-0.178038,0.256105,-0.104110,0.118431,0.112674,-0.165909,-0.155435,0.098150,-0.177146,0.199103,-0.140988,0.116203,-0.215650,0.115545,0.108720,-0.155553,-0.126152,-0.102353,0.104269,0.114988,0.201671,-0.146764,0.212088,-0.120750,-0.136406,-0.273708,0.083364,0.133180,-0.127259,-0.177119,0.217302,0.198177,0.170383"
Q01650,"0.180371,0.151489,0.162925,-0.173060,0.164714,0.163320,0.152482,-0.152964,0.159908,-0.160977,0.156442,0.173079,-0.166474,-0.171017,-0.170370,-0.173052,-0.143416,0.158227,-0.164861,-0.162127,-0.159098,0.165651,0.163316,0.165423,-0.157505,-0.157190,0.173462,0.161494,0.174244,-0.168882,-0.152179,-0.163903,0.176080,-0.156074,0.159583,0.155128,-0.155953,-0.157234,0.152129,-0.148004,0.177065,-0.154764,0.159171,-0.170248,0.156173,0.145935,-0.166069,-0.156778,-0.152406,0.154538,0.153477,0.172428,-0.165077,0.149991,-0.162890,-0.170279,-0.179351,0.153492,0.162834,-0.159828,-0.167932,0.171512,0.181710,0.176245"
P21452,"0.150034,0.202719,0.160633,-0.175554,0.185492,0.174954,0.198337,-0.198344,0.192087,-0.156584,0.198276,0.163751,-0.184563,-0.153027,-0.187764,-0.153428,-0.223067,0.158347,-0.149363,-0.194100,-0.165721,0.179954,0.195714,0.179157,-0.184479,-0.203458,0.162837,0.182075,0.149261,-0.170353,-0.175249,-0.139942,0.128579,-0.192009,0.196223,0.193680,-0.201896,-0.178480,0.203859,-0.141213,0.163402,-0.210677,0.182448,-0.159179,0.194507,0.197847,-0.204857,-0.189991,-0.191066,0.202054,0.200114,0.130350,-0.183166,0.130614,-0.205182,-0.197406,-0.121668,0.184021,0.201814,-0.183044,-0.168404,0.177813,0.181096,0.162553"
Q99873,"-2.086763,-1.550669,-1.360809,1.559928,-1.480804,-1.390873,-1.341997,1.686302,-1.247600,0.964695,-1.693081,-1.476435,1.083269,1.563554,1.216726,1.174525,1.617367,-1.078166,1.229280,1.368087,1.308783,-0.796933,-1.717572,-1.578570,1.348051,1.589913,-0.909755,-1.217128,-0.332501,1.352177,1.273105,1.088227,-0.281066,1.231595,-1.671386,-1.273403,1.847537,1.605482,-1.465047,0.463886,-1.145274,1.088566,-1.614394,0.539957,-1.175589,-1.590320,1.770046,1.282993,1.791750,-1.001533,-0.900067,-1.136387,0.803155,-0.003867,1.609645,1.876082,0.296993,-1.335920,-1.170418,1.389296,1.121035,-1.092922,-1.430473,-1.429578"
Q04609,"0.133305,0.183147,0.119213,-0.158216,0.168915,0.165313,0.185272,-0.184798,0.189452,-0.130206,0.183423,0.140692,-0.166990,-0.129237,-0.164627,-0.120058,-0.200957,0.142008,-0.121349,-0.184819,-0.148448,0.160355,0.181539,0.168449,-0.176300,-0.192065,0.142493,0.172233,0.132278,-0.155305,-0.151632,-0.121329,0.095181,-0.178412,0.181298,0.178662,-0.173986,-0.153849,0.184271,-0.097515,0.145308,-0.180762,0.171845,-0.126387,0.175708,0.178048,-0.183246,-0.173739,-0.175105,0.180061,0.179088,0.124808,-0.168729,0.094053,-0.189330,-0.190223,-0.093208,0.177159,0.180004,-0.169110,-0.141033,0.150970,0.166552,0.152560"
O60285,"0.094434,0.087920,0.114357,-0.107980,0.102442,0.099016,0.086887,-0.074850,0.093804,-0.152496,0.069331,0.130388,-0.136292,-0.114712,-0.124581,-0.145638,-0.063657,0.120876,-0.152656,-0.095771,-0.100672,0.133599,0.077056,0.102959,-0.083953,-0.087678,0.137119,0.115926,0.198839,-0.098278,-0.097543,-0.119489,0.196256,-0.103221,0.077130,0.089065,-0.093453,-0.105643,0.081672,-0.165879,0.145174,-0.138622,0.080933,-0.178653,0.117040,0.076258,-0.090937,-0.099018,-0.064339,0.110589,0.129898,0.126616,-0.151675,0.217586,-0.082272,-0.081521,-0.204914,0.086532,0.131920,-0.105758,-0.129447,0.172851,0.142692,0.103401"
P16152,"0.163568,0.207886,0.173753,-0.186509,0.196516,0.189008,0.208486,-0.203800,0.208281,-0.177436,0.204268,0.175674,-0.201671,-0.164961,-0.201685,-0.169674,-0.225858,0.173623,-0.167108,-0.205040,-0.185261,0.201178,0.205583,0.192732,-0.194338,-0.211540,0.180186,0.197445,0.178176,-0.189086,-0.184406,-0.153949,0.155542,-0.202054,0.205400,0.206721,-0.205960,-0.179433,0.206762,-0.158677,0.178469,-0.225360,0.194573,-0.183325,0.207846,0.202001,-0.215109,-0.201341,-0.195302,0.214336,0.213398,0.155031,-0.202544,0.152705,-0.213150,-0.204693,-0.159554,0.194613,0.211003,-0.198137,-0.181452,0.200782,0.201542,0.184306"
