TargetID,DrugID,uniprot_id,DrugBankID
T53904,D0F6JC,Q96KS0,DB11682
T88505,D0JB3H,Q16236,DB12513
T81100,D0OR3G,P31639,DB12236
T38284,DSHT18,P11274,DB12597
T38284,DSHT18,P00519,DB12597
T30085,D0U7IL,P31639,DB12713
T74456,D0YS1U,P30556,DB12548
T23499,D0YS1U,P25101,DB12548
T74312,D0PN8H,P36888,DB11697
T23172,D0PN8H,P52333,DB11697
T51282,D03KKR,Q13464,DB08162
T83813,D0F5NJ,P28335,DB01454
T48873,D0F5NJ,Q05940,DB01454
T32060,D0F5NJ,P28223,DB01454
T31204,D0F5NJ,P41595,DB01454
T10265,D0T5PO,Q07343,DB01954
T02001,D0T5PO,Q08499,DB01954
T07663,D0T5PO,O76074,DB01954
T61744,D0T5PO,P27815,DB01954
T64567,D03SLR,Q16790,DB07767
T13201,D03SLR,P00915,DB07767
T55959,D0F5NJ,Q01959,DB01454
T83011,D03SLR,P27338,DB07767
T83011,D00BRD,P27338,DB03560
T66665,D0C0JT,P35354,DB04743
T67801,D0C0JT,P02788,DB04743
T12808,D05XMY,P17252,DB12996
T46084,D0C0JT,P50591,DB04743
T44068,D0JP4H,P08588,DB00217
T89534,D0X0KJ,P03372,DB00269
T68334,D0H2UB,P23945,DB04786
T47768,D0T0ZW,P35372,DB12543
T05849,D0TL7L,P32239,DB04856
T62905,D05KBU,Q9Y289,DB08872
T49507,D06WRF,P54760,DB11973
T95399,D0LF1U,P11217,DB03496
T44458,D0LF1U,P50750,DB03496
T36557,D03OSG,Q03181,DB12390
T51407,D00LNW,O14980,DB11942
T60529,D0U3EP,P23219,DB02709
T78709,D06FKC,P08908,DB12883
T83813,D06FKC,P28335,DB12883
T07806,D06FKC,P28222,DB12883
T14731,D0U3EP,Q96EB6,DB02709
T48873,D63WMQ,Q05940,DB11915
T91331,D0U2CV,P22607,DB09283
T16538,D0O8GK,P00533,DB09330
T59328,D0O8GK,P00533,DB09330
T40555,D09SGV,P26664,DB09102
T18477,D06NSS,P07900,DB01003
T66665,D0Q5XX,P35354,DB03756
T60529,D0Q5XX,P23219,DB03756
T75440,D0CS6N,P30536,DB12537
T92072,D0R6MT,P30542,DB07954
T60693,D0HQ0E,P41145,DB12704
T09826,D07ILP,P11387,DB12385
T84737,D0G4SU,Q96RP8,DB06200
T74483,D06PZZ,O43526,DB08837
T82267,D06PZZ,Q9Y5S1,DB08837
T65561,D06PZZ,P17658,DB08837
T44057,D06PZZ,P29972,DB08837
T86271,D06PZZ,Q9H2S1,DB08837
T07740,D06PZZ,P48050,DB08837
T31882,D06PZZ,Q16322,DB08837
T04388,D06PZZ,Q9UGI6,DB08837
T19492,D06PZZ,P16389,DB08837
T85272,D06PZZ,Q09470,DB08837
T76914,D06PZZ,P22001,DB08837
T49080,D06PZZ,P48547,DB08837
T67063,D06PZZ,Q86W47,DB08837
T17569,D06PZZ,P22460,DB08837
T29635,D06PZZ,Q03721,DB08837
T84737,D06PZZ,Q96RP8,DB08837
T58496,D0D8PZ,Q8NET8,DB11755
T87023,D04FHG,P25105,DB02261
T86528,D0N0JL,P14324,DB04160
T68782,D06KBO,Q13258,DB02056
T85467,D06KBO,P43115,DB02056
T84040,D01KEE,O75762,DB03843
T31204,D07GXY,P41595,DB12478
T78709,D07GXY,P08908,DB12478
T24983,D07GXY,P21917,DB12478
T67162,D07GXY,P14416,DB12478
T01777,D07GXY,P18825,DB12478
T84117,D0J6JT,P28566,DB12110
T83813,D0J6JT,P28335,DB12110
T79062,D0J6JT,P34969,DB12110
T16691,D0J6JT,P50406,DB12110
T32060,D0J6JT,P28223,DB12110
T31204,D0J6JT,P41595,DB12110
T84040,D0Z0AA,O75762,DB09543
T84040,D0G4CI,O75762,DB03587
T01777,D06QKW,P18825,DB09202
T64213,D02RTS,Q9HBA0,DB04272
T18978,D02RTS,Q9P0L9,DB04272
T87463,D0UB2J,Q56921,DB02527
T99255,D04AXP,Q9UIG8,DB04574
T97322,D04AXP,Q96BD0,DB04574
T30687,D03TNT,P04150,DB04652
T32060,D0G7NW,P28223,DB09000
T78709,D0G7NW,P08908,DB09000
T79062,D0G7NW,P34969,DB09000
T83813,D0G7NW,P28335,DB09000
T55932,D07TYL,Q9BZV2,DB00152
T95997,D07TYL,O60779,DB00152
T32060,D0SP2J,P28223,DB01445
T16691,D0SP2J,P50406,DB01445
T79062,D0SP2J,P34969,DB01445
T05849,D0I8AF,P32239,DB09142
T39676,D06PZZ,Q96FL8,DB08837
T31935,D09BNS,Q7Z2H8,DB02959
T47768,D0O6SB,P35372,DB01548
T60693,D0O6SB,P41145,DB01548
T58992,D0O6SB,P41143,DB01548
T11211,D0Z3WA,P10275,DB01481
T11211,D09HQH,P10275,DB01541
T47768,D0B7GU,P35372,DB01565
T60693,D0B7GU,P41145,DB01565
T62912,D0B7GU,P01189,DB01565
T58992,D0B7GU,P41143,DB01565
T48873,D0I4ME,Q05940,DB01442
T83011,D0I4ME,P27338,DB01442
T55959,D0I4ME,Q01959,DB01442
T83875,D0I4ME,P21397,DB01442
T32060,D0I4ME,P28223,DB01442
T48873,D0R7ZC,Q05940,DB01472
T53381,D0R7ZC,P25100,DB01472
T83011,D0R7ZC,P27338,DB01472
T55959,D0R7ZC,Q01959,DB01472
T92609,D0R7ZC,P35348,DB01472
T40628,D0M8RO,P14060,DB01536
T40628,D0M8RO,P26439,DB01536
T47768,D0N5QC,P35372,DB01466
T11211,D03KYW,P10275,DB01564
T44011,D0R6DT,P14061,DB02187
T02001,D0R6MT,Q08499,DB07954
T07663,D0R6MT,O76074,DB07954
T77400,D0R6MT,O00408,DB07954
T40628,D08WDY,P14060,DB03515
T40628,D08WDY,P26439,DB03515
T96144,D0C9BH,P11388,DB03966
T96144,D0C9BH,Q02880,DB03966
T66665,D02IPX,P35354,DB03866
T06273,D08ZVM,P09874,DB03509
T33193,D0O4TL,P0AD68,DB03313
T66686,D0O4TL,P02919,DB03313
T76904,D09AYR,P21964,DB02105
T34429,D03TMD,P36544,DB01496
T16117,D06EWG,P29475,DB01942
T25703,D06EWG,P09601,DB01942
T19433,D06EWG,O60760,DB01942
T18639,D06EWG,P05230,DB01942
T70967,D03TMD,P43681,DB01496
T51452,D03TMD,P47869,DB01496
T02703,D03WOZ,P35228,DB02207
T06046,D03WOZ,P29474,DB02207
T02703,D0I7VD,P35228,DB02234
T06046,D0I7VD,P29474,DB02234
T99912,D05JZS,Q16719,DB07069
T60366,D03LMM,P11926,DB04263
T30082,D0J4QH,P22303,DB02845
T99799,D0J4QH,P06276,DB02845
T30082,D05CCT,P22303,DB08167
T60857,D09ALJ,P42330,DB01698
T65197,D0U9PX,P19235,DB07637
T60857,D0M8RO,P42330,DB01536
T44011,D0M8RO,P14061,DB01536
T86528,D02YHA,P14324,DB02552
T08813,D0UB2J,P10644,DB02527
T74952,D0UB2J,P31323,DB02527
T60529,D0HD9P,P23219,DB04557
T85943,D0U7BY,P12931,DB03902
T99799,D08LNT,P06276,DB04250
T03661,D0R7RB,P00813,DB04440
T86428,D0QX6B,P49356,DB07841
T86528,D0QX6B,P14324,DB07841
T13127,D0QX6B,P49354,DB07841
T13127,D0QX6B,P49356,DB07841
T46360,D03DLZ,Q99720,DB01488
T16691,D03DLZ,P50406,DB01488
T32060,D03DLZ,P28223,DB01488
T69619,D0M9YH,Q16853,DB04334
T48945,D08ZRW,O14746,DB00515
T67684,D0F5LH,P20309,DB01062
T60529,D03IRR,P23219,DB01435
T38017,D0O0VZ,Q14653,DB08399
T18477,D0ZA6G,P07900,DB03758
T40111,D05EHM,P20839,DB02109
T75596,D08CFL,P50579,DB02640
T50066,D0L1UK,P51788,DB04707
T51282,D0L1UK,Q13464,DB04707
T00140,D09VTJ,P09917,DB01892
T82702,D09VTJ,O75469,DB01892
T60529,D09VTJ,P23219,DB01892
T02134,D0Z6VR,P48507,DB12870
T95998,D02DLW,Q9Y5K3,DB04540
T41580,D0C9DC,P18089,DB08550
T01777,D0C9DC,P18825,DB08550
T83875,D0V3NT,P21397,DB09245
T83011,D0V3NT,P27338,DB09245
T66665,D01SNR,P35354,DB09217
T88975,D0R6MT,Q14432,DB07954
T77365,D0R6MT,P29274,DB07954
T10265,D0R6MT,Q07343,DB07954
T86679,D0R6MT,P29275,DB07954
T61744,D0R6MT,P27815,DB07954
T32060,D0U3GZ,P28223,DB01537
T53524,D03NPX,P16234,DB02567
T12499,D03NPX,P06239,DB02567
T85943,D03NPX,P12931,DB02567
T38284,D03NPX,P11274,DB02567
T38284,D03NPX,P00519,DB02567
T47101,D03NPX,P11362,DB02567
T59102,D03NPX,P09619,DB02567
T49639,D0A1CM,P0DMV8,DB08846
T49639,D0A1CM,P0DMV9,DB08846
T70977,D0A1CM,P49841,DB08846
T35445,D0A1CM,P84022,DB08846
T62431,D0A1CM,P43405,DB08846
T64567,D0A1CM,Q16790,DB08846
T13201,D0A1CM,P00915,DB08846
T93344,D0A1CM,Q14534,DB08846
T51565,D0A1CM,P68400,DB08846
T60529,D02DBP,P23219,DB11085
T83875,D08CNS,P21397,DB04818
T83011,D08CNS,P27338,DB04818
T55959,D02TMK,Q01959,DB01509
T75596,D0FO2B,P50579,DB11145
T55959,D02YOO,Q01959,DB09186
T13201,D03ZMQ,P00915,DB04665
T64567,D03ZMQ,Q16790,DB04665
T55959,D08AWN,Q01959,DB06731
T41580,D0ZT8D,P18089,DB13064
T01777,D0ZT8D,P18825,DB13064
T32060,D00WEQ,P28223,DB01484
T78709,D00WEQ,P08908,DB01484
T13201,D05WQF,P00915,DB01650
T47768,D0L6QN,P35372,DB09174
T60693,D0L6QN,P41145,DB09174
T58992,D0L6QN,P41143,DB09174
T16117,D03WOZ,P29475,DB02207
T55689,D02CWR,Q05469,DB01428
T62276,D0Q5PC,Q05586,DB03575
T76414,D0Q5PC,Q13224,DB03575
T22285,D0Q5PC,Q12879,DB03575
T08813,D0Z3CZ,P10644,DB07996
T52522,D0XX5S,P07550,DB12803
T44068,D0XX5S,P08588,DB12803
T32060,D0Q6PI,P28223,DB04325
T83875,D0R7ZC,P21397,DB01472
T66665,D0C5SV,P35354,DB00132
T32060,D0ZQ3Q,P28223,DB01467
T53381,D0E9VU,P25100,DB06707
T92609,D0E9VU,P35348,DB06707
T18477,D0M2TY,P07900,DB13174
T83813,D02ESW,P28335,DB12111
T75890,D0Y0DG,Q12882,DB03419
T78709,D0R5GS,P08908,DB12184
T40787,D0E4WF,Q13126,DB02282
T55922,D05FFR,P17707,DB12967
T95913,D0P1JI,P48736,DB08059
T67849,D0P1JI,O00329,DB08059
T77365,D0E4WF,P29274,DB02282
T86679,D0E4WF,P29275,DB02282
T92072,D0E4WF,P30542,DB02282
T05409,D05UQD,P08473,DB00886
T82577,D05UQD,P12821,DB00886
T32060,D0V4JO,P28223,DB08927
T58921,D03GWY,P37231,DB09201
T86702,D0P8YC,P08254,DB03880
T11211,D0BJ7W,P10275,DB12461
T55959,D0N2HF,Q01959,DB03701
T00140,D0N1SU,P09917,DB04725
T61698,D0G9ZW,P60568,DB11366
T89534,D08DZZ,P03372,DB01524
T80896,D08DZZ,Q92731,DB01524
T25258,D09FGX,P08183,DB04881
T96144,D00PIE,P11388,DB04975
T96144,D00PIE,Q02880,DB04975
T30082,D09JVV,P22303,DB00981
T11211,D0F7WQ,P10275,DB05107
T52522,D0AQ3H,P07550,DB11871
T09826,D0Q7FC,P11387,DB12222
T61744,D0U7PS,P27815,DB12137
T84631,D0D5RH,P00742,DB11984
T03403,D06FJO,P23219,DB09084
T03403,D06FJO,P35354,DB09084
T18477,D03PKI,P07900,DB02424
T74312,D0IT6Q,P36888,DB05465
T81850,D0N5HO,P37268,DB07780
T83875,D0IZ1D,P21397,DB13876
T34234,D0I4GI,P11473,DB06194
T75498,D07ZHV,P16083,DB04253
T73342,D04FXS,P23921,DB12948
T73342,D04FXS,P31350,DB12948
T73342,D04FXS,Q7LG56,DB12948
T61622,D09ELW,P00797,DB03395
T75596,D09OAQ,P50579,DB08633
T38301,D05HZI,P31350,DB06433
T55285,D0O6AQ,P23415,DB06741
T55285,D0O6AQ,O75311,DB06741
T55285,D0O6AQ,P48167,DB06741
T29683,D0IP6X,P29371,DB04872
T84631,D0E2MJ,P00742,DB06635
T61744,D02EMR,P27815,DB03849
T76198,D04SPK,P21731,DB06739
T31204,D0K8NW,P41595,DB12693
T32060,D0K8NW,P28223,DB12693
T83813,D0K8NW,P28335,DB12693
T84631,D09TGX,P00742,DB11869
T38338,D0K8NW,Q00975,DB12693
T08910,D0B8YZ,P18507,DB12308
T78709,D01DAW,P08908,DB04888
T67162,D01DAW,P14416,DB04888
T25258,D06DCL,P08183,DB06191
T32060,D0E6UA,P28223,DB06512
T83813,D0E6UA,P28335,DB06512
T67162,D01PIL,P14416,DB00409
T67162,D0OC3J,P14416,DB00875
T38875,D07XPE,Q13131,DB00914
T38875,D07XPE,Q9Y478,DB00914
T38875,D07XPE,P54619,DB00914
T03403,D0SU1G,P23219,DB04828
T03403,D0SU1G,P35354,DB04828
T23499,D0T1RG,P25101,DB06268
T44068,D01VAB,P08588,DB00866
T67162,D0P3DM,P14416,DB01463
T39716,D06PAZ,Q14524,DB01228
T94033,D0JQ7Y,P00734,DB04898
T97613,D0Y8UB,P48039,DB06594
T67162,D06BPG,P14416,DB04821
T67162,D0OS6O,P14416,DB06144
T03403,D0R6AB,P23219,DB09215
T03403,D0R6AB,P35354,DB09215
T60529,D0O2IE,P23219,DB03783
T40111,D0O2IE,P20839,DB03783
T79961,D07KYU,P08912,DB09023
T73712,D0Q5PL,P07148,DB08951
T56923,D0Q5PL,P25025,DB08951
T00884,D0Q5PL,P25024,DB08951
T66665,D0Q5PL,P35354,DB08951
T60529,D0Q5PL,P23219,DB08951
T53381,D02LHR,P25100,DB08950
T01777,D02LHR,P18825,DB08950
T41580,D02LHR,P18089,DB08950
T78709,D0M7LV,P08908,DB04829
T32060,D0M7LV,P28223,DB04829
T31204,D02FEA,P41595,DB08980
T00140,D0U2CB,P09917,DB08955
T56418,D0N8YJ,Q9UM73,DB12130
T69128,D0N8YJ,P08922,DB12130
T38284,D0WL1U,P11274,DB08901
T38284,D0WL1U,P00519,DB08901
T61746,D0KG9M,P07858,DB01422
T76198,D00HTY,P21731,DB12789
T85467,D00HTY,P43115,DB12789
T68782,D00HTY,Q13258,DB12789
T79591,D0J6XC,P10827,DB03604
T98933,D0J6XC,P10828,DB03604
T93798,D0I2FI,P29973,DB04209
T04388,D0I2FI,Q9UGI6,DB04209
T86271,D0I2FI,Q9H2S1,DB04209
T05152,D04KJT,P26664,DB09183
T89988,D0V0NL,P41597,DB05383
T86679,D0M3IN,P29275,DB02134
T09826,D04TIJ,P11387,DB12124
T31391,D05LPW,P27487,DB12625
T68547,D00SSZ,Q13547,DB12279
T61622,D0U7OS,P00797,DB13097
T02703,D0V0NL,P35228,DB05383
T47768,D06EXA,P35372,DB12327
T58992,D06EXA,P41143,DB12327
T60693,D06EXA,P41145,DB12327
T05031,D0G3MN,P42338,DB11795
T37847,D0R9YR,P04293,DB12480
T61622,D01QSG,P00797,DB12416
T31391,D07EPV,P27487,DB11950
T50688,D0V7PL,P08514,DB04863
T50688,D0V7PL,P05106,DB04863
T59328,D0Z4RC,P00533,DB12174
T14597,D0Z4RC,P04626,DB12174
T96623,D01FYA,P08238,DB12638
T87686,D0C6GK,Q8TEK3,DB12920
T63505,D0E0NM,P00519,DB13005
T95913,D0E6UZ,P48736,DB11891
T92144,D0E0NM,Q02763,DB13005
T56418,D0L9PA,Q9UM73,DB13104
T24982,D09NTG,Q12908,DB04348
T83875,D0H7PW,P21397,DB12582
T83011,D0H7PW,P27338,DB12582
T22118,D0D3VT,P21728,DB12890
T59679,D01HVZ,Q13639,DB12725
T22939,D07MON,P06401,DB12637
T61400,D0N3XT,Q02127,DB03523
T60693,D07YHM,P41145,DB12341
T30082,D0W3BA,P22303,DB13058
T70176,D05ADP,P24941,DB06195
T58449,D05ADP,P50613,DB06195
T49898,D05ADP,P06493,DB06195
T09826,D0B6YB,P11387,DB05482
T68547,D00FHR,Q13547,DB11830
T56418,D04DYC,Q9UM73,DB12130
T37693,D0Q7NB,P34972,DB11903
T98933,D03MYO,P10828,DB12914
T03403,D05OQX,P23219,DB12445
T03403,D05OQX,P35354,DB12445
T68547,D0B7CH,Q13547,DB06819
T62449,D0Z9VY,O14757,DB01933
T82577,D00ERV,P12821,DB12923
T05409,D00ERV,P08473,DB12923
T47094,D0P1YE,P25103,DB12427
T22583,D0V4MB,Q9NY91,DB12935
T76059,D0N0AR,P62942,DB05814
T61744,D0M7CB,P27815,DB13029
T10265,D0M7CB,Q07343,DB13029
T02001,D0M7CB,Q08499,DB13029
T35486,D00KTV,P01111,DB12681
T40492,D07TYE,P26664,DB12026
T34234,D0R8IE,P11473,DB04796
T01777,D0B3ZF,P18825,DB12057
T63505,D06JHV,P00519,DB11904
T55654,D0X0CB,P13569,DB09280
T16691,D0V4ZQ,P50406,DB12229
T09826,D07UHX,P11387,DB12515
T61683,D09MIN,P98170,DB12085
T61683,D09MIN,Q13490,DB12085
T61683,D09MIN,Q13489,DB12085
T61683,D09MIN,Q96CA5,DB12085
T61683,D09MIN,O15392,DB12085
T89534,D0L3TR,P03372,DB12235
T40954,D0WK0P,P47989,DB01685
T59328,D02BYZ,P00533,DB12036
T61744,D0Z2FB,P27815,DB01791
T02001,D0Z2FB,Q08499,DB01791
T10265,D0Z2FB,Q07343,DB01791
T48873,D01IVE,Q05940,DB05137
T09826,D0U6ML,P11387,DB12459
T15377,D00ERV,P16615,DB12923
T31309,D0Z0HH,P10415,DB13044
T34429,D0ZC3C,P36544,DB05708
T78709,D0F6TD,P08908,DB12361
T23499,D09LQK,P25101,DB12054
T07303,D0P6DJ,P35916,DB04879
T59328,D0P6DJ,P00533,DB04879
T80975,D0P6DJ,P35968,DB04879
T80782,D0P6DJ,P17948,DB04879
T28661,D0PF3J,Q13885,DB12730
T03917,D0A4YK,P05023,DB12843
T03917,D0A4YK,P13637,DB12843
T03917,D0A4YK,P05026,DB12843
T03917,D0A4YK,P54709,DB12843
T62449,D00NZL,O14757,DB11662
T75243,D00KTV,P42345,DB12681
T47768,D02INX,P35372,DB12013
T40474,D06EGV,P08581,DB12381
T89534,D09NST,P03372,DB04468
T80896,D01HXA,Q92731,DB11674
T28713,D00EPT,O96017,DB05786
T20178,D0YX7E,P01375,DB11669
T52522,D0J1AV,P07550,DB12100
T67162,D0C8PE,P14416,DB12579
T31204,D02BRJ,P41595,DB12071
T83813,D02BRJ,P28335,DB12071
T58921,D02TGD,P37231,DB09199
T64567,D04IIU,Q16790,DB06370
T40555,D06LUZ,P26664,DB09027
T31391,D07HZG,P27487,DB08382
T97592,D08HOM,Q9UQB9,DB11694
T83145,D08UOY,P19838,DB06235
T83145,D08UOY,Q00653,DB06235
T83145,D08UOY,Q04206,DB06235
T83145,D08UOY,Q01201,DB06235
T83145,D08UOY,Q04864,DB06235
T80975,D0D1GF,P35968,DB12307
T40474,D0D1GF,P08581,DB12307
T96144,D0E3EY,P11388,DB05129
T96144,D0E3EY,Q02880,DB05129
T52522,D0GP8P,P07550,DB12526
T83813,D0I7MT,P28335,DB12290
T85943,D0M0XB,P12931,DB11805
T63505,D0M0XB,P00519,DB11805
T66665,D0U8OD,P35354,DB05095
T75243,D0VG0D,P42345,DB11651
T95913,D0VG0D,P48736,DB11651
T76685,D0W3GL,P21554,DB13070
T14597,D0YB3W,P04626,DB05424
T92057,D0YB3W,Q15303,DB05424
T59328,D0YB3W,P00533,DB05424
T67619,D0YB3W,P31749,DB05424
T87675,D08HOM,O14965,DB11694
T46781,D08HOM,Q96GD4,DB11694
T30085,D0V4MB,P31639,DB12935
T61744,DB82TO,P27815,DB08811
T77400,DB82TO,O00408,DB08811
T80896,D0L4FS,Q92731,DB01645
T76198,D0GC5H,P21731,DB13036
T10897,D09PVO,O00767,DB11860
T52522,D03MZJ,P07550,DB12752
T44068,D03MZJ,P08588,DB12752
T32880,D03YKE,Q9GZT9,DB04847
T68547,D0M8FD,Q13547,DB11841
T96079,D0O2XQ,P61073,DB05501
T20178,D08DGC,P01375,DB12193
T99840,D00GPQ,Q96BI3,DB12005
T99840,D00GPQ,Q8WW43,DB12005
T99840,D00GPQ,Q9NZ42,DB12005
T99840,D00GPQ,Q92542,DB12005
T99840,D00GPQ,P49768,DB12005
T96144,D00NVM,P11388,DB11999
T96144,D00NVM,Q02880,DB11999
T71266,D01ZAQ,Q9Y243,DB12218
T13127,D07NPS,P49354,DB04960
T13127,D07NPS,P49356,DB04960
T36557,D0LW1Y,Q03181,DB05187
T86591,D0LW1Y,Q07869,DB05187
T31309,D06ETI,P10415,DB12340
T56510,D06ETI,Q07817,DB12340
T03755,D06ETI,Q92843,DB12340
T12355,D06ETI,P24385,DB12340
T86528,D07NPS,P14324,DB04960
T67619,D01ZAQ,P31749,DB12218
T79961,D05IIP,P08912,DB11960
T47094,D0G3YC,P25103,DB09048
T75596,D0E4VQ,P50579,DB12671
T53904,D03YKE,Q96KS0,DB04847
T05409,D0WF7K,P08473,DB00616
T67162,D08GJH,P14416,DB09223
T32060,D08GJH,P28223,DB09223
T38338,D0N3SR,Q00975,DB09232
T23499,D0Y6UU,P25101,DB06199
T80975,D09VMI,P35968,DB04849
T68547,D0GH3Q,Q13547,DB12645
T08391,D0GH3Q,O60674,DB12645
T58921,D08PFA,P37231,DB09200
T20808,D0K7FT,O75874,DB13874
T20808,D0K7FT,P50213,DB13874
T20808,D0K7FT,O43837,DB13874
T20808,D0K7FT,P51553,DB13874
T31391,D04XIO,P27487,DB11723
T09826,D01FUC,P11387,DB12185
T31391,D0ZD3C,P27487,DB12412
T23172,D06EIC,P52333,DB11708
T62460,D06EIC,P23458,DB11708
T21782,D02PQB,P12004,DB03619
T49493,D03HVV,P69905,DB08486
T02258,D0W5NW,O75417,DB12151
T02258,D0W5NW,P06746,DB12151
T02258,D0W5NW,Q9UHN1,DB12151
T02258,D0W5NW,P54098,DB12151
T02258,D0W5NW,P56282,DB12151
T02258,D0W5NW,Q9HCU8,DB12151
T02258,D0W5NW,P28340,DB12151
T55654,D0Z5HR,P13569,DB11712
T84581,D08BXT,Q16881,DB03566
T83145,D0I6LH,P19838,DB12025
T83145,D0I6LH,Q00653,DB12025
T83145,D0I6LH,Q04206,DB12025
T83145,D0I6LH,Q01201,DB12025
T83145,D0I6LH,Q04864,DB12025
T64567,D07SDQ,Q16790,DB11672
T37848,D07SDQ,P08684,DB11672
T02703,D07SDQ,P35228,DB11672
T13201,D07SDQ,P00915,DB11672
T65501,D07SDQ,Q9UBC3,DB11672
T40954,D07SDQ,P47989,DB11672
T60529,D07SDQ,P23219,DB11672
T54156,D07SDQ,P14780,DB11672
T66665,D07SDQ,P35354,DB11672
T87024,D07SDQ,P05067,DB11672
T30082,D07CIN,P22303,DB04892
T99799,D07CIN,P06276,DB04892
T59328,D0M4AV,P00533,DB11907
T02779,D09IRQ,P11532,DB05016
T40694,D00BYM,P53350,DB12062
T24793,D06GRK,Q01668,DB06712
T51115,D06GRK,Q13936,DB06712
T83145,D0JN5N,P19838,DB06685
T83145,D0JN5N,Q00653,DB06685
T83145,D0JN5N,Q04206,DB06685
T83145,D0JN5N,Q01201,DB06685
T83145,D0JN5N,Q04864,DB06685
T16688,D0F1CE,O75907,DB12866
T31391,D0M3XR,P27487,DB11992
T11843,D07VIB,Q9BQB6,DB12823
T16691,D09IRN,P50406,DB11957
T32060,D0Q0EF,P28223,DB06077
T38284,D01NIR,P11274,DB12323
T38284,D01NIR,P00519,DB12323
T30085,D07FBM,P31639,DB11698
T97740,D07QJK,P50897,DB04977
T85799,D08MXP,P11802,DB11730
T89361,D08MXP,Q00534,DB11730
T09826,D09YDM,P11387,DB04690
T08391,D0D5ZJ,O60674,DB11763
T62460,D0D5ZJ,P23458,DB11763
T58921,D0F3NH,P37231,DB12781
T42446,D0GX3L,Q9UBS5,DB08892
T42446,D0GX3L,O75899,DB08892
T53524,D0J1GR,P16234,DB11832
T40694,D0KF9Q,P53350,DB12146
T95913,D0KF9Q,P48736,DB12146
T40555,D0LF5Q,P26664,DB09296
T96144,D0Q4OW,P11388,DB06193
T96144,D0Q4OW,Q02880,DB06193
T80276,D0UP1Z,P42336,DB12108
T22118,D0Y6HW,P21728,DB12273
T64591,D0Z2MB,P46098,DB04885
T80975,D0Q9CY,P35968,DB11828
T96788,D0Q9CY,P04626,DB11828
T59328,D0Q9CY,P00533,DB11828
T14597,D0Q9CY,P04626,DB11828
T66665,D0W2CX,P35354,DB12399
T13201,D0W2CX,P00915,DB12399
T35940,D0T5DP,Q02750,DB11689
T40474,D0LW0T,P08581,DB12048
T74312,D07KYT,P36888,DB12874
T85943,D0J1GR,P12931,DB11832
T89055,D0T5DP,P36507,DB11689
T95913,D0UP1Z,P48736,DB12108
T72545,D05STQ,P0AFI2,DB11774
T51672,DN62DG,P25963,DB12881
T01777,D0Y4DY,P18825,DB06694
T72841,D0B4RU,P11474,DB02789
T46521,D04DJN,P10275,DB02901
T11211,D04DJN,P10275,DB02901
T32262,D0V9VG,Q16602,DB12457
T80276,D0W7HE,P42336,DB12015
T86591,D04BCB,Q07869,DB09198
T58921,D04BCB,P37231,DB09198
T85799,D00UZR,P11802,DB09073
T89361,D00UZR,Q00534,DB09073
T77365,D0F4ZY,P29274,DB11757
T13852,D07FKQ,P21453,DB12371
T35842,D0X9PF,Q01726,DB11653
T72458,D0X9PF,P32245,DB11653
T08391,D0G8BM,O60674,DB12500
T25265,D00EQL,Q15910,DB12887
T14597,D09GRX,P04626,DB11652
T40474,D07OJZ,P08581,DB11791
T13127,D0W4HZ,P49354,DB06448
T13127,D0W4HZ,P49356,DB06448
T25464,D0L9HX,Q08209,DB11693
T63966,D0W7JZ,P17948,DB11800
T07303,D0W7JZ,P35916,DB11800
T80975,D0W7JZ,P35968,DB11800
T00972,D00ZCT,P04578,DB11796
T92403,D04TQO,P48764,DB11761
T20333,D09TAB,P07333,DB12978
T13852,D07EDB,P21453,DB12612
T57700,D09TAB,P10721,DB12978
T74312,D09TAB,P36888,DB12978
T69128,D0O0LS,P08922,DB11986
T56418,D0O0LS,Q9UM73,DB11986
T84703,D0O0LS,Q16620,DB11986
T51076,D0O0LS,Q16288,DB11986
T07173,D0O0LS,P04629,DB11986
T13852,D0Y4SI,P21453,DB12016
T11211,D0DV6D,P10275,DB12941
T28692,D0J5DC,P06858,DB00636
T79961,D07ZTO,P08912,DB01019
T47768,D0T5OX,P35372,DB00899
T86591,D07XGR,Q07869,DB01039
T58921,D03OFF,P37231,DB01132
T46360,D09OBB,Q99720,DB00514
T67162,D06YFA,P14416,DB01200
T58992,D03SKD,P41143,DB00497
T22285,D0M8AB,Q12879,DB00145
T34234,D02VPX,P11473,DB00146
T34234,D06JPB,P11473,DB00153
T34234,D01QUS,P11473,DB02300
T31204,D05NOS,P41595,DB00508
T64591,D0TZ1G,P46098,DB00721
T67162,D0T2IA,P14416,DB00298
T67162,D01JUF,P14416,DB00692
T11211,D0Y0SW,P10275,DB00499
T11211,D0SN9T,P10275,DB00665
T44068,D00IUG,P08588,DB01210
T44068,D03XTC,P08588,DB00187
T44068,D03ROX,P08588,DB00195
T09960,D0NR6S,P51681,DB04835
T67162,D03QGM,P14416,DB00391
T67162,D0U5OE,P14416,DB00408
T67162,D0D1AL,P14416,DB00502
T67162,D0Y0ER,P14416,DB00372
T67162,D00KHM,P14416,DB01100
T67162,D0AV3G,P14416,DB01184
T67162,D0E0LQ,P14416,DB01623
T40016,D0Y7IU,P04150,DB01222
T79961,D05TIB,P08912,DB00209
T67684,D0P1WA,P20309,DB01409
T74456,D06UDG,P30556,DB00177
T74456,D00JAU,P30556,DB01029
T34234,D0G8OC,P11473,DB01070
T64591,D04FVU,P46098,DB00377
T64591,D00YLW,P46098,DB00757
T64591,D06GKN,P46098,DB00969
T53381,D09MWJ,P25100,DB00346
T53381,D0P9RF,P25100,DB01162
T44068,D04VMT,P08588,DB00489
T67162,D0B2UZ,P14416,DB00433
T67162,D01ZII,P14416,DB00477
T67684,D0BZ7W,P20309,DB01036
T79961,D0RG3O,P08912,DB00572
T53381,D03MIR,P25100,DB00590
T53024,D02XIY,P30874,DB00104
T67162,D03CJL,P14416,DB00450
T58992,D0CS2F,P41143,DB00836
T97613,D0AN7B,P48039,DB01065
T79961,D00NAX,P08912,DB00420
T66040,D0H3TD,P0AD65,DB01598
T82146,D0BM5G,P13631,DB00799
T40800,D07TGN,P05023,DB01078
T40800,D0AR3J,P05023,DB01092
T40800,D0V8TQ,P05023,DB01370
T76198,D0E3BH,P21731,DB01207
T62390,D0B3QM,P07101,DB00765
T58992,D04JHN,P41143,DB00327
T31204,D0W8SJ,P41595,DB00805
T67162,D0U1OE,P14416,DB00679
T67162,D03RZV,P14416,DB00797
T67162,D0X2DK,P14416,DB00925
T44068,D0L5FY,P08588,DB01214
T67162,D0H7KF,P14416,DB01224
T67162,D01AZG,P14416,DB00734
T40016,D0IT2G,P04150,DB01234
T83813,D05ZIK,P28335,DB00370
T44068,D07MOX,P08588,DB00368
T55959,D02PPN,Q01959,DB00422
T44068,D0F2PO,P08588,DB00960
T78709,D0U2OO,P08908,DB00490
T89534,D0Z5OE,P03372,DB00648
T39610,D0R4OM,P0DP23,DB00831
T39610,D0R4OM,P0DP25,DB00831
T83813,D0X7DE,P28335,DB01149
T27265,D0A9YA,P18405,DB01126
T27265,D0A9YA,P31213,DB01126
T27265,D08IWD,P18405,DB01216
T27265,D08IWD,P31213,DB01216
T96144,D0G9YH,P11388,DB00276
T96144,D0G9YH,Q02880,DB00276
T20178,D09QEI,P01375,DB00806
T79232,D0P4VX,P37288,DB02638
T44068,D03GCJ,P08588,DB00521
T44068,D04PHC,P08588,DB00668
T47768,D06AWE,P35372,DB00921
T67162,D0H3HM,P14416,DB01238
T67162,D0V3ZA,P14416,DB00320
T67162,D0R1JV,P14416,DB00246
T79591,D0S6JG,P10827,DB00279
T79591,D06RGG,P10827,DB00451
T44068,D05UVD,P08588,DB00373
T44068,D04JEE,P08588,DB00571
T11211,D0V9BD,P10275,DB01128
T47768,D0X3FX,P35372,DB01183
T92072,D0B3HD,P30542,DB00201
T77365,D0B3HD,P29274,DB00201
T67162,D02HED,P14416,DB00850
T89534,D07KSG,P03372,DB00675
T03917,D0M3QP,P05023,DB01396
T03917,D0M3QP,P13637,DB01396
T03917,D0M3QP,P05026,DB01396
T03917,D0M3QP,P54709,DB01396
T74500,D02FLB,Q9UK17,DB01390
T40800,D07NAJ,P05023,DB01161
T91480,D0B2GI,Q09428,DB00222
T91480,D0N5YA,Q09428,DB00912
T91480,D06OIV,Q09428,DB01124
T40111,D09UZO,P20839,DB01033
T97713,D09UZO,Q06203,DB01033
T66665,D08LFZ,P35354,DB00861
T25464,D06OMK,Q08209,DB00864
T40111,D0H3WI,P20839,DB00811
T38284,D0AZ3C,P11274,DB00619
T38284,D0AZ3C,P00519,DB00619
T57700,D0AZ3C,P10721,DB00619
T67162,D00HHS,P14416,DB00852
T89034,D05HXX,P00747,DB00302
T89034,D0FD0H,P00747,DB00513
T08922,D0D7LA,O00763,DB00331
T76685,D0P1FO,P21554,DB00470
T50066,D00CTS,P51788,DB01046
T28692,D05VIX,P06858,DB01241
T34234,D0N1TP,P11473,DB00910
T67162,D0T7OW,P14416,DB00988
T58992,D03DIG,P41143,DB00318
T79232,D0H3MG,P37288,DB00093
T59679,D0BD8D,Q13639,DB00604
T67162,D0O6IU,P14416,DB00388
T67162,D04EYC,P14416,DB00610
T67162,D0BA6T,P14416,DB00968
T67162,D0C1IW,P14416,DB01253
T67162,D0LG8E,P14416,DB01364
T75440,D0L9GG,P30536,DB00404
T75440,D09LDR,P30536,DB00842
T44068,D0J7RK,P08588,DB00841
T52522,D0M8RC,P07550,DB00871
T52522,D04KJO,P07550,DB00983
T52522,D0K5CB,P07550,DB01001
T52522,D0SS4P,P07550,DB01291
T52522,D07XYV,P07550,DB01408
T67162,D04EGX,P14416,DB00248
T67162,D04AAN,P14416,DB00933
T22118,D0R6BI,P21728,DB00800
T67162,D0X7KB,P14416,DB00589
T92076,D03YGR,P41180,DB01012
T03403,D0TG1H,P23219,DB00586
T03403,D0TG1H,P35354,DB00586
T03403,D02IHW,P23219,DB06802
T03403,D02IHW,P35354,DB06802
T22939,D07BSQ,P06401,DB00396
T53381,D0T4WA,P25100,DB09206
T72841,D0D2TN,P11474,DB00896
T03403,D0T8VY,P23219,DB06736
T03403,D0T8VY,P35354,DB06736
T56418,D0U3SY,Q9UM73,DB11363
T99089,D05ROI,P15056,DB08912
T89534,D02CTS,P03372,DB04938
T53381,D0S0AF,P25100,DB12230
T83011,D0S2UG,P27338,DB01037
T01777,D05IHU,P18825,DB06764
T01777,D03DVJ,P18825,DB06714
T53381,D0A7QN,P25100,DB09205
T03403,D00BDC,P23219,DB09285
T03403,D00BDC,P35354,DB09285
T30082,D0WY5Q,P22303,DB00989
T40800,D0M9BW,P05023,DB06697
T59328,D07YDE,P00533,DB00727
T40016,D0Y7JU,P04150,DB08906
T68547,D0E3SH,Q13547,DB06603
T11211,D06XMU,P10275,DB00624
T23145,D0M6DO,P05108,DB00357
T03403,D0GY5Z,P23219,DB00945
T03403,D0GY5Z,P35354,DB00945
T67162,D0L0MB,P14416,DB01063
T67162,D0I8LU,P14416,DB01624
T67162,D01QML,P14416,DB01038
T67162,D03ELL,P14416,DB06288
T73342,D0R5RR,P23921,DB00631
T73342,D0R5RR,P31350,DB00631
T73342,D0R5RR,Q7LG56,DB00631
T59328,D08CDI,P00533,DB01259
T14597,D08CDI,P04626,DB01259
T89534,D08QMX,P03372,DB00783
T22939,D02KIU,P06401,DB00294
T22939,D0R2KY,P06401,DB00823
T55959,D0M2MC,Q01959,DB00830
T20178,D0U7GK,P01375,DB01041
T64591,D0E1XL,P46098,DB01202
T40800,D06MQM,P05023,DB06708
T79961,D0VU8Q,P08912,DB12554
T85435,D07MEH,P06213,DB12518
T67162,D0P6UB,P14416,DB01577
T53585,D0GY5Z,P04035,DB00945
T53585,D07QFP,P04035,DB08880
T34429,D0R1JV,P36544,DB00246
T31391,D0NJ5H,P27487,DB06203
T84631,D0I5HF,P00742,DB06605
T96079,D0L5RW,P61073,DB06809
T62193,D07MUN,P20711,DB00165
T37046,D0G3SH,P53004,DB01586
T27265,D0E4WR,P18405,DB00548
T27265,D0E4WR,P31213,DB00548
T07806,D0T3KI,P28222,DB00952
T30082,D06IAQ,P22303,DB01122
T30082,D0K3LW,P22303,DB00772
T30082,D0B2OT,P22303,DB00677
T64591,D0K0KH,P46098,DB11699
T66665,D0L6DA,P35354,DB00580
T46456,D0S7WX,P48443,DB00162
T31391,D0L3DK,P27487,DB04876
T22939,D0V4WD,P06401,DB08867
T76685,D0O3OS,P21554,DB06155
T67162,D01SAT,P14416,DB01295
T67162,D0G1OZ,P14416,DB01365
T11211,D00YWP,P10275,DB13169
T11211,D0L2LS,P10275,DB01185
T11211,D0U3GL,P10275,DB00621
T74456,D0T7US,P30556,DB00876
T82577,D09HDR,P12821,DB01089
T82577,D05MFG,P12821,DB01348
T82577,D04GKO,P12821,DB01340
T00140,D06RCB,P09917,DB00711
T09423,D0P2YU,P78508,DB01252
T09423,D09FJB,P78508,DB00839
T09423,D0Z4SB,P78508,DB01067
T09423,D03JAA,P78508,DB01382
T09423,D00BCP,P78508,DB00672
T09423,D06HBQ,P78508,DB01251
T09423,D04NTJ,P78508,DB01289
T96144,D06GAM,P11388,DB04576
T96144,D06GAM,Q02880,DB04576
T96144,D07CPU,P11388,DB00817
T96144,D07CPU,Q02880,DB00817
T75440,D0P2CK,P30536,DB01215
T75440,D0W2NM,P30536,DB01544
T75440,D0R4DP,P30536,DB01559
T75440,D06ZII,P30536,DB00402
T75440,D06FWC,P30536,DB01567
T20178,D07XHO,P01375,DB12598
T83011,D0TV6I,P27338,DB06654
T44068,D06KYN,P08588,DB01102
T44068,D0W8SB,P08588,DB01359
T44068,D02YYF,P08588,DB01158
T44068,D0KD1U,P08588,DB01297
T44068,D0Z1UA,P08588,DB04861
T52522,D0D1DI,P07550,DB01274
T52522,D0X5NX,P07550,DB01407
T52522,D04XEG,P07550,DB01288
T52522,D0L5YV,P07550,DB00938
T39610,D0W7OE,P0DP23,DB01429
T39610,D0W7OE,P0DP25,DB01429
T75888,D00SBN,Q92523,DB01074
T75888,D0G8SQ,Q92523,DB00583
T07663,D0NJ3V,O76074,DB01113
T03403,D0G2MW,P23219,DB00159
T03403,D0G2MW,P35354,DB00159
T66665,D04YMH,P35354,DB01283
T66665,D00HGB,P35354,DB04552
T66665,D0S7VO,P35354,DB01600
T66665,D07VHR,P35354,DB00812
T53585,D03KIA,P04035,DB00439
T66665,D0IT2X,P35354,DB00821
T22118,D05AHE,P21728,DB00353
T67162,D09TPF,P14416,DB01618
T67162,D0U5FS,P14416,DB04842
T06455,D08SKH,P11509,DB00553
T96144,D07UXP,P11388,DB00827
T96144,D07UXP,Q02880,DB00827
T96144,D0R8ER,P11388,DB00467
T96144,D0R8ER,Q02880,DB00467
T96144,D04NXQ,P11388,DB00487
T96144,D04NXQ,Q02880,DB00487
T96144,D0Q0PR,P11388,DB01051
T96144,D0Q0PR,Q02880,DB01051
T59328,D07POC,P00533,DB00530
T89534,D0CT9Y,P03372,DB06735
T89534,D0J1ML,P03372,DB01357
T89534,D09ZQN,P03372,DB00890
T46628,D0H8VY,P55157,DB08827
T31391,D02EYG,P27487,DB08882
T76910,D0Y3KG,P49840,DB00313
T89534,D04UZT,P03372,DB04575
T89534,D09IPV,P03372,DB01406
T89534,D06NXY,P03372,DB00977
T89534,D0Z1FX,P03372,DB04573
T89534,D00ZFP,P03372,DB00655
T86528,D0BF8G,P14324,DB00282
T40016,D0IL7L,P04150,DB00635
T40016,D03HYX,P04150,DB00764
T40016,D0CW1P,P04150,DB00443
T40016,D0FM2P,P04150,DB00180
T40016,D0P0HT,P04150,DB00324
T89361,D07ESC,Q00534,DB05676
T85799,D07ESC,P11802,DB05676
T44068,D0I2MK,P08588,DB00264
T44068,D01UXC,P08588,DB00335
T44068,D0K3ZR,P08588,DB00612
T44068,D0HD9K,P08588,DB01193
T44068,D0X2MB,P08588,DB01580
T49526,D0H8FH,P51787,DB00808
T39716,D0M4YC,Q14524,DB00280
T39716,D0X0RI,Q14524,DB00379
T39716,D0P5GE,Q14524,DB00527
T39716,D07RGW,Q14524,DB00532
T39716,D04QLR,Q14524,DB00645
T39716,D04VPA,Q14524,DB00680
T39716,D06LYG,Q14524,DB00750
T39716,D05EPM,Q14524,DB00754
T39716,D0Q2ES,Q14524,DB00868
T68547,D0E7PQ,Q13547,DB02546
T31391,D0K9MY,P27487,DB06335
T39716,D0J5YC,Q14524,DB01320
T91480,D0M2MR,Q09428,DB01120
T74456,D0DD0K,P30556,DB00678
T74456,D0D5SQ,P30556,DB13919
T67162,D08VYV,P14416,DB01233
T94033,D09HVL,P00734,DB00006
T94444,D03GET,Q06278,DB00170
T53585,D02RQU,P04035,DB00175
T53585,D06WTZ,P04035,DB00227
T53585,D0H0ND,P04035,DB00641
T60693,D0P6VV,P41145,DB01209
T92777,D04ZTY,O43451,DB04878
T83011,D06OMW,P27338,DB01367
T79961,D0RD5W,P08912,DB00424
T79961,D0JY5S,P08912,DB00940
T79961,D0R1WR,P08912,DB00387
T79961,D0B1EV,P08912,DB00979
T79961,D06HLY,P08912,DB01085
T79961,D0ND2J,P08912,DB01148
T79961,D0FV3V,P08912,DB04843
T47094,D0S2UG,P25103,DB01037
T53585,D01QIN,P04035,DB01076
T53585,D0JE2E,P04035,DB01098
T30082,D0E6YQ,P22303,DB00382
T30082,D0R9VR,P22303,DB00674
T30082,D0S5LH,P22303,DB01010
T30082,D08USJ,P22303,DB01400
T68461,D00HNB,P12235,DB00720
T03661,D05GJW,P00813,DB00242
T03661,D0T3AD,P00813,DB00552
T03661,D0F2XQ,P00813,DB01073
T26623,D0Z5IU,P15121,DB00605
T52173,D00NKB,P37088,DB00384
T52173,D00NKB,P51168,DB00384
T52173,D00NKB,P51170,DB00384
T52173,D00NKB,P51172,DB00384
T83875,D01ZSO,P21397,DB01171
T83875,D0I2VK,P21397,DB01247
T83011,D0P9AC,P27338,DB00780
T83011,D0R0UJ,P27338,DB01626
T82577,D01STB,P12821,DB00178
T82577,D0X8KY,P12821,DB00492
T82577,D0M5OC,P12821,DB00519
T82577,D0U3EC,P12821,DB00542
T82577,D00SEB,P12821,DB00584
T82577,D00HDU,P12821,DB00691
T82577,D07HGR,P12821,DB00722
T82577,D0I7SZ,P12821,DB00881
T82577,D0I0EG,P12821,DB01197
T67684,D0L4YD,P20309,DB01591
T67684,D0Y5AM,P20309,DB00496
T67684,D0Q7ZQ,P20309,DB00202
T47768,D0G5QB,P35372,DB00802
T47768,D0X6HD,P35372,DB00913
T47768,D0J2TN,P35372,DB01081
T47768,D0GR0T,P35372,DB01433
T47768,D05PIZ,P35372,DB01227
T47768,D0D7KC,P35372,DB06274
T70967,D0B6CC,P43681,DB01116
T70967,D0IX1A,P43681,DB01090
T74312,D07NVU,P36888,DB06595
T47107,D07NVU,P05129,DB06595
T21678,D0MU9L,P06280,DB05018
T00140,D09JUG,P09917,DB00744
T62193,D0P7JZ,P20711,DB00190
T44068,D01JFT,P08588,DB00449
T25464,D0Z4UN,Q08209,DB00337
T61744,D02PWM,P27815,DB00651
T76904,D0Y7PG,P21964,DB00323
T76904,D0J1VY,P21964,DB00494
T88975,D03TYI,Q14432,DB01223
T07663,D05MQK,O76074,DB00820
T03403,D0D9JW,P23219,DB00465
T03403,D0D9JW,P35354,DB00465
T03403,D03XYW,P23219,DB00573
T03403,D03XYW,P35354,DB00573
T03403,D0M9DC,P23219,DB00991
T03403,D0M9DC,P35354,DB00991
T66665,D0W9WF,P35354,DB01009
T66040,D0M1VC,P0AD65,DB01163
T33193,D0K3DQ,P0AD68,DB00229
T33193,D06QCC,P0AD68,DB00267
T33193,D05UBX,P0AD68,DB00274
T33193,D00NJJ,P0AD68,DB00948
T33193,D0O5LU,P0AD68,DB04570
T86591,D00WCX,Q07869,DB01393
T36483,D0VA0I,P25116,DB09030
T41201,D02GIU,P16444,DB01597
T31391,D0U2JP,P27487,DB01261
T37847,D07XSN,P04293,DB00987
T96144,D07IPB,P11388,DB00385
T96144,D07IPB,Q02880,DB00385
T96144,D02KOF,P11388,DB00978
T96144,D02KOF,Q02880,DB00978
T59328,D09XZB,P00533,DB00317
T86528,D0PA5S,P14324,DB00884
T22939,D0F1UL,P06401,DB00378
T22939,D0BA9U,P06401,DB00367
T22939,D06CGB,P06401,DB00304
T22939,D09QZI,P06401,DB00957
T22939,D0GL7U,P06401,DB00717
T61622,D03SVX,P00797,DB09026
T61622,D0C2EP,P00797,DB00212
T75243,D0K3QS,P42345,DB01590
T63068,D07OIX,P02768,DB04711
T75243,D03LJR,P42345,DB00877
T42446,D0J0ZS,Q9UBS5,DB00996
T42446,D0J0ZS,O75899,DB00996
T19433,D0L9ZR,O60760,DB01058
T75440,D0Q9WO,P30536,DB01594
T75440,D0E7FS,P30536,DB00546
T75440,D0S1OE,P30536,DB01178
T20178,D0Q5NX,P01375,DB00480
T74456,D00NVX,P30556,DB01342
T74456,D0B9AO,P30556,DB01347
T74456,D0M7TO,P30556,DB01349
T34234,D0K5WS,P11473,DB00169
T17569,D05CPV,P22460,DB04855
T80975,D0R0FO,P35968,DB09078
T81900,D0M1IO,P14735,DB00626
T92777,D0D0ZD,O43451,DB00491
T60529,D0C4YC,P23219,DB00244
T60529,D07BPS,P23219,DB00870
T60529,D07HBX,P23219,DB00936
T60529,D0U1OM,P23219,DB00963
T95479,D0V0LB,P61278,DB00847
T16688,D07MGA,O75907,DB01094
T49493,D0Y3TM,P69905,DB01592
T95400,D0J7TM,P30273,DB00895
T13852,D07UHS,P21453,DB08868
T60529,D0Y0JH,P23219,DB01399
T66665,D0I6IB,P35354,DB00469
T66665,D03RTS,P35354,DB00482
T66665,D09MGR,P35354,DB01628
T29130,D05QDC,P40763,DB00459
T03917,D02OZE,P05023,DB00390
T03917,D02OZE,P13637,DB00390
T03917,D02OZE,P05026,DB00390
T03917,D02OZE,P54709,DB00390
T48873,D0J4JM,Q05940,DB00206
T48873,D09PJX,Q05940,DB04844
T14558,D05EAM,Q15661,DB00738
T74456,D0N6RF,P30556,DB00966
T11843,D02TJS,Q9BQB6,DB00266
T58921,D06XZW,P37231,DB00197
T66665,D05VLS,P35354,DB00533
T96144,D01UBX,P11388,DB11617
T96144,D01UBX,Q02880,DB11617
T60366,D0X7JR,P11926,DB06243
T52522,D03DJL,P07550,DB05039
T11843,D08FTG,Q9BQB6,DB00498
T11843,D0E3OF,Q9BQB6,DB00682
T11843,D0QV5T,Q9BQB6,DB00946
T11843,D05HFY,Q9BQB6,DB01418
T03403,D0U5QK,P23219,DB00316
T03403,D0U5QK,P35354,DB00316
T66665,D09BHB,P35354,DB00500
T66665,D0N1WU,P35354,DB00749
T66665,D05FTJ,P35354,DB00784
T66665,D0R1QE,P35354,DB01050
T95678,D02KRS,P06821,DB00915
T97713,D07QCE,Q06203,DB00993
T89360,D04FBR,P12268,DB00688
T28661,D0W9MM,Q13885,DB00570
T89534,D04VFJ,P03372,DB00539
T69506,D0T1XW,Q14994,DB00737
T12966,D0C4HG,P63316,DB00922
T83875,D09QDP,P21397,DB04017
T63068,D0B1FE,P02768,DB12610
T82577,D0N5HJ,P12821,DB09477
T44068,D0A6CQ,P08588,DB09351
T63505,D0OB0F,P00519,DB06616
T85943,D0OB0F,P12931,DB06616
T97947,D00GNJ,P25092,DB08890
T83813,D01JMC,P28335,DB04871
T62390,D0R1CR,P07101,DB00120
T62390,D01CRB,P07101,DB00135
T30082,D0O2WB,P22303,DB00545
T82577,D03KYG,P12821,DB00790
T03403,D08IFL,P23219,DB00939
T03403,D08IFL,P35354,DB00939
T96144,D07JGT,P11388,DB00779
T96144,D07JGT,Q02880,DB00779
T93783,D08HZC,P04608,DB00859
T10147,D00NNC,Q13332,DB01077
T55959,D04XPW,Q01959,DB00907
T79961,D0H5DU,P08912,DB00383
T79961,D0OK5I,P08912,DB00505
T40111,D0G5AG,P20839,DB12617
T67162,D0O6IZ,P14416,DB06711
T30653,D0K8KX,Q7L5N7,DB04216
T67162,D0W9ZF,P14416,DB09097
T32060,D0G6VL,P28223,DB12163
T23499,D0X5ZI,P25101,DB06403
T40954,D0A5SE,P47989,DB04854
T89534,D09NMD,P03372,DB06202
T75440,D07JVL,P30536,DB00829
T30082,D0NS6H,P22303,DB00843
T79961,D0TV9K,P08912,DB12278
T16156,D0W1DI,P40238,DB11995
T67162,D0H6QU,P14416,DB00714
T40016,D0D1SG,P04150,DB00860
T03403,D0UL2L,P23219,DB06725
T03403,D0UL2L,P35354,DB06725
T75440,D0D5GD,P30536,DB01205
T89534,D01XBA,P03372,DB00481
T53585,D03VFL,P04035,DB12647
T01777,D0AE3X,P18825,DB00484
T47768,D03SKD,P35372,DB00497
T00895,D0Y4AW,Q02156,DB00371
T11211,D0K0EK,P10275,DB01708
T89534,D0JY8T,P03372,DB06401
T01777,D06OFS,P18825,DB11738
T03403,D0Y7EM,P23219,DB07477
T03403,D0Y7EM,P35354,DB07477
T74312,D01XYJ,P36888,DB00495
T40016,D0Z4EI,P04150,DB00834
T67162,D07JWT,P14416,DB12710
T03403,D0LR4B,P23219,DB09212
T03403,D0LR4B,P35354,DB09212
T03403,D06YPU,P23219,DB09213
T03403,D06YPU,P35354,DB09213
T67162,D08HVR,P14416,DB01235
T66665,D0DJ1B,P35354,DB00788
T60529,D0DJ1B,P23219,DB00788
T66665,D05CKR,P35354,DB00461
T13201,D0C2II,P00915,DB00703
T66665,D0G7FJ,P35354,DB00814
T47768,D04JHN,P35372,DB00327
T38161,D01ZOG,P04083,DB06781
T53024,D0M2YE,P30874,DB06791
T82577,D0S0ES,P12821,DB11783
T67162,D0V7XF,P14416,DB12313
T89534,D0M5RF,P03372,DB11619
T44068,D06VFO,P08588,DB11785
T77365,D0XE1C,P29274,DB06213
T40474,D03ZBT,P08581,DB08865
T69128,D03ZBT,P08922,DB08865
T56418,D03ZBT,Q9UM73,DB08865
T11211,D0QK5X,P10275,DB08899
T87024,D09CGE,P05067,DB09149
T99089,D0Y9EW,P15056,DB08881
T55654,D0W7WC,P13569,DB08820
T55959,D02GJZ,Q01959,DB08824
T84631,D0KG3R,P00742,DB06228
T23172,D0EG1I,P52333,DB08895
T07663,D0Y5JC,O76074,DB06237
T34234,D0T2PL,P11473,DB00136
T75890,D05LEO,Q12882,DB00544
T83813,D0UA0I,P28335,DB13520
T07806,D0UA0I,P28222,DB13520
T84117,D0UA0I,P28566,DB13520
T31204,D0UA0I,P41595,DB13520
T32060,D0UA0I,P28223,DB13520
T60077,D0G3PI,P28702,DB00523
T13726,D0G3PI,P19793,DB00523
T61657,D0G3PI,P10826,DB00523
T46456,D0G3PI,P48443,DB00523
T72171,D0NR6S,P51681,DB04835
T35465,D0SV8E,P41440,DB00563
T67684,D0M6VK,P20309,DB11315
T67162,D07MEH,P14416,DB12518
T62184,D0ED7U,P30531,DB00906
T51452,D0D5GD,P47869,DB01205
T37382,D07AHW,Q9UHI7,DB00126
T39676,D0D7LA,Q96FL8,DB00331
T45299,D0FD0H,P00750,DB00513
T55922,D03ZFN,P17707,DB03754
T11211,D0R7JT,P10275,DB00687
T75498,D0AN7B,P16083,DB01065
T02001,D0NJ3V,Q08499,DB01113
T66350,D0X9RY,P51151,DB03793
T85733,D07XVN,Q02880,DB00380
T42822,D0OR2L,P22830,DB02659
T76369,D0OR2L,P23141,DB02659
T62276,D02WFK,Q05586,DB00260
T03691,D0RA5Q,P09960,DB03424
T67162,D02DPU,P14416,DB04599
T32060,D02DPU,P28223,DB04599
T11211,D0B2WJ,P10275,DB02266
T66665,D0B2WJ,P35354,DB02266
T60529,D0B2WJ,P23219,DB02266
T60857,D0B2WJ,P42330,DB02266
T69619,D03SKR,Q16853,DB00575
T48945,D05LEO,O14746,DB00544
T48945,D07VLY,O14746,DB00997
T33765,D0AZ3C,Q07820,DB00619
T63484,D0K0EK,P11413,DB01708
T59679,D04QSJ,Q13639,DB06480
T57680,D0A5FM,Q02108,DB00435
T57680,D0A5FM,Q02153,DB00435
T83011,D07PAO,P27338,DB01299
T30082,D06XWB,P22303,DB04864
T76414,D0I0DL,Q13224,DB08954
T44068,D0I8FI,P08588,DB01064
T52522,D02ZJI,P07550,DB13139
T45262,D0B9JO,P34998,DB06402
T58921,D0K8IX,P37231,DB11898
T67162,D02LCR,P14416,DB13025
T99641,D0A9KF,P00352,DB09116
T78709,D0K0VO,P08908,DB12661
T92609,D0U0VU,P35348,DB06207
T92609,D04DKH,P35348,DB12092
T00884,D0R1QE,P25024,DB01050
T56923,D0R1QE,P25025,DB01050
T22658,D0R1QE,P10145,DB01050
T88975,D0E0SW,Q14432,DB04880
T01777,D0E9PK,P18825,DB09242
T41580,D0E9PK,P18089,DB09242
T88975,D0L0ZF,Q14432,DB12082
T20251,D0L0ZF,Q12809,DB12082
T88975,D03VPC,Q14432,DB01166
T59102,D01PZD,P09619,DB06436
T47101,D01PZD,P11362,DB06436
T53524,D01PZD,P16234,DB06436
T57700,D01PZD,P10721,DB06436
T80975,D01PZD,P35968,DB06436
T80782,D01PZD,P17948,DB06436
T60631,D01PZD,P07949,DB06436
T32060,D0T6QX,P28223,DB09225
T13201,D07HBX,P00915,DB00936
T76685,D0T9TJ,P21554,DB01083
T74456,D0G6SE,P30556,DB11842
T09909,D0G6SE,P50052,DB11842
T47768,D07LCF,P35372,DB09049
T37693,D0L7AS,P34972,DB00486
T76685,D0L7AS,P21554,DB00486
T67849,D0J5VR,O00329,DB09054
T31309,D00PBX,P10415,DB11581
T50269,D0IG4I,P23415,DB11582
T55285,D0IG4I,P23415,DB11582
T55285,D0IG4I,O75311,DB11582
T55285,D0IG4I,P48167,DB11582
T08910,D0IG4I,P18507,DB11582
T73712,D0NF1U,P07148,DB13873
T56418,D04LVK,Q9UM73,DB09063
T79961,D00SLY,P08912,DB09076
T25005,D09KTS,Q06187,DB09053
T08910,D00VZZ,P18507,DB11859
T62431,D0V8HJ,P43405,DB12010
T92057,D06XXH,Q15303,DB11963
T14597,D06XXH,P04626,DB11963
T59328,D06XXH,P00533,DB11963
T47094,D0CF0Y,P25103,DB09291
T89529,D03IDU,P18031,DB11091
T31391,D0T8XB,P27487,DB12417
T66665,D06LHG,P35354,DB08981
T60529,D06LHG,P23219,DB08981
T53381,D0J5RN,P25100,DB06413
T48268,D0Q5MQ,P49286,DB09071
T97613,D0Q5MQ,P48039,DB09071
T42446,D01AJY,Q9UBS5,DB00181
T42446,D01AJY,O75899,DB00181
T60693,D02HWP,P41145,DB01243
T52522,D04UTT,P07550,DB09080
T52522,D0L0GM,P07550,DB09082
T27376,D00EEL,O14764,DB06554
T60529,D00IBN,P23219,DB00554
T52522,D00LFB,P07550,DB00867
T69485,D00OVU,O43614,DB09034
T38284,D00STL,P11274,DB04868
T38284,D00STL,P00519,DB04868
T03896,D00TLP,P26664,DB06290
T78709,D00USF,P08908,DB00656
T96144,D01DBQ,P11388,DB00444
T96144,D01DBQ,Q02880,DB00444
T60693,D01KQA,P41145,DB00844
T16156,D01PZD,P40238,DB06436
T30085,D01TNW,P31639,DB06292
T60529,D01WJL,P23219,DB00233
T66665,D01WJL,P35354,DB00233
T96144,D01XDL,P11388,DB01177
T96144,D01XDL,Q02880,DB01177
T92687,D01XNB,P51164,DB00338
T80975,D01ZRI,P35968,DB06626
T07806,D02DMQ,P28222,DB00216
T68066,D02JNM,P11474,DB01260
T68066,D02JNM,O95718,DB01260
T68066,D02JNM,P62508,DB01260
T09826,D02PMO,P11387,DB01030
T40016,D02QJH,P04150,DB00591
T97257,D02WCI,P01137,DB04951
T40016,D03BLF,P04150,DB00620
T89034,D03HYQ,P00747,DB00243
T27445,D03JSJ,P00956,DB00410
T75440,D03NPH,P30536,DB01589
T38301,D03UVS,P31350,DB00441
T80896,D03XOC,Q92731,DB01108
T51426,D03ZTE,Q96RI1,DB06777
T68066,D03ZZK,P11474,DB01047
T68066,D03ZZK,O95718,DB01047
T68066,D03ZZK,P62508,DB01047
T37847,D04AAW,P04293,DB00369
T23666,D01PZD,P35869,DB06436
T75440,D04BNP,P30536,DB00231
T22118,D04JCN,P21728,DB01186
T67162,D04JCN,P14416,DB01186
T08391,D04LKS,O60674,DB08877
T62460,D04LKS,P23458,DB08877
T68066,D04SFH,P11474,DB00253
T68066,D04SFH,O95718,DB00253
T68066,D04SFH,P62508,DB00253
T19693,D04UKC,Q02846,DB08931
T77009,D05BJD,P30044,DB05428
T83813,D05GKD,P28335,DB00193
T87023,D05LBU,P25105,DB00208
T91480,D05LYX,Q09428,DB01016
T92609,D05MBZ,P35348,DB00706
T92078,D05OFX,Q16555,DB06218
T40016,D05RXI,P04150,DB00769
T85799,D05SBO,P11802,DB12001
T89361,D05SBO,Q00534,DB12001
T44068,D05SHK,P08588,DB01203
T67162,D05XGO,P14416,DB06016
T30085,D06ALD,P31639,DB09038
T75440,D06BEP,P30536,DB00475
T07806,D06FPQ,P28222,DB00998
T86679,D06IAR,P29275,DB00640
T68066,D06IIB,P11474,DB06786
T68066,D06IIB,O95718,DB06786
T68066,D06IIB,P62508,DB06786
T68066,D06XHC,P11474,DB00288
T68066,D06XHC,O95718,DB00288
T68066,D06XHC,P62508,DB00288
T63068,D06ZPS,P02768,DB03585
T38301,D07CWD,P31350,DB01005
T09826,D07HOB,P11387,DB00762
T55959,D07HQC,Q01959,DB00745
T13201,D07INV,P00915,DB00311
T39610,D07MVK,P0DP23,DB01218
T39610,D07MVK,P0DP25,DB01218
T61400,D07QFP,Q02127,DB08880
T89534,D07VBA,P03372,DB13956
T96144,D07VLY,P11388,DB00997
T96144,D07VLY,Q02880,DB00997
T91480,D07WFK,Q09428,DB00414
T96144,D07XVN,P11388,DB00380
T96144,D07XVN,Q02880,DB00380
T57680,D07YDE,Q02108,DB00727
T57680,D07YDE,Q02153,DB00727
T77796,D08BTB,P34981,DB09421
T30085,D08DFX,P31639,DB08907
T52522,D08HUC,P07550,DB00221
T40016,D08PIQ,P04150,DB00959
T86528,D08SJZ,P14324,DB00710
T75440,D08XFV,P30536,DB00690
T07289,D09EGZ,Q16570,DB00608
T56923,D09GOS,P25025,DB00257
T68066,D09IEE,P11474,DB01130
T68066,D09IEE,O95718,DB01130
T68066,D09IEE,P62508,DB01130
T47768,D0E1WI,P35372,DB00813
T86528,D09KLR,P14324,DB00630
T67162,D09LZT,P14416,DB01403
T47768,D09ZXR,P35372,DB09272
T58992,D09ZXR,P41143,DB09272
T66040,D0A1CB,P0AD65,DB01413
T66665,D0A1PX,P35354,DB00712
T96144,D0B7EB,P11388,DB00773
T96144,D0B7EB,Q02880,DB00773
T50688,D0BN9X,P08514,DB00775
T50688,D0BN9X,P05106,DB00775
T83386,D0C0SK,P15328,DB00205
T31309,D0C4RB,P10415,DB01229
T92687,D0C6DT,P51164,DB00736
T96144,D0C9XJ,P11388,DB00445
T96144,D0C9XJ,Q02880,DB00445
T68066,D0CZ1Q,P11474,DB00547
T68066,D0CZ1Q,O95718,DB00547
T68066,D0CZ1Q,P62508,DB00547
T05152,D0D4YZ,P26664,DB08934
T75440,D0E0OG,P30536,DB00186
T13201,D0E1SW,P00915,DB00819
T07663,D0F9GE,O76074,DB00975
T75440,D0G3AQ,P30536,DB01588
T82146,D0G3PI,P13631,DB00523
T67162,D0G8NN,P14416,DB00413
T00494,D0H2DQ,O95477,DB01599
T55094,D0I0RJ,P78348,DB00594
T52522,D0I8FI,P07550,DB01064
T84631,D0J0BU,P00742,DB12364
T13201,D0J4GO,P00915,DB01144
T32060,D0J8JP,P28223,DB05316
T69619,D0K1XK,Q16853,DB01275
T40016,D0KR5B,P04150,DB00741
T92687,D06YYD,P51164,DB05351
T13726,D0N0RU,P19793,DB00307
T07806,D0NG7O,P28222,DB00315
T78709,D0P0OU,P08908,DB09128
T67162,D0P0OU,P14416,DB09128
T95385,D0I8FI,P29460,DB01064
T75440,D0P3JU,P30536,DB00628
T07806,D0P5SA,P28222,DB00623
T30085,D0Q3VE,P31639,DB11827
T80975,D0R0MW,P35968,DB01268
T66665,D0R1RS,P35354,DB00328
T96144,D0R3JB,P11388,DB01204
T96144,D0R3JB,Q02880,DB01204
T67162,D0R9EQ,P14416,DB00268
T67849,D0RU0O,O00329,DB11952
T95913,D0RU0O,P48736,DB11952
T23499,D0S7JH,P25101,DB08932
T92828,D0S7JH,P24530,DB08932
T32060,D0S9CB,P28223,DB04908
T78709,D0S9CB,P08908,DB04908
T92687,D0T6XX,P51164,DB00213
T89534,D0T7ZQ,P03372,DB13952
T99089,D0TK7R,P15056,DB11718
T97613,D0U0KW,P48039,DB00980
T48268,D0U0KW,P49286,DB00980
T89534,D0U0XD,P03372,DB13954
T75440,D0U3LS,P30536,DB00897
T14597,D0U3YB,P04626,DB00179
T23499,D0U4CE,P25101,DB00559
T92828,D0U4CE,P24530,DB00559
T82577,D0U4UQ,P12821,DB00999
T75440,D0U6LM,P30536,DB00683
T40800,D0V3GA,P05023,DB00511
T03896,D0V3YT,P26664,DB08873
T86528,D0VM2L,P14324,DB00399
T66237,D0VU2X,P30518,DB00872
T79232,D0VU2X,P37288,DB00872
T80975,D0W5HK,P35968,DB00398
T57700,D0W5HK,P10721,DB00398
T59102,D0W5HK,P09619,DB00398
T47768,D0WE3O,P35372,DB00295
T68066,D0X4RS,P11474,DB01380
T68066,D0X4RS,O95718,DB01380
T68066,D0X4RS,P62508,DB01380
T47768,D0X5KF,P35372,DB00956
T78709,D0X6BV,P08908,DB06684
T03896,D0X9CH,P26664,DB05521
T68066,D0Y2YP,P11474,DB00846
T68066,D0Y2YP,O95718,DB00846
T68066,D0Y2YP,P62508,DB00846
T07485,D09NMD,P03420,DB06202
T63967,D0Y6CE,P43681,DB00416
T63967,D0Y6CE,P17787,DB00416
T08391,D0Y7IC,O60674,DB11817
T62460,D0Y7IC,P23458,DB11817
T75440,D0Z9VB,P30536,DB00801
T51426,D0M4WA,Q96RI1,DB05990
T40016,D09WYX,P04150,DB11921
T97947,D07FEC,P25092,DB13170
T14597,D05UFG,P04626,DB08916
T59328,D05UFG,P00533,DB08916
T60631,D09GDD,P07949,DB08896
T80975,D09GDD,P35968,DB08896
T57700,D09GDD,P10721,DB08896
T85943,D0E6XR,P12931,DB01254
T38284,D0E6XR,P11274,DB01254
T38284,D0E6XR,P00519,DB01254
T12499,D0E6XR,P06239,DB01254
T17980,D0E6XR,P06241,DB01254
T80975,D0G6QF,P35968,DB05294
T60631,D0G6QF,P07949,DB05294
T59328,D0G6QF,P00533,DB05294
T74312,D0H0EQ,P36888,DB08901
T63505,D0H0EQ,P00519,DB08901
T57700,D0H0EQ,P10721,DB08901
T60631,D0H0EQ,P07949,DB08901
T80975,D0IQ6P,P35968,DB08875
T40474,D0IQ6P,P08581,DB08875
T32060,D0M8VE,P28223,DB04946
T67162,D0M8VE,P14416,DB04946
T13644,D0TV0C,P32745,DB06663
T16633,D0TV0C,P30872,DB06663
T53024,D0TV0C,P30874,DB06663
T64830,D0TV0C,P35346,DB06663
T16156,D0TD1R,P40238,DB13125
T11211,D0S7LG,P10275,DB11901
T25005,D09PQZ,Q06187,DB11703
T56418,D08PIE,Q9UM73,DB12267
T56418,D0AF6O,Q9UM73,DB12130
T69128,D0AF6O,P08922,DB12130
T74312,D04KZY,P36888,DB12141
T27376,D00VZZ,O14764,DB11859
T71390,D08IWD,P31213,DB01216
T75243,D0S5LO,P42345,DB11978
T82383,D04KZY,P30530,DB12141
T74363,D04LKS,Q03405,DB08877
T34949,D05CEU,O00555,DB04841
T33584,D0U3ED,P42261,DB08883
T42392,D0U3ED,P42262,DB08883
T96235,D0U3ED,P48058,DB08883
T59328,D0W5HK,P00533,DB00398
T72545,DR36YB,P0AFI2,DB11892
T53585,D0J9GD,P04035,DB06693
T58992,D03PJU,P41143,DB01535
T60693,D03PJU,P41145,DB01535
T47768,D03PJU,P35372,DB01535
T67801,D05UWI,P02788,DB08439
T62193,D0X8ED,P20711,DB12783
T33193,D00QAR,P0AD68,DB01053
T57560,D00QAR,P02918,DB01053
T57560,D00QAR,P02919,DB01053
T59679,D06PZN,Q13639,DB11675
T87023,D0S1CQ,P25105,DB11614
T23714,D0X0BI,P30411,DB12126
T22285,D0LD9S,Q12879,DB00127
T62276,D0LD9S,Q05586,DB00127
T64567,D0LD9S,Q16790,DB00127
T13201,D0L6HN,P00915,DB03255
T64567,D0L6HN,Q16790,DB03255
T51565,D0U7OU,P68400,DB07715
T75440,D0N9DS,P30536,DB00829
T05387,D08QGR,P21980,DB12539
T01271,D0MX5B,P11274,DB06626
T01271,D0MX5B,P00519,DB06626
T59102,D0YX2B,P09619,DB01268
T00348,D0MX5B,P00519,DB06626
T34234,D00SZR,P11473,DB06194
T83011,D03VOJ,P27338,DB11268
T65116,D03XTA,P21589,DB00806
T65116,D09QNH,P21589,DB01412
T65116,D0C7ON,P21589,DB00651
T65116,D0DF2M,P21589,DB00277
T61657,D0E2AD,P10826,DB00799
T88505,D0G4EK,Q16236,DB04339
T65116,D0H9IX,P21589,DB00201
T29130,D0KP0U,P40763,DB00482
T38284,D0O0YI,P11274,DB13005
T38284,D0O0YI,P00519,DB13005
T88505,D0O5ZK,Q16236,DB00609
T58921,D0TF0T,P37231,DB11894
T82146,D0W8JK,P13631,DB00210
T18904,D0X6SJ,O75164,DB12610
T29130,D0Y3DN,P40763,DB04216
T83198,D0G4EK,Q14145,DB04339
T76198,D8N9VF,P21731,DB12321
T25464,D06OMK,Q08209,DB00864
T25464,D0G7UX,Q08209,DB00091
T59102,D00STL,P09619,DB04868
T59102,D01PZD,P09619,DB06436
T59102,D03ZBT,P09619,DB08865
T59102,D07POC,P09619,DB00530
T59102,D08CDI,P09619,DB01259
T59102,D09GDD,P09619,DB08896
T59102,D09KTS,P09619,DB09053
T59102,D0AZ3C,P09619,DB00619
T59102,D0E6XR,P09619,DB01254
T59102,D0G6QF,P09619,DB05294
T59102,D0H0EQ,P09619,DB08901
T59102,D0J9ZR,P09619,DB06803
T59102,D0R0MW,P09619,DB01268
T59102,D0W5HK,P09619,DB00398
T59102,D00UZR,P09619,DB09073
T59102,D08HOM,P09619,DB11694
T59102,D0D1GF,P09619,DB12307
T59102,D0M0XB,P09619,DB11805
T59102,D0O0LS,P09619,DB11986
T59102,D0P6DJ,P09619,DB04879
T59102,D0IT6Q,P09619,DB05465
T59102,D0A1CM,P09619,DB08846
T85272,D03DAP,Q09470,DB01195
T85272,D04OSE,Q09470,DB01115
T85272,D08YIN,Q09470,DB06637
T85272,D0OB1J,Q09470,DB00343
T85272,D0U5CE,Q09470,DB06774
T85272,D06PZZ,Q09470,DB08837
T55398,D0OB0F,Q9NWZ3,DB06616
T55398,D03LWG,Q9NWZ3,DB11886
T32880,D06VNK,Q9GZT9,DB00139
T32880,D03YKE,Q9GZT9,DB04847
T32880,D07KEH,Q9GZT9,DB12255
T52921,D04CRN,P41146,DB00289
T52921,D0CS2F,P41146,DB00836
T52921,D0PG8O,P41146,DB00704
T52921,D0U5FS,P41146,DB04842
T52921,D0L6QN,P41146,DB09174
T52638,D03LWG,Q9H4A3,DB11886
T56556,D00YZD,Q9UNQ0,DB08930
T56556,D07BSQ,Q9UNQ0,DB00396
T56556,D07POC,Q9UNQ0,DB00530
T56556,D09XZB,Q9UNQ0,DB00317
T56556,D0AZ3C,Q9UNQ0,DB00619
T56556,D0BP9C,Q9UNQ0,DB06414
T56556,D0J4JM,Q9UNQ0,DB00206
T56556,D0K8KX,Q9UNQ0,DB04216
T56556,D0OB1J,Q9UNQ0,DB00343
T56556,D0Q0PR,Q9UNQ0,DB01051
T56556,D0R0FE,Q9UNQ0,DB00661
T56556,D0R3JB,Q9UNQ0,DB01204
T56556,D0T0KA,Q9UNQ0,DB00622
T56556,D0G7UX,Q9UNQ0,DB00091
T56556,D0L4FS,Q9UNQ0,DB01645
T56556,D09FGX,Q9UNQ0,DB04881
T75440,D04BNP,P30536,DB00231
T75440,D07JVL,P30536,DB00829
T75440,D09LDR,P30536,DB00842
T75440,D0CP4E,P30536,DB01068
T75440,D0E0OG,P30536,DB00186
T75440,D0T5WK,P30536,DB01595
T75440,D0W2NM,P30536,DB01544
T75440,D0Z5OV,P30536,DB01511
T75440,D0Z9VB,P30536,DB00801
T94621,D03ZBT,P31751,DB08865
T94621,D01ZAQ,P31751,DB12218
T55922,D05FFR,P17707,DB12967
T49031,D00UVA,P28074,DB08889
T49031,D0E7PQ,P28074,DB02546
T49031,D0K8KX,P28074,DB04216
T49031,D0SH3I,P28074,DB00188
T49031,D0T9TJ,P28074,DB01083
T49031,D05KED,P28074,DB12376
T49031,D07SDQ,P28074,DB11672
T49031,D0L4FS,P28074,DB01645
T49031,D0Y2SW,P28074,DB09570
T49031,D0U7OU,P28074,DB07715
T50269,D00KHM,P23415,DB01100
T50269,D01AZG,P23415,DB00734
T50269,D03YGR,P23415,DB01012
T50269,D09GDD,P23415,DB08896
T50269,D0A9YA,P23415,DB01126
T50269,D0GQ7K,P23415,DB00358
T50269,D0JC9N,P23415,DB00210
T50269,D0K5WS,P23415,DB00169
T50269,D0M8AB,P23415,DB00145
T50269,D0N6RF,P23415,DB00966
T50269,D0P1FO,P23415,DB00470
T50269,D0U5FS,P23415,DB04842
T50269,D0Z5IU,P23415,DB00605
T50269,D0Y2HR,P23415,DB00637
T06792,D00UVA,P28065,DB08889
T06792,D0SH3I,P28065,DB00188
T23673,D00STL,P04049,DB04868
T23673,D05ROI,P04049,DB08912
T23673,D09GDD,P04049,DB08896
T23673,D0E6XR,P04049,DB01254
T23673,D0R0MW,P04049,DB01268
T23673,D0W5HK,P04049,DB00398
T23673,D0Y9EW,P04049,DB08881
T48598,D05ROI,P01116,DB08912
T48598,D0Y9EW,P01116,DB08881
T79062,D00TLN,P34969,DB00434
T79062,D01AZG,P34969,DB00734
T79062,D01ZII,P34969,DB00477
T79062,D02HED,P34969,DB00850
T79062,D03ELL,P34969,DB06288
T79062,D04JEE,P34969,DB00571
T79062,D05MBZ,P34969,DB00706
T79062,D05XGO,P34969,DB06016
T79062,D05ZIK,P34969,DB00370
T79062,D06XZR,P34969,DB06153
T79062,D08VRO,P34969,DB12465
T79062,D09IOI,P34969,DB00543
T79062,D09TPF,P34969,DB01618
T79062,D0D1AL,P34969,DB00502
T79062,D0G8NN,P34969,DB00413
T79062,D0H3HM,P34969,DB01238
T79062,D0H7KF,P34969,DB01224
T79062,D0P0OU,P34969,DB09128
T79062,D0R1JV,P34969,DB00246
T79062,D0R6RO,P34969,DB06148
T79062,D0U1OE,P34969,DB00679
T79062,D0UA0I,P34969,DB13520
T79062,D0W5HK,P34969,DB00398
T79062,D0X6BV,P34969,DB06684
T79062,D0Z6UC,P34969,DB00669
T79062,D09IRN,P34969,DB11957
T79062,D0K8NW,P34969,DB12693
T79062,D0M7LV,P34969,DB04829
T79062,D09BNS,P34969,DB02959
T79062,D0J6JT,P34969,DB12110
T68251,D00HNB,P08253,DB00720
T68251,D01UBX,P08253,DB11617
T68251,D01XWG,P08253,DB00694
T68251,D07VLY,P08253,DB00997
T68251,D0K8KX,P08253,DB04216
T68251,D0Q8CS,P08253,DB01133
T68251,D0RA5Q,P08253,DB03424
T68251,D0S0LZ,P08253,DB00254
T68251,D0VM2L,P08253,DB00399
T68251,D0P8YC,P08253,DB03880
T68251,D0FO2B,P08253,DB11145
T35173,D09MIN,Q13489,DB12085
T08446,D0ED7U,P48065,DB00906
T69912,D0T9TJ,Q13093,DB01083
T69912,D0FO2B,Q13093,DB11145
T88806,D0BN9X,P08648,DB00775
T88806,D0BN9X,P05556,DB00775
T20251,D00FGR,Q12809,DB09031
T20251,D00JAU,Q12809,DB01029
T20251,D00JVR,Q12809,DB00972
T20251,D00KHM,Q12809,DB01100
T20251,D00SBN,Q12809,DB01074
T20251,D00STL,Q12809,DB04868
T20251,D00UVA,Q12809,DB08889
T20251,D00UYE,Q12809,DB00454
T20251,D00YLW,Q12809,DB00757
T20251,D01AXB,Q12809,DB00476
T20251,D01AZG,Q12809,DB00734
T20251,D01FGR,Q12809,DB01075
T20251,D01KPV,Q12809,DB00950
T20251,D01UTL,Q12809,DB01151
T20251,D01ZII,Q12809,DB00477
T20251,D01ZSO,Q12809,DB01171
T20251,D02EYG,Q12809,DB08882
T20251,D02KOF,Q12809,DB00978
T20251,D02MLW,Q12809,DB00308
T20251,D02YIZ,Q12809,DB00199
T20251,D03CJL,Q12809,DB00450
T20251,D03CQE,Q12809,DB01044
T20251,D03DAP,Q12809,DB01195
T20251,D03DIG,Q12809,DB00318
T20251,D03FLC,Q12809,DB00555
T20251,D03IGH,Q12809,DB01264
T20251,D03MIR,Q12809,DB00590
T20251,D03NHW,Q12809,DB01165
T20251,D03QWT,Q12809,DB06211
T20251,D04AAN,Q12809,DB00933
T20251,D04CRN,Q12809,DB00289
T20251,D04FVU,Q12809,DB00377
T20251,D04JCN,Q12809,DB01186
T20251,D04JEE,Q12809,DB00571
T20251,D04LVK,Q12809,DB09063
T20251,D04MSM,Q12809,DB00564
T20251,D04OSE,Q12809,DB01115
T20251,D04XGT,Q12809,DB11989
T20251,D04XPW,Q12809,DB00907
T20251,D05CPV,Q12809,DB04855
T20251,D05EAM,Q12809,DB00738
T20251,D05LYX,Q12809,DB01016
T20251,D05MQK,Q12809,DB00820
T20251,D05OFX,Q12809,DB06218
T20251,D05PIZ,Q12809,DB01227
T20251,D05SBO,Q12809,DB12001
T20251,D05XGO,Q12809,DB06016
T20251,D06ABF,Q12809,DB00455
T20251,D06BCB,Q12809,DB12131
T20251,D06GKN,Q12809,DB00969
T20251,D06MAJ,Q12809,DB12523
T20251,D06MQM,Q12809,DB06708
T20251,D06PZN,Q12809,DB11675
T20251,D06ZUK,Q12809,DB00458
T20251,D07KSG,Q12809,DB00675
T20251,D07MVK,Q12809,DB01218
T20251,D08CDI,Q12809,DB01259
T20251,D08JZS,Q12809,DB06691
T20251,D08VXO,Q12809,DB00835
T20251,D08YIN,Q12809,DB06637
T20251,D09EGZ,Q12809,DB00608
T20251,D09GOS,Q12809,DB00257
T20251,D09HNR,Q12809,DB00976
T20251,D09KTS,Q12809,DB09053
T20251,D09MWJ,Q12809,DB00346
T20251,D09OJQ,Q12809,DB00333
T20251,D09QUQ,Q12809,DB01002
T20251,D09SGV,Q12809,DB09102
T20251,D0AO5H,Q12809,DB00440
T20251,D0AR3J,Q12809,DB01092
T20251,D0AV3G,Q12809,DB01184
T20251,D0B3UJ,Q12809,DB01267
T20251,D0B7NG,Q12809,DB01114
T20251,D0BD8D,Q12809,DB00604
T20251,D0BP9C,Q12809,DB06414
T20251,D0BZ7W,Q12809,DB01036
T20251,D0C3SW,Q12809,DB11560
T20251,D0CL9S,Q12809,DB01265
T20251,D0CS2F,Q12809,DB00836
T20251,D0D1AL,Q12809,DB00502
T20251,D0D7KC,Q12809,DB06274
T20251,D0D9FV,Q12809,DB01173
T20251,D0DK8V,Q12809,DB00341
T20251,D0DV3O,Q12809,DB00751
T20251,D0E1WI,Q12809,DB00813
T20251,D0E4DW,Q12809,DB00252
T20251,D0E6XR,Q12809,DB01254
T20251,D0E7PQ,Q12809,DB02546
T20251,D0F0YZ,Q12809,DB00312
T20251,D0G9YH,Q12809,DB00276
T20251,D0GQ7K,Q12809,DB00358
T20251,D0H0KB,Q12809,DB00740
T20251,D0H3HM,Q12809,DB01238
T20251,D0H7AV,Q12809,DB12712
T20251,D0H7KF,Q12809,DB01224
T20251,D0I0DL,Q12809,DB08954
T20251,D0I1FQ,Q12809,DB06817
T20251,D0J0BU,Q12809,DB12364
T20251,D0J2KV,Q12809,DB01182
T20251,D0JL2K,Q12809,DB00365
T20251,D0K3QS,Q12809,DB01590
T20251,D0K6GZ,Q12809,DB01208
T20251,D0K7WK,Q12809,DB00904
T20251,D0L0ZF,Q12809,DB12082
T20251,D0L4YD,Q12809,DB01591
T20251,D0L5WM,Q12809,DB01118
T20251,D0M4YC,Q12809,DB00280
T20251,D0N3VR,Q12809,DB00582
T20251,D0NJ3V,Q12809,DB01113
T20251,D0NR6S,Q12809,DB04835
T20251,D0NS6H,Q12809,DB00843
T20251,D0NW3X,Q12809,DB00204
T20251,D0O1WX,Q12809,DB00537
T20251,D0O3FG,Q12809,DB06700
T20251,D0O3OS,Q12809,DB06155
T20251,D0O8GK,Q12809,DB09330
T20251,D0OB1J,Q12809,DB00343
T20251,D0P9RF,Q12809,DB01162
T20251,D0R0FE,Q12809,DB00661
T20251,D0R0MW,Q12809,DB01268
T20251,D0R1JV,Q12809,DB00246
T20251,D0R1RS,Q12809,DB00328
T20251,D0S5CU,Q12809,DB00401
T20251,D0T6WN,Q12809,DB08864
T20251,D0T8GD,Q12809,DB00184
T20251,D0T8XB,Q12809,DB12417
T20251,D0TR5X,Q12809,DB00472
T20251,D0U0VU,Q12809,DB06207
T20251,D0U1OE,Q12809,DB00679
T20251,D0U2JP,Q12809,DB01261
T20251,D0U2OO,Q12809,DB00490
T20251,D0U3SY,Q12809,DB11363
T20251,D0U5FS,Q12809,DB04842
T20251,D0U5GB,Q12809,DB01601
T20251,D0U5SI,Q12809,DB01035
T20251,D0V8HJ,Q12809,DB12010
T20251,D0W9LX,Q12809,DB01136
T20251,D0WE3O,Q12809,DB00295
T20251,D0WO8W,Q12809,DB00961
T20251,D0WV3U,Q12809,DB00457
T20251,D0X0RI,Q12809,DB00379
T20251,D0X4RN,Q12809,DB00281
T20251,D0X5ZI,Q12809,DB06403
T20251,D0Y4JJ,Q12809,DB01244
T20251,D0Y4QG,Q12809,DB08903
T20251,D0Y5AM,Q12809,DB00496
T20251,D0Y5DO,Q12809,DB00215
T20251,D0Y5UG,Q12809,DB00321
T20251,D0Y7RW,Q12809,DB01174
T20251,D0Z1UA,Q12809,DB04861
T20251,D0Z1ZM,Q12809,DB01211
T20251,D00FHR,Q12809,DB11830
T20251,D00NZL,Q12809,DB11662
T20251,D01ZAQ,Q12809,DB12218
T20251,D02AYL,Q12809,DB05154
T20251,D03KKR,Q12809,DB08162
T20251,D03QIE,Q12809,DB04889
T20251,D05LPW,Q12809,DB12625
T20251,D07HZG,Q12809,DB08382
T20251,D08HOM,Q12809,DB11694
T20251,D0A7ZK,Q12809,DB11951
T20251,D0G6QV,Q12809,DB12073
T20251,D0M3XR,Q12809,DB11992
T20251,D0M7CB,Q12809,DB13029
T20251,D0M8FD,Q12809,DB11841
T20251,D0W8XT,Q12809,DB01388
T20251,D0XT6W,Q12809,DB05015
T20251,D06BPG,Q12809,DB04821
T20251,D08SOF,Q12809,DB00342
T20251,D0AQ3H,Q12809,DB11871
T20251,D0B4TT,Q12809,DB12806
T20251,D0OS6O,Q12809,DB06144
T20251,D0Y2HR,Q12809,DB00637
T20251,D0G4SU,Q12809,DB06200
T20251,D0L1UK,Q12809,DB04707
T76059,D06OMK,P62942,DB00864
T76059,D0G7UX,P62942,DB00091
T00663,D03LWG,P53779,DB11886
T38996,D01XBA,Q13393,DB00481
T26463,D02DLW,P09884,DB04540
T99089,D05ROI,P15056,DB08912
T99089,D07POC,P15056,DB00530
T99089,D09GDD,P15056,DB08896
T99089,D09XZB,P15056,DB00317
T99089,D0AZ3C,P15056,DB00619
T99089,D0J9ZR,P15056,DB06803
T99089,D0K8KX,P15056,DB04216
T99089,D0TK7R,P15056,DB11718
T99089,D0W5HK,P15056,DB00398
T99089,D0Y9EW,P15056,DB08881
T99089,D03LWG,P15056,DB11886
T99089,D0A1CM,P15056,DB08846
T23276,D0W5HK,P27361,DB00398
T23276,D05ADP,P27361,DB06195
T23276,D0LF1U,P27361,DB03496
T81503,D0Q0PR,P0AES6,DB01051
T81503,D0C9BH,P0AES6,DB03966
T33492,D04NDM,Q9NUW8,DB01421
T33492,D05JNI,Q9NUW8,DB00452
T33492,D07JZF,Q9NUW8,DB00955
T72881,D00QET,Q16873,DB00471
T30081,D01XYJ,P04183,DB00495
T30081,D03TGJ,P04183,DB11998
T30081,D07XSN,P04183,DB00987
T30081,D0Z8EX,P04183,DB00649
T30081,D0M4MA,P04183,DB12028
T84631,D05EAM,P00742,DB00738
T84631,D05PHH,P00742,DB12831
T84631,D07XHO,P00742,DB12598
T84631,D0I0RJ,P00742,DB00594
T84631,D0I5HF,P00742,DB06605
T84631,D0J0BU,P00742,DB12364
T84631,D0KG3R,P00742,DB06228
T84631,D0D5RH,P00742,DB11984
T84631,D0E2MJ,P00742,DB06635
T79591,D0L5WM,P10827,DB01118
T79591,D0S6JG,P10827,DB00279
T79591,D0Z4EI,P10827,DB00834
T79591,D03MYO,P10827,DB12914
T79591,D0J6XC,P10827,DB03604
T58741,D08HQK,Q9UQD0,DB09085
T16633,D0TV0C,P30872,DB06663
T98933,D0L5WM,P10828,DB01118
T98933,D0S6JG,P10828,DB00279
T98933,D0Z4EI,P10828,DB00834
T98933,D03MYO,P10828,DB12914
T98933,D0J6XC,P10828,DB03604
T39996,D0V0LB,Q9H9B1,DB00847
T39996,D0X5SD,Q9H9B1,DB00822
T39996,D0B1FE,Q9H9B1,DB12610
T39996,D00FLT,Q9H9B1,DB01910
T82739,D05PHH,P03952,DB12831
T82739,D0I0RJ,P03952,DB00594
T82739,D0D5RH,P03952,DB11984
T45593,D07SDQ,P10636,DB11672
T45593,D05CCT,P10636,DB08167
T21782,D06RGG,P12004,DB00451
T21782,D0S6JG,P12004,DB00279
T21782,D0J6XC,P12004,DB03604
T21782,D0WM6E,P12004,DB12629
T76369,D0E6YQ,P23141,DB00382
T76369,D0NS6H,P23141,DB00843
T76369,D0Y3KG,P23141,DB00313
T31391,D02EYG,P27487,DB08882
T31391,D07MGA,P27487,DB01094
T31391,D0D7LA,P27487,DB00331
T31391,D0K8KX,P27487,DB04216
T31391,D0K9MY,P27487,DB06335
T31391,D0L3DK,P27487,DB04876
T31391,D0N5HJ,P27487,DB09477
T31391,D0NJ5H,P27487,DB06203
T31391,D0RA5Q,P27487,DB03424
T31391,D0T8XB,P27487,DB12417
T31391,D0U2JP,P27487,DB01261
T31391,D04XIO,P27487,DB11723
T31391,D05LPW,P27487,DB12625
T31391,D07EPV,P27487,DB11950
T31391,D07HZG,P27487,DB08382
T31391,D0L4FS,P27487,DB01645
T31391,D0M3XR,P27487,DB11992
T31391,D0R9YR,P27487,DB12480
T31391,D0U3EP,P27487,DB02709
T31391,D09ALJ,P27487,DB01698
T03634,D07SDQ,Q92793,DB11672
T66237,D08FJL,P30518,DB01282
T66237,D09GOS,P30518,DB00257
T66237,D0K8KX,P30518,DB04216
T66237,D0VU2X,P30518,DB00872
T33124,D07ACT,P14920,DB01212
T33124,D07MOX,P14920,DB00368
T33124,D0N0ES,P14920,DB00627
T33124,D0X9RY,P14920,DB03793
T70490,D05UFG,P53634,DB08916
T70490,D0O8GK,P53634,DB09330
T70490,D0J6AU,P53634,DB06670
T70490,D0YB3W,P53634,DB05424
T73694,D09KTS,Q13882,DB09053
T73694,D0E6XR,Q13882,DB01254
T73694,D0O0LS,Q13882,DB11986
T25847,D0G7UX,P23284,DB00091
T13057,D03SRY,Q06124,DB01196
T13057,D08QMX,Q06124,DB00783
T39716,D00STL,Q14524,DB04868
T39716,D01AXB,Q14524,DB00476
T39716,D01AZG,Q14524,DB00734
T39716,D01FGR,Q14524,DB01075
T39716,D01UTL,Q14524,DB01151
T39716,D03DAP,Q14524,DB01195
T39716,D03FLC,Q14524,DB00555
T39716,D03IGH,Q14524,DB01264
T39716,D03QWT,Q14524,DB06211
T39716,D04FVU,Q14524,DB00377
T39716,D04JEE,Q14524,DB00571
T39716,D05MQK,Q14524,DB00820
T39716,D05OFX,Q14524,DB06218
T39716,D08CDI,Q14524,DB01259
T39716,D08HQK,Q14524,DB09085
T39716,D09MWJ,Q14524,DB00346
T39716,D0B3UJ,Q14524,DB01267
T39716,D0BP9C,Q14524,DB06414
T39716,D0BZ7W,Q14524,DB01036
T39716,D0CL9S,Q14524,DB01265
T39716,D0CS2F,Q14524,DB00836
T39716,D0D7KC,Q14524,DB06274
T39716,D0E4DW,Q14524,DB00252
T39716,D0E6XR,Q14524,DB01254
T39716,D0H7KF,Q14524,DB01224
T39716,D0I1FQ,Q14524,DB06817
T39716,D0J2KV,Q14524,DB01182
T39716,D0K3QS,Q14524,DB01590
T39716,D0L4YD,Q14524,DB01591
T39716,D0NR6S,Q14524,DB04835
T39716,D0NW3X,Q14524,DB00204
T39716,D0O3FG,Q14524,DB06700
T39716,D0R0FE,Q14524,DB00661
T39716,D0R0MW,Q14524,DB01268
T39716,D0U0VU,Q14524,DB06207
T39716,D0U1OE,Q14524,DB00679
T39716,D0U2JP,Q14524,DB01261
T39716,D0X0RI,Q14524,DB00379
T39716,D0X4RN,Q14524,DB00281
T39716,D0X5ZI,Q14524,DB06403
T39716,D0Y4JJ,Q14524,DB01244
T39716,D0Y5AM,Q14524,DB00496
T39716,D0Y5UG,Q14524,DB00321
T39716,D0Z1UA,Q14524,DB04861
T39716,D0M3XR,Q14524,DB11992
T39716,D0W8XT,Q14524,DB01388
T39716,D08SOF,Q14524,DB00342
T05090,D07POC,O15379,DB00530
T05090,D08CDI,O15379,DB01259
T05090,D0E3SH,O15379,DB06603
T05090,D0E7PQ,O15379,DB02546
T05090,D0Y3KG,O15379,DB00313
T05090,D00FHR,O15379,DB11830
T05090,D05KED,O15379,DB12376
T05090,D0B7CH,O15379,DB06819
T05090,D0E6UZ,O15379,DB11891
T05090,D0GH3Q,O15379,DB12645
T05090,D0L2UQ,O15379,DB05223
T05090,D0M8FD,O15379,DB11841
T05090,D0V0SL,O15379,DB12565
T05090,D0XT6W,O15379,DB05015
T05090,D0Z4RC,O15379,DB12174
T69563,D07GRH,O75874,DB01188
T69563,D0K7FT,O75874,DB13874
T75888,D00SBN,Q92523,DB01074
T75888,D0L5WM,Q92523,DB01118
T75888,D0Q4YI,Q92523,DB09069
T03403,D03RTS,P23219,DB00482
T03403,D03RTS,P35354,DB00482
T03403,D0GY5Z,P23219,DB00945
T03403,D0GY5Z,P35354,DB00945
T03403,D0R1RS,P23219,DB00328
T03403,D0R1RS,P35354,DB00328
T03403,D0N1SU,P23219,DB04725
T03403,D0N1SU,P35354,DB04725
T35465,D02LWU,P41440,DB06813
T35465,D0SV8E,P41440,DB00563
T46828,D01AZG,P21918,DB00734
T46828,D01FFA,P21918,DB12093
T46828,D01ZII,P21918,DB00477
T46828,D03KQF,P21918,DB00934
T46828,D05XGO,P21918,DB06016
T46828,D0D1AL,P21918,DB00502
T46828,D0G8NN,P21918,DB00413
T46828,D0H3HM,P21918,DB01238
T46828,D0H7KF,P21918,DB01224
T46828,D0P5SA,P21918,DB00623
T46828,D0R9EQ,P21918,DB00268
T46828,D0T7OW,P21918,DB00988
T46828,D0Y5UG,P21918,DB00321
T46828,D0Y6HW,P21918,DB12273
T46828,D0M7LV,P21918,DB04829
T95913,D09XZB,P48736,DB00317
T95913,D0B3HD,P48736,DB00201
T95913,D0E3SH,P48736,DB06603
T95913,D0E6XR,P48736,DB01254
T95913,D0F8RA,P48736,DB00277
T95913,D0J5VR,P48736,DB09054
T95913,D0K8KX,P48736,DB04216
T95913,D0R0MW,P48736,DB01268
T95913,D0RU0O,P48736,DB11952
T95913,D0W5HK,P48736,DB00398
T95913,D0E6UZ,P48736,DB11891
T95913,D0UP1Z,P48736,DB12108
T95913,D0VG0D,P48736,DB11651
T95913,D0W7HE,P48736,DB12015
T95913,D0P1JI,P48736,DB08059
T16016,D0I1FQ,P32246,DB06817
T16016,D0O2XQ,P32246,DB05501
T58589,D0X0BI,P46663,DB12126
T48195,D06YPU,P25024,DB09213
T48195,D06YPU,P25025,DB09213
T40332,D0K8KX,P08246,DB04216
T40332,D0SH3I,P08246,DB00188
T40332,D0V3YT,P08246,DB08873
T40332,D0X7JN,P08246,DB00766
T40332,D0X9CH,P08246,DB05521
T40332,D0U7OU,P08246,DB07715
T16691,D00KHM,P50406,DB01100
T16691,D01AZG,P50406,DB00734
T16691,D01XBA,P50406,DB00481
T16691,D01ZII,P50406,DB00477
T16691,D04JEE,P50406,DB00571
T16691,D04VFJ,P50406,DB00539
T16691,D04WFD,P50406,DB00540
T16691,D06YFA,P50406,DB01200
T16691,D07KSG,P50406,DB00675
T16691,D08VRO,P50406,DB12465
T16691,D0D1AL,P50406,DB00502
T16691,D0G8NN,P50406,DB00413
T16691,D0H3HM,P50406,DB01238
T16691,D0H7KF,P50406,DB01224
T16691,D0I8LU,P50406,DB01624
T16691,D0MA9N,P50406,DB00250
T16691,D0P5SA,P50406,DB00623
T16691,D0R1JV,P50406,DB00246
T16691,D0R6RO,P50406,DB06148
T16691,D0U5FS,P50406,DB04842
T16691,D0U5OE,P50406,DB00408
T16691,D0W5HK,P50406,DB00398
T16691,D0ZS8P,P50406,DB01242
T16691,D09IRN,P50406,DB11957
T16691,D0V4ZQ,P50406,DB12229
T16691,D0M7LV,P50406,DB04829
T16691,D0OS6O,P50406,DB06144
T16691,D0J6JT,P50406,DB12110
T62974,D02XIY,P31391,DB00104
T62974,D0TV0C,P31391,DB06663
T62974,D0Y2HR,P31391,DB00637
T75570,D0E6XR,P07947,DB01254
T75570,D0OB0F,P07947,DB06616
T75570,D03LWG,P07947,DB11886
T75570,D0E0NM,P07947,DB13005
T75570,D0M0XB,P07947,DB11805
T77546,D05EAM,P19801,DB00738
T77546,D0V0NL,P19801,DB05383
T42446,D01AJY,Q9UBS5,DB00181
T42446,D01AJY,O75899,DB00181
T86385,D00UVA,P08311,DB08889
T86385,D0SH3I,P08311,DB00188
T09185,D00STL,Q08345,DB04868
T09185,D0AZ3C,Q08345,DB00619
T09185,D0E6XR,Q08345,DB01254
T84703,D03ZBT,Q16620,DB08865
T84703,D04LVK,Q16620,DB09063
T84703,D0AF6O,Q16620,DB12130
T84703,D0OB0F,Q16620,DB06616
T84703,D03LWG,Q16620,DB11886
T84703,D0O0LS,Q16620,DB11986
T74307,D09KTS,P51451,DB09053
T74307,D0YB3W,P51451,DB05424
T18477,D0E7PQ,P07900,DB02546
T18477,D01FYA,P07900,DB12638
T18477,D07TYL,P07900,DB00152
T18477,D0ZA6G,P07900,DB03758
T89988,D0L5RW,P41597,DB06809
T89988,D03KKR,P41597,DB08162
T89988,D0O2XQ,P41597,DB05501
T58449,D03ZBT,P50613,DB08865
T58449,D05SBO,P50613,DB12001
T58449,D00UZR,P50613,DB09073
T58449,D05ADP,P50613,DB06195
T58449,D0LF1U,P50613,DB03496
T25956,D07SDQ,Q09472,DB11672
T63414,D0H2UB,Q99572,DB04786
T39321,D04XGT,P04406,DB11989
T39321,D05EAM,P04406,DB00738
T39321,D06IAR,P04406,DB00640
T39321,D03ZMQ,P04406,DB04665
T77400,D05GJW,O00408,DB00242
T77400,D05MQK,O00408,DB00820
T77400,D0E0SW,O00408,DB04880
T77400,D0F8RA,O00408,DB00277
T77400,D0F9GE,O00408,DB00975
T77400,D0NJ3V,O00408,DB01113
T77400,D0R5RR,O00408,DB00631
T77400,D0Y9ZE,O00408,DB00235
T77400,D0T5PO,O00408,DB01954
T77400,D02EMR,O00408,DB03849
T77400,D0R6MT,O00408,DB07954
T40016,D04DJN,P04150,DB02901
T40016,D07BSQ,P04150,DB00396
T40016,D0D1SG,P04150,DB00860
T40016,D0EP0C,P04150,DB00421
T40016,D0G3SH,P04150,DB01586
T40016,D0IT2G,P04150,DB01234
T40016,D0Q4SD,P04150,DB00700
T40016,D0V9BD,P04150,DB01128
T40016,D0Y7IU,P04150,DB01222
T40016,D0Y7JU,P04150,DB08906
T40016,D0Z4EI,P04150,DB00834
T40016,D07MON,P04150,DB12637
T72702,D01FFA,P13726,DB12093
T72702,D0Y3KG,P13726,DB00313
T72702,D07SDQ,P13726,DB11672
T72702,D0M8FD,P13726,DB11841
T40103,D0J6AU,P09668,DB06670
T78709,D01AZG,P08908,DB00734
T78709,D01FFA,P08908,DB12093
T78709,D01ZII,P08908,DB00477
T78709,D03SKR,P08908,DB00575
T78709,D04JCN,P08908,DB01186
T78709,D04JEE,P08908,DB00571
T78709,D05MBZ,P08908,DB00706
T78709,D05XGO,P08908,DB06016
T78709,D05ZIK,P08908,DB00370
T78709,D06FPQ,P08908,DB00998
T78709,D06OSM,P08908,DB12833
T78709,D06YFA,P08908,DB01200
T78709,D09IOI,P08908,DB00543
T78709,D0B3UJ,P08908,DB01267
T78709,D0D1AL,P08908,DB00502
T78709,D0F2PO,P08908,DB00960
T78709,D0G8NN,P08908,DB00413
T78709,D0H3HM,P08908,DB01238
T78709,D0H6QU,P08908,DB00714
T78709,D0H7KF,P08908,DB01224
T78709,D0K0KH,P08908,DB11699
T78709,D0K0MW,P08908,DB04948
T78709,D0K0VO,P08908,DB12661
T78709,D0K8KX,P08908,DB04216
T78709,D0NG7O,P08908,DB00315
T78709,D0P0OU,P08908,DB09128
T78709,D0R1JV,P08908,DB00246
T78709,D0R6RO,P08908,DB06148
T78709,D0R9EQ,P08908,DB00268
T78709,D0S9CB,P08908,DB04908
T78709,D0S9MU,P08908,DB00953
T78709,D0T3KI,P08908,DB00952
T78709,D0T6QX,P08908,DB09225
T78709,D0U2OO,P08908,DB00490
T78709,D0UA0I,P08908,DB13520
T78709,D0W5HK,P08908,DB00398
T78709,D0WV3U,P08908,DB00457
T78709,D0X6BV,P08908,DB06684
T78709,D0X7KB,P08908,DB00589
T78709,D0Z6UC,P08908,DB00669
T78709,D09IRN,P08908,DB11957
T78709,D01DAW,P08908,DB04888
T78709,D01VAB,P08908,DB00866
T78709,D0M7LV,P08908,DB04829
T78709,D0OS6O,P08908,DB06144
T78709,D0R5GS,P08908,DB12184
T78709,D03DLZ,P08908,DB01488
T78709,D06QKW,P08908,DB09202
T78709,D09BNS,P08908,DB02959
T12499,D00STL,P06239,DB04868
T12499,D03ZBT,P06239,DB08865
T12499,D04LVK,P06239,DB09063
T12499,D06XXH,P06239,DB11963
T12499,D09KTS,P06239,DB09053
T12499,D0AZ3C,P06239,DB00619
T12499,D0E6XR,P06239,DB01254
T12499,D0EG1I,P06239,DB08895
T12499,D0K8KX,P06239,DB04216
T12499,D0OB0F,P06239,DB06616
T12499,D0R0MW,P06239,DB01268
T12499,D0W5HK,P06239,DB00398
T12499,D03LWG,P06239,DB11886
T12499,D08HOM,P06239,DB11694
T12499,D0LF1U,P06239,DB03496
T12499,D0M0XB,P06239,DB11805
T12499,D0O0LS,P06239,DB11986
T12499,D0U3EP,P06239,DB02709
T12499,D0Z4RC,P06239,DB12174
T12499,D0U7OU,P06239,DB07715
T12499,D03NPX,P06239,DB02567
T12499,D0O0VZ,P06239,DB08399
T07663,D05MQK,O76074,DB00820
T07663,D0F9GE,O76074,DB00975
T07663,D0NJ3V,O76074,DB01113
T07663,D0Y5JC,O76074,DB06237
T07663,D0Y9ZE,O76074,DB00235
T07663,D03QJL,O76074,DB05266
T07663,D0T5PO,O76074,DB01954
T07663,D02EMR,O76074,DB03849
T07663,D0R6MT,O76074,DB07954
T61657,D0BM5G,P10826,DB00799
T61657,D0G3PI,P10826,DB00523
T61657,D0JC9N,P10826,DB00210
T61657,D0N0RU,P10826,DB00307
T12241,D08HZC,P32929,DB00859
T57278,D03ZBT,P29317,DB08865
T57278,D09KTS,P29317,DB09053
T57278,D0E6XR,P29317,DB01254
T84117,D01AZG,P28566,DB00734
T84117,D0G8NN,P28566,DB00413
T84117,D0H3HM,P28566,DB01238
T84117,D0H7KF,P28566,DB01224
T84117,D0Z6UC,P28566,DB00669
T84117,D0M7LV,P28566,DB04829
T65019,D0Q8CS,P50281,DB01133
T65019,D0VM2L,P50281,DB00399
T65019,D0P8YC,P50281,DB03880
T39919,D00BCP,O15439,DB00672
T39919,D00DKK,O15439,DB00982
T39919,D00FGO,O15439,DB01042
T39919,D00IBN,O15439,DB00554
T39919,D00JAU,O15439,DB01029
T39919,D00KVO,O15439,DB00518
T39919,D00MIN,O15439,DB00550
T39919,D00NKB,O15439,DB00384
T39919,D00USF,O15439,DB00656
T39919,D00WAM,O15439,DB00774
T39919,D00WUF,O15439,DB00230
T39919,D00YZA,O15439,DB04572
T39919,D01AJY,O15439,DB00181
T39919,D01AZG,O15439,DB00734
T39919,D01DBQ,O15439,DB00444
T39919,D01GBY,O15439,DB00967
T39919,D01MDT,O15439,DB00697
T39919,D01MUR,O15439,DB01194
T39919,D01OXI,O15439,DB00262
T39919,D01STB,O15439,DB00178
T39919,D01UTL,O15439,DB01151
T39919,D01UXC,O15439,DB00335
T39919,D01XNB,O15439,DB00338
T39919,D01XYJ,O15439,DB00495
T39919,D01ZII,O15439,DB00477
T39919,D01ZSO,O15439,DB01171
T39919,D02DPA,O15439,DB00501
T39919,D02FEM,O15439,DB00826
T39919,D02HED,O15439,DB00850
T39919,D02LCR,O15439,DB13025
T39919,D02STN,O15439,DB05812
T39919,D02TLO,O15439,DB01181
T39919,D02YIZ,O15439,DB00199
T39919,D03CQE,O15439,DB01044
T39919,D03DDR,O15439,DB00468
T39919,D03ELL,O15439,DB06288
T39919,D03HJK,O15439,DB00207
T39919,D03JSJ,O15439,DB00410
T39919,D03KQF,O15439,DB00934
T39919,D03NHW,O15439,DB01165
T39919,D03QWT,O15439,DB06211
T39919,D03RTS,O15439,DB00482
T39919,D03TVW,O15439,DB01423
T39919,D03TYI,O15439,DB01223
T39919,D03VPC,O15439,DB01166
T39919,D03XOC,O15439,DB01108
T39919,D03YLZ,O15439,DB08621
T39919,D04AAW,O15439,DB00369
T39919,D04EGX,O15439,DB00248
T39919,D04FBR,O15439,DB00688
T39919,D04ITO,O15439,DB01220
T39919,D04JCN,O15439,DB01186
T39919,D04JEE,O15439,DB00571
T39919,D04JPJ,O15439,DB01206
T39919,D04MSM,O15439,DB00564
T39919,D04NXQ,O15439,DB00487
T39919,D04OSE,O15439,DB01115
T39919,D04VMT,O15439,DB00489
T39919,D04WFD,O15439,DB00540
T39919,D04XGT,O15439,DB11989
T39919,D04YMH,O15439,DB01283
T39919,D04ZTY,O15439,DB04878
T39919,D05AFX,O15439,DB12293
T39919,D05DVP,O15439,DB00549
T39919,D05EAM,O15439,DB00738
T39919,D05FTJ,O15439,DB00784
T39919,D05GJW,O15439,DB00242
T39919,D05HPI,O15439,DB00080
T39919,D05HSC,O15439,DB01199
T39919,D05LEO,O15439,DB00544
T39919,D05LKP,O15439,DB00359
T39919,D05LYX,O15439,DB01016
T39919,D05MQK,O15439,DB00820
T39919,D05OFX,O15439,DB06218
T39919,D05QDC,O15439,DB00459
T39919,D05UVD,O15439,DB00373
T39919,D05VIX,O15439,DB01241
T39919,D05VLS,O15439,DB00533
T39919,D05ZGQ,O15439,DB09555
T39919,D05ZIK,O15439,DB00370
T39919,D06ABF,O15439,DB00455
T39919,D06BEP,O15439,DB00475
T39919,D06CTE,O15439,DB00724
T39919,D06GAM,O15439,DB04576
T39919,D06GDY,O15439,DB00715
T39919,D06HBQ,O15439,DB01251
T39919,D06JPB,O15439,DB00153
T39919,D06NXY,O15439,DB00977
T39919,D06OIV,O15439,DB01124
T39919,D06OMK,O15439,DB00864
T39919,D06OVY,O15439,DB00671
T39919,D06PSS,O15439,DB00731
T39919,D06TNL,O15439,DB00903
T39919,D06UDG,O15439,DB00177
T39919,D06WTZ,O15439,DB00227
T39919,D06XAE,O15439,DB06751
T39919,D06XMU,O15439,DB00624
T39919,D06YYD,O15439,DB05351
T39919,D06ZII,O15439,DB00402
T39919,D06ZUK,O15439,DB00458
T39919,D07ABV,O15439,DB01263
T39919,D07BCT,O15439,DB00684
T39919,D07CWD,O15439,DB01005
T39919,D07GRH,O15439,DB01188
T39919,D07HGR,O15439,DB00722
T39919,D07HVY,O15439,DB00625
T39919,D07IEF,O15439,DB09020
T39919,D07IPB,O15439,DB00385
T39919,D07JGT,O15439,DB00779
T39919,D07JVL,O15439,DB00829
T39919,D07KSG,O15439,DB00675
T39919,D07QCE,O15439,DB00993
T39919,D07SUG,O15439,DB01008
T39919,D07TQV,O15439,DB00709
T39919,D07UYO,O15439,DB00601
T39919,D07VDZ,O15439,DB00273
T39919,D07VLY,O15439,DB00997
T39919,D07WEP,O15439,DB01119
T39919,D07XGR,O15439,DB01039
T39919,D07XSN,O15439,DB00987
T39919,D08HVR,O15439,DB01235
T39919,D08IWD,O15439,DB01216
T39919,D08JIV,O15439,DB00381
T39919,D08PIQ,O15439,DB00959
T39919,D08QIP,O15439,DB01411
T39919,D08QMX,O15439,DB00783
T39919,D08ROP,O15439,DB01097
T39919,D08USJ,O15439,DB01400
T39919,D08VRO,O15439,DB12465
T39919,D08VXL,O15439,DB09282
T39919,D08VYV,O15439,DB01233
T39919,D08ZEB,O15439,DB00356
T39919,D09CZA,O15439,DB00287
T39919,D09DWL,O15439,DB00962
T39919,D09EGZ,O15439,DB00608
T39919,D09HNR,O15439,DB00976
T39919,D09HVL,O15439,DB00006
T39919,D09IOI,O15439,DB00543
T39919,D09IPV,O15439,DB01406
T39919,D09JUG,O15439,DB00744
T39919,D09LNI,O15439,DB00196
T39919,D09LWS,O15439,DB00973
T39919,D09MGR,O15439,DB01628
T39919,D09NIA,O15439,DB00310
T39919,D09QEI,O15439,DB00806
T39919,D09TBD,O15439,DB00263
T39919,D09WEJ,O15439,DB09018
T39919,D09XQF,O15439,DB00951
T39919,D09XZB,O15439,DB00317
T39919,D0A0OO,O15439,DB00701
T39919,D0A2ZX,O15439,DB00916
T39919,D0A5SE,O15439,DB04854
T39919,D0A9YA,O15439,DB01126
T39919,D0AA2D,O15439,DB04794
T39919,D0AN7B,O15439,DB01065
T39919,D0AO5H,O15439,DB00440
T39919,D0AP9T,O15439,DB01330
T39919,D0AV3G,O15439,DB01184
T39919,D0AZ3C,O15439,DB00619
T39919,D0B2GI,O15439,DB00222
T39919,D0B2UZ,O15439,DB00433
T39919,D0B3HD,O15439,DB00201
T39919,D0B7EB,O15439,DB00773
T39919,D0B7NG,O15439,DB01114
T39919,D0B8UJ,O15439,DB01280
T39919,D0BA9U,O15439,DB00367
T39919,D0BM5G,O15439,DB00799
T39919,D0C4RB,O15439,DB01229
T39919,D0C6NM,O15439,DB00654
T39919,D0C8EU,O15439,DB00853
T39919,D0CL9S,O15439,DB01265
T39919,D0CT9C,O15439,DB00531
T39919,D0CW1P,O15439,DB00443
T39919,D0D0BE,O15439,DB13026
T39919,D0D0ZD,O15439,DB00491
T39919,D0D1AL,O15439,DB00502
T39919,D0D1SG,O15439,DB00860
T39919,D0D2VS,O15439,DB00990
T39919,D0D4JO,O15439,DB09274
T39919,D0D5GD,O15439,DB01205
T39919,D0D7KC,O15439,DB06274
T39919,D0D7LA,O15439,DB00331
T39919,D0DJ1B,O15439,DB00788
T39919,D0E0SW,O15439,DB04880
T39919,D0E1SW,O15439,DB00819
T39919,D0E1XL,O15439,DB01202
T39919,D0E6OC,O15439,DB07615
T39919,D0E6XR,O15439,DB01254
T39919,D0E6YQ,O15439,DB00382
T39919,D0E7PQ,O15439,DB02546
T39919,D0EG1I,O15439,DB08895
T39919,D0F2PO,O15439,DB00960
T39919,D0F6EO,O15439,DB01060
T39919,D0F8RA,O15439,DB00277
T39919,D0F9GE,O15439,DB00975
T39919,D0FM2P,O15439,DB00180
T39919,D0G4OD,O15439,DB00560
T39919,D0G5AG,O15439,DB12617
T39919,D0G7FJ,O15439,DB00814
T39919,D0G8NN,O15439,DB00413
T39919,D0G9YH,O15439,DB00276
T39919,D0GY5Z,O15439,DB00945
T39919,D0H0KB,O15439,DB00740
T39919,D0H0ND,O15439,DB00641
T39919,D0H3HM,O15439,DB01238
T39919,D0H3WI,O15439,DB00811
T39919,D0H6QU,O15439,DB00714
T39919,D0H8FH,O15439,DB00808
T39919,D0I0EG,O15439,DB01197
T39919,D0I2MK,O15439,DB00264
T39919,D0I6IB,O15439,DB00469
T39919,D0I7SZ,O15439,DB00881
T39919,D0IT2G,O15439,DB01234
T39919,D0IT2X,O15439,DB00821
T39919,D0J1MI,O15439,DB00643
T39919,D0J1VY,O15439,DB00494
T39919,D0J2KV,O15439,DB01182
T39919,D0J4JM,O15439,DB00206
T39919,D0J5DC,O15439,DB00636
T39919,D0JC9N,O15439,DB00210
T39919,D0K0VO,O15439,DB12661
T39919,D0K3QS,O15439,DB01590
T39919,D0K5CB,O15439,DB01001
T39919,D0K6GZ,O15439,DB01208
T39919,D0K7HU,O15439,DB01410
T39919,D0K7WK,O15439,DB00904
T39919,D0K8KX,O15439,DB04216
T39919,D0KG3R,O15439,DB06228
T39919,D0L3DK,O15439,DB04876
T39919,D0L5RW,O15439,DB06809
T39919,D0L5WM,O15439,DB01118
T39919,D0L6DA,O15439,DB00580
T39919,D0L7FM,O15439,DB01032
T39919,D0L9ZR,O15439,DB01058
T39919,D0M2MR,O15439,DB01120
T39919,D0M3QP,O15439,DB01396
T39919,D0M4YC,O15439,DB00280
T39919,D0M5OC,O15439,DB00519
T39919,D0M6DO,O15439,DB00357
T39919,D0M8RC,O15439,DB00871
T39919,D0M8VE,O15439,DB04946
T39919,D0M9BW,O15439,DB06697
T39919,D0M9DC,O15439,DB00991
T39919,D0MA9N,O15439,DB00250
T39919,D0ML1F,O15439,DB00718
T39919,D0N0RU,O15439,DB00307
T39919,D0N0TZ,O15439,DB00758
T39919,D0N1FS,O15439,DB11994
T39919,D0N3VR,O15439,DB00582
T39919,D0N5HJ,O15439,DB09477
T39919,D0N5YA,O15439,DB00912
T39919,D0N6RF,O15439,DB00966
T39919,D0NG7O,O15439,DB00315
T39919,D0NJ3V,O15439,DB01113
T39919,D0NR6S,O15439,DB04835
T39919,D0NS6H,O15439,DB00843
T39919,D0NW3X,O15439,DB00204
T39919,D0O1WX,O15439,DB00537
T39919,D0O2EM,O15439,DB00238
T39919,D0O2SR,O15439,DB09220
T39919,D0O3OS,O15439,DB06155
T39919,D0O4SE,O15439,DB00911
T39919,D0O5FY,O15439,DB00760
T39919,D0O5WP,O15439,DB01248
T39919,D0OB1J,O15439,DB00343
T39919,D0P1UX,O15439,DB00285
T39919,D0P7JZ,O15439,DB00190
T39919,D0P9RF,O15439,DB01162
T39919,D0PQ3G,O15439,DB00695
T39919,D0PW7C,O15439,DB00833
T39919,D0Q2PE,O15439,DB01059
T39919,D0Q2XF,O15439,DB00905
T39919,D0Q4SD,O15439,DB00700
T39919,D0Q4XQ,O15439,DB00593
T39919,D0Q5NX,O15439,DB00480
T39919,D0Q6NZ,O15439,DB06412
T39919,D0Q8ZX,O15439,DB01086
T39919,D0QL3P,O15439,DB00776
T39919,D0R0BX,O15439,DB00698
T39919,D0R0FE,O15439,DB00661
T39919,D0R1RS,O15439,DB00328
T39919,D0R1WR,O15439,DB00387
T39919,D0R2KJ,O15439,DB00485
T39919,D0R3QY,O15439,DB01080
T39919,D0R5RR,O15439,DB00631
T39919,D0R7HO,O15439,DB00887
T39919,D0R8ER,O15439,DB00467
T39919,D0R9OH,O15439,DB01015
T39919,D0R9VR,O15439,DB00674
T39919,D0S1NZ,O15439,DB09055
T39919,D0S3WH,O15439,DB13132
T39919,D0S4BR,O15439,DB00763
T39919,D0S5CU,O15439,DB00401
T39919,D0S5UH,O15439,DB00845
T39919,D0S5WG,O15439,DB01099
T39919,D0S9MC,O15439,DB00349
T39919,D0S9SD,O15439,DB00879
T39919,D0SH3I,O15439,DB00188
T39919,D0SV8E,O15439,DB00563
T39919,D0T0KA,O15439,DB00622
T39919,D0T1LK,O15439,DB01087
T39919,D0T2PL,O15439,DB00136
T39919,D0T2XU,O15439,DB01069
T39919,D0T5WK,O15439,DB01595
T39919,D0T7US,O15439,DB00876
T39919,D0T8GD,O15439,DB00184
T39919,D0T8VY,O15439,DB06736
T39919,D0T9DT,O15439,DB00271
T39919,D0T9TJ,O15439,DB01083
T39919,D0TR5X,O15439,DB00472
T39919,D0U0KW,O15439,DB00980
T39919,D0U1OM,O15439,DB00963
T39919,D0U2JP,O15439,DB01261
T39919,D0U4CE,O15439,DB00559
T39919,D0U4UQ,O15439,DB00999
T39919,D0U5GB,O15439,DB01601
T39919,D0U5QK,O15439,DB00316
T39919,D0U5RT,O15439,DB00794
T39919,D0U5SI,O15439,DB01035
T39919,D0UF6M,O15439,DB12829
T39919,D0UL2L,O15439,DB06725
T39919,D0UM7O,O15439,DB01221
T39919,D0V7CF,O15439,DB00224
T39919,D0V8QT,O15439,DB00291
T39919,D0V9BD,O15439,DB01128
T39919,D0VM2L,O15439,DB00399
T39919,D0W0BF,O15439,DB01217
T39919,D0W9LX,O15439,DB01136
T39919,D0WI3T,O15439,DB01232
T39919,D0WN0U,O15439,DB01023
T39919,D0WS1X,O15439,DB00535
T39919,D0WV3U,O15439,DB00457
T39919,D0X0RI,O15439,DB00379
T39919,D0X3FX,O15439,DB01183
T39919,D0X4RN,O15439,DB00281
T39919,D0X5SD,O15439,DB00822
T39919,D0X5XU,O15439,DB01262
T39919,D0X6IU,O15439,DB00446
T39919,D0X7DE,O15439,DB01149
T39919,D0X7KZ,O15439,DB09267
T39919,D0X7XG,O15439,DB02703
T39919,D0X9ZC,O15439,DB01140
T39919,D0XF8W,O15439,DB00339
T39919,D0Y0SW,O15439,DB00499
T39919,D0Y2CJ,O15439,DB00350
T39919,D0Y3MO,O15439,DB00479
T39919,D0Y5DO,O15439,DB00215
T39919,D0Y5UG,O15439,DB00321
T39919,D0Y7EM,O15439,DB07477
T39919,D0Y7IU,O15439,DB01222
T39919,D0Y7PG,O15439,DB00323
T39919,D0YV1Q,O15439,DB01172
T39919,D0Z1ZM,O15439,DB01211
T39919,D0Z3DY,O15439,DB12319
T39919,D0Z4EI,O15439,DB00834
T39919,D0Z4SB,O15439,DB01067
T39919,D0Z4UN,O15439,DB00337
T39919,D0Z4ZT,O15439,DB01395
T39919,D0Z5IU,O15439,DB00605
T39919,D0Z6UC,O15439,DB00669
T39919,D0Z7KE,O15439,DB00270
T39919,D0Z8EX,O15439,DB00649
T39919,D0Z9QR,O15439,DB00943
T39919,D0ZB7K,O15439,DB01198
T39919,D0ZS8P,O15439,DB01242
T39919,D0ZU9R,O15439,DB00503
T39919,D09YDM,O15439,DB04690
T39919,D0G7UX,O15439,DB00091
T39919,D0Q9CY,O15439,DB11828
T39919,D0SD9V,O15439,DB06623
T39919,D0VG0D,O15439,DB11651
T39919,D01PIL,O15439,DB00409
T39919,D01VAB,O15439,DB00866
T39919,D02LHR,O15439,DB08950
T39919,D03JPH,O15439,DB08942
T39919,D05RUM,O15439,DB09224
T39919,D07XPE,O15439,DB00914
T39919,D08SOF,O15439,DB00342
T39919,D0C0JT,O15439,DB04743
T39919,D0G9ZW,O15439,DB11366
T39919,D0J9GD,O15439,DB06693
T39919,D0O2IE,O15439,DB03783
T39919,D0OS6O,O15439,DB06144
T39919,D0P1JI,O15439,DB08059
T39919,D0T1RG,O15439,DB06268
T39919,D0Y2HR,O15439,DB00637
T39919,D0Y4FL,O15439,DB00778
T39919,D0Y8UB,O15439,DB06594
T39919,D01OIK,O15439,DB13781
T39919,D03IRR,O15439,DB01435
T39919,D07GXY,O15439,DB12478
T39919,D08CNS,O15439,DB04818
T39919,D0F5LH,O15439,DB01062
T39919,D0J6JT,O15439,DB12110
T39231,D01SHZ,O95271,DB12332
T39231,D00BMF,O95271,DB11793
T50688,D07XHO,P08514,DB12598
T50688,D07XHO,P05106,DB12598
T50688,D0BN9X,P08514,DB00775
T50688,D0BN9X,P05106,DB00775
T50688,D0GY5Z,P08514,DB00945
T50688,D0GY5Z,P05106,DB00945
T73482,D00OVU,O43613,DB09034
T73482,D0A7ZK,O43613,DB11951
T36483,D0VA0I,P25116,DB09030
T60897,D05EAM,Q12974,DB00738
T71266,D01ZAQ,Q9Y243,DB12218
T08123,D0R0MW,Q5S007,DB01268
T56588,D0I0DL,O15399,DB08954
T60366,D0L4FS,P11926,DB01645
T60366,D0U3EP,P11926,DB02709
T16993,D0AF6O,P16591,DB12130
T16993,D0OB0F,P16591,DB06616
T73475,D0P8YC,P09237,DB03880
T96685,D04VIS,P52789,DB05767
T96685,D0X8ED,P52789,DB12783
T32590,D09KTS,P42681,DB09053
T32590,D0E6XR,P42681,DB01254
T32590,D0OB0F,P42681,DB06616
T62820,D00ENY,Q14416,DB00142
T25317,D01AYJ,Q15125,DB00857
T25317,D01XBA,Q15125,DB00481
T25317,D06XMU,Q15125,DB00624
T25317,D07BSQ,Q15125,DB00396
T25317,D07KSG,Q15125,DB00675
T25317,D0CT9Y,Q15125,DB06735
T25317,D0D1AL,Q15125,DB00502
T25317,D0D7TB,Q15125,DB12930
T25317,D0L5WM,Q15125,DB01118
T25317,D0R4OM,Q15125,DB00831
T25317,D03TNT,Q15125,DB04652
T98337,D06OMK,Q13451,DB00864
T12837,D0A1CM,Q86X55,DB08846
T72458,D0X9PF,P32245,DB11653
T16514,D01XNB,P49327,DB00338
T16514,D0KL4J,P49327,DB01129
T16514,D0T6XX,P49327,DB00213
T16514,D0T9TJ,P49327,DB01083
T16514,D0E4WF,P49327,DB02282
T16514,D0PO8E,P49327,DB00134
T47768,D00KHM,P35372,DB01100
T47768,D00UYE,P35372,DB00454
T47768,D01KQA,P35372,DB00844
T47768,D02NSF,P35372,DB01192
T47768,D03DIG,P35372,DB00318
T47768,D03SKD,P35372,DB00497
T47768,D04JEE,P35372,DB00571
T47768,D04JHN,P35372,DB00327
T47768,D04QWE,P35372,DB00504
T47768,D05DVP,P35372,DB00549
T47768,D05GKD,P35372,DB00193
T47768,D09OJQ,P35372,DB00333
T47768,D09ZXR,P35372,DB09272
T47768,D0CS2F,P35372,DB00836
T47768,D0D1AL,P35372,DB00502
T47768,D0D7KC,P35372,DB06274
T47768,D0D8DD,P35372,DB00708
T47768,D0E1WI,P35372,DB00813
T47768,D0I0DL,P35372,DB08954
T47768,D0P6VV,P35372,DB01209
T47768,D0PG8O,P35372,DB00704
T47768,D0T3HY,P35372,DB00854
T47768,D0WE3O,P35372,DB00295
T47768,D0X3FX,P35372,DB01183
T47768,D0X5KF,P35372,DB00956
T47768,D03PJU,P35372,DB01535
T47768,D06EXA,P35372,DB12327
T47768,D07YHM,P35372,DB12341
T47768,D0Q3PD,P35372,DB11691
T47768,D0T0ZW,P35372,DB12543
T47768,D0L6QN,P35372,DB09174
T47768,D0O6SB,P35372,DB01548
T96235,D00ENY,P48058,DB00142
T96235,D03CNS,P48058,DB00606
T47885,D03ZBT,Q15139,DB08865
T50970,D0I0EG,P42892,DB01197
T67619,D00FGR,P31749,DB09031
T67619,D0EG1I,P31749,DB08895
T67619,D0J9ZR,P31749,DB06803
T67619,D0K8KX,P31749,DB04216
T67619,D0R0MW,P31749,DB01268
T67619,D01ZAQ,P31749,DB12218
T67619,D03LWG,P31749,DB11886
T67619,D0L4FS,P31749,DB01645
T67619,D0O0LS,P31749,DB11986
T67619,D0A1CM,P31749,DB08846
T20973,D0EG1I,Q00535,DB08895
T20973,D00UZR,Q00535,DB09073
T20973,D05ADP,Q00535,DB06195
T20973,D0LF1U,Q00535,DB03496
T11615,D0C4YC,Q9UPY5,DB00244
T11615,D0D4CY,Q9UPY5,DB00891
T65689,D01JUF,Q9Y2I1,DB00692
T65689,D01MDT,Q9Y2I1,DB00697
T65689,D03SKR,Q9Y2I1,DB00575
T65689,D06OFS,Q9Y2I1,DB11738
T65689,D07MOX,Q9Y2I1,DB00368
T65689,D09EBS,Q9Y2I1,DB00935
T65689,D0E9PK,Q9Y2I1,DB09242
T65689,D0K7WK,Q9Y2I1,DB00904
T65689,D0O6IZ,Q9Y2I1,DB06711
T65689,D0Z2MB,Q9Y2I1,DB04885
T65689,D06QKW,Q9Y2I1,DB09202
T82383,D03ZBT,P30530,DB08865
T82383,D04KZY,P30530,DB12141
T82383,D0IQ6P,P30530,DB08875
T82383,D0K8KX,P30530,DB04216
T82383,D0OB0F,P30530,DB06616
T82383,D0R0MW,P30530,DB01268
T82383,D03LWG,P30530,DB11886
T82383,D06EGV,P30530,DB12381
T82383,D0D1GF,P30530,DB12307
T69619,D0P9AC,Q16853,DB00780
T42025,D08QMX,O95718,DB00783
T42025,D0L4FS,O95718,DB01645
T62431,D04LVK,P43405,DB09063
T62431,D0AZ3C,P43405,DB00619
T62431,D0K8KX,P43405,DB04216
T62431,D0OB0F,P43405,DB06616
T62431,D0V8HJ,P43405,DB12010
T62431,D03LWG,P43405,DB11886
T62431,D0L4FS,P43405,DB01645
T62431,D0O0LS,P43405,DB11986
T62431,D0O0VZ,P43405,DB08399
T61744,D05MQK,P27815,DB00820
T61744,D09QEI,P27815,DB00806
T61744,D0NJ3V,P27815,DB01113
T61744,D0R4UW,P27815,DB01656
T61744,D03QJL,P27815,DB05266
T61744,D0M7CB,P27815,DB13029
T61744,D0T5PO,P27815,DB01954
T61744,D0Z2FB,P27815,DB01791
T61744,D02EMR,P27815,DB03849
T03691,D09JUG,P09960,DB00744
T03691,D0E3SH,P09960,DB06603
T03691,D0E7PQ,P09960,DB02546
T03691,D0I0EG,P09960,DB01197
T03691,D0RA5Q,P09960,DB03424
T03691,D00FHR,P09960,DB11830
T03691,D05KED,P09960,DB12376
T03691,D0GH3Q,P09960,DB12645
T03691,D0L2UQ,P09960,DB05223
T03691,D0M8FD,P09960,DB11841
T03691,D0U3EP,P09960,DB02709
T03691,D0V0SL,P09960,DB12565
T03691,D0XT6W,P09960,DB05015
T03691,D0Z4RC,P09960,DB12174
T03691,D0C0JT,P09960,DB04743
T03691,D0X9PW,P09960,DB04905
T81452,D0T9TJ,Q9BV23,DB01083
T87023,D06ABF,P25105,DB00455
T87023,D0B7NG,P25105,DB01114
T87023,D0N7AD,P25105,DB00719
T87023,D0S1CQ,P25105,DB11614
T87023,D0P1YE,P25105,DB12427
T87023,D04FHG,P25105,DB02261
T32764,D0R0MW,Q2M2I8,DB01268
T47081,D0G7UX,P62937,DB00091
T47081,D08MYL,P62937,DB13068
T22583,D01TNW,Q9NY91,DB06292
T22583,D0Q3VE,Q9NY91,DB11827
T96623,D08IBS,P08238,DB00173
T96623,D0Q0PR,P08238,DB01051
T96623,D01FYA,P08238,DB12638
T96623,D0ZA6G,P08238,DB03758
T78429,D0O0LS,O14920,DB11986
T55729,D0EG1I,Q15759,DB08895
T47164,D0OB0F,Q13043,DB06616
T63505,D00STL,P00519,DB04868
T63505,D01PZD,P00519,DB06436
T63505,D01ZRI,P00519,DB06626
T63505,D03ZBT,P00519,DB08865
T63505,D04LVK,P00519,DB09063
T63505,D07POC,P00519,DB00530
T63505,D08CDI,P00519,DB01259
T63505,D09XZB,P00519,DB00317
T63505,D0AZ3C,P00519,DB00619
T63505,D0C4RB,P00519,DB01229
T63505,D0E6XR,P00519,DB01254
T63505,D0E7PQ,P00519,DB02546
T63505,D0G6QF,P00519,DB05294
T63505,D0H0EQ,P00519,DB08901
T63505,D0J1MI,P00519,DB00643
T63505,D0J9ZR,P00519,DB06803
T63505,D0OB0F,P00519,DB06616
T63505,D0R0MW,P00519,DB01268
T63505,D0W5HK,P00519,DB00398
T63505,D00UZR,P00519,DB09073
T63505,D03LWG,P00519,DB11886
T63505,D05ADP,P00519,DB06195
T63505,D08HOM,P00519,DB11694
T63505,D0L4FS,P00519,DB01645
T63505,D0M0XB,P00519,DB11805
T63505,D0O0LS,P00519,DB11986
T63505,D0Z4RC,P00519,DB12174
T63505,D03NPX,P00519,DB02567
T24965,D0OB1J,Q13698,DB00343
T40276,D01XYJ,P05771,DB00495
T40276,D06IAR,P05771,DB00640
T40276,D0LF1U,P05771,DB03496
T40276,D0O0LS,P05771,DB11986
T40276,D0R9YR,P05771,DB12480
T85467,D05ZTH,P43115,DB01088
T85467,D06FEA,P43115,DB00917
T85467,D00HTY,P43115,DB12789
T85467,D00IQH,P43115,DB12836
T97149,D05ADP,O43781,DB06195
T53024,D02XIY,P30874,DB00104
T53024,D0TV0C,P30874,DB06663
T53024,D0Y2HR,P30874,DB00637
T13714,D04LKS,P55055,DB08877
T13714,D0G3PI,P55055,DB00523
T13714,D0N0RU,P55055,DB00307
T13714,D0L4FS,P55055,DB01645
T13714,D0R9YR,P55055,DB12480
T89361,D05SBO,Q00534,DB12001
T89361,D0K8KX,Q00534,DB04216
T89361,D00UZR,Q00534,DB09073
T89361,D05ADP,Q00534,DB06195
T89361,D08MXP,Q00534,DB11730
T89361,D0LF1U,Q00534,DB03496
T93344,D01AYJ,Q14534,DB00857
T93344,D02RQU,Q14534,DB00175
T93344,D0L5WM,Q14534,DB01118
T11309,D03KKR,P13500,DB08162
T11309,D0L1UK,P13500,DB04707
T51452,D07JVL,P47869,DB00829
T51452,D0L9GG,P47869,DB00404
T51452,D0T1WN,P47869,DB00425
T74483,D0X7GL,O43526,DB04953
T63967,D0K0KH,P43681,DB11699
T63967,D0K0KH,P17787,DB11699
T63967,D0K7WK,P43681,DB00904
T63967,D0K7WK,P17787,DB00904
T63967,D0Q9HF,P43681,DB03128
T63967,D0Q9HF,P17787,DB03128
T63967,D0T8GD,P43681,DB00184
T63967,D0T8GD,P17787,DB00184
T63967,D0V8HA,P43681,DB00657
T63967,D0V8HA,P17787,DB00657
T63967,D0X4ZR,P43681,DB01156
T63967,D0X4ZR,P17787,DB01156
T63967,D01IVE,P43681,DB05137
T63967,D01IVE,P17787,DB05137
T63967,D0ZC3C,P43681,DB05708
T63967,D0ZC3C,P17787,DB05708
T52389,D02TJS,P15559,DB00266
T16117,D08ZEB,P29475,DB00356
T16117,D0V0NL,P29475,DB05383
T16117,D03WOZ,P29475,DB02207
T16117,D0I7VD,P29475,DB02234
T37961,D0D9JW,Q13153,DB00465
T37961,D07SDQ,Q13153,DB11672
T37961,D0U3EP,Q13153,DB02709
T93783,D0E3SH,P04608,DB06603
T93783,D0E7PQ,P04608,DB02546
T13644,D0TV0C,P32745,DB06663
T13644,D0Y2HR,P32745,DB00637
T87024,D04NQI,P05067,DB00613
T87024,D07HBX,P05067,DB00936
T87024,D09CGE,P05067,DB09149
T87024,D09EGZ,P05067,DB00608
T87024,D0A1PX,P05067,DB00712
T87024,D0E6YQ,P05067,DB00382
T87024,D0K8KX,P05067,DB04216
T87024,D0N0ES,P05067,DB00627
T87024,D0W9LX,P05067,DB01136
T87024,D07HZG,P05067,DB08382
T87024,D07SDQ,P05067,DB11672
T87024,D0U3EP,P05067,DB02709
T87024,D03SLR,P05067,DB07767
T87024,D05UQD,P05067,DB00886
T87024,D00KEP,P05067,DB00974
T87024,D05CCT,P05067,DB08167
T87024,D0A1CM,P05067,DB08846
T97196,D0B3HD,Q13315,DB00201
T97196,D0VG0D,Q13315,DB11651
T97196,D0W7HE,Q13315,DB12015
T89458,D0L4FS,P11166,DB01645
T89458,D0Z0HH,P11166,DB13044
T71390,D08IWD,P31213,DB01216
T71390,D0A9YA,P31213,DB01126
T51407,D03ZMQ,O14980,DB04665
T28213,D0F1LZ,O15552,DB03166
T99912,D05JZS,Q16719,DB07069
T53524,D00STL,P16234,DB04868
T53524,D01PZD,P16234,DB06436
T53524,D03ZBT,P16234,DB08865
T53524,D04LVK,P16234,DB09063
T53524,D07POC,P16234,DB00530
T53524,D08CDI,P16234,DB01259
T53524,D0AZ3C,P16234,DB00619
T53524,D0E6XR,P16234,DB01254
T53524,D0H0EQ,P16234,DB08901
T53524,D0IQ6P,P16234,DB08875
T53524,D0R0MW,P16234,DB01268
T53524,D03LWG,P16234,DB11886
T53524,D07KYT,P16234,DB12874
T53524,D08HOM,P16234,DB11694
T53524,D0D1GF,P16234,DB12307
T53524,D0M0XB,P16234,DB11805
T53524,D0W7JZ,P16234,DB11800
T84581,D05CCT,Q16881,DB08167
T53251,D09FAZ,Q96KQ7,DB00928
T53251,D0V0LB,Q96KQ7,DB00847
T53251,D0X5SD,Q96KQ7,DB00822
T53251,D0X5XU,Q96KQ7,DB01262
T53251,D0B1FE,Q96KQ7,DB12610
T53251,D00FLT,Q96KQ7,DB01910
T27445,D03JSJ,P00956,DB00410
T40694,D01ZRI,P53350,DB06626
T40694,D07POC,P53350,DB00530
T40694,D08CDI,P53350,DB01259
T40694,D0K8KX,P53350,DB04216
T40694,D0R0MW,P53350,DB01268
T40694,D00BYM,P53350,DB12062
T40694,D03LWG,P53350,DB11886
T40694,D0KF9Q,P53350,DB12146
T40694,D0O0LS,P53350,DB11986
T40694,D0P1JI,P53350,DB08059
T40694,D0A1CM,P53350,DB08846
T07191,D0OB0F,Q12851,DB06616
T50089,D07UHS,Q9H228,DB08868
T50089,D07EDB,Q9H228,DB12612
T50089,D07FKQ,Q9H228,DB12371
T79027,D07XSN,P32320,DB00987
T06273,D01SHZ,P09874,DB12332
T06273,D00BMF,P09874,DB11793
T78349,D0K8KX,Q15717,DB04216
T24836,D0I0RJ,P04070,DB00594
T24836,D0J0BU,P04070,DB12364
T82393,D0P8YC,P78536,DB03880
T03917,D01XNB,P05023,DB00338
T03917,D01XNB,P13637,DB00338
T03917,D01XNB,P05026,DB00338
T03917,D01XNB,P54709,DB00338
T03917,D02OZE,P05023,DB00390
T03917,D02OZE,P13637,DB00390
T03917,D02OZE,P05026,DB00390
T03917,D02OZE,P54709,DB00390
T03917,D0AR3J,P05023,DB01092
T03917,D0AR3J,P13637,DB01092
T03917,D0AR3J,P05026,DB01092
T03917,D0AR3J,P54709,DB01092
T03917,D0M3QP,P05023,DB01396
T03917,D0M3QP,P13637,DB01396
T03917,D0M3QP,P05026,DB01396
T03917,D0M3QP,P54709,DB01396
T03917,D0T6XX,P05023,DB00213
T03917,D0T6XX,P13637,DB00213
T03917,D0T6XX,P05026,DB00213
T03917,D0T6XX,P54709,DB00213
T37848,D00AXJ,P08684,DB01110
T37848,D00FGR,P08684,DB09031
T37848,D00IBN,P08684,DB00554
T37848,D00KHM,P08684,DB01100
T37848,D00KVO,P08684,DB00518
T37848,D00YZD,P08684,DB08930
T37848,D01AXB,P08684,DB00476
T37848,D01QIN,P08684,DB01076
T37848,D01XBA,P08684,DB00481
T37848,D01XNB,P08684,DB00338
T37848,D01ZII,P08684,DB00477
T37848,D02DPA,P08684,DB00501
T37848,D02HED,P08684,DB00850
T37848,D02OZE,P08684,DB00390
T37848,D02STN,P08684,DB05812
T37848,D02VJP,P08684,DB09065
T37848,D02YIZ,P08684,DB00199
T37848,D03BLF,P08684,DB00620
T37848,D03HJK,P08684,DB00207
T37848,D04JEE,P08684,DB00571
T37848,D04NQI,P08684,DB00613
T37848,D04OSE,P08684,DB01115
T37848,D04XGT,P08684,DB11989
T37848,D05CEU,P08684,DB04841
T37848,D05EAM,P08684,DB00738
T37848,D05LBU,P08684,DB00208
T37848,D06ABF,P08684,DB00455
T37848,D06GDY,P08684,DB00715
T37848,D06GKN,P08684,DB00969
T37848,D06IGU,P08684,DB13179
T37848,D06MAJ,P08684,DB12523
T37848,D06NXY,P08684,DB00977
T37848,D06OMK,P08684,DB00864
T37848,D06XMU,P08684,DB00624
T37848,D06YFA,P08684,DB01200
T37848,D07ABV,P08684,DB01263
T37848,D07ACT,P08684,DB01212
T37848,D07ESC,P08684,DB05676
T37848,D07HOB,P08684,DB00762
T37848,D07JJS,P08684,DB00576
T37848,D07KSG,P08684,DB00675
T37848,D07POC,P08684,DB00530
T37848,D07UYO,P08684,DB00601
T37848,D08CDI,P08684,DB01259
T37848,D09EGZ,P08684,DB00608
T37848,D09GOS,P08684,DB00257
T37848,D09HNR,P08684,DB00976
T37848,D09IPV,P08684,DB01406
T37848,D09KTS,P08684,DB09053
T37848,D09LNI,P08684,DB00196
T37848,D09MGR,P08684,DB01628
T37848,D09SGV,P08684,DB09102
T37848,D09XQF,P08684,DB00951
T37848,D0A0OO,P08684,DB00701
T37848,D0AZ3C,P08684,DB00619
T37848,D0B7EB,P08684,DB00773
T37848,D0C3SW,P08684,DB11560
T37848,D0D1AL,P08684,DB00502
T37848,D0D4YZ,P08684,DB08934
T37848,D0D9FV,P08684,DB01173
T37848,D0E6XR,P08684,DB01254
T37848,D0E6YQ,P08684,DB00382
T37848,D0E7PQ,P08684,DB02546
T37848,D0EG1I,P08684,DB08895
T37848,D0EV8E,P08684,DB01127
T37848,D0F9BY,P08684,DB00362
T37848,D0H0KB,P08684,DB00740
T37848,D0H0ND,P08684,DB00641
T37848,D0I1FQ,P08684,DB06817
T37848,D0I2MK,P08684,DB00264
T37848,D0IT2G,P08684,DB01234
T37848,D0K0TC,P08684,DB01104
T37848,D0K7WK,P08684,DB00904
T37848,D0K8KX,P08684,DB04216
T37848,D0K9MY,P08684,DB06335
T37848,D0KR5B,P08684,DB00741
T37848,D0N3VR,P08684,DB00582
T37848,D0N6RF,P08684,DB00966
T37848,D0NJ5H,P08684,DB06203
T37848,D0NS6H,P08684,DB00843
T37848,D0O3OS,P08684,DB06155
T37848,D0OB1J,P08684,DB00343
T37848,D0Q2PE,P08684,DB01059
T37848,D0Q9JT,P08684,DB01011
T37848,D0R0FE,P08684,DB00661
T37848,D0S5LO,P08684,DB11978
T37848,D0T0KA,P08684,DB00622
T37848,D0T6WN,P08684,DB08864
T37848,D0T8XB,P08684,DB12417
T37848,D0TG1H,P08684,DB00586
T37848,D0U5GB,P08684,DB01601
T37848,D0U6LM,P08684,DB00683
T37848,D0V3ZA,P08684,DB00320
T37848,D0V7CF,P08684,DB00224
T37848,D0V8HJ,P08684,DB12010
T37848,D0W7WC,P08684,DB08820
T37848,D0W9MM,P08684,DB00570
T37848,D0WE3O,P08684,DB00295
T37848,D0WI3T,P08684,DB01232
T37848,D0X7DE,P08684,DB01149
T37848,D0Y4JJ,P08684,DB01244
T37848,D0Y4QG,P08684,DB08903
T37848,D0Z1ZM,P08684,DB01211
T37848,D0Z3DY,P08684,DB12319
T37848,D0Z4EI,P08684,DB00834
T37848,D0Z4SB,P08684,DB01067
T37848,D0Z7KE,P08684,DB00270
T37848,D0ZU9R,P08684,DB00503
T37848,D00FHR,P08684,DB11830
T37848,D01QSG,P08684,DB12416
T37848,D03LWG,P08684,DB11886
T37848,D03MYO,P08684,DB12914
T37848,D07HZG,P08684,DB08382
T37848,D08HOM,P08684,DB11694
T37848,D08UGX,P08684,DB13066
T37848,D0D7TD,P08684,DB06419
T37848,D0EB5N,P08684,DB12825
T37848,D0F4ZY,P08684,DB11757
T37848,D0G7UX,P08684,DB00091
T37848,D0GC5H,P08684,DB13036
T37848,D0H0YD,P08684,DB01013
T37848,D0M8FD,P08684,DB11841
T37848,D0O2XQ,P08684,DB05501
T37848,D0PN8H,P08684,DB11697
T37848,D0Q7NB,P08684,DB11903
T37848,D0QR5G,P08684,DB12216
T37848,D0U3EP,P08684,DB02709
T37848,D0V9VG,P08684,DB12457
T37848,D0W7HE,P08684,DB12015
T37848,D0W8XT,P08684,DB01388
T37848,D0XT6W,P08684,DB05015
T37848,D08SOF,P08684,DB00342
T37848,D0B4TT,P08684,DB12806
T37848,D0IP6X,P08684,DB04872
T37848,D0Y2HR,P08684,DB00637
T37848,D09ALJ,P08684,DB01698
T37848,D09VTJ,P08684,DB01892
T09022,D00UVA,P40306,DB08889
T09022,D0SH3I,P40306,DB00188
T06093,D04LVK,O75116,DB09063
T06093,D0EG1I,O75116,DB08895
T06093,D01ZAQ,O75116,DB12218
T06093,D03KKR,O75116,DB08162
T06093,D03LWG,O75116,DB11886
T06093,D0L1UK,O75116,DB04707
T31309,D00PBX,P10415,DB11581
T31309,D06ETI,P10415,DB12340
T31309,D0Z0HH,P10415,DB13044
T99189,D00JAU,Q14973,DB01029
T99189,D05DVP,Q14973,DB00549
T99189,D0S7JH,Q14973,DB08932
T99189,D0U4CE,Q14973,DB00559
T99189,D0J6XC,Q14973,DB03604
T44068,D01UXC,P08588,DB00335
T44068,D03DJL,P08588,DB05039
T44068,D03GCJ,P08588,DB00521
T44068,D03ROX,P08588,DB00195
T44068,D04JEE,P08588,DB00571
T44068,D04KJO,P08588,DB00983
T44068,D04PHC,P08588,DB00668
T44068,D04VMT,P08588,DB00489
T44068,D05UVD,P08588,DB00373
T44068,D0F2PO,P08588,DB00960
T44068,D0I2MK,P08588,DB00264
T44068,D0I8FI,P08588,DB01064
T44068,D0L5YV,P08588,DB00938
T44068,D0Y5AM,P08588,DB00496
T44068,D0A5EF,P08588,DB06190
T44068,D01VAB,P08588,DB00866
T44068,D0M7LV,P08588,DB04829
T44068,D01OIK,P08588,DB13781
T44068,D05JKG,P08588,DB11770
T44068,D0J6JT,P08588,DB12110
T59445,D0K8KX,Q00796,DB04216
T59445,D03ZMQ,Q00796,DB04665
T44916,D00EQL,O75530,DB12887
T44916,D0Y2HR,O75530,DB00637
T33211,D02TJS,Q16549,DB00266
T33211,D0E3OF,Q16549,DB00682
T98698,D0E3SH,Q8WUI4,DB06603
T98698,D0E7PQ,Q8WUI4,DB02546
T98698,D0Y3KG,Q8WUI4,DB00313
T98698,D00FHR,Q8WUI4,DB11830
T98698,D05KED,Q8WUI4,DB12376
T98698,D0B7CH,Q8WUI4,DB06819
T98698,D0E6UZ,Q8WUI4,DB11891
T98698,D0GH3Q,Q8WUI4,DB12645
T98698,D0L2UQ,Q8WUI4,DB05223
T98698,D0M8FD,Q8WUI4,DB11841
T98698,D0XT6W,Q8WUI4,DB05015
T98698,D0Z4RC,Q8WUI4,DB12174
T62841,D0I6LH,P55085,DB12025
T01973,D01PZD,Q04912,DB06436
T01973,D03ZBT,Q04912,DB08865
T01973,D0G6QF,Q04912,DB05294
T01973,D0IQ6P,Q04912,DB08875
T01973,D03LWG,Q04912,DB11886
T01973,D06EGV,Q04912,DB12381
T01973,D0D1GF,Q04912,DB12307
T89055,D04XVN,P36507,DB08911
T48703,D06CTE,Q9NR97,DB00724
T83145,D0SH3I,P19838,DB00188
T83145,D0SH3I,Q00653,DB00188
T83145,D0SH3I,Q04206,DB00188
T83145,D0SH3I,Q01201,DB00188
T83145,D0SH3I,Q04864,DB00188
T83145,D0U3EP,P19838,DB02709
T83145,D0U3EP,Q00653,DB02709
T83145,D0U3EP,Q04206,DB02709
T83145,D0U3EP,Q01201,DB02709
T83145,D0U3EP,Q04864,DB02709
T83145,D0Y2SW,P19838,DB09570
T83145,D0Y2SW,Q00653,DB09570
T83145,D0Y2SW,Q04206,DB09570
T83145,D0Y2SW,Q01201,DB09570
T83145,D0Y2SW,Q04864,DB09570
T99029,D0ZA6G,Q15120,DB03758
T67162,D00KHM,P14416,DB01100
T67162,D00TLN,P14416,DB00434
T67162,D01AZG,P14416,DB00734
T67162,D01FFA,P14416,DB12093
T67162,D01ZII,P14416,DB00477
T67162,D02HED,P14416,DB00850
T67162,D03DJL,P14416,DB05039
T67162,D03ELL,P14416,DB06288
T67162,D03KQF,P14416,DB00934
T67162,D03QGM,P14416,DB00391
T67162,D04JCN,P14416,DB01186
T67162,D04JEE,P14416,DB00571
T67162,D04KJO,P14416,DB00983
T67162,D04PHC,P14416,DB00668
T67162,D05DVP,P14416,DB00549
T67162,D05MBZ,P14416,DB00706
T67162,D05XGO,P14416,DB06016
T67162,D05ZIK,P14416,DB00370
T67162,D06OSM,P14416,DB12833
T67162,D06XZR,P14416,DB06153
T67162,D06YFA,P14416,DB01200
T67162,D06ZUK,P14416,DB00458
T67162,D07MEH,P14416,DB12518
T67162,D07MOX,P14416,DB00368
T67162,D08VRO,P14416,DB12465
T67162,D0B3UJ,P14416,DB01267
T67162,D0D1AL,P14416,DB00502
T67162,D0G8NN,P14416,DB00413
T67162,D0H3HM,P14416,DB01238
T67162,D0H6QU,P14416,DB00714
T67162,D0H7KF,P14416,DB01224
T67162,D0I0DL,P14416,DB08954
T67162,D0I8FI,P14416,DB01064
T67162,D0J5RN,P14416,DB06413
T67162,D0L5YV,P14416,DB00938
T67162,D0M8VE,P14416,DB04946
T67162,D0O6SX,P14416,DB00557
T67162,D0P0OU,P14416,DB09128
T67162,D0P5SA,P14416,DB00623
T67162,D0R1JV,P14416,DB00246
T67162,D0R6BI,P14416,DB00800
T67162,D0R6RO,P14416,DB06148
T67162,D0R9EQ,P14416,DB00268
T67162,D0T2XU,P14416,DB01069
T67162,D0T6QX,P14416,DB09225
T67162,D0T7OW,P14416,DB00988
T67162,D0U1OE,P14416,DB00679
T67162,D0U2OO,P14416,DB00490
T67162,D0U5OE,P14416,DB00408
T67162,D0X6BV,P14416,DB06684
T67162,D0X7KB,P14416,DB00589
T67162,D0X7QQ,P14416,DB12867
T67162,D0Y5AM,P14416,DB00496
T67162,D0Y5UG,P14416,DB00321
T67162,D0Z6UC,P14416,DB00669
T67162,D08GJH,P14416,DB09223
T67162,D09IRN,P14416,DB11957
T67162,D0C8PE,P14416,DB12579
T67162,D0Y6HW,P14416,DB12273
T67162,D01DAW,P14416,DB04888
T67162,D01PIL,P14416,DB00409
T67162,D0M7LV,P14416,DB04829
T67162,D0OS6O,P14416,DB06144
T67162,D0R5GS,P14416,DB12184
T67162,D0C5RZ,P14416,DB08841
T97903,D0E3SH,Q96DB2,DB06603
T97903,D0E7PQ,Q96DB2,DB02546
T97903,D00FHR,Q96DB2,DB11830
T97903,D05KED,Q96DB2,DB12376
T97903,D0E6UZ,Q96DB2,DB11891
T97903,D0L2UQ,Q96DB2,DB05223
T97903,D0M8FD,Q96DB2,DB11841
T97903,D0XT6W,Q96DB2,DB05015
T02446,D03LWG,P54762,DB11886
T51565,D0K8KX,P68400,DB04216
T51565,D0J0EL,P68400,DB04816
T51565,D0U7OU,P68400,DB07715
T51565,D0A1CM,P68400,DB08846
T68470,D00KHM,O94782,DB01100
T80975,D01PZD,P35968,DB06436
T80975,D01ZRI,P35968,DB06626
T80975,D03ZBT,P35968,DB08865
T80975,D04LVK,P35968,DB09063
T80975,D07NVU,P35968,DB06595
T80975,D07POC,P35968,DB00530
T80975,D08CDI,P35968,DB01259
T80975,D09GDD,P35968,DB08896
T80975,D09XZB,P35968,DB00317
T80975,D0AZ3C,P35968,DB00619
T80975,D0E6XR,P35968,DB01254
T80975,D0E7PQ,P35968,DB02546
T80975,D0G6QF,P35968,DB05294
T80975,D0H0EQ,P35968,DB08901
T80975,D0IQ6P,P35968,DB08875
T80975,D0J1MI,P35968,DB00643
T80975,D0J9ZR,P35968,DB06803
T80975,D0K8KX,P35968,DB04216
T80975,D0R0FO,P35968,DB09078
T80975,D0R0MW,P35968,DB01268
T80975,D0U3SY,P35968,DB11363
T80975,D0W5HK,P35968,DB00398
T80975,D0Y9EW,P35968,DB08881
T80975,D03LWG,P35968,DB11886
T80975,D07KYT,P35968,DB12874
T80975,D08HOM,P35968,DB11694
T80975,D09VMI,P35968,DB04849
T80975,D0D1GF,P35968,DB12307
T80975,D0M0XB,P35968,DB11805
T80975,D0NW0T,P35968,DB12147
T80975,D0O0LS,P35968,DB11986
T80975,D0P6DJ,P35968,DB04879
T80975,D0Q9CY,P35968,DB11828
T80975,D0W7JZ,P35968,DB11800
T80975,D0Z4RC,P35968,DB12174
T80975,D0IT6Q,P35968,DB05465
T80975,D0A1CM,P35968,DB08846
T11824,D07SDQ,P10636,DB11672
T11824,D05CCT,P10636,DB08167
T88285,D03XYW,Q04760,DB00573
T88285,D09BHB,Q04760,DB00500
T88285,D0K8KX,Q04760,DB04216
T88285,D0R1RS,Q04760,DB00328
T88285,D0W9WF,Q04760,DB01009
T88285,D0Z5IU,Q04760,DB00605
T88285,D07SDQ,Q04760,DB11672
T88285,D0SU1G,Q04760,DB04828
T88285,D0O0VZ,Q04760,DB08399
T51191,D01QIN,Q92769,DB01076
T51191,D06WTZ,Q92769,DB00227
T51191,D0E3SH,Q92769,DB06603
T51191,D0E7PQ,Q92769,DB02546
T51191,D0Y3KG,Q92769,DB00313
T51191,D00FHR,Q92769,DB11830
T51191,D05KED,Q92769,DB12376
T51191,D0B7CH,Q92769,DB06819
T51191,D0E6UZ,Q92769,DB11891
T51191,D0GH3Q,Q92769,DB12645
T51191,D0L2UQ,Q92769,DB05223
T51191,D0M8FD,Q92769,DB11841
T51191,D0V0SL,Q92769,DB12565
T51191,D0XT6W,Q92769,DB05015
T51191,D0Z4RC,Q92769,DB12174
T92687,D01XNB,P51164,DB00338
T92687,D02DPA,P51164,DB00501
T92687,D0T6XX,P51164,DB00213
T11764,D00STL,Q16832,DB04868
T11764,D0AZ3C,Q16832,DB00619
T11764,D0E6XR,Q16832,DB01254
T11764,D0P8IV,Q16832,DB00970
T11764,D0W5HK,Q16832,DB00398
T68163,D00STL,P07948,DB04868
T68163,D04LVK,P07948,DB09063
T68163,D09KTS,P07948,DB09053
T68163,D0AZ3C,P07948,DB00619
T68163,D0E6XR,P07948,DB01254
T68163,D0H0EQ,P07948,DB08901
T68163,D0J9ZR,P07948,DB06803
T68163,D0OB0F,P07948,DB06616
T68163,D03LWG,P07948,DB11886
T68163,D0Z4RC,P07948,DB12174
T10118,D0K8KX,Q99895,DB04216
T86161,D02EYG,P48147,DB08882
T86161,D0K8KX,P48147,DB04216
T86161,D0L3DK,P48147,DB04876
T86161,D0NJ5H,P48147,DB06203
T86161,D0R9VR,P48147,DB00674
T86161,D0U2JP,P48147,DB01261
T86161,D07HZG,P48147,DB08382
T86161,D0M3XR,P48147,DB11992
T86161,D09ALJ,P48147,DB01698
T31204,D00JVR,P41595,DB00972
T31204,D01AZG,P41595,DB00734
T31204,D01JMC,P41595,DB04871
T31204,D01XBA,P41595,DB00481
T31204,D01ZII,P41595,DB00477
T31204,D03ELL,P41595,DB06288
T31204,D04EGX,P41595,DB00248
T31204,D04JEE,P41595,DB00571
T31204,D05AHE,P41595,DB00353
T31204,D06XZR,P41595,DB06153
T31204,D08VRO,P41595,DB12465
T31204,D0H3HM,P41595,DB01238
T31204,D0H7KF,P41595,DB01224
T31204,D0P0OU,P41595,DB09128
T31204,D0R1JV,P41595,DB00246
T31204,D0U5FS,P41595,DB04842
T31204,D0W5HK,P41595,DB00398
T31204,D0YG7M,P41595,DB00920
T31204,D02FEA,P41595,DB08980
T31204,D0M7LV,P41595,DB04829
T31204,D03DLZ,P41595,DB01488
T31204,D09BNS,P41595,DB02959
T31204,D0J6JT,P41595,DB12110
T62548,D06GDY,P25098,DB00715
T02703,D08ZEB,P35228,DB00356
T02703,D0V0NL,P35228,DB05383
T02703,D03WOZ,P35228,DB02207
T02703,D0I7VD,P35228,DB02234
T91761,D09KTS,Q08881,DB09053
T91761,D0E6XR,Q08881,DB01254
T91761,D0LF1U,Q08881,DB03496
T91761,D0YB3W,Q08881,DB05424
T37693,D0E6YQ,P34972,DB00382
T37693,D0L7AS,P34972,DB00486
T37693,D0O1UZ,P34972,DB09061
T37693,D0O3OS,P34972,DB06155
T37693,D0P1FO,P34972,DB00470
T37693,D0R1RS,P34972,DB00328
T37693,D0T9TJ,P34972,DB01083
T37693,D0U5CE,P34972,DB06774
T37693,D08DGC,P34972,DB12193
T37693,D0Q7NB,P34972,DB11903
T37693,D0W3GL,P34972,DB13070
T37693,D0D8PZ,P34972,DB11755
T86462,D00HGB,P02766,DB04552
T86462,D05VIX,P02766,DB01241
T86462,D06RGG,P02766,DB00451
T86462,D08IFL,P02766,DB00939
T86462,D08LFZ,P02766,DB00861
T86462,D0B2WJ,P02766,DB02266
T86462,D0T8VY,P02766,DB06736
T86462,D0TG1H,P02766,DB00586
T86462,D04DFR,P02766,DB11644
T48268,D0AN7B,P49286,DB01065
T48268,D0T7OW,P49286,DB00988
T48268,D0U0KW,P49286,DB00980
T48268,D0Y8UB,P49286,DB06594
T79961,D01AZG,P08912,DB00734
T79961,D06HLY,P08912,DB01085
T79961,D08CTT,P08912,DB08801
T79961,D0BZ7W,P08912,DB01036
T79961,D0H3HM,P08912,DB01238
T79961,D0H7KF,P08912,DB01224
T79961,D0L4YD,P08912,DB01591
T79961,D0M6VK,P08912,DB11315
T79961,D0Q9HF,P08912,DB03128
T79961,D0RD5W,P08912,DB00424
T79961,D0RG3O,P08912,DB00572
T79961,D0T0LM,P08912,DB00670
T79961,D0U7BW,P08912,DB00411
T79961,D0VP1V,P08912,DB08897
T79961,D0Y5AM,P08912,DB00496
T79961,D07EFM,P08912,DB04365
T79961,D0F5LH,P08912,DB01062
T00140,D02HWP,P09917,DB01243
T00140,D03RTS,P09917,DB00482
T00140,D05VLS,P09917,DB00533
T00140,D09JUG,P09917,DB00744
T00140,D0K8KX,P09917,DB04216
T00140,D0R1QE,P09917,DB01050
T00140,D0R1RS,P09917,DB00328
T00140,D0U5CE,P09917,DB06774
T00140,D0YG7M,P09917,DB00920
T00140,D07SDQ,P09917,DB11672
T00140,D0H7PW,P09917,DB12582
T00140,D0U3EP,P09917,DB02709
T00140,D0N1SU,P09917,DB04725
T00140,D0O0VZ,P09917,DB08399
T42392,D00ENY,P42262,DB00142
T42392,D03CNS,P42262,DB00606
T86591,D00WCX,Q07869,DB01393
T86591,D05VIX,Q07869,DB01241
T86591,D07XGR,Q07869,DB01039
T86591,D0G2MW,Q07869,DB00159
T86591,D0J5DC,Q07869,DB00636
T86591,D0N6RF,Q07869,DB00966
T86591,D0NF1U,Q07869,DB13873
T86591,D03OSG,Q07869,DB12390
T86591,D0LW1Y,Q07869,DB05187
T86591,D0C5SV,Q07869,DB00132
T86591,D0E7NO,Q07869,DB03600
T86591,D0HD9P,Q07869,DB04557
T40800,D02OZE,P05023,DB00390
T11843,D0E3OF,Q9BQB6,DB00682
T33931,D03KQF,Q96JM7,DB00934
T33931,D0B7NG,Q96JM7,DB01114
T33931,D0F5LH,Q96JM7,DB01062
T61746,D00UVA,P07858,DB08889
T61746,D0SH3I,P07858,DB00188
T61746,D0V3YT,P07858,DB08873
T61746,D0X9CH,P07858,DB05521
T61746,D0H2UB,P07858,DB04786
T61746,D0J6AU,P07858,DB06670
T61746,D0KG9M,P07858,DB01422
T61746,D0X9YD,P07858,DB11780
T17221,D06TNL,P08263,DB00903
T74456,D00JAU,P30556,DB01029
T74456,D00NVX,P30556,DB01342
T74456,D04JEE,P30556,DB00571
T74456,D06UDG,P30556,DB00177
T74456,D0D5SQ,P30556,DB13919
T74456,D0G6SE,P30556,DB11842
T74456,D0M7TO,P30556,DB01349
T74456,D0N6RF,P30556,DB00966
T74456,D0T7US,P30556,DB00876
T74456,D0YS1U,P30556,DB12548
T74456,D05UQD,P30556,DB00886
T82028,D0I0RJ,P19634,DB00594
T96144,D01DBQ,P11388,DB00444
T96144,D01DBQ,Q02880,DB00444
T96144,D02PMO,P11388,DB01030
T96144,D02PMO,Q02880,DB01030
T96144,D07VLY,P11388,DB00997
T96144,D07VLY,Q02880,DB00997
T96144,D0B7EB,P11388,DB00773
T96144,D0B7EB,Q02880,DB00773
T96144,D0G9YH,P11388,DB00276
T96144,D0G9YH,Q02880,DB00276
T96144,D0O1WX,P11388,DB00537
T96144,D0O1WX,Q02880,DB00537
T96144,D0Q0PR,P11388,DB01051
T96144,D0Q0PR,Q02880,DB01051
T96144,D02DLW,P11388,DB04540
T96144,D02DLW,Q02880,DB04540
T46040,D0I0RJ,P03951,DB00594
T88947,D0YV1Q,P29033,DB01172
T56510,D00PBX,Q07817,DB11581
T56510,D06ETI,Q07817,DB12340
T56510,D0U3EP,Q07817,DB02709
T56510,D0Z0HH,Q07817,DB13044
T58921,D00WCX,P37231,DB01393
T58921,D05DVP,P37231,DB00549
T58921,D05LYX,P37231,DB01016
T58921,D05VIX,P37231,DB01241
T58921,D07XGR,P37231,DB01039
T58921,D0G2MW,P37231,DB00159
T58921,D0J5DC,P37231,DB00636
T58921,D0N6RF,P37231,DB00966
T58921,D0NF1U,P37231,DB13873
T58921,D0R1RS,P37231,DB00328
T58921,D03OSG,P37231,DB12390
T58921,D08PFA,P37231,DB09200
T58921,D0LW1Y,P37231,DB05187
T58921,D0Y8NZ,P37231,DB11894
T58921,D0C5SV,P37231,DB00132
T58921,D0E7NO,P37231,DB03600
T58921,D0HD9P,P37231,DB04557
T40812,D01SHZ,Q9UGN5,DB12332
T40812,D00BMF,Q9UGN5,DB11793
T15068,D07POC,Q05397,DB00530
T15068,D0AF6O,Q05397,DB12130
T15068,D0E6XR,Q05397,DB01254
T15068,D0K8KX,Q05397,DB04216
T15068,D0OB0F,Q05397,DB06616
T15068,D0R0MW,Q05397,DB01268
T15068,D03LWG,Q05397,DB11886
T15068,D0O0LS,Q05397,DB11986
T15068,D0A1CM,Q05397,DB08846
T42724,D09GOS,O15554,DB00257
T73756,D03ZBT,P29323,DB08865
T73756,D0E6XR,P29323,DB01254
T73756,D0OB0F,P29323,DB06616
T73756,D0W7JZ,P29323,DB11800
T76454,D0A7MY,Q14145,DB08908
T76454,D0A7MY,Q16236,DB08908
T17852,D05MQK,O76083,DB00820
T17852,D0T5PO,O76083,DB01954
T17852,D0R6MT,O76083,DB07954
T26203,D06WTZ,P05362,DB00227
T44458,D05SBO,P50750,DB12001
T44458,D00UZR,P50750,DB09073
T44458,D05ADP,P50750,DB06195
T44458,D08HOM,P50750,DB11694
T44458,D0LF1U,P50750,DB03496
T14912,D00PBX,Q07820,DB11581
T14912,D06ETI,Q07820,DB12340
T14912,D0Z0HH,Q07820,DB13044
T76846,D0X9PF,P41968,DB11653
T81900,D05AFR,P14735,DB01301
T81900,D05UBX,P14735,DB00274
T81900,D0KL4J,P14735,DB01129
T81900,D0B1FE,P14735,DB12610
T30829,D0K8KX,Q9HC98,DB04216
T30829,D0O0LS,Q9HC98,DB11986
T29130,D04VIS,P40763,DB05767
T29130,D0J9ZR,P40763,DB06803
T29130,D0L4FS,P40763,DB01645
T64567,D00STL,Q16790,DB04868
T64567,D01MUR,Q16790,DB01194
T64567,D02FLB,Q16790,DB01390
T64567,D02URS,Q16790,DB06715
T64567,D03QGM,Q16790,DB00391
T64567,D03RTS,Q16790,DB00482
T64567,D05OFX,Q16790,DB06218
T64567,D05UYW,Q16790,DB00869
T64567,D07CWD,Q16790,DB01005
T64567,D07HBX,Q16790,DB00936
T64567,D07INV,Q16790,DB00311
T64567,D07VDZ,Q16790,DB00273
T64567,D09NIA,Q16790,DB00310
T64567,D09VAZ,Q16790,DB06824
T64567,D0AZ3C,Q16790,DB00619
T64567,D0C2II,Q16790,DB00703
T64567,D0C8EU,Q16790,DB00853
T64567,D0E1SW,Q16790,DB00819
T64567,D0E9JM,Q16790,DB00761
T64567,D0H8FH,Q16790,DB00808
T64567,D0J4GO,Q16790,DB01144
T64567,D0J7RK,Q16790,DB00841
T64567,D0K1QD,Q16790,DB06795
T64567,D0K8KX,Q16790,DB04216
T64567,D0L4JT,Q16790,DB00259
T64567,D0L6DA,Q16790,DB00580
T64567,D0L7FM,Q16790,DB01032
T64567,D0PQ3G,Q16790,DB00695
T64567,D0SH3I,Q16790,DB00188
T64567,D0TG1H,Q16790,DB00586
T64567,D0U5QK,Q16790,DB00316
T64567,D0V8QT,Q16790,DB00291
T64567,D0VM2L,Q16790,DB00399
T64567,D0W5HK,Q16790,DB00398
T64567,D0Y2IZ,Q16790,DB01021
T64567,D0Z4UY,Q16790,DB09395
T64567,D04IIU,Q16790,DB06370
T64567,D06PII,Q16790,DB08329
T64567,D08BXT,Q16790,DB03566
T64567,D0L6HN,Q16790,DB03255
T64567,D0U3EP,Q16790,DB02709
T64567,D03SLR,Q16790,DB07767
T64567,D07XPE,Q16790,DB00914
T64567,D0LD9S,Q16790,DB00127
T64567,D02DBP,Q16790,DB11085
T64567,D03ZMQ,Q16790,DB04665
T64567,D05KTE,Q16790,DB09154
T64567,D05WQF,Q16790,DB01650
T64567,D0A1CM,Q16790,DB08846
T99160,D04LVK,Q9HBH9,DB09063
T99160,D0W5HK,Q9HBH9,DB00398
T99160,D03LWG,Q9HBH9,DB11886
T99160,D06EGV,Q9HBH9,DB12381
T23172,D03ZBT,P52333,DB08865
T23172,D04LKS,P52333,DB08877
T23172,D04LVK,P52333,DB09063
T23172,D06XXH,P52333,DB11963
T23172,D09KTS,P52333,DB09053
T23172,D09XZB,P52333,DB00317
T23172,D0EG1I,P52333,DB08895
T23172,D0Y7IC,P52333,DB11817
T23172,D00UZR,P52333,DB09073
T23172,D03LWG,P52333,DB11886
T23172,D06EIC,P52333,DB11708
T23172,D08HOM,P52333,DB11694
T23172,D0D5ZJ,P52333,DB11763
T23172,D0G8BM,P52333,DB12500
T23172,D0O0LS,P52333,DB11986
T23172,D0PN8H,P52333,DB11697
T23172,D0VG0D,P52333,DB11651
T23172,D0YB3W,P52333,DB05424
T86273,D03ZTE,Q8TDU6,DB06777
T86273,D04DJN,Q8TDU6,DB02901
T86273,D06XMU,Q8TDU6,DB00624
T86273,D07BSQ,Q8TDU6,DB00396
T86273,D08QMX,Q8TDU6,DB00783
T86273,D0D1SG,Q8TDU6,DB00860
T86273,D0G3SH,Q8TDU6,DB01586
T86273,D0K0EK,Q8TDU6,DB01708
T86273,D0M4WA,Q8TDU6,DB05990
T86273,D0OR2L,Q8TDU6,DB02659
T86273,D02PQB,Q8TDU6,DB03619
T86273,D09NTG,Q8TDU6,DB04348
T86273,D0R9YR,Q8TDU6,DB12480
T86273,D00QPU,Q8TDU6,DB05804
T86273,D03RKW,Q8TDU6,DB08834
T86273,D0D8IS,Q8TDU6,DB02123
T24983,D01AZG,P21917,DB00734
T24983,D01FFA,P21917,DB12093
T24983,D01ZII,P21917,DB00477
T24983,D03QGM,P21917,DB00391
T24983,D05XGO,P21917,DB06016
T24983,D05ZIK,P21917,DB00370
T24983,D06OSM,P21917,DB12833
T24983,D07MEH,P21917,DB12518
T24983,D08VRO,P21917,DB12465
T24983,D09IOI,P21917,DB00543
T24983,D0D1AL,P21917,DB00502
T24983,D0G8NN,P21917,DB00413
T24983,D0H3HM,P21917,DB01238
T24983,D0H6QU,P21917,DB00714
T24983,D0H7KF,P21917,DB01224
T24983,D0I8FI,P21917,DB01064
T24983,D0J5RN,P21917,DB06413
T24983,D0K8KX,P21917,DB04216
T24983,D0R1JV,P21917,DB00246
T24983,D0R6RO,P21917,DB06148
T24983,D0R9EQ,P21917,DB00268
T24983,D0T6QX,P21917,DB09225
T24983,D0T7OW,P21917,DB00988
T24983,D0U5OE,P21917,DB00408
T24983,D0WV3U,P21917,DB00457
T24983,D0X7KB,P21917,DB00589
T24983,D0X7QQ,P21917,DB12867
T24983,D0Y6HW,P21917,DB12273
T24983,D01PIL,P21917,DB00409
T24983,D0M7LV,P21917,DB04829
T24983,D0OS6O,P21917,DB06144
T24983,D0C5RZ,P21917,DB08841
T97035,D08HVR,P14679,DB01235
T97035,D0U3EP,P14679,DB02709
T72849,D0RA5Q,Q9NZ08,DB03424
T78992,D0K8KX,Q9HC98,DB04216
T78992,D0O0LS,Q9HC98,DB11986
T35527,D02HWP,P18054,DB01243
T35527,D09JUG,P18054,DB00744
T35527,D0K8KX,P18054,DB04216
T55703,D08JAC,P02753,DB05076
T29678,D03FLC,Q99250,DB00555
T29678,D08HQK,Q99250,DB09085
T29678,D0E4DW,Q99250,DB00252
T29678,D0H0KB,Q99250,DB00740
T29678,D0X0RI,Q99250,DB00379
T29678,D0Y5UG,Q99250,DB00321
T30085,D01TNW,P31639,DB06292
T30085,D04DXA,P31639,DB11824
T30085,D06ALD,P31639,DB09038
T30085,D08DFX,P31639,DB08907
T30085,D0Q3VE,P31639,DB11827
T30085,D07FBM,P31639,DB11698
T30085,D0IJ0U,P31639,DB12214
T30085,D0OR3G,P31639,DB12236
T30085,D0U7IL,P31639,DB12713
T77350,D00UVA,P28062,DB08889
T77350,D0SH3I,P28062,DB00188
T71081,D0W4HZ,P01112,DB06448
T22285,D0I0DL,Q12879,DB08954
T67684,D01AZG,P20309,DB00734
T67684,D04JEE,P20309,DB00571
T67684,D08CTT,P20309,DB08801
T67684,D0B4TN,P20309,DB00810
T67684,D0BZ7W,P20309,DB01036
T67684,D0G8NN,P20309,DB00413
T67684,D0H3HM,P20309,DB01238
T67684,D0H7KF,P20309,DB01224
T67684,D0L4YD,P20309,DB01591
T67684,D0M6VK,P20309,DB11315
T67684,D0P1WA,P20309,DB01409
T67684,D0Q9HF,P20309,DB03128
T67684,D0RD5W,P20309,DB00424
T67684,D0RG3O,P20309,DB00572
T67684,D0T0LM,P20309,DB00670
T67684,D0U7BW,P20309,DB00411
T67684,D0VP1V,P20309,DB08897
T67684,D0Y5AM,P20309,DB00496
T67684,D07EFM,P20309,DB04365
T67684,D0GP8P,P20309,DB12526
T67684,D0F5LH,P20309,DB01062
T88975,D0L0ZF,Q14432,DB12082
T88975,D0NJ3V,Q14432,DB01113
T88975,D0R4UW,Q14432,DB01656
T88975,D0Y9ZE,Q14432,DB00235
T88975,D03QJL,Q14432,DB05266
T88975,D0R6MT,Q14432,DB07954
T50224,D0EG1I,O75582,DB08895
T50224,D03KKR,O75582,DB08162
T55959,D01AXB,Q01959,DB00476
T55959,D01JMC,Q01959,DB04871
T55959,D01UTL,Q01959,DB01151
T55959,D02PPN,Q01959,DB00422
T55959,D02XOK,Q01959,DB08918
T55959,D04CRN,Q01959,DB00289
T55959,D04XPW,Q01959,DB00907
T55959,D06GDY,Q01959,DB00715
T55959,D06ZUK,Q01959,DB00458
T55959,D07HQC,Q01959,DB00745
T55959,D09VGC,Q01959,DB04896
T55959,D0H8QL,Q01959,DB00579
T55959,D0HQ6N,Q01959,DB00245
T55959,D0J5RN,Q01959,DB06413
T55959,D0K0TC,Q01959,DB01104
T55959,D0O3FG,Q01959,DB06700
T55959,D0P1UX,Q01959,DB00285
T55959,D0T3LF,Q01959,DB01576
T55959,D0T7OW,Q01959,DB00988
T55959,D0TR5X,Q01959,DB00472
T55959,D0X4ZR,Q01959,DB01156
T55959,D0Y5DO,Q01959,DB00215
T55959,D0Y5UG,Q01959,DB00321
T55959,D0ZS8P,Q01959,DB01242
T55959,D03QIE,Q01959,DB04889
T55959,D0F5NJ,Q01959,DB01454
T55959,D01NJT,Q01959,DB12395
T55959,D06BPG,Q01959,DB04821
T55959,D02TMK,Q01959,DB01509
T55959,D02YOO,Q01959,DB09186
T55959,D08AWN,Q01959,DB06731
T55959,D09VTJ,Q01959,DB01892
T86679,D06IAR,P29275,DB00640
T86679,D09QEI,P29275,DB00806
T86679,D0B3HD,P29275,DB00201
T86679,D0F8RA,P29275,DB00277
T86679,D0R4UW,P29275,DB01656
T86679,D0XE1C,P29275,DB06213
T86679,D0F4ZY,P29275,DB11757
T86679,D0E4WF,P29275,DB02282
T68834,D0G2MW,Q8TDS5,DB00159
T68834,D0Q5XX,Q8TDS5,DB03756
T25637,D0X5SD,Q9Y4K0,DB00822
T25637,D0Q6PI,Q9Y4K0,DB04325
T87020,D0G7UX,Q02790,DB00091
T81735,D09XZB,P78527,DB00317
T81735,D0B3HD,P78527,DB00201
T81735,D0E6XR,P78527,DB01254
T81735,D0J5VR,P78527,DB09054
T81735,D0R0MW,P78527,DB01268
T81735,D0R4OM,P78527,DB00831
T81735,D0W5HK,P78527,DB00398
T81735,D0H2UB,P78527,DB04786
T81735,D0UP1Z,P78527,DB12108
T81735,D0W7HE,P78527,DB12015
T81735,D0P1JI,P78527,DB08059
T76414,D0I0DL,Q13224,DB08954
T76414,D0LD9S,Q13224,DB00127
T29683,D0IP6X,P29371,DB04872
T03687,D0E3SH,Q9UKV0,DB06603
T03687,D0E7PQ,Q9UKV0,DB02546
T03687,D0Y3KG,Q9UKV0,DB00313
T03687,D05KED,Q9UKV0,DB12376
T03687,D0B1FE,Q9UKV0,DB12610
T03687,D0B7CH,Q9UKV0,DB06819
T03687,D0E6UZ,Q9UKV0,DB11891
T03687,D0GH3Q,Q9UKV0,DB12645
T03687,D0L2UQ,Q9UKV0,DB05223
T03687,D0M8FD,Q9UKV0,DB11841
T03687,D0XT6W,Q9UKV0,DB05015
T03687,D0Z4RC,Q9UKV0,DB12174
T94479,D03ZBT,P23443,DB08865
T94479,D0EG1I,P23443,DB08895
T76914,D09GOS,P22001,DB00257
T76914,D0J2TN,P22001,DB01081
T76914,D0R0FE,P22001,DB00661
T76914,D0QR5G,P22001,DB12216
T79232,D04JEE,P37288,DB00571
T79232,D08FJL,P37288,DB01282
T79232,D0VU2X,P37288,DB00872
T82083,D0H2UB,P51582,DB04786
T94880,D03ZBT,Q06418,DB08865
T75015,D0O0LS,Q9NZJ5,DB11986
T82665,D05EAM,O14744,DB00738
T82665,D00FLT,O14744,DB01910
T70309,D08IWD,P18405,DB01216
T70309,D0A9YA,P18405,DB01126
T35842,D0X9PF,Q01726,DB11653
T63966,D01PZD,P17948,DB06436
T63966,D01ZRI,P17948,DB06626
T63966,D03ZBT,P17948,DB08865
T63966,D07POC,P17948,DB00530
T63966,D09GDD,P17948,DB08896
T63966,D0G6QF,P17948,DB05294
T63966,D0H0EQ,P17948,DB08901
T63966,D0IQ6P,P17948,DB08875
T63966,D0R0FO,P17948,DB09078
T63966,D0R0MW,P17948,DB01268
T63966,D0W5HK,P17948,DB00398
T63966,D03LWG,P17948,DB11886
T63966,D07KYT,P17948,DB12874
T63966,D08HOM,P17948,DB11694
T63966,D09VMI,P17948,DB04849
T63966,D0D1GF,P17948,DB12307
T63966,D0M0XB,P17948,DB11805
T63966,D0P6DJ,P17948,DB04879
T63966,D0W7JZ,P17948,DB11800
T17980,D03ZBT,P06241,DB08865
T17980,D0E6XR,P06241,DB01254
T17980,D0OB0F,P06241,DB06616
T17980,D0T7OW,P06241,DB00988
T17980,D00UZR,P06241,DB09073
T17980,D03LWG,P06241,DB11886
T17980,D08HOM,P06241,DB11694
T17980,D0L4FS,P06241,DB01645
T12541,D0J5VR,Q9UBF8,DB09054
T12541,D03LWG,Q9UBF8,DB11886
T58772,D0VG0D,P42345,DB11651
T58772,D0VG0D,Q8N122,DB11651
T58772,D0VG0D,Q9BVC4,DB11651
T58772,D0VG0D,Q96B36,DB11651
T58772,D0VG0D,Q8TB45,DB11651
T29728,D03LWG,Q9Y6M4,DB11886
T94201,D0U3SY,Q96SB4,DB11363
T61792,D00BCP,Q92887,DB00672
T61792,D00DKK,Q92887,DB00982
T61792,D00FGO,Q92887,DB01042
T61792,D00IBN,Q92887,DB00554
T61792,D00KVO,Q92887,DB00518
T61792,D00MIN,Q92887,DB00550
T61792,D00NKB,Q92887,DB00384
T61792,D00WAM,Q92887,DB00774
T61792,D00WUF,Q92887,DB00230
T61792,D00YZA,Q92887,DB04572
T61792,D00YZD,Q92887,DB08930
T61792,D01AJY,Q92887,DB00181
T61792,D01AZG,Q92887,DB00734
T61792,D01DBQ,Q92887,DB00444
T61792,D01GBY,Q92887,DB00967
T61792,D01MDT,Q92887,DB00697
T61792,D01MUR,Q92887,DB01194
T61792,D01OXI,Q92887,DB00262
T61792,D01STB,Q92887,DB00178
T61792,D01UTL,Q92887,DB01151
T61792,D01UXC,Q92887,DB00335
T61792,D01XNB,Q92887,DB00338
T61792,D01XYJ,Q92887,DB00495
T61792,D01ZII,Q92887,DB00477
T61792,D01ZSO,Q92887,DB01171
T61792,D02DPA,Q92887,DB00501
T61792,D02FEM,Q92887,DB00826
T61792,D02HED,Q92887,DB00850
T61792,D02LCR,Q92887,DB13025
T61792,D02STN,Q92887,DB05812
T61792,D02TLO,Q92887,DB01181
T61792,D02YIZ,Q92887,DB00199
T61792,D03CQE,Q92887,DB01044
T61792,D03DDR,Q92887,DB00468
T61792,D03ELL,Q92887,DB06288
T61792,D03HJK,Q92887,DB00207
T61792,D03JSJ,Q92887,DB00410
T61792,D03KQF,Q92887,DB00934
T61792,D03NHW,Q92887,DB01165
T61792,D03QWT,Q92887,DB06211
T61792,D03RTS,Q92887,DB00482
T61792,D03TVW,Q92887,DB01423
T61792,D03TYI,Q92887,DB01223
T61792,D03VPC,Q92887,DB01166
T61792,D03XOC,Q92887,DB01108
T61792,D03YLZ,Q92887,DB08621
T61792,D04AAW,Q92887,DB00369
T61792,D04EGX,Q92887,DB00248
T61792,D04FBR,Q92887,DB00688
T61792,D04ITO,Q92887,DB01220
T61792,D04JCN,Q92887,DB01186
T61792,D04JEE,Q92887,DB00571
T61792,D04JPJ,Q92887,DB01206
T61792,D04MSM,Q92887,DB00564
T61792,D04NXQ,Q92887,DB00487
T61792,D04OSE,Q92887,DB01115
T61792,D04VMT,Q92887,DB00489
T61792,D04WFD,Q92887,DB00540
T61792,D04XGT,Q92887,DB11989
T61792,D04YMH,Q92887,DB01283
T61792,D04ZTY,Q92887,DB04878
T61792,D05AFX,Q92887,DB12293
T61792,D05DVP,Q92887,DB00549
T61792,D05EAM,Q92887,DB00738
T61792,D05FTJ,Q92887,DB00784
T61792,D05GJW,Q92887,DB00242
T61792,D05HPI,Q92887,DB00080
T61792,D05HSC,Q92887,DB01199
T61792,D05LEO,Q92887,DB00544
T61792,D05LKP,Q92887,DB00359
T61792,D05MQK,Q92887,DB00820
T61792,D05OFX,Q92887,DB06218
T61792,D05UVD,Q92887,DB00373
T61792,D05VLS,Q92887,DB00533
T61792,D05ZGQ,Q92887,DB09555
T61792,D05ZIK,Q92887,DB00370
T61792,D06ABF,Q92887,DB00455
T61792,D06BEP,Q92887,DB00475
T61792,D06CTE,Q92887,DB00724
T61792,D06GAM,Q92887,DB04576
T61792,D06GDY,Q92887,DB00715
T61792,D06JPB,Q92887,DB00153
T61792,D06NXY,Q92887,DB00977
T61792,D06OIV,Q92887,DB01124
T61792,D06OMK,Q92887,DB00864
T61792,D06OVY,Q92887,DB00671
T61792,D06PSS,Q92887,DB00731
T61792,D06TNL,Q92887,DB00903
T61792,D06UDG,Q92887,DB00177
T61792,D06WTZ,Q92887,DB00227
T61792,D06XAE,Q92887,DB06751
T61792,D06XMU,Q92887,DB00624
T61792,D06YYD,Q92887,DB05351
T61792,D06ZII,Q92887,DB00402
T61792,D06ZUK,Q92887,DB00458
T61792,D07ABV,Q92887,DB01263
T61792,D07BCT,Q92887,DB00684
T61792,D07CWD,Q92887,DB01005
T61792,D07HGR,Q92887,DB00722
T61792,D07HVY,Q92887,DB00625
T61792,D07IEF,Q92887,DB09020
T61792,D07IPB,Q92887,DB00385
T61792,D07JGT,Q92887,DB00779
T61792,D07KSG,Q92887,DB00675
T61792,D07POC,Q92887,DB00530
T61792,D07QCE,Q92887,DB00993
T61792,D07SUG,Q92887,DB01008
T61792,D07TQV,Q92887,DB00709
T61792,D07UYO,Q92887,DB00601
T61792,D07VDZ,Q92887,DB00273
T61792,D07VLY,Q92887,DB00997
T61792,D07WEP,Q92887,DB01119
T61792,D07XGR,Q92887,DB01039
T61792,D07XSN,Q92887,DB00987
T61792,D08HVR,Q92887,DB01235
T61792,D08IWD,Q92887,DB01216
T61792,D08JIV,Q92887,DB00381
T61792,D08PIQ,Q92887,DB00959
T61792,D08QIP,Q92887,DB01411
T61792,D08ROP,Q92887,DB01097
T61792,D08USJ,Q92887,DB01400
T61792,D08VRO,Q92887,DB12465
T61792,D08VXL,Q92887,DB09282
T61792,D08VYV,Q92887,DB01233
T61792,D08ZEB,Q92887,DB00356
T61792,D09CZA,Q92887,DB00287
T61792,D09DWL,Q92887,DB00962
T61792,D09EGZ,Q92887,DB00608
T61792,D09HNR,Q92887,DB00976
T61792,D09HVL,Q92887,DB00006
T61792,D09IOI,Q92887,DB00543
T61792,D09IPV,Q92887,DB01406
T61792,D09JUG,Q92887,DB00744
T61792,D09LNI,Q92887,DB00196
T61792,D09LWS,Q92887,DB00973
T61792,D09MGR,Q92887,DB01628
T61792,D09NIA,Q92887,DB00310
T61792,D09QEI,Q92887,DB00806
T61792,D09TBD,Q92887,DB00263
T61792,D09WEJ,Q92887,DB09018
T61792,D09XQF,Q92887,DB00951
T61792,D09XZB,Q92887,DB00317
T61792,D0A0OO,Q92887,DB00701
T61792,D0A2ZX,Q92887,DB00916
T61792,D0A5SE,Q92887,DB04854
T61792,D0A9YA,Q92887,DB01126
T61792,D0AA2D,Q92887,DB04794
T61792,D0AN7B,Q92887,DB01065
T61792,D0AO5H,Q92887,DB00440
T61792,D0AP9T,Q92887,DB01330
T61792,D0AV3G,Q92887,DB01184
T61792,D0AZ3C,Q92887,DB00619
T61792,D0B2UZ,Q92887,DB00433
T61792,D0B3HD,Q92887,DB00201
T61792,D0B7EB,Q92887,DB00773
T61792,D0B7NG,Q92887,DB01114
T61792,D0B8UJ,Q92887,DB01280
T61792,D0BA9U,Q92887,DB00367
T61792,D0BM5G,Q92887,DB00799
T61792,D0BP9C,Q92887,DB06414
T61792,D0C4RB,Q92887,DB01229
T61792,D0C6NM,Q92887,DB00654
T61792,D0C8EU,Q92887,DB00853
T61792,D0CL9S,Q92887,DB01265
T61792,D0CT9C,Q92887,DB00531
T61792,D0CW1P,Q92887,DB00443
T61792,D0D0BE,Q92887,DB13026
T61792,D0D0ZD,Q92887,DB00491
T61792,D0D1AL,Q92887,DB00502
T61792,D0D1SG,Q92887,DB00860
T61792,D0D2VS,Q92887,DB00990
T61792,D0D4JO,Q92887,DB09274
T61792,D0D5GD,Q92887,DB01205
T61792,D0D7KC,Q92887,DB06274
T61792,D0D7LA,Q92887,DB00331
T61792,D0DJ1B,Q92887,DB00788
T61792,D0E0SW,Q92887,DB04880
T61792,D0E1SW,Q92887,DB00819
T61792,D0E1XL,Q92887,DB01202
T61792,D0E6OC,Q92887,DB07615
T61792,D0E6XR,Q92887,DB01254
T61792,D0E6YQ,Q92887,DB00382
T61792,D0E7PQ,Q92887,DB02546
T61792,D0EG1I,Q92887,DB08895
T61792,D0F2PO,Q92887,DB00960
T61792,D0F6EO,Q92887,DB01060
T61792,D0F8RA,Q92887,DB00277
T61792,D0F9GE,Q92887,DB00975
T61792,D0FM2P,Q92887,DB00180
T61792,D0G4OD,Q92887,DB00560
T61792,D0G5AG,Q92887,DB12617
T61792,D0G8NN,Q92887,DB00413
T61792,D0G9YH,Q92887,DB00276
T61792,D0GY5Z,Q92887,DB00945
T61792,D0H0KB,Q92887,DB00740
T61792,D0H0ND,Q92887,DB00641
T61792,D0H3HM,Q92887,DB01238
T61792,D0H3WI,Q92887,DB00811
T61792,D0H6QU,Q92887,DB00714
T61792,D0H8FH,Q92887,DB00808
T61792,D0I0EG,Q92887,DB01197
T61792,D0I2MK,Q92887,DB00264
T61792,D0I6IB,Q92887,DB00469
T61792,D0IT2G,Q92887,DB01234
T61792,D0IT2X,Q92887,DB00821
T61792,D0J1MI,Q92887,DB00643
T61792,D0J1VY,Q92887,DB00494
T61792,D0J2KV,Q92887,DB01182
T61792,D0J4JM,Q92887,DB00206
T61792,D0J5DC,Q92887,DB00636
T61792,D0JC9N,Q92887,DB00210
T61792,D0K0VO,Q92887,DB12661
T61792,D0K3QS,Q92887,DB01590
T61792,D0K5CB,Q92887,DB01001
T61792,D0K6GZ,Q92887,DB01208
T61792,D0K7HU,Q92887,DB01410
T61792,D0K7WK,Q92887,DB00904
T61792,D0K8KX,Q92887,DB04216
T61792,D0KG3R,Q92887,DB06228
T61792,D0L3DK,Q92887,DB04876
T61792,D0L5RW,Q92887,DB06809
T61792,D0L5WM,Q92887,DB01118
T61792,D0L6DA,Q92887,DB00580
T61792,D0L7FM,Q92887,DB01032
T61792,D0L9ZR,Q92887,DB01058
T61792,D0M2MR,Q92887,DB01120
T61792,D0M3QP,Q92887,DB01396
T61792,D0M4YC,Q92887,DB00280
T61792,D0M6DO,Q92887,DB00357
T61792,D0M8RC,Q92887,DB00871
T61792,D0M8VE,Q92887,DB04946
T61792,D0M9BW,Q92887,DB06697
T61792,D0M9DC,Q92887,DB00991
T61792,D0MA9N,Q92887,DB00250
T61792,D0ML1F,Q92887,DB00718
T61792,D0N0RU,Q92887,DB00307
T61792,D0N0TZ,Q92887,DB00758
T61792,D0N1FS,Q92887,DB11994
T61792,D0N3VR,Q92887,DB00582
T61792,D0N5HJ,Q92887,DB09477
T61792,D0N5YA,Q92887,DB00912
T61792,D0N6RF,Q92887,DB00966
T61792,D0NG7O,Q92887,DB00315
T61792,D0NJ3V,Q92887,DB01113
T61792,D0NR6S,Q92887,DB04835
T61792,D0NS6H,Q92887,DB00843
T61792,D0NW3X,Q92887,DB00204
T61792,D0O1WX,Q92887,DB00537
T61792,D0O2EM,Q92887,DB00238
T61792,D0O2SR,Q92887,DB09220
T61792,D0O3OS,Q92887,DB06155
T61792,D0O4SE,Q92887,DB00911
T61792,D0O5FY,Q92887,DB00760
T61792,D0O5WP,Q92887,DB01248
T61792,D0OB1J,Q92887,DB00343
T61792,D0P1UX,Q92887,DB00285
T61792,D0P7JZ,Q92887,DB00190
T61792,D0P9RF,Q92887,DB01162
T61792,D0PQ3G,Q92887,DB00695
T61792,D0PW7C,Q92887,DB00833
T61792,D0Q2PE,Q92887,DB01059
T61792,D0Q2XF,Q92887,DB00905
T61792,D0Q4SD,Q92887,DB00700
T61792,D0Q4XQ,Q92887,DB00593
T61792,D0Q5NX,Q92887,DB00480
T61792,D0Q6NZ,Q92887,DB06412
T61792,D0Q8ZX,Q92887,DB01086
T61792,D0QL3P,Q92887,DB00776
T61792,D0R0BX,Q92887,DB00698
T61792,D0R0FE,Q92887,DB00661
T61792,D0R1RS,Q92887,DB00328
T61792,D0R1WR,Q92887,DB00387
T61792,D0R2KJ,Q92887,DB00485
T61792,D0R3QY,Q92887,DB01080
T61792,D0R5RR,Q92887,DB00631
T61792,D0R8ER,Q92887,DB00467
T61792,D0R9OH,Q92887,DB01015
T61792,D0R9VR,Q92887,DB00674
T61792,D0S1NZ,Q92887,DB09055
T61792,D0S3WH,Q92887,DB13132
T61792,D0S4BR,Q92887,DB00763
T61792,D0S5CU,Q92887,DB00401
T61792,D0S5UH,Q92887,DB00845
T61792,D0S5WG,Q92887,DB01099
T61792,D0S9MC,Q92887,DB00349
T61792,D0S9SD,Q92887,DB00879
T61792,D0SH3I,Q92887,DB00188
T61792,D0SV8E,Q92887,DB00563
T61792,D0T0KA,Q92887,DB00622
T61792,D0T1LK,Q92887,DB01087
T61792,D0T2PL,Q92887,DB00136
T61792,D0T2XU,Q92887,DB01069
T61792,D0T5WK,Q92887,DB01595
T61792,D0T7US,Q92887,DB00876
T61792,D0T8GD,Q92887,DB00184
T61792,D0T9DT,Q92887,DB00271
T61792,D0T9TJ,Q92887,DB01083
T61792,D0TR5X,Q92887,DB00472
T61792,D0U0KW,Q92887,DB00980
T61792,D0U2JP,Q92887,DB01261
T61792,D0U4UQ,Q92887,DB00999
T61792,D0U5GB,Q92887,DB01601
T61792,D0U5QK,Q92887,DB00316
T61792,D0U5RT,Q92887,DB00794
T61792,D0U5SI,Q92887,DB01035
T61792,D0UF6M,Q92887,DB12829
T61792,D0UL2L,Q92887,DB06725
T61792,D0UM7O,Q92887,DB01221
T61792,D0V7CF,Q92887,DB00224
T61792,D0V8QT,Q92887,DB00291
T61792,D0V9BD,Q92887,DB01128
T61792,D0VM2L,Q92887,DB00399
T61792,D0W0BF,Q92887,DB01217
T61792,D0W9LX,Q92887,DB01136
T61792,D0WI3T,Q92887,DB01232
T61792,D0WN0U,Q92887,DB01023
T61792,D0WS1X,Q92887,DB00535
T61792,D0X0RI,Q92887,DB00379
T61792,D0X3FX,Q92887,DB01183
T61792,D0X4RN,Q92887,DB00281
T61792,D0X5SD,Q92887,DB00822
T61792,D0X5XU,Q92887,DB01262
T61792,D0X7DE,Q92887,DB01149
T61792,D0X7KZ,Q92887,DB09267
T61792,D0X7XG,Q92887,DB02703
T61792,D0X9ZC,Q92887,DB01140
T61792,D0XF8W,Q92887,DB00339
T61792,D0Y0SW,Q92887,DB00499
T61792,D0Y2CJ,Q92887,DB00350
T61792,D0Y3MO,Q92887,DB00479
T61792,D0Y5DO,Q92887,DB00215
T61792,D0Y5UG,Q92887,DB00321
T61792,D0Y7EM,Q92887,DB07477
T61792,D0Y7IU,Q92887,DB01222
T61792,D0YV1Q,Q92887,DB01172
T61792,D0Z1ZM,Q92887,DB01211
T61792,D0Z3DY,Q92887,DB12319
T61792,D0Z4EI,Q92887,DB00834
T61792,D0Z4SB,Q92887,DB01067
T61792,D0Z4UN,Q92887,DB00337
T61792,D0Z6UC,Q92887,DB00669
T61792,D0Z7KE,Q92887,DB00270
T61792,D0Z8EX,Q92887,DB00649
T61792,D0Z9QR,Q92887,DB00943
T61792,D0ZB7K,Q92887,DB01198
T61792,D0ZS8P,Q92887,DB01242
T61792,D0ZU9R,Q92887,DB00503
T61792,D09YDM,Q92887,DB04690
T61792,D0G7UX,Q92887,DB00091
T61792,D0Q9CY,Q92887,DB11828
T61792,D0SD9V,Q92887,DB06623
T61792,D0VG0D,Q92887,DB11651
T61792,D01PIL,Q92887,DB00409
T61792,D01VAB,Q92887,DB00866
T61792,D02LHR,Q92887,DB08950
T61792,D03JPH,Q92887,DB08942
T61792,D05RUM,Q92887,DB09224
T61792,D07XPE,Q92887,DB00914
T61792,D08SOF,Q92887,DB00342
T61792,D0C0JT,Q92887,DB04743
T61792,D0G9ZW,Q92887,DB11366
T61792,D0J9GD,Q92887,DB06693
T61792,D0O2IE,Q92887,DB03783
T61792,D0OS6O,Q92887,DB06144
T61792,D0P1JI,Q92887,DB08059
T61792,D0Y2HR,Q92887,DB00637
T61792,D0Y4FL,Q92887,DB00778
T61792,D0Y8UB,Q92887,DB06594
T61792,D01OIK,Q92887,DB13781
T61792,D03IRR,Q92887,DB01435
T61792,D07GXY,Q92887,DB12478
T61792,D08CNS,Q92887,DB04818
T61792,D0F5LH,Q92887,DB01062
T61792,D0J6JT,Q92887,DB12110
T07279,D03LWG,Q9P1W9,DB11886
T56418,D01PZD,Q9UM73,DB06436
T56418,D03ZBT,Q9UM73,DB08865
T56418,D04LVK,Q9UM73,DB09063
T56418,D08PIE,Q9UM73,DB12267
T56418,D0AF6O,Q9UM73,DB12130
T56418,D0K8KX,Q9UM73,DB04216
T56418,D0O8GK,Q9UM73,DB09330
T56418,D0R0MW,Q9UM73,DB01268
T56418,D0U3SY,Q9UM73,DB11363
T56418,D03LWG,Q9UM73,DB11886
T56418,D08HOM,Q9UM73,DB11694
T56418,D0D1GF,Q9UM73,DB12307
T56418,D0O0LS,Q9UM73,DB11986
T92803,D05SBO,Q13627,DB12001
T92803,D05ADP,Q13627,DB06195
T92803,D0A1CM,Q13627,DB08846
T55610,D02PMO,Q16665,DB01030
T59654,D01ZRI,Q9NYY3,DB06626
T64591,D01AZG,P46098,DB00734
T64591,D04FVU,P46098,DB00377
T64591,D04QSJ,P46098,DB06480
T64591,D05ZIK,P46098,DB00370
T64591,D06GKN,P46098,DB00969
T64591,D0G8NN,P46098,DB00413
T64591,D0H3HM,P46098,DB01238
T64591,D0H7KF,P46098,DB01224
T64591,D0K0KH,P46098,DB11699
T64591,D0K7WK,P46098,DB00904
T64591,D0U2OO,P46098,DB00490
T64591,D0Z6UC,P46098,DB00669
T64591,D01HVZ,P46098,DB12725
T64591,D0C5RZ,P46098,DB08841
T77613,D06BCB,Q01064,DB12131
T52447,D0G7UX,Q08752,DB00091
T64969,D01PZD,P00533,DB06436
T64969,D03ZBT,P00533,DB08865
T64969,D04LVK,P00533,DB09063
T64969,D05UFG,P00533,DB08916
T64969,D06IAR,P00533,DB00640
T64969,D06XXH,P00533,DB11963
T64969,D07POC,P00533,DB00530
T64969,D08CDI,P00533,DB01259
T64969,D08HVR,P00533,DB01235
T64969,D08PIE,P00533,DB12267
T64969,D09KTS,P00533,DB09053
T64969,D09PQZ,P00533,DB11703
T64969,D09XZB,P00533,DB00317
T64969,D0AZ3C,P00533,DB00619
T64969,D0C4RB,P00533,DB01229
T64969,D0E6XR,P00533,DB01254
T64969,D0EG1I,P00533,DB08895
T64969,D0G6QF,P00533,DB05294
T64969,D0GY5Z,P00533,DB00945
T64969,D0H0EQ,P00533,DB08901
T64969,D0IQ6P,P00533,DB08875
T64969,D0J9ZR,P00533,DB06803
T64969,D0K8KX,P00533,DB04216
T64969,D0O8GK,P00533,DB09330
T64969,D0OB0F,P00533,DB06616
T64969,D0R0MW,P00533,DB01268
T64969,D0R1QE,P00533,DB01050
T64969,D0R1RS,P00533,DB00328
T64969,D0W5HK,P00533,DB00398
T64969,D0W9WF,P00533,DB01009
T64969,D0Y9EW,P00533,DB08881
T64969,D0Z5IU,P00533,DB00605
T64969,D02BYZ,P00533,DB12036
T64969,D03LWG,P00533,DB11886
T64969,D06WRF,P00533,DB11973
T64969,D09TAB,P00533,DB12978
T64969,D0D1GF,P00533,DB12307
T64969,D0L4FS,P00533,DB01645
T64969,D0LF1U,P00533,DB03496
T64969,D0M0XB,P00533,DB11805
T64969,D0M4AV,P00533,DB11907
T64969,D0O0LS,P00533,DB11986
T64969,D0P6DJ,P00533,DB04879
T64969,D0Q9CY,P00533,DB11828
T64969,D0YB3W,P00533,DB05424
T64969,D0Z4RC,P00533,DB12174
T64969,D0IT6Q,P00533,DB05465
T64969,D0A1CM,P00533,DB08846
T75596,D0B1FE,P50579,DB12610
T75596,D0KG9M,P50579,DB01422
T75596,D09OAQ,P50579,DB08633
T75596,D08CFL,P50579,DB02640
T75596,D0FO2B,P50579,DB11145
T17048,D07VLY,P11388,DB00997
T17048,D0B7EB,P11388,DB00773
T17048,D0G9YH,P11388,DB00276
T17048,D0K8KX,P11388,DB04216
T17048,D0O1WX,P11388,DB00537
T17048,D0Q0PR,P11388,DB01051
T17048,D0R3JB,P11388,DB01204
T17048,D08BXT,P11388,DB03566
T17048,D09YDM,P11388,DB04690
T17048,D0L4FS,P11388,DB01645
T17048,D0LD9S,P11388,DB00127
T92521,D00ZFP,Q16678,DB00655
T92521,D02YIZ,Q16678,DB00199
T92521,D06XMU,Q16678,DB00624
T92521,D07MGA,Q16678,DB01094
T92521,D08QMX,Q16678,DB00783
T92521,D0AN7B,Q16678,DB01065
T92521,D0K8KX,Q16678,DB04216
T92521,D0TR5X,Q16678,DB00472
T92521,D0QR5G,Q16678,DB12216
T92521,D0U3EP,Q16678,DB02709
T23995,D03LWG,Q04759,DB11886
T98091,D0E7NO,Q9NQS5,DB03600
T54771,D01TNW,P13866,DB06292
T54771,D04DXA,P13866,DB11824
T54771,D06ALD,P13866,DB09038
T54771,D08DFX,P13866,DB08907
T54771,D0Q3VE,P13866,DB11827
T54771,D07FBM,P13866,DB11698
T54771,D0IJ0U,P13866,DB12214
T54771,D0OR3G,P13866,DB12236
T54771,D0U7IL,P13866,DB12713
T69506,D06NXY,Q14994,DB00977
T69506,D09GOS,Q14994,DB00257
T04388,D0I2FI,Q9UGI6,DB04209
T20891,D03RTS,O15530,DB00482
T20891,D0J9ZR,O15530,DB06803
T20891,D0M0XB,O15530,DB11805
T20891,D0O0LS,O15530,DB11986
T85435,D03ZBT,P06213,DB08865
T85435,D04LVK,P06213,DB09063
T85435,D07POC,P06213,DB00530
T85435,D08CDI,P06213,DB01259
T85435,D08PIE,P06213,DB12267
T85435,D09XZB,P06213,DB00317
T85435,D0E6XR,P06213,DB01254
T85435,D0EG1I,P06213,DB08895
T85435,D0O8GK,P06213,DB09330
T85435,D0R0MW,P06213,DB01268
T85435,D0W5HK,P06213,DB00398
T85435,D03LWG,P06213,DB11886
T85435,D0O0LS,P06213,DB11986
T85435,D0IT6Q,P06213,DB05465
T85435,D0A1CM,P06213,DB08846
T77365,D04JEE,P29274,DB00571
T77365,D04OSE,P29274,DB01115
T77365,D06IAR,P29274,DB00640
T77365,D0B3HD,P29274,DB00201
T77365,D0F8RA,P29274,DB00277
T77365,D0I0RJ,P29274,DB00594
T77365,D0R4UW,P29274,DB01656
T77365,D0XE1C,P29274,DB06213
T77365,D0F4ZY,P29274,DB11757
T77365,D0M3IN,P29274,DB02134
T81311,D01FYA,P14625,DB12638
T05031,D09XZB,P42338,DB00317
T05031,D0B3HD,P42338,DB00201
T05031,D0E3SH,P42338,DB06603
T05031,D0E6XR,P42338,DB01254
T05031,D0F8RA,P42338,DB00277
T05031,D0J5VR,P42338,DB09054
T05031,D0R0MW,P42338,DB01268
T05031,D0RU0O,P42338,DB11952
T05031,D0W5HK,P42338,DB00398
T05031,D03LWG,P42338,DB11886
T05031,D0E6UZ,P42338,DB11891
T05031,D0G3MN,P42338,DB11795
T05031,D0U3EP,P42338,DB02709
T05031,D0UP1Z,P42338,DB12108
T05031,D0VG0D,P42338,DB11651
T05031,D0W7HE,P42338,DB12015
T05031,D0P1JI,P42338,DB08059
T69128,D03ZBT,P08922,DB08865
T69128,D04LVK,P08922,DB09063
T69128,D08PIE,P08922,DB12267
T69128,D0AF6O,P08922,DB12130
T69128,D0R3JB,P08922,DB01204
T69128,D0U3SY,P08922,DB11363
T69128,D03LWG,P08922,DB11886
T69128,D0D1GF,P08922,DB12307
T69128,D0O0LS,P08922,DB11986
T95399,D0B3HD,P11217,DB00201
T95399,D0LF1U,P11217,DB03496
T60857,D05FTJ,P42330,DB00784
T60857,D06YPU,P42330,DB09213
T60857,D08IFL,P42330,DB00939
T60857,D0A1PX,P42330,DB00712
T60857,D0B2WJ,P42330,DB02266
T60857,D0DJ1B,P42330,DB00788
T60857,D0R1QE,P42330,DB01050
T60857,D0R1RS,P42330,DB00328
T89034,D05EAM,P00747,DB00738
T89034,D05HXX,P00747,DB00302
T89034,D05PHH,P00747,DB12831
T89034,D07XHO,P00747,DB12598
T89034,D08YIN,P00747,DB06637
T89034,D0FD0H,P00747,DB00513
T89034,D0I0RJ,P00747,DB00594
T89034,D0J0BU,P00747,DB12364
T89034,D0V3YT,P00747,DB08873
T89034,D0X9CH,P00747,DB05521
T89034,D0D5RH,P00747,DB11984
T13075,D09XZB,P48729,DB00317
T13075,D0E6XR,P48729,DB01254
T13075,D0R0MW,P48729,DB01268
T13075,D0W5HK,P48729,DB00398
T13075,D05ADP,P48729,DB06195
T44861,D0AZ3C,Q05655,DB00619
T44861,D0E6XR,Q05655,DB01254
T44861,D0LF1U,Q05655,DB03496
T06046,D08ZEB,P29474,DB00356
T06046,D0V0NL,P29474,DB05383
T06046,D03WOZ,P29474,DB02207
T06046,D0I7VD,P29474,DB02234
T77537,D09KTS,Q08881,DB09053
T77537,D0E6XR,Q08881,DB01254
T77537,D0LF1U,Q08881,DB03496
T77537,D0YB3W,Q08881,DB05424
T76904,D0J1VY,P21964,DB00494
T76904,D0Y7PG,P21964,DB00323
T76904,D0E4WF,P21964,DB02282
T76904,D0FO2B,P21964,DB11145
T65116,D0F2XQ,P21589,DB01073
T89534,D00ZFP,P03372,DB00655
T89534,D01XBA,P03372,DB00481
T89534,D06NXY,P03372,DB00977
T89534,D06XMU,P03372,DB00624
T89534,D07BSQ,P03372,DB00396
T89534,D07KSG,P03372,DB00675
T89534,D08QMX,P03372,DB00783
T89534,D09NMD,P03372,DB06202
T89534,D0D1SG,P03372,DB00860
T89534,D0EP0C,P03372,DB00421
T89534,D0JY8T,P03372,DB06401
T89534,D0Q4SD,P03372,DB00700
T89534,D0V9BD,P03372,DB01128
T89534,D0Y7IU,P03372,DB01222
T89534,D0Y7JU,P03372,DB08906
T89534,D0Z1FX,P03372,DB04573
T89534,D0Z4EI,P03372,DB00834
T89534,D09NST,P03372,DB04468
T89534,D0L4FS,P03372,DB01645
T89534,D0U3EP,P03372,DB02709
T89534,D08DZZ,P03372,DB01524
T89534,D0U7OU,P03372,DB07715
T12646,D09GOS,P55072,DB00257
T93515,D0H2UB,P41231,DB04786
T46456,D0G3PI,P48443,DB00523
T46456,D0N0RU,P48443,DB00307
T46456,D08JAC,P48443,DB05076
T21357,D05MQK,Q13370,DB00820
T21357,D0L0ZF,Q13370,DB12082
T21357,D0NJ3V,Q13370,DB01113
T21357,D0Y9ZE,Q13370,DB00235
T21357,D0R6MT,Q13370,DB07954
T91480,D0N5YA,Q09428,DB00912
T05849,D0L9GG,P32239,DB00404
T05849,D0U3LS,P32239,DB00897
T05849,D0I8AF,P32239,DB09142
T01521,D00UVA,P78417,DB08889
T01521,D01XNB,P78417,DB00338
T01521,D06TNL,P78417,DB00903
T39486,D05ADP,Q92630,DB06195
T18299,D0W8SJ,Q9UQM7,DB00805
T18299,D0W8SJ,Q13554,DB00805
T18299,D0W8SJ,Q13557,DB00805
T18299,D0W8SJ,Q13555,DB00805
T84040,D05FTJ,O75762,DB00784
T84040,D0B2WJ,O75762,DB02266
T84040,D0E6OC,O75762,DB07615
T84040,D0L7FM,O75762,DB01032
T84040,D0T8GD,O75762,DB00184
T84040,D0TG1H,O75762,DB00586
T84040,D0X5SD,O75762,DB00822
T84040,D00KTV,O75762,DB12681
T84040,D0U3EP,O75762,DB02709
T84040,D0X9YD,O75762,DB11780
T21669,D06TNL,P09211,DB00903
T21669,D0A1CM,P09211,DB08846
T56496,D0C9DC,P11086,DB08550
T08499,D05LYX,Q96P20,DB01016
T48873,D08VRO,Q05940,DB12465
T48873,D0J4JM,Q05940,DB00206
T48873,D01IVE,Q05940,DB05137
T12081,D03QJL,Q08493,DB05266
T12081,D0T5PO,Q08493,DB01954
T12081,D0Z2FB,Q08493,DB01791
T12081,D02EMR,Q08493,DB03849
T63220,D0AF6O,Q07912,DB12130
T63220,D0E6XR,Q07912,DB01254
T63220,D0OB0F,Q07912,DB06616
T63220,D0O0LS,Q07912,DB11986
T83369,D0D5RH,P00740,DB11984
T79798,D0EG1I,P53778,DB08895
T79798,D03LWG,P53778,DB11886
T73134,D0MU9L,P16278,DB05018
T69612,D06GDY,P34947,DB00715
T47101,D01PZD,P11362,DB06436
T47101,D03ZBT,P11362,DB08865
T47101,D09GDD,P11362,DB08896
T47101,D0C4RB,P11362,DB01229
T47101,D0E6XR,P11362,DB01254
T47101,D0G6QF,P11362,DB05294
T47101,D0H0EQ,P11362,DB08901
T47101,D0IQ6P,P11362,DB08875
T47101,D0J9ZR,P11362,DB06803
T47101,D0R0MW,P11362,DB01268
T47101,D0W5HK,P11362,DB00398
T47101,D00UZR,P11362,DB09073
T47101,D03LWG,P11362,DB11886
T47101,D08HOM,P11362,DB11694
T47101,D0M0XB,P11362,DB11805
T47101,D0NW0T,P11362,DB12147
T47101,D0O0LS,P11362,DB11986
T47101,D03NPX,P11362,DB02567
T57943,D09QDP,P42574,DB04017
T57943,D0B7EB,P42574,DB00773
T57943,D0S2UG,P42574,DB01037
T60631,D01PZD,P07949,DB06436
T60631,D03ZBT,P07949,DB08865
T60631,D04LVK,P07949,DB09063
T60631,D09KTS,P07949,DB09053
T60631,D09XZB,P07949,DB00317
T60631,D0E6XR,P07949,DB01254
T60631,D0G6QF,P07949,DB05294
T60631,D0H0EQ,P07949,DB08901
T60631,D0IQ6P,P07949,DB08875
T60631,D0K8KX,P07949,DB04216
T60631,D0R0FO,P07949,DB09078
T60631,D0R0MW,P07949,DB01268
T60631,D0U3SY,P07949,DB11363
T60631,D0W5HK,P07949,DB00398
T60631,D03LWG,P07949,DB11886
T60631,D08HOM,P07949,DB11694
T60631,D0G8BM,P07949,DB12500
T60631,D0O0LS,P07949,DB11986
T60631,D0Z4RC,P07949,DB12174
T60631,D0A1CM,P07949,DB08846
T61400,D00HGB,Q02127,DB04552
T61400,D08ROP,Q02127,DB01097
T61400,D0G7UX,Q02127,DB00091
T61400,D0N3XT,Q02127,DB03523
T32369,D07HBX,P03433,DB00936
T02001,D07ESC,Q08499,DB05676
T02001,D0NJ3V,Q08499,DB01113
T02001,D0R4UW,Q08499,DB01656
T02001,D03QJL,Q08499,DB05266
T02001,D0M7CB,Q08499,DB13029
T02001,D0T5PO,Q08499,DB01954
T02001,D0Z2FB,Q08499,DB01791
T02001,D02EMR,Q08499,DB03849
T02001,D08AWN,Q08499,DB06731
T02001,D0R6MT,Q08499,DB07954
T40954,D08IBS,P47989,DB00173
T40954,D0A5SE,P47989,DB04854
T40954,D0K8KX,P47989,DB04216
T40954,D0N0ES,P47989,DB00627
T40954,D0L4FS,P47989,DB01645
T40954,D05WQF,P47989,DB01650
T40954,D09ALJ,P47989,DB01698
T94444,D01XBA,Q06278,DB00481
T94444,D01ZII,Q06278,DB00477
T94444,D02DPA,Q06278,DB00501
T94444,D02HED,Q06278,DB00850
T94444,D03GET,Q06278,DB00170
T94444,D06NXY,Q06278,DB00977
T94444,D08QMX,Q06278,DB00783
T94444,D09DWL,Q06278,DB00962
T94444,D0AV3G,Q06278,DB01184
T94444,D0G9YH,Q06278,DB00276
T94444,D0L4FS,Q06278,DB01645
T11317,D0E6XR,P57059,DB01254
T76198,D0E3BH,P21731,DB01207
T76198,D00HTY,P21731,DB12789
T76198,D00IQH,P21731,DB12836
T76198,D0GC5H,P21731,DB13036
T68547,D01QIN,Q13547,DB01076
T68547,D03RTS,Q13547,DB00482
T68547,D06WTZ,Q13547,DB00227
T68547,D07POC,Q13547,DB00530
T68547,D08CDI,Q13547,DB01259
T68547,D0AZ3C,Q13547,DB00619
T68547,D0B7EB,Q13547,DB00773
T68547,D0E3SH,Q13547,DB06603
T68547,D0E7PQ,Q13547,DB02546
T68547,D0Y3KG,Q13547,DB00313
T68547,D00FHR,Q13547,DB11830
T68547,D00SSZ,Q13547,DB12279
T68547,D05KED,Q13547,DB12376
T68547,D0B7CH,Q13547,DB06819
T68547,D0E6UZ,Q13547,DB11891
T68547,D0GH3Q,Q13547,DB12645
T68547,D0L2UQ,Q13547,DB05223
T68547,D0M8FD,Q13547,DB11841
T68547,D0V0SL,Q13547,DB12565
T68547,D0XT6W,Q13547,DB05015
T68547,D0Z4RC,Q13547,DB12174
T48069,D01PZD,P08069,DB06436
T48069,D03ZBT,P08069,DB08865
T48069,D04LVK,P08069,DB09063
T48069,D07POC,P08069,DB00530
T48069,D08CDI,P08069,DB01259
T48069,D08PIE,P08069,DB12267
T48069,D0E6XR,P08069,DB01254
T48069,D0G6QF,P08069,DB05294
T48069,D0IQ6P,P08069,DB08875
T48069,D0K8KX,P08069,DB04216
T48069,D0O8GK,P08069,DB09330
T48069,D03LWG,P08069,DB11886
T48069,D08HOM,P08069,DB11694
T48069,D0O0LS,P08069,DB11986
T48069,D0P6DJ,P08069,DB04879
T48069,D0A1CM,P08069,DB08846
T21307,D0E6XR,P49137,DB01254
T21307,D0EG1I,P49137,DB08895
T21307,D03LWG,P49137,DB11886
T21307,D0O0LS,P49137,DB11986
T47657,D0AF6O,P29376,DB12130
T56051,D03GET,P09936,DB00170
T28052,D0L5WM,P29375,DB01118
T28052,D0X5SD,P29375,DB00822
T60693,D00KHM,P41145,DB01100
T60693,D00UYE,P41145,DB00454
T60693,D01KQA,P41145,DB00844
T60693,D02NSF,P41145,DB01192
T60693,D03DIG,P41145,DB00318
T60693,D03SKD,P41145,DB00497
T60693,D04JEE,P41145,DB00571
T60693,D04JHN,P41145,DB00327
T60693,D05GKD,P41145,DB00193
T60693,D06AWE,P41145,DB00921
T60693,D09OJQ,P41145,DB00333
T60693,D0D7KC,P41145,DB06274
T60693,D0E1WI,P41145,DB00813
T60693,D0PG8O,P41145,DB00704
T60693,D0T3HY,P41145,DB00854
T60693,D0WE3O,P41145,DB00295
T60693,D0X3FX,P41145,DB01183
T60693,D0X5KF,P41145,DB00956
T60693,D03PJU,P41145,DB01535
T60693,D06EXA,P41145,DB12327
T60693,D07YHM,P41145,DB12341
T60693,D0T0ZW,P41145,DB12543
T60693,D0HQ0E,P41145,DB12704
T60693,D0L6QN,P41145,DB09174
T60693,D0O6SB,P41145,DB01548
T78943,D01JUF,Q9Y2I1,DB00692
T78943,D01MDT,Q9Y2I1,DB00697
T78943,D03SKR,Q9Y2I1,DB00575
T78943,D06OFS,Q9Y2I1,DB11738
T78943,D07MOX,Q9Y2I1,DB00368
T78943,D09EBS,Q9Y2I1,DB00935
T78943,D0E9PK,Q9Y2I1,DB09242
T78943,D0K7WK,Q9Y2I1,DB00904
T78943,D0O6IZ,Q9Y2I1,DB06711
T78943,D0Z2MB,Q9Y2I1,DB04885
T78943,D06QKW,Q9Y2I1,DB09202
T68782,D05ZTH,Q13258,DB01088
T68782,D00HTY,Q13258,DB12789
T68782,D0GC5H,Q13258,DB13036
T36121,D0U3EP,P01106,DB02709
T47888,D07UHS,O95136,DB08868
T54156,D00HNB,P14780,DB00720
T54156,D0K8KX,P14780,DB04216
T54156,D0Q8CS,P14780,DB01133
T54156,D0VM2L,P14780,DB00399
T54156,D0P8YC,P14780,DB03880
T11211,D06XMU,P10275,DB00624
T11211,D07BSQ,P10275,DB00396
T11211,D08QMX,P10275,DB00783
T11211,D0B2WJ,P10275,DB02266
T11211,D0D1SG,P10275,DB00860
T11211,D0EP0C,P10275,DB00421
T11211,D0IT2G,P10275,DB01234
T11211,D0L2LS,P10275,DB01185
T11211,D0Q4SD,P10275,DB00700
T11211,D0R1RS,P10275,DB00328
T11211,D0S6JG,P10275,DB00279
T11211,D0S7LG,P10275,DB11901
T11211,D0SN9T,P10275,DB00665
T11211,D0T2PL,P10275,DB00136
T11211,D0V9BD,P10275,DB01128
T11211,D0Y0SW,P10275,DB00499
T11211,D0Z4EI,P10275,DB00834
T11211,D07MON,P10275,DB12637
T11211,D0J6XC,P10275,DB03604
T11211,D0L4FS,P10275,DB01645
T11211,D08DZZ,P10275,DB01524
T86582,D00ENY,P43003,DB00142
T67363,D0BN9X,P06756,DB00775
T67363,D0BN9X,P05106,DB00775
T67363,D0C4RB,P06756,DB01229
T67363,D0C4RB,P05106,DB01229
T72545,D0O1WX,P0AFI2,DB00537
T07930,D0E3SH,Q9UQL6,DB06603
T07930,D0E7PQ,Q9UQL6,DB02546
T07930,D0Y3KG,Q9UQL6,DB00313
T07930,D00FHR,Q9UQL6,DB11830
T07930,D05KED,Q9UQL6,DB12376
T07930,D0B1FE,Q9UQL6,DB12610
T07930,D0B7CH,Q9UQL6,DB06819
T07930,D0E6UZ,Q9UQL6,DB11891
T07930,D0GH3Q,Q9UQL6,DB12645
T07930,D0L2UQ,Q9UQL6,DB05223
T07930,D0M8FD,Q9UQL6,DB11841
T07930,D0XT6W,Q9UQL6,DB05015
T07930,D0Z4RC,Q9UQL6,DB12174
T95438,D00ENY,P43004,DB00142
T07087,D0AF6O,Q14289,DB12130
T07087,D0OB0F,Q14289,DB06616
T51282,D01ZAQ,Q13464,DB12218
T51282,D03KKR,Q13464,DB08162
T51282,D08HOM,Q13464,DB11694
T51282,D0L1UK,Q13464,DB04707
T33969,D00AXJ,O95342,DB01110
T33969,D00BCP,O95342,DB00672
T33969,D00DKK,O95342,DB00982
T33969,D00FGO,O95342,DB01042
T33969,D00IBN,O95342,DB00554
T33969,D00JAU,O95342,DB01029
T33969,D00KHM,O95342,DB01100
T33969,D00KVO,O95342,DB00518
T33969,D00MIN,O95342,DB00550
T33969,D00NKB,O95342,DB00384
T33969,D00NNC,O95342,DB01077
T33969,D00SBN,O95342,DB01074
T33969,D00USF,O95342,DB00656
T33969,D00WAM,O95342,DB00774
T33969,D00WCX,O95342,DB01393
T33969,D00WUF,O95342,DB00230
T33969,D00YZA,O95342,DB04572
T33969,D00ZFP,O95342,DB00655
T33969,D01AJY,O95342,DB00181
T33969,D01AZG,O95342,DB00734
T33969,D01DBQ,O95342,DB00444
T33969,D01FGR,O95342,DB01075
T33969,D01GBY,O95342,DB00967
T33969,D01JUF,O95342,DB00692
T33969,D01MDT,O95342,DB00697
T33969,D01MUR,O95342,DB01194
T33969,D01OXI,O95342,DB00262
T33969,D01STB,O95342,DB00178
T33969,D01UTL,O95342,DB01151
T33969,D01UXC,O95342,DB00335
T33969,D01XNB,O95342,DB00338
T33969,D01XYJ,O95342,DB00495
T33969,D01ZII,O95342,DB00477
T33969,D01ZSO,O95342,DB01171
T33969,D02DPA,O95342,DB00501
T33969,D02FEM,O95342,DB00826
T33969,D02HED,O95342,DB00850
T33969,D02LCR,O95342,DB13025
T33969,D02OZE,O95342,DB00390
T33969,D02PWM,O95342,DB00651
T33969,D02STN,O95342,DB05812
T33969,D02TJS,O95342,DB00266
T33969,D02TLO,O95342,DB01181
T33969,D02WFK,O95342,DB00260
T33969,D02YIZ,O95342,DB00199
T33969,D02YYF,O95342,DB01158
T33969,D03CJL,O95342,DB00450
T33969,D03CQE,O95342,DB01044
T33969,D03DAP,O95342,DB01195
T33969,D03DDR,O95342,DB00468
T33969,D03ELL,O95342,DB06288
T33969,D03FLC,O95342,DB00555
T33969,D03GCJ,O95342,DB00521
T33969,D03HJK,O95342,DB00207
T33969,D03HYX,O95342,DB00764
T33969,D03JSJ,O95342,DB00410
T33969,D03KQF,O95342,DB00934
T33969,D03NHW,O95342,DB01165
T33969,D03QGM,O95342,DB00391
T33969,D03QWT,O95342,DB06211
T33969,D03ROX,O95342,DB00195
T33969,D03RTS,O95342,DB00482
T33969,D03RZV,O95342,DB00797
T33969,D03TVW,O95342,DB01423
T33969,D03TYI,O95342,DB01223
T33969,D03VPC,O95342,DB01166
T33969,D03XOC,O95342,DB01108
T33969,D03YLZ,O95342,DB08621
T33969,D03ZTE,O95342,DB06777
T33969,D04AAW,O95342,DB00369
T33969,D04DKH,O95342,DB12092
T33969,D04EGX,O95342,DB00248
T33969,D04EYC,O95342,DB00610
T33969,D04FBR,O95342,DB00688
T33969,D04ITO,O95342,DB01220
T33969,D04JCN,O95342,DB01186
T33969,D04JEE,O95342,DB00571
T33969,D04JPJ,O95342,DB01206
T33969,D04MSM,O95342,DB00564
T33969,D04NDM,O95342,DB01421
T33969,D04NQI,O95342,DB00613
T33969,D04NXQ,O95342,DB00487
T33969,D04OSE,O95342,DB01115
T33969,D04QLR,O95342,DB00645
T33969,D04VMT,O95342,DB00489
T33969,D04WFD,O95342,DB00540
T33969,D04XEG,O95342,DB01288
T33969,D04XGT,O95342,DB11989
T33969,D04YMH,O95342,DB01283
T33969,D04ZTY,O95342,DB04878
T33969,D05AFX,O95342,DB12293
T33969,D05CEU,O95342,DB04841
T33969,D05DVP,O95342,DB00549
T33969,D05EAM,O95342,DB00738
T33969,D05EPM,O95342,DB00754
T33969,D05FTJ,O95342,DB00784
T33969,D05GJW,O95342,DB00242
T33969,D05HPI,O95342,DB00080
T33969,D05HSC,O95342,DB01199
T33969,D05JNI,O95342,DB00452
T33969,D05LBU,O95342,DB00208
T33969,D05LEO,O95342,DB00544
T33969,D05LKP,O95342,DB00359
T33969,D05LYX,O95342,DB01016
T33969,D05MQK,O95342,DB00820
T33969,D05NOS,O95342,DB00508
T33969,D05OFX,O95342,DB06218
T33969,D05QDC,O95342,DB00459
T33969,D05UVD,O95342,DB00373
T33969,D05VIX,O95342,DB01241
T33969,D05VLS,O95342,DB00533
T33969,D05ZGQ,O95342,DB09555
T33969,D05ZIK,O95342,DB00370
T33969,D06ABF,O95342,DB00455
T33969,D06BEP,O95342,DB00475
T33969,D06CTE,O95342,DB00724
T33969,D06FEA,O95342,DB00917
T33969,D06GAM,O95342,DB04576
T33969,D06GDY,O95342,DB00715
T33969,D06HBQ,O95342,DB01251
T33969,D06IIB,O95342,DB06786
T33969,D06JPB,O95342,DB00153
T33969,D06NXY,O95342,DB00977
T33969,D06OIV,O95342,DB01124
T33969,D06OMK,O95342,DB00864
T33969,D06OVY,O95342,DB00671
T33969,D06PSS,O95342,DB00731
T33969,D06TNL,O95342,DB00903
T33969,D06UDG,O95342,DB00177
T33969,D06WTZ,O95342,DB00227
T33969,D06XAE,O95342,DB06751
T33969,D06XMU,O95342,DB00624
T33969,D06YYD,O95342,DB05351
T33969,D06ZII,O95342,DB00402
T33969,D06ZUK,O95342,DB00458
T33969,D07ABV,O95342,DB01263
T33969,D07BCT,O95342,DB00684
T33969,D07BSQ,O95342,DB00396
T33969,D07CWD,O95342,DB01005
T33969,D07GRH,O95342,DB01188
T33969,D07HBX,O95342,DB00936
T33969,D07HGR,O95342,DB00722
T33969,D07HVY,O95342,DB00625
T33969,D07IEF,O95342,DB09020
T33969,D07IPB,O95342,DB00385
T33969,D07JGT,O95342,DB00779
T33969,D07JJS,O95342,DB00576
T33969,D07JVL,O95342,DB00829
T33969,D07KSG,O95342,DB00675
T33969,D07MOX,O95342,DB00368
T33969,D07MUN,O95342,DB00165
T33969,D07NAJ,O95342,DB01161
T33969,D07PAO,O95342,DB01299
T33969,D07POC,O95342,DB00530
T33969,D07QCE,O95342,DB00993
T33969,D07RGW,O95342,DB00532
T33969,D07SUG,O95342,DB01008
T33969,D07TQV,O95342,DB00709
T33969,D07UYO,O95342,DB00601
T33969,D07VDZ,O95342,DB00273
T33969,D07VLY,O95342,DB00997
T33969,D07WEP,O95342,DB01119
T33969,D07XGR,O95342,DB01039
T33969,D07XSN,O95342,DB00987
T33969,D07ZTO,O95342,DB01019
T33969,D08CDI,O95342,DB01259
T33969,D08HQK,O95342,DB09085
T33969,D08HUC,O95342,DB00221
T33969,D08HVR,O95342,DB01235
T33969,D08HZC,O95342,DB00859
T33969,D08IBS,O95342,DB00173
T33969,D08IFL,O95342,DB00939
T33969,D08IWD,O95342,DB01216
T33969,D08JIV,O95342,DB00381
T33969,D08JZS,O95342,DB06691
T33969,D08PIQ,O95342,DB00959
T33969,D08QIP,O95342,DB01411
T33969,D08QMX,O95342,DB00783
T33969,D08ROP,O95342,DB01097
T33969,D08USJ,O95342,DB01400
T33969,D08VRO,O95342,DB12465
T33969,D08VXL,O95342,DB09282
T33969,D08VXO,O95342,DB00835
T33969,D08VYV,O95342,DB01233
T33969,D08ZEB,O95342,DB00356
T33969,D09CZA,O95342,DB00287
T33969,D09DWL,O95342,DB00962
T33969,D09EGZ,O95342,DB00608
T33969,D09FJB,O95342,DB00839
T33969,D09GOS,O95342,DB00257
T33969,D09HNR,O95342,DB00976
T33969,D09HVL,O95342,DB00006
T33969,D09IOI,O95342,DB00543
T33969,D09IPV,O95342,DB01406
T33969,D09JUG,O95342,DB00744
T33969,D09LNI,O95342,DB00196
T33969,D09LWS,O95342,DB00973
T33969,D09LZT,O95342,DB01403
T33969,D09MGR,O95342,DB01628
T33969,D09NIA,O95342,DB00310
T33969,D09QEI,O95342,DB00806
T33969,D09TBD,O95342,DB00263
T33969,D09UZO,O95342,DB01033
T33969,D09WEJ,O95342,DB09018
T33969,D09XQF,O95342,DB00951
T33969,D09XZB,O95342,DB00317
T33969,D0A0OO,O95342,DB00701
T33969,D0A1PX,O95342,DB00712
T33969,D0A2ZX,O95342,DB00916
T33969,D0A5SE,O95342,DB04854
T33969,D0A9YA,O95342,DB01126
T33969,D0AA2D,O95342,DB04794
T33969,D0AN7B,O95342,DB01065
T33969,D0AO5H,O95342,DB00440
T33969,D0AP9T,O95342,DB01330
T33969,D0AR3J,O95342,DB01092
T33969,D0AV3G,O95342,DB01184
T33969,D0AZ3C,O95342,DB00619
T33969,D0B2GI,O95342,DB00222
T33969,D0B2UZ,O95342,DB00433
T33969,D0B3HD,O95342,DB00201
T33969,D0B7EB,O95342,DB00773
T33969,D0B7NG,O95342,DB01114
T33969,D0B8UJ,O95342,DB01280
T33969,D0BA6T,O95342,DB00968
T33969,D0BA9U,O95342,DB00367
T33969,D0BM5G,O95342,DB00799
T33969,D0C0SK,O95342,DB00205
T33969,D0C4RB,O95342,DB01229
T33969,D0C4YC,O95342,DB00244
T33969,D0C6NM,O95342,DB00654
T33969,D0C8EU,O95342,DB00853
T33969,D0CL9S,O95342,DB01265
T33969,D0CS2F,O95342,DB00836
T33969,D0CT9C,O95342,DB00531
T33969,D0CW1P,O95342,DB00443
T33969,D0CZ1Q,O95342,DB00547
T33969,D0D0BE,O95342,DB13026
T33969,D0D0ZD,O95342,DB00491
T33969,D0D1AL,O95342,DB00502
T33969,D0D1SG,O95342,DB00860
T33969,D0D2VS,O95342,DB00990
T33969,D0D4JO,O95342,DB09274
T33969,D0D5GD,O95342,DB01205
T33969,D0D7KC,O95342,DB06274
T33969,D0D7LA,O95342,DB00331
T33969,D0D9FV,O95342,DB01173
T33969,D0DJ1B,O95342,DB00788
T33969,D0E0LQ,O95342,DB01623
T33969,D0E0SW,O95342,DB04880
T33969,D0E1SW,O95342,DB00819
T33969,D0E1XL,O95342,DB01202
T33969,D0E3OF,O95342,DB00682
T33969,D0E6OC,O95342,DB07615
T33969,D0E6XR,O95342,DB01254
T33969,D0E6YQ,O95342,DB00382
T33969,D0E7PQ,O95342,DB02546
T33969,D0EG1I,O95342,DB08895
T33969,D0EV8E,O95342,DB01127
T33969,D0F2PO,O95342,DB00960
T33969,D0F6EO,O95342,DB01060
T33969,D0F8RA,O95342,DB00277
T33969,D0F9GE,O95342,DB00975
T33969,D0FM2P,O95342,DB00180
T33969,D0G3SH,O95342,DB01586
T33969,D0G4OD,O95342,DB00560
T33969,D0G5AG,O95342,DB12617
T33969,D0G5QB,O95342,DB00802
T33969,D0G7FJ,O95342,DB00814
T33969,D0G8NN,O95342,DB00413
T33969,D0G9YH,O95342,DB00276
T33969,D0GL7U,O95342,DB00717
T33969,D0GY5Z,O95342,DB00945
T33969,D0H0KB,O95342,DB00740
T33969,D0H0ND,O95342,DB00641
T33969,D0H2DQ,O95342,DB01599
T33969,D0H3HM,O95342,DB01238
T33969,D0H3TD,O95342,DB01598
T33969,D0H3WI,O95342,DB00811
T33969,D0H6QU,O95342,DB00714
T33969,D0H8FH,O95342,DB00808
T33969,D0HQ6N,O95342,DB00245
T33969,D0I0EG,O95342,DB01197
T33969,D0I0RJ,O95342,DB00594
T33969,D0I2MK,O95342,DB00264
T33969,D0I6IB,O95342,DB00469
T33969,D0I7SZ,O95342,DB00881
T33969,D0I8FI,O95342,DB01064
T33969,D0IT2G,O95342,DB01234
T33969,D0IT2X,O95342,DB00821
T33969,D0J0ZS,O95342,DB00996
T33969,D0J1MI,O95342,DB00643
T33969,D0J1VY,O95342,DB00494
T33969,D0J2KV,O95342,DB01182
T33969,D0J4GO,O95342,DB01144
T33969,D0J4JM,O95342,DB00206
T33969,D0J5DC,O95342,DB00636
T33969,D0J7RK,O95342,DB00841
T33969,D0JC9N,O95342,DB00210
T33969,D0K0TC,O95342,DB01104
T33969,D0K0VO,O95342,DB12661
T33969,D0K1XK,O95342,DB01275
T33969,D0K3QS,O95342,DB01590
T33969,D0K5CB,O95342,DB01001
T33969,D0K6GZ,O95342,DB01208
T33969,D0K7HU,O95342,DB01410
T33969,D0K7WK,O95342,DB00904
T33969,D0K8KX,O95342,DB04216
T33969,D0KD1U,O95342,DB01297
T33969,D0KG3R,O95342,DB06228
T33969,D0KR5B,O95342,DB00741
T33969,D0L3DK,O95342,DB04876
T33969,D0L5RW,O95342,DB06809
T33969,D0L5WM,O95342,DB01118
T33969,D0L6DA,O95342,DB00580
T33969,D0L7FM,O95342,DB01032
T33969,D0L9ZR,O95342,DB01058
T33969,D0M2MR,O95342,DB01120
T33969,D0M3QP,O95342,DB01396
T33969,D0M4YC,O95342,DB00280
T33969,D0M5OC,O95342,DB00519
T33969,D0M6DO,O95342,DB00357
T33969,D0M8RC,O95342,DB00871
T33969,D0M8VE,O95342,DB04946
T33969,D0M9BW,O95342,DB06697
T33969,D0M9DC,O95342,DB00991
T33969,D0MA9N,O95342,DB00250
T33969,D0ML1F,O95342,DB00718
T33969,D0N0RU,O95342,DB00307
T33969,D0N0TZ,O95342,DB00758
T33969,D0N1FS,O95342,DB11994
T33969,D0N3VR,O95342,DB00582
T33969,D0N5HJ,O95342,DB09477
T33969,D0N5YA,O95342,DB00912
T33969,D0N6RF,O95342,DB00966
T33969,D0NG7O,O95342,DB00315
T33969,D0NJ3V,O95342,DB01113
T33969,D0NR6S,O95342,DB04835
T33969,D0NS6H,O95342,DB00843
T33969,D0NW3X,O95342,DB00204
T33969,D0O1WX,O95342,DB00537
T33969,D0O2EM,O95342,DB00238
T33969,D0O2SR,O95342,DB09220
T33969,D0O2WB,O95342,DB00545
T33969,D0O3OS,O95342,DB06155
T33969,D0O4SE,O95342,DB00911
T33969,D0O5FY,O95342,DB00760
T33969,D0O5WP,O95342,DB01248
T33969,D0O6IZ,O95342,DB06711
T33969,D0O6SX,O95342,DB00557
T33969,D0OB1J,O95342,DB00343
T33969,D0P0HT,O95342,DB00324
T33969,D0P1UX,O95342,DB00285
T33969,D0P1WA,O95342,DB01409
T33969,D0P5GE,O95342,DB00527
T33969,D0P5SA,O95342,DB00623
T33969,D0P7JZ,O95342,DB00190
T33969,D0P9AC,O95342,DB00780
T33969,D0P9RF,O95342,DB01162
T33969,D0PG8O,O95342,DB00704
T33969,D0PQ3G,O95342,DB00695
T33969,D0PW7C,O95342,DB00833
T33969,D0Q2ES,O95342,DB00868
T33969,D0Q2PE,O95342,DB01059
T33969,D0Q2XF,O95342,DB00905
T33969,D0Q4SD,O95342,DB00700
T33969,D0Q4XQ,O95342,DB00593
T33969,D0Q5NX,O95342,DB00480
T33969,D0Q6NZ,O95342,DB06412
T33969,D0Q8ZX,O95342,DB01086
T33969,D0Q9HF,O95342,DB03128
T33969,D0Q9JT,O95342,DB01011
T33969,D0QL3P,O95342,DB00776
T33969,D0R0BX,O95342,DB00698
T33969,D0R0FE,O95342,DB00661
T33969,D0R0MW,O95342,DB01268
T33969,D0R0UJ,O95342,DB01626
T33969,D0R1QE,O95342,DB01050
T33969,D0R1RS,O95342,DB00328
T33969,D0R1WR,O95342,DB00387
T33969,D0R2KJ,O95342,DB00485
T33969,D0R2KY,O95342,DB00823
T33969,D0R3QY,O95342,DB01080
T33969,D0R4OM,O95342,DB00831
T33969,D0R5RR,O95342,DB00631
T33969,D0R6BI,O95342,DB00800
T33969,D0R6RO,O95342,DB06148
T33969,D0R7HO,O95342,DB00887
T33969,D0R8ER,O95342,DB00467
T33969,D0R9OH,O95342,DB01015
T33969,D0R9VR,O95342,DB00674
T33969,D0RD5W,O95342,DB00424
T33969,D0RG3O,O95342,DB00572
T33969,D0S1NZ,O95342,DB09055
T33969,D0S3WH,O95342,DB13132
T33969,D0S4BR,O95342,DB00763
T33969,D0S5CU,O95342,DB00401
T33969,D0S5UH,O95342,DB00845
T33969,D0S5WG,O95342,DB01099
T33969,D0S6JG,O95342,DB00279
T33969,D0S9MC,O95342,DB00349
T33969,D0S9SD,O95342,DB00879
T33969,D0SH3I,O95342,DB00188
T33969,D0SV8E,O95342,DB00563
T33969,D0T0KA,O95342,DB00622
T33969,D0T0LM,O95342,DB00670
T33969,D0T1LK,O95342,DB01087
T33969,D0T2PL,O95342,DB00136
T33969,D0T2XU,O95342,DB01069
T33969,D0T3AD,O95342,DB00552
T33969,D0T5WK,O95342,DB01595
T33969,D0T7OW,O95342,DB00988
T33969,D0T7US,O95342,DB00876
T33969,D0T8GD,O95342,DB00184
T33969,D0T8VY,O95342,DB06736
T33969,D0T9DT,O95342,DB00271
T33969,D0T9TJ,O95342,DB01083
T33969,D0TG1H,O95342,DB00586
T33969,D0TR5X,O95342,DB00472
T33969,D0TZ1G,O95342,DB00721
T33969,D0U0KW,O95342,DB00980
T33969,D0U1OE,O95342,DB00679
T33969,D0U1OM,O95342,DB00963
T33969,D0U2CV,O95342,DB09283
T33969,D0U2JP,O95342,DB01261
T33969,D0U2OO,O95342,DB00490
T33969,D0U4CE,O95342,DB00559
T33969,D0U4UQ,O95342,DB00999
T33969,D0U5CE,O95342,DB06774
T33969,D0U5GB,O95342,DB01601
T33969,D0U5QK,O95342,DB00316
T33969,D0U5RT,O95342,DB00794
T33969,D0U5SI,O95342,DB01035
T33969,D0U6LM,O95342,DB00683
T33969,D0U7GK,O95342,DB01041
T33969,D0UA0I,O95342,DB13520
T33969,D0UF6M,O95342,DB12829
T33969,D0UL2L,O95342,DB06725
T33969,D0UM7O,O95342,DB01221
T33969,D0V0LB,O95342,DB00847
T33969,D0V7CF,O95342,DB00224
T33969,D0V7XF,O95342,DB12313
T33969,D0V8QT,O95342,DB00291
T33969,D0V9BD,O95342,DB01128
T33969,D0VM2L,O95342,DB00399
T33969,D0VP1V,O95342,DB08897
T33969,D0W0BF,O95342,DB01217
T33969,D0W5HK,O95342,DB00398
T33969,D0W9LX,O95342,DB01136
T33969,D0WE3O,O95342,DB00295
T33969,D0WI3T,O95342,DB01232
T33969,D0WN0U,O95342,DB01023
T33969,D0WS1X,O95342,DB00535
T33969,D0WV3U,O95342,DB00457
T33969,D0X0RI,O95342,DB00379
T33969,D0X2DK,O95342,DB00925
T33969,D0X2MB,O95342,DB01580
T33969,D0X3FX,O95342,DB01183
T33969,D0X4RN,O95342,DB00281
T33969,D0X4ZR,O95342,DB01156
T33969,D0X5SD,O95342,DB00822
T33969,D0X5XU,O95342,DB01262
T33969,D0X6IU,O95342,DB00446
T33969,D0X7DE,O95342,DB01149
T33969,D0X7JN,O95342,DB00766
T33969,D0X7KZ,O95342,DB09267
T33969,D0X7XG,O95342,DB02703
T33969,D0X9ZC,O95342,DB01140
T33969,D0XF8W,O95342,DB00339
T33969,D0Y0JH,O95342,DB01399
T33969,D0Y0SW,O95342,DB00499
T33969,D0Y2CJ,O95342,DB00350
T33969,D0Y2YP,O95342,DB00846
T33969,D0Y3KG,O95342,DB00313
T33969,D0Y3MO,O95342,DB00479
T33969,D0Y4DY,O95342,DB06694
T33969,D0Y4JJ,O95342,DB01244
T33969,D0Y5DO,O95342,DB00215
T33969,D0Y5UG,O95342,DB00321
T33969,D0Y7EM,O95342,DB07477
T33969,D0Y7IU,O95342,DB01222
T33969,D0Y7PG,O95342,DB00323
T33969,D0Y7RW,O95342,DB01174
T33969,D0YG7M,O95342,DB00920
T33969,D0YV1Q,O95342,DB01172
T33969,D0Z1FX,O95342,DB04573
T33969,D0Z1ZM,O95342,DB01211
T33969,D0Z3DY,O95342,DB12319
T33969,D0Z4EI,O95342,DB00834
T33969,D0Z4SB,O95342,DB01067
T33969,D0Z4UN,O95342,DB00337
T33969,D0Z4ZT,O95342,DB01395
T33969,D0Z5IU,O95342,DB00605
T33969,D0Z5OE,O95342,DB00648
T33969,D0Z6UC,O95342,DB00669
T33969,D0Z7KE,O95342,DB00270
T33969,D0Z8EX,O95342,DB00649
T33969,D0Z9QR,O95342,DB00943
T33969,D0ZB7K,O95342,DB01198
T33969,D0ZS8P,O95342,DB01242
T33969,D0ZU9R,O95342,DB00503
T33969,D00QAR,O95342,DB01053
T33969,D06GRK,O95342,DB06712
T33969,D07EFM,O95342,DB04365
T33969,D09YDM,O95342,DB04690
T33969,D0B1FE,O95342,DB12610
T33969,D0G7UX,O95342,DB00091
T33969,D0GC5H,O95342,DB13036
T33969,D0H0YD,O95342,DB01013
T33969,D0P6DJ,O95342,DB04879
T33969,D0Q9CY,O95342,DB11828
T33969,D0SD9V,O95342,DB06623
T33969,D0VG0D,O95342,DB11651
T33969,D0W8XT,O95342,DB01388
T33969,D0X8ED,O95342,DB12783
T33969,D01PIL,O95342,DB00409
T33969,D01VAB,O95342,DB00866
T33969,D02LHR,O95342,DB08950
T33969,D03JPH,O95342,DB08942
T33969,D05RUM,O95342,DB09224
T33969,D06BPG,O95342,DB04821
T33969,D07XPE,O95342,DB00914
T33969,D08SOF,O95342,DB00342
T33969,D09JVV,O95342,DB00981
T33969,D0C0JT,O95342,DB04743
T33969,D0G9ZW,O95342,DB11366
T33969,D0J9GD,O95342,DB06693
T33969,D0O2IE,O95342,DB03783
T33969,D0O6AQ,O95342,DB06741
T33969,D0OS6O,O95342,DB06144
T33969,D0P1JI,O95342,DB08059
T33969,D0T1RG,O95342,DB06268
T33969,D0Y2HR,O95342,DB00637
T33969,D0Y4FL,O95342,DB00778
T33969,D0Y8UB,O95342,DB06594
T33969,D01OIK,O95342,DB13781
T33969,D03IRR,O95342,DB01435
T33969,D03ZMQ,O95342,DB04665
T33969,D07GXY,O95342,DB12478
T33969,D08CNS,O95342,DB04818
T33969,D0F5LH,O95342,DB01062
T33969,D0FO2B,O95342,DB11145
T33969,D0J6JT,O95342,DB12110
T60330,D04MSM,Q99571,DB00564
T60330,D06GDY,Q99571,DB00715
T60330,D0QL3P,Q99571,DB00776
T16769,D0R1CR,P98170,DB00120
T16769,D09MIN,P98170,DB12085
T01575,D07UHS,O95470,DB08868
T40111,D06IAR,P20839,DB00640
T62460,D03ZBT,P23458,DB08865
T62460,D04LKS,P23458,DB08877
T62460,D04LVK,P23458,DB09063
T62460,D0EG1I,P23458,DB08895
T62460,D0Y7IC,P23458,DB11817
T62460,D03LWG,P23458,DB11886
T62460,D06EIC,P23458,DB11708
T62460,D0D5ZJ,P23458,DB11763
T62460,D0G8BM,P23458,DB12500
T62460,D0O0LS,P23458,DB11986
T62460,D0PN8H,P23458,DB11697
T96014,D06TNL,Q14376,DB00903
T96014,D0B1FE,Q14376,DB12610
T22274,D01QIN,Q9UBN7,DB01076
T22274,D03RTS,Q9UBN7,DB00482
T22274,D04LKS,Q9UBN7,DB08877
T22274,D06WTZ,Q9UBN7,DB00227
T22274,D07POC,Q9UBN7,DB00530
T22274,D08CDI,Q9UBN7,DB01259
T22274,D0AZ3C,Q9UBN7,DB00619
T22274,D0E3SH,Q9UBN7,DB06603
T22274,D0E7PQ,Q9UBN7,DB02546
T22274,D0Y3KG,Q9UBN7,DB00313
T22274,D00FHR,Q9UBN7,DB11830
T22274,D00SSZ,Q9UBN7,DB12279
T22274,D05KED,Q9UBN7,DB12376
T22274,D0B1FE,Q9UBN7,DB12610
T22274,D0B7CH,Q9UBN7,DB06819
T22274,D0E6UZ,Q9UBN7,DB11891
T22274,D0GH3Q,Q9UBN7,DB12645
T22274,D0L2UQ,Q9UBN7,DB05223
T22274,D0M8FD,Q9UBN7,DB11841
T22274,D0V0SL,Q9UBN7,DB12565
T22274,D0XT6W,Q9UBN7,DB05015
T22274,D0Z4RC,Q9UBN7,DB12174
T49507,D03ZBT,P54760,DB08865
T49507,D09XZB,P54760,DB00317
T49507,D0E6XR,P54760,DB01254
T49507,D0OB0F,P54760,DB06616
T49507,D0R0MW,P54760,DB01268
T49507,D0W5HK,P54760,DB00398
T49507,D03LWG,P54760,DB11886
T49507,D0A1CM,P54760,DB08846
T23471,D00MIN,P05164,DB00550
T23471,D05FTJ,P05164,DB00784
T23471,D06GDY,P05164,DB00715
T23471,D08VYV,P05164,DB01233
T23471,D09XQF,P05164,DB00951
T23471,D0AN7B,P05164,DB01065
T23471,D0B2WJ,P05164,DB02266
T23471,D0GY5Z,P05164,DB00945
T23471,D0K1XK,P05164,DB01275
T23471,D0K8KX,P05164,DB04216
T23471,D0MA9N,P05164,DB00250
T23471,D0C0JT,P05164,DB04743
T86052,D07VLY,O14746,DB00997
T86052,D09YDM,O14746,DB04690
T86052,D0U3EP,O14746,DB02709
T86052,D0X9YD,O14746,DB11780
T81850,D0L5WM,P37268,DB01118
T84780,D09MIN,Q13490,DB12085
T87109,D05ADP,P48730,DB06195
T86702,D00HNB,P08254,DB00720
T86702,D0K8KX,P08254,DB04216
T86702,D0S0LZ,P08254,DB00254
T86702,D0P8YC,P08254,DB03880
T88505,D07SDQ,Q16236,DB11672
T88505,D0U3EP,Q16236,DB02709
T61518,D0O0LS,Q14680,DB11986
T10265,D05MQK,Q07343,DB00820
T10265,D07ESC,Q07343,DB05676
T10265,D09QEI,Q07343,DB00806
T10265,D0F8RA,Q07343,DB00277
T10265,D0R4UW,Q07343,DB01656
T10265,D03QJL,Q07343,DB05266
T10265,D0M7CB,Q07343,DB13029
T10265,D0T5PO,Q07343,DB01954
T10265,D0Z2FB,Q07343,DB01791
T10265,D02EMR,Q07343,DB03849
T10265,D0U7PS,Q07343,DB12137
T10265,D0R6MT,Q07343,DB07954
T72335,D05JNI,P15917,DB00452
T72335,D0L5WM,P15917,DB01118
T72335,D0Y4JJ,P15917,DB01244
T24793,D04OSE,Q01668,DB01115
T15776,D0EG1I,Q15118,DB08895
T15776,D03LWG,Q15118,DB11886
T15776,D0ZA6G,Q15118,DB03758
T38338,D05CEU,Q00975,DB04841
T38338,D05ADP,Q00975,DB06195
T38338,D0N3SR,Q00975,DB09232
T38338,D0W8XT,Q00975,DB01388
T27861,D0Q5NX,Q96SW2,DB00480
T27861,D0U7GK,Q96SW2,DB01041
T52067,D05UBX,Q16348,DB00274
T52067,D06OVY,Q16348,DB00671
T52067,D0A1CB,Q16348,DB01413
T52067,D0F6EO,Q16348,DB01060
T52067,D0PW7C,Q16348,DB00833
T52067,D0R2KJ,Q16348,DB00485
T52067,D0X9ZC,Q16348,DB01140
T52067,D00QAR,Q16348,DB01053
T89360,D06IAR,P12268,DB00640
T08741,D0E6XR,P41240,DB01254
T08741,D0EG1I,P41240,DB08895
T08741,D0OB0F,P41240,DB06616
T08741,D03LWG,P41240,DB11886
T08741,D0M0XB,P41240,DB11805
T16347,D07HBX,P18031,DB00936
T16347,D0K8KX,P18031,DB04216
T16347,D0QR5G,P18031,DB12216
T16347,D0U3EP,P18031,DB02709
T47094,D06GDY,P25103,DB00715
T47094,D0G3YC,P25103,DB09048
T47094,D0P1YE,P25103,DB12427
T47094,D0IP6X,P25103,DB04872
T59679,D04QSJ,Q13639,DB06480
T59679,D08VYV,Q13639,DB01233
T59679,D0K0KH,Q13639,DB11699
T59679,D01HVZ,Q13639,DB12725
T40192,D04VIS,P19838,DB05767
T40192,D05WQF,P19838,DB01650
T44614,D09EGZ,Q9N6S8,DB00608
T70234,D03LWG,P54764,DB11886
T74500,D00STL,Q9UK17,DB04868
T74500,D01AXB,Q9UK17,DB00476
T74500,D03IGH,Q9UK17,DB01264
T74500,D09MWJ,Q9UK17,DB00346
T74500,D0B3UJ,Q9UK17,DB01267
T74500,D0BP9C,Q9UK17,DB06414
T74500,D0BZ7W,Q9UK17,DB01036
T74500,D0E6XR,Q9UK17,DB01254
T74500,D0I1FQ,Q9UK17,DB06817
T74500,D0K3QS,Q9UK17,DB01590
T74500,D0L4YD,Q9UK17,DB01591
T74500,D0O3FG,Q9UK17,DB06700
T74500,D0R0MW,Q9UK17,DB01268
T74500,D0U0VU,Q9UK17,DB06207
T74500,D0U2JP,Q9UK17,DB01261
T74500,D0X5ZI,Q9UK17,DB06403
T74500,D0Y5AM,Q9UK17,DB00496
T74500,D0Z1UA,Q9UK17,DB04861
T46515,D03JSJ,P41252,DB00410
T09960,D0NR6S,P51681,DB04835
T09960,D0O2XQ,P51681,DB05501
T00477,D0M8AB,Q9GZT4,DB00145
T00477,D0X9RY,Q9GZT4,DB03793
T02562,D03RTS,O14684,DB00482
T02562,D05DVP,O14684,DB00549
T02562,D09JUG,O14684,DB00744
T02562,D0R1RS,O14684,DB00328
T02562,D0Z5IU,O14684,DB00605
T02562,D07SDQ,O14684,DB11672
T02562,D0N1SU,O14684,DB04725
T02562,D09VTJ,O14684,DB01892
T22939,D04DJN,P06401,DB02901
T22939,D07BSQ,P06401,DB00396
T22939,D07KSG,P06401,DB00675
T22939,D0D1SG,P06401,DB00860
T22939,D0EP0C,P06401,DB00421
T22939,D0GL7U,P06401,DB00717
T22939,D0IT2G,P06401,DB01234
T22939,D0Q4SD,P06401,DB00700
T22939,D0V9BD,P06401,DB01128
T22939,D0Y7IU,P06401,DB01222
T22939,D0Y7JU,P06401,DB08906
T22939,D0Z4EI,P06401,DB00834
T22939,D07MON,P06401,DB12637
T78356,D0E3BH,P24557,DB01207
T78356,D0M6DO,P24557,DB00357
T78356,D0R1RS,P24557,DB00328
T36557,D00WCX,Q03181,DB01393
T36557,D0G2MW,Q03181,DB00159
T36557,D0N6RF,Q03181,DB00966
T36557,D0NF1U,Q03181,DB13873
T36557,D03OSG,Q03181,DB12390
T36557,D0LW1Y,Q03181,DB05187
T36557,D0C5SV,Q03181,DB00132
T36557,D0E7NO,Q03181,DB03600
T36557,D0HD9P,Q03181,DB04557
T20178,D09QEI,P01375,DB00806
T20178,D0C4YC,P01375,DB00244
T20178,D0T5PO,P01375,DB01954
T38087,D01SHZ,Q9H2K2,DB12332
T38087,D00BMF,Q9H2K2,DB11793
T03279,D0E6XR,P51812,DB01254
T03279,D0EG1I,P51812,DB08895
T03279,D0R0MW,P51812,DB01268
T74238,D00QET,Q9NS75,DB00471
T74238,D05DVP,Q9NS75,DB00549
T74238,D08QIP,Q9NS75,DB01411
T09742,D0GY5Z,P19440,DB00945
T09742,D0GY5Z,P36268,DB00945
T13726,D0G2MW,P19793,DB00159
T13726,D0G3PI,P19793,DB00523
T13726,D0N0RU,P19793,DB00307
T13726,D0Q5XX,P19793,DB03756
T13726,D0Z5IU,P19793,DB00605
T13726,D08JAC,P19793,DB05076
T94324,D0E3SH,Q969S8,DB06603
T94324,D0E7PQ,Q969S8,DB02546
T94324,D05KED,Q969S8,DB12376
T94324,D0E6UZ,Q969S8,DB11891
T94324,D0L2UQ,Q969S8,DB05223
T94324,D0M8FD,Q969S8,DB11841
T94324,D0V0SL,Q969S8,DB12565
T94324,D0XT6W,Q969S8,DB05015
T94324,D0Z4RC,Q969S8,DB12174
T98062,D0B3HD,P11217,DB00201
T98062,D0LF1U,P11217,DB03496
T13127,D01GBY,P49354,DB00967
T13127,D01GBY,P49356,DB00967
T13127,D0X4RS,P49354,DB01380
T13127,D0X4RS,P49356,DB01380
T13127,D0W4HZ,P49354,DB06448
T13127,D0W4HZ,P49356,DB06448
T83202,D0E6XR,Q15418,DB01254
T83202,D0R0MW,Q15418,DB01268
T46781,D00FGR,Q96GD4,DB09031
T46781,D04XGT,Q96GD4,DB11989
T46781,D05EAM,Q96GD4,DB00738
T46781,D0E6XR,Q96GD4,DB01254
T46781,D0K8KX,Q96GD4,DB04216
T46781,D0R0MW,Q96GD4,DB01268
T46781,D08HOM,Q96GD4,DB11694
T46781,D0M0XB,Q96GD4,DB11805
T46781,D0O0LS,Q96GD4,DB11986
T46781,D0A1CM,Q96GD4,DB08846
T83875,D01ZSO,P21397,DB01171
T83875,D03GET,P21397,DB00170
T83875,D06OMW,P21397,DB01367
T83875,D07UYO,P21397,DB00601
T83875,D08SKH,P21397,DB00553
T83875,D09QDP,P21397,DB04017
T83875,D0B3HD,P21397,DB00201
T83875,D0E7PQ,P21397,DB02546
T83875,D0K8KX,P21397,DB04216
T83875,D0NS6H,P21397,DB00843
T83875,D0P9AC,P21397,DB00780
T83875,D0R0UJ,P21397,DB01626
T83875,D0S2UG,P21397,DB01037
T83875,D0T1LK,P21397,DB01087
T83875,D0T3LF,P21397,DB01576
T83875,D0TV6I,P21397,DB06654
T83875,D07SDQ,P21397,DB11672
T83875,D0H7PW,P21397,DB12582
T83875,D0L4FS,P21397,DB01645
T83875,D0QR5G,P21397,DB12216
T83875,D0U3EP,P21397,DB02709
T83875,D0IZ1D,P21397,DB13876
T83875,D05CCT,P21397,DB08167
T83875,D08CNS,P21397,DB04818
T83875,D0A1CM,P21397,DB08846
T83875,D0V3NT,P21397,DB09245
T25258,D00AXJ,P08183,DB01110
T25258,D00KHM,P08183,DB01100
T25258,D00YZD,P08183,DB08930
T25258,D01XNB,P08183,DB00338
T25258,D01ZII,P08183,DB00477
T25258,D02DPA,P08183,DB00501
T25258,D02OZE,P08183,DB00390
T25258,D02YIZ,P08183,DB00199
T25258,D03DDR,P08183,DB00468
T25258,D03IGH,P08183,DB01264
T25258,D04JEE,P08183,DB00571
T25258,D04LVK,P08183,DB09063
T25258,D04XVN,P08183,DB08911
T25258,D05NOS,P08183,DB00508
T25258,D07BSQ,P08183,DB00396
T25258,D07KSG,P08183,DB00675
T25258,D07POC,P08183,DB00530
T25258,D09GOS,P08183,DB00257
T25258,D0A0OO,P08183,DB00701
T25258,D0AZ3C,P08183,DB00619
T25258,D0B7EB,P08183,DB00773
T25258,D0BP9C,P08183,DB06414
T25258,D0C4RB,P08183,DB01229
T25258,D0D1AL,P08183,DB00502
T25258,D0H3HM,P08183,DB01238
T25258,D0I2MK,P08183,DB00264
T25258,D0IT2G,P08183,DB01234
T25258,D0J2KV,P08183,DB01182
T25258,D0J4JM,P08183,DB00206
T25258,D0KR5B,P08183,DB00741
T25258,D0L5WM,P08183,DB01118
T25258,D0NS6H,P08183,DB00843
T25258,D0OB1J,P08183,DB00343
T25258,D0R0FE,P08183,DB00661
T25258,D0R1RS,P08183,DB00328
T25258,D0R3JB,P08183,DB01204
T25258,D0R4OM,P08183,DB00831
T25258,D0T0KA,P08183,DB00622
T25258,D0U5GB,P08183,DB01601
T25258,D0U6LM,P08183,DB00683
T25258,D0V7CF,P08183,DB00224
T25258,D0W9MM,P08183,DB00570
T25258,D0WE3O,P08183,DB00295
T25258,D0WI3T,P08183,DB01232
T25258,D0ZU9R,P08183,DB00503
T25258,D0G7UX,P08183,DB00091
T25258,D0U3EP,P08183,DB02709
T25258,D0W8XT,P08183,DB01388
T25258,D06DCL,P08183,DB06191
T25258,D08SOF,P08183,DB00342
T25258,D09FGX,P08183,DB04881
T25258,D09TGX,P08183,DB11869
T25258,D0OS6O,P08183,DB06144
T25258,D0Y2HR,P08183,DB00637
T34429,D0K0KH,P36544,DB11699
T34429,D0PG8O,P36544,DB00704
T34429,D0Q9HF,P36544,DB03128
T34429,D0T8GD,P36544,DB00184
T34429,D0V8HA,P36544,DB00657
T34429,D0X4ZR,P36544,DB01156
T34429,D01IVE,P36544,DB05137
T34429,D0ZC3C,P36544,DB05708
T73471,D05PHH,P05981,DB12831
T73471,D07XHO,P05981,DB12598
T92144,D01PZD,Q02763,DB06436
T92144,D03ZBT,Q02763,DB08865
T92144,D09GDD,Q02763,DB08896
T92144,D0G6QF,Q02763,DB05294
T92144,D0IQ6P,Q02763,DB08875
T92144,D0J9ZR,Q02763,DB06803
T92144,D0OB0F,Q02763,DB06616
T92144,D0W5HK,Q02763,DB00398
T92144,D03LWG,Q02763,DB11886
T92144,D0D1GF,Q02763,DB12307
T92144,D0A1CM,Q02763,DB08846
T53811,D0K8KX,P03126,DB04216
T99295,D0J5VR,P42356,DB09054
T57700,D00STL,P10721,DB04868
T57700,D01PZD,P10721,DB06436
T57700,D04LVK,P10721,DB09063
T57700,D07NVU,P10721,DB06595
T57700,D08CDI,P10721,DB01259
T57700,D09GDD,P10721,DB08896
T57700,D0AZ3C,P10721,DB00619
T57700,D0E6XR,P10721,DB01254
T57700,D0G6QF,P10721,DB05294
T57700,D0H0EQ,P10721,DB08901
T57700,D0IQ6P,P10721,DB08875
T57700,D0J9ZR,P10721,DB06803
T57700,D0OB0F,P10721,DB06616
T57700,D0R0MW,P10721,DB01268
T57700,D0U3SY,P10721,DB11363
T57700,D0W5HK,P10721,DB00398
T57700,D03LWG,P10721,DB11886
T57700,D09TAB,P10721,DB12978
T57700,D0D1GF,P10721,DB12307
T57700,D0M0XB,P10721,DB11805
T57700,D0O0LS,P10721,DB11986
T57700,D0P6DJ,P10721,DB04879
T57700,D0IT6Q,P10721,DB05465
T74166,D0K0KH,P30926,DB11699
T74166,D0K7WK,P30926,DB00904
T74166,D0Q9HF,P30926,DB03128
T74166,D0T8GD,P30926,DB00184
T74166,D0V8HA,P30926,DB00657
T74166,D0X4ZR,P30926,DB01156
T74166,D0ZC3C,P30926,DB05708
T83813,D00JVR,P28335,DB00972
T83813,D00TLN,P28335,DB00434
T83813,D01AZG,P28335,DB00734
T83813,D01JMC,P28335,DB04871
T83813,D01ZII,P28335,DB00477
T83813,D04JEE,P28335,DB00571
T83813,D05ZIK,P28335,DB00370
T83813,D06XZR,P28335,DB06153
T83813,D06ZUK,P28335,DB00458
T83813,D08VRO,P28335,DB12465
T83813,D0D1AL,P28335,DB00502
T83813,D0F2PO,P28335,DB00960
T83813,D0H3HM,P28335,DB01238
T83813,D0H7KF,P28335,DB01224
T83813,D0R1JV,P28335,DB00246
T83813,D0R6RO,P28335,DB06148
T83813,D0S9MU,P28335,DB00953
T83813,D0T6QX,P28335,DB09225
T83813,D0U2OO,P28335,DB00490
T83813,D0UA0I,P28335,DB13520
T83813,D0W5HK,P28335,DB00398
T83813,D0YG7M,P28335,DB00920
T83813,D0Z6UC,P28335,DB00669
T83813,D02BRJ,P28335,DB12071
T83813,D09IRN,P28335,DB11957
T83813,D0K8NW,P28335,DB12693
T83813,D0M7LV,P28335,DB04829
T83813,D0OS6O,P28335,DB06144
T83813,D0Y8UB,P28335,DB06594
T83813,D02ESW,P28335,DB12111
T83813,D03DLZ,P28335,DB01488
T83813,D09BNS,P28335,DB02959
T83813,D0J6JT,P28335,DB12110
T83813,D0SP2J,P28335,DB01445
T25265,D00EQL,Q15910,DB12887
T01777,D01AZG,P18825,DB00734
T01777,D01JUF,P18825,DB00692
T01777,D03MIR,P18825,DB00590
T01777,D03SKR,P18825,DB00575
T01777,D04JEE,P18825,DB00571
T01777,D05MBZ,P18825,DB00706
T01777,D05ZIK,P18825,DB00370
T01777,D06OFS,P18825,DB11738
T01777,D07MOX,P18825,DB00368
T01777,D09EBS,P18825,DB00935
T01777,D0AE3X,P18825,DB00484
T01777,D0E9PK,P18825,DB09242
T01777,D0G8NN,P18825,DB00413
T01777,D0H3HM,P18825,DB01238
T01777,D0H7KF,P18825,DB01224
T01777,D0K0MW,P18825,DB04948
T01777,D0O6IZ,P18825,DB06711
T01777,D0P9RF,P18825,DB01162
T01777,D0R6RO,P18825,DB06148
T01777,D0WV3U,P18825,DB00457
T01777,D02LHR,P18825,DB08950
T01777,D06QKW,P18825,DB09202
T01777,D09ALJ,P18825,DB01698
T46642,D09JUG,P20292,DB00744
T46642,D0U5QK,P20292,DB00316
T87206,D05EAM,P04271,DB00738
T03661,D06IAR,P00813,DB00640
T03661,D0T3AD,P00813,DB00552
T03661,D0R7RB,P00813,DB04440
T75498,D00STL,P16083,DB04868
T75498,D09EGZ,P16083,DB00608
T75498,D0AN7B,P16083,DB01065
T75498,D0AZ3C,P16083,DB00619
T75498,D0T1LK,P16083,DB01087
T75498,D0WV3U,P16083,DB00457
T75498,D0U3EP,P16083,DB02709
T41580,D01AZG,P18089,DB00734
T41580,D01JUF,P18089,DB00692
T41580,D03MIR,P18089,DB00590
T41580,D03SKR,P18089,DB00575
T41580,D05ZIK,P18089,DB00370
T41580,D06OFS,P18089,DB11738
T41580,D07MOX,P18089,DB00368
T41580,D09EBS,P18089,DB00935
T41580,D0AE3X,P18089,DB00484
T41580,D0G8NN,P18089,DB00413
T41580,D0H3HM,P18089,DB01238
T41580,D0H7KF,P18089,DB01224
T41580,D0K0MW,P18089,DB04948
T41580,D0P9RF,P18089,DB01162
T41580,D0WV3U,P18089,DB00457
T41580,D02LHR,P18089,DB08950
T41580,D06QKW,P18089,DB09202
T30082,D04QLR,P22303,DB00645
T30082,D06OMW,P22303,DB01367
T30082,D06XWB,P22303,DB04864
T30082,D07HBX,P22303,DB00936
T30082,D07HOB,P22303,DB00762
T30082,D07MGA,P22303,DB01094
T30082,D07XYV,P22303,DB01408
T30082,D08SKH,P22303,DB00553
T30082,D08USJ,P22303,DB01400
T30082,D08VYV,P22303,DB01233
T30082,D09MWJ,P22303,DB00346
T30082,D09QDP,P22303,DB04017
T30082,D09QEI,P22303,DB00806
T30082,D0B3HD,P22303,DB00201
T30082,D0E6YQ,P22303,DB00382
T30082,D0K8KX,P22303,DB04216
T30082,D0L4JT,P22303,DB00259
T30082,D0NJ3V,P22303,DB01113
T30082,D0NS6H,P22303,DB00843
T30082,D0O2WB,P22303,DB00545
T30082,D0R0MW,P22303,DB01268
T30082,D0R1QE,P22303,DB01050
T30082,D0R9VR,P22303,DB00674
T30082,D0S2UG,P22303,DB01037
T30082,D0TR5X,P22303,DB00472
T30082,D0U5SI,P22303,DB01035
T30082,D0W8SJ,P22303,DB00805
T30082,D0WY5Q,P22303,DB00989
T30082,D0X7DE,P22303,DB01149
T30082,D07CIN,P22303,DB04892
T30082,D07SDQ,P22303,DB11672
T30082,D0B1FE,P22303,DB12610
T30082,D0M3IN,P22303,DB02134
T30082,D0U3EP,P22303,DB02709
T30082,D09JVV,P22303,DB00981
T30082,D08LNT,P22303,DB04250
T30082,D09ALJ,P22303,DB01698
T30082,D0FO2B,P22303,DB11145
T30082,D0M2TY,P22303,DB13174
T81386,D05SBO,P50750,DB12001
T81386,D05SBO,O60563,DB12001
T81386,D00UZR,P50750,DB09073
T81386,D00UZR,O60563,DB09073
T81386,D05ADP,P50750,DB06195
T81386,D05ADP,O60563,DB06195
T81386,D08MXP,P50750,DB11730
T81386,D08MXP,O60563,DB11730
T81386,D0LF1U,P50750,DB03496
T81386,D0LF1U,O60563,DB03496
T85799,D04LVK,P11802,DB09063
T85799,D05SBO,P11802,DB12001
T85799,D0W5HK,P11802,DB00398
T85799,D00UZR,P11802,DB09073
T85799,D03LWG,P11802,DB11886
T85799,D05ADP,P11802,DB06195
T85799,D08MXP,P11802,DB11730
T85799,D0LF1U,P11802,DB03496
T12808,D06GDY,P17252,DB00715
T12808,D0AZ3C,P17252,DB00619
T12808,D0E6XR,P17252,DB01254
T12808,D0EG1I,P17252,DB08895
T12808,D0J9ZR,P17252,DB06803
T12808,D03LWG,P17252,DB11886
T12808,D0L4FS,P17252,DB01645
T12808,D0LF1U,P17252,DB03496
T12808,D0U3EP,P17252,DB02709
T28713,D0R0MW,O96017,DB01268
T23499,D00JAU,P25101,DB01029
T23499,D04JEE,P25101,DB00571
T23499,D09TBD,P25101,DB00263
T23499,D0S7JH,P25101,DB08932
T23499,D0U4CE,P25101,DB00559
T23499,D0X5ZI,P25101,DB06403
T23499,D09LQK,P25101,DB12054
T23499,D0Y6UU,P25101,DB06199
T23499,D0YS1U,P25101,DB12548
T23499,D0T1RG,P25101,DB06268
T81443,D0W9LX,O00206,DB01136
T85943,D01PZD,P12931,DB06436
T85943,D03ZBT,P12931,DB08865
T85943,D04LVK,P12931,DB09063
T85943,D06XXH,P12931,DB11963
T85943,D09KTS,P12931,DB09053
T85943,D09XZB,P12931,DB00317
T85943,D0AZ3C,P12931,DB00619
T85943,D0C4RB,P12931,DB01229
T85943,D0E6XR,P12931,DB01254
T85943,D0G6QF,P12931,DB05294
T85943,D0H0EQ,P12931,DB08901
T85943,D0IQ6P,P12931,DB08875
T85943,D0J1MI,P12931,DB00643
T85943,D0J9ZR,P12931,DB06803
T85943,D0K8KX,P12931,DB04216
T85943,D0OB0F,P12931,DB06616
T85943,D0R0MW,P12931,DB01268
T85943,D0W5HK,P12931,DB00398
T85943,D03LWG,P12931,DB11886
T85943,D0L4FS,P12931,DB01645
T85943,D0LF1U,P12931,DB03496
T85943,D0M0XB,P12931,DB11805
T85943,D0P6DJ,P12931,DB04879
T85943,D0Z4RC,P12931,DB12174
T85943,D0IT6Q,P12931,DB05465
T85943,D02RTS,P12931,DB04272
T85943,D03NPX,P12931,DB02567
T85943,D0A1CM,P12931,DB08846
T85943,D0U7BY,P12931,DB03902
T95302,D0X9PF,P33032,DB11653
T58992,D00KHM,P41143,DB01100
T58992,D00UYE,P41143,DB00454
T58992,D01KQA,P41143,DB00844
T58992,D02NSF,P41143,DB01192
T58992,D03DIG,P41143,DB00318
T58992,D03SKD,P41143,DB00497
T58992,D04JEE,P41143,DB00571
T58992,D04JHN,P41143,DB00327
T58992,D05GKD,P41143,DB00193
T58992,D09OJQ,P41143,DB00333
T58992,D09ZXR,P41143,DB09272
T58992,D0CS2F,P41143,DB00836
T58992,D0D7KC,P41143,DB06274
T58992,D0E1WI,P41143,DB00813
T58992,D0G8NN,P41143,DB00413
T58992,D0PG8O,P41143,DB00704
T58992,D0T3HY,P41143,DB00854
T58992,D0WE3O,P41143,DB00295
T58992,D0X3FX,P41143,DB01183
T58992,D03PJU,P41143,DB01535
T58992,D06EXA,P41143,DB12327
T58992,D07YHM,P41143,DB12341
T58992,D0Q3PD,P41143,DB11691
T58992,D0T0ZW,P41143,DB12543
T58992,D0HQ0E,P41143,DB12704
T58992,D0O6SB,P41143,DB01548
T32060,D00TLN,P28223,DB00434
T32060,D01AZG,P28223,DB00734
T32060,D01JMC,P28223,DB04871
T32060,D01UTL,P28223,DB01151
T32060,D01ZII,P28223,DB00477
T32060,D03ELL,P28223,DB06288
T32060,D04JEE,P28223,DB00571
T32060,D05XGO,P28223,DB06016
T32060,D05ZIK,P28223,DB00370
T32060,D06XZR,P28223,DB06153
T32060,D06ZUK,P28223,DB00458
T32060,D08VRO,P28223,DB12465
T32060,D09IOI,P28223,DB00543
T32060,D0B3UJ,P28223,DB01267
T32060,D0D1AL,P28223,DB00502
T32060,D0H3HM,P28223,DB01238
T32060,D0H7KF,P28223,DB01224
T32060,D0J4JM,P28223,DB00206
T32060,D0J8JP,P28223,DB05316
T32060,D0O6SX,P28223,DB00557
T32060,D0P0OU,P28223,DB09128
T32060,D0R1JV,P28223,DB00246
T32060,D0R6RO,P28223,DB06148
T32060,D0S9MU,P28223,DB00953
T32060,D0T2XU,P28223,DB01069
T32060,D0T6QX,P28223,DB09225
T32060,D0U2OO,P28223,DB00490
T32060,D0U5OE,P28223,DB00408
T32060,D0W5HK,P28223,DB00398
T32060,D0X7DE,P28223,DB01149
T32060,D0X7QQ,P28223,DB12867
T32060,D0YG7M,P28223,DB00920
T32060,D0Z6UC,P28223,DB00669
T32060,D01IVE,P28223,DB05137
T32060,D08GJH,P28223,DB09223
T32060,D09IRN,P28223,DB11957
T32060,D0K8NW,P28223,DB12693
T32060,D0M7LV,P28223,DB04829
T32060,D0OS6O,P28223,DB06144
T32060,D0R5GS,P28223,DB12184
T32060,D00WEQ,P28223,DB01484
T32060,D02ESW,P28223,DB12111
T32060,D03DLZ,P28223,DB01488
T32060,D09BNS,P28223,DB02959
T32060,D0J6JT,P28223,DB12110
T32060,D0Q6PI,P28223,DB04325
T32060,D0U3GZ,P28223,DB01537
T53764,D02EYG,Q12884,DB08882
T53764,D0L3DK,Q12884,DB04876
T53764,D0NJ5H,Q12884,DB06203
T53764,D0T8XB,Q12884,DB12417
T53764,D0U2JP,Q12884,DB01261
T53764,D04XIO,Q12884,DB11723
T53764,D07HZG,Q12884,DB08382
T53764,D0M3XR,Q12884,DB11992
T15053,D0Z0HH,P00338,DB13044
T15053,D09ALJ,P00338,DB01698
T15739,D0W7HE,P04637,DB12015
T15509,D0T9TJ,Q8NCG7,DB01083
T96079,D0L5RW,P61073,DB06809
T96079,D0Z9QR,P61073,DB00943
T96079,D0O2XQ,P61073,DB05501
T00852,D03LWG,P41279,DB11886
T00852,D0A1CM,P41279,DB08846
T31406,D09XZB,P08631,DB00317
T31406,D0E6XR,P08631,DB01254
T31406,D0OB0F,P08631,DB06616
T31406,D0R0MW,P08631,DB01268
T31406,D0W5HK,P08631,DB00398
T31406,D03LWG,P08631,DB11886
T62449,D0EG1I,O14757,DB08895
T62449,D0R0MW,O14757,DB01268
T62449,D00NZL,O14757,DB11662
T62449,D09YDM,O14757,DB04690
T62449,D0O0LS,O14757,DB11986
T62449,D0Z9VY,O14757,DB01933
T97136,D03LWG,Q9BUB5,DB11886
T97136,D06EGV,Q9BUB5,DB12381
T60003,D0K8KX,Q16512,DB04216
T60003,D03KKR,Q16512,DB08162
T60003,D03LWG,Q16512,DB11886
T92057,D06XXH,Q15303,DB11963
T92057,D07POC,Q15303,DB00530
T92057,D08CDI,Q15303,DB01259
T92057,D09KTS,Q15303,DB09053
T92057,D09XZB,Q15303,DB00317
T92057,D03LWG,Q15303,DB11886
T92057,D0YB3W,Q15303,DB05424
T92777,D04ZTY,O43451,DB04878
T92777,D0D0ZD,O43451,DB00491
T92777,D0MU9L,O43451,DB05018
T92777,D0L4FS,O43451,DB01645
T97821,D0Y9EW,Q9NYL2,DB08881
T72595,D0I0DL,Q14957,DB08954
T59190,D0E6XR,Q05513,DB01254
T39676,D00JAU,Q96FL8,DB01029
T39676,D00KHM,Q96FL8,DB01100
T39676,D00SEB,Q96FL8,DB00584
T39676,D01AZG,Q96FL8,DB00734
T39676,D02DPA,Q96FL8,DB00501
T39676,D02KRS,Q96FL8,DB00915
T39676,D02PMO,Q96FL8,DB01030
T39676,D02YIZ,Q96FL8,DB00199
T39676,D03SKR,Q96FL8,DB00575
T39676,D05AHE,Q96FL8,DB00353
T39676,D05DVP,Q96FL8,DB00549
T39676,D05EAM,Q96FL8,DB00738
T39676,D05HSC,Q96FL8,DB01199
T39676,D05PHH,Q96FL8,DB12831
T39676,D06NXY,Q96FL8,DB00977
T39676,D06ZUK,Q96FL8,DB00458
T39676,D07GRH,Q96FL8,DB01188
T39676,D07HOB,Q96FL8,DB00762
T39676,D09FAZ,Q96FL8,DB00928
T39676,D0AV3G,Q96FL8,DB01184
T39676,D0AZ3C,Q96FL8,DB00619
T39676,D0D7LA,Q96FL8,DB00331
T39676,D0D9FV,Q96FL8,DB01173
T39676,D0DK8V,Q96FL8,DB00341
T39676,D0DV3O,Q96FL8,DB00751
T39676,D0E6YQ,Q96FL8,DB00382
T39676,D0EP0C,Q96FL8,DB00421
T39676,D0F9GE,Q96FL8,DB00975
T39676,D0H3HM,Q96FL8,DB01238
T39676,D0IT2G,Q96FL8,DB01234
T39676,D0K7WK,Q96FL8,DB00904
T39676,D0M4YC,Q96FL8,DB00280
T39676,D0N0ES,Q96FL8,DB00627
T39676,D0N6RF,Q96FL8,DB00966
T39676,D0NR6S,Q96FL8,DB04835
T39676,D0PQ3G,Q96FL8,DB00695
T39676,D0R1RS,Q96FL8,DB00328
T39676,D0R3JB,Q96FL8,DB01204
T39676,D0T6XX,Q96FL8,DB00213
T39676,D0TG1H,Q96FL8,DB00586
T39676,D0U2OO,Q96FL8,DB00490
T39676,D0V3ZA,Q96FL8,DB00320
T39676,D0V7CF,Q96FL8,DB00224
T39676,D0W9LX,Q96FL8,DB01136
T39676,D0WV3U,Q96FL8,DB00457
T39676,D0X4RN,Q96FL8,DB00281
T39676,D0Z6UC,Q96FL8,DB00669
T39676,D0ZU9R,Q96FL8,DB00503
T39676,D0O2IE,Q96FL8,DB03783
T39676,D0Y2HR,Q96FL8,DB00637
T79031,D08SKH,P56817,DB00553
T79031,D09EGZ,P56817,DB00608
T79031,D09XZB,P56817,DB00317
T79031,D0K8KX,P56817,DB04216
T79031,D0NS6H,P56817,DB00843
T79031,D07SDQ,P56817,DB11672
T79031,D0QR5G,P56817,DB12216
T79031,D03ZMQ,P56817,DB04665
T79031,D0A1CM,P56817,DB08846
T13852,D07UHS,P21453,DB08868
T13852,D07EDB,P21453,DB12612
T13852,D07FKQ,P21453,DB12371
T13852,D0Y4SI,P21453,DB12016
T40890,D0R9YR,P08151,DB12480
T60529,D00IBN,P23219,DB00554
T60529,D03RTS,P23219,DB00482
T60529,D04YMH,P23219,DB01283
T60529,D05FTJ,P23219,DB00784
T60529,D05VLS,P23219,DB00533
T60529,D06YPU,P23219,DB09213
T60529,D07BPS,P23219,DB00870
T60529,D07HBX,P23219,DB00936
T60529,D07UYO,P23219,DB00601
T60529,D08IFL,P23219,DB00939
T60529,D09JUG,P23219,DB00744
T60529,D09MGR,P23219,DB01628
T60529,D0A1PX,P23219,DB00712
T60529,D0B2WJ,P23219,DB02266
T60529,D0DJ1B,P23219,DB00788
T60529,D0G7FJ,P23219,DB00814
T60529,D0GY5Z,P23219,DB00945
T60529,D0I0EG,P23219,DB01197
T60529,D0IT2X,P23219,DB00821
T60529,D0L6DA,P23219,DB00580
T60529,D0M9DC,P23219,DB00991
T60529,D0N1WU,P23219,DB00749
T60529,D0NF1U,P23219,DB13873
T60529,D0R1QE,P23219,DB01050
T60529,D0R1RS,P23219,DB00328
T60529,D0TG1H,P23219,DB00586
T60529,D0U5CE,P23219,DB06774
T60529,D0U5QK,P23219,DB00316
T60529,D0W9WF,P23219,DB01009
T60529,D0Y9ZE,P23219,DB00235
T60529,D0L4FS,P23219,DB01645
T60529,D0U3EP,P23219,DB02709
T60529,D0U8OD,P23219,DB05095
T60529,D0C0JT,P23219,DB04743
T60529,D0N1SU,P23219,DB04725
T60529,D01SNR,P23219,DB09217
T60529,D0C5SV,P23219,DB00132
T63024,D0OB0F,Q9UHD2,DB06616
T18664,D0X5SD,Q99685,DB00822
T67207,D0P8YC,P06734,DB03880
T83904,D0E3SH,Q8IXJ6,DB06603
T83904,D0R0MW,Q8IXJ6,DB01268
T83904,D0H2UB,Q8IXJ6,DB04786
T83904,D0U3EP,Q8IXJ6,DB02709
T83904,D09VTJ,Q8IXJ6,DB01892
T38584,D07XHO,Q04756,DB12598
T08722,D00NAX,P04156,DB00420
T08722,D01ZII,P04156,DB00477
T08722,D04MSM,P04156,DB00564
T08722,D06ZUK,P04156,DB00458
T08722,D09EGZ,P04156,DB00608
T08722,D0D1AL,P04156,DB00502
T08722,D0T2XU,P04156,DB01069
T19011,D03GET,P30307,DB00170
T80276,D09XZB,P42336,DB00317
T80276,D0B3HD,P42336,DB00201
T80276,D0E6XR,P42336,DB01254
T80276,D0EG1I,P42336,DB08895
T80276,D0F8RA,P42336,DB00277
T80276,D0J5VR,P42336,DB09054
T80276,D0R0MW,P42336,DB01268
T80276,D0RU0O,P42336,DB11952
T80276,D0W5HK,P42336,DB00398
T80276,D03LWG,P42336,DB11886
T80276,D0E6UZ,P42336,DB11891
T80276,D0U3EP,P42336,DB02709
T80276,D0UP1Z,P42336,DB12108
T80276,D0VG0D,P42336,DB11651
T80276,D0W7HE,P42336,DB12015
T80276,D0P1JI,P42336,DB08059
T29741,D0K8KX,Q9NPH5,DB04216
T69375,D03LWG,P45984,DB11886
T75243,D06OMK,P42345,DB00864
T75243,D09XZB,P42345,DB00317
T75243,D0B3HD,P42345,DB00201
T75243,D0E6XR,P42345,DB01254
T75243,D0J5VR,P42345,DB09054
T75243,D0R0MW,P42345,DB01268
T75243,D0W5HK,P42345,DB00398
T75243,D03LWG,P42345,DB11886
T75243,D0E6UZ,P42345,DB11891
T75243,D0UP1Z,P42345,DB12108
T75243,D0VG0D,P42345,DB11651
T75243,D0W7HE,P42345,DB12015
T75243,D0P1JI,P42345,DB08059
T35940,D04XVN,Q02750,DB08911
T35940,D0K8KX,Q02750,DB04216
T35940,D0OB0F,Q02750,DB06616
T35940,D0T5DP,Q02750,DB11689
T16688,D0F1CE,O75907,DB12866
T29754,D0EG1I,Q8IW41,DB08895
T29754,D03LWG,Q8IW41,DB11886
T85733,D03NHW,Q02880,DB01165
T85733,D07JGT,Q02880,DB00779
T85733,D07VLY,Q02880,DB00997
T85733,D0B7EB,Q02880,DB00773
T85733,D0G9YH,Q02880,DB00276
T85733,D0O1WX,Q02880,DB00537
T85733,D0Q2PE,Q02880,DB01059
T51115,D00STL,Q13936,DB04868
T51115,D01AXB,Q13936,DB00476
T51115,D01AZG,Q13936,DB00734
T51115,D03FLC,Q13936,DB00555
T51115,D03IGH,Q13936,DB01264
T51115,D03QWT,Q13936,DB06211
T51115,D04FVU,Q13936,DB00377
T51115,D04JEE,Q13936,DB00571
T51115,D04OSE,Q13936,DB01115
T51115,D04VMT,Q13936,DB00489
T51115,D05MQK,Q13936,DB00820
T51115,D05OFX,Q13936,DB06218
T51115,D06XMU,Q13936,DB00624
T51115,D08CDI,Q13936,DB01259
T51115,D08JIV,Q13936,DB00381
T51115,D08QMX,Q13936,DB00783
T51115,D09GOS,Q13936,DB00257
T51115,D09MWJ,Q13936,DB00346
T51115,D0B3UJ,Q13936,DB01267
T51115,D0BZ7W,Q13936,DB01036
T51115,D0D7KC,Q13936,DB06274
T51115,D0E4DW,Q13936,DB00252
T51115,D0E6XR,Q13936,DB01254
T51115,D0L4YD,Q13936,DB01591
T51115,D0NW3X,Q13936,DB00204
T51115,D0OB1J,Q13936,DB00343
T51115,D0R0FE,Q13936,DB00661
T51115,D0R0MW,Q13936,DB01268
T51115,D0S5CU,Q13936,DB00401
T51115,D0T0KA,Q13936,DB00622
T51115,D0U0VU,Q13936,DB06207
T51115,D0U1OE,Q13936,DB00679
T51115,D0U2JP,Q13936,DB01261
T51115,D0X5ZI,Q13936,DB06403
T51115,D0Y4JJ,Q13936,DB01244
T51115,D0Y5AM,Q13936,DB00496
T51115,D0Z1UA,Q13936,DB04861
T51115,D0Z7KE,Q13936,DB00270
T51115,D00ERV,Q13936,DB12923
T51115,D05ADP,Q13936,DB06195
T51115,D0M3XR,Q13936,DB11992
T51115,D0N3SR,Q13936,DB09232
T51115,D0W8XT,Q13936,DB01388
T51115,D08SOF,Q13936,DB00342
T51115,D0R6MT,Q13936,DB07954
T81637,D05MQK,P54750,DB00820
T81637,D0T5PO,P54750,DB01954
T09528,D0NR6S,P32302,DB04835
T00884,D09GOS,P25024,DB00257
T00884,D0K8KX,P25024,DB04216
T00884,D0TG1H,P25024,DB00586
T00884,D0O2XQ,P25024,DB05501
T14597,D01PZD,P04626,DB06436
T14597,D03ZBT,P04626,DB08865
T14597,D05UFG,P04626,DB08916
T14597,D06IAR,P04626,DB00640
T14597,D06XXH,P04626,DB11963
T14597,D07POC,P04626,DB00530
T14597,D08CDI,P04626,DB01259
T14597,D09KTS,P04626,DB09053
T14597,D09XZB,P04626,DB00317
T14597,D0E6XR,P04626,DB01254
T14597,D0OB0F,P04626,DB06616
T14597,D03LWG,P04626,DB11886
T14597,D0LF1U,P04626,DB03496
T14597,D0Q9CY,P04626,DB11828
T14597,D0YB3W,P04626,DB05424
T14597,D0Z4RC,P04626,DB12174
T14597,D0A1CM,P04626,DB08846
T71374,D01ZRI,O00444,DB06626
T71374,D0A1CM,O00444,DB08846
T82702,D01XBA,O75469,DB00481
T82702,D02HWP,O75469,DB01243
T82702,D04ITO,O75469,DB01220
T82702,D05DVP,O75469,DB00549
T82702,D06ABF,O75469,DB00455
T82702,D06OMK,O75469,DB00864
T82702,D06RGG,O75469,DB00451
T82702,D08PIQ,O75469,DB00959
T82702,D0CZ1Q,O75469,DB00547
T82702,D0D2TN,O75469,DB00896
T82702,D0E1WI,O75469,DB00813
T82702,D0E7PQ,O75469,DB02546
T82702,D0P0HT,O75469,DB00324
T82702,D0P1FO,O75469,DB00470
T82702,D0S5CU,O75469,DB00401
T82702,D0T9TJ,O75469,DB01083
T82702,D0U4CE,O75469,DB00559
T82702,D0WN0U,O75469,DB01023
T82702,D0X5ZI,O75469,DB06403
T82702,D0ZU9R,O75469,DB00503
T82702,D06GRK,O75469,DB06712
T82702,D0H2UB,O75469,DB04786
T82702,D09VTJ,O75469,DB01892
T82702,D0C5SV,O75469,DB00132
T40556,D0E3SH,O60885,DB06603
T40556,D0E7PQ,O60885,DB02546
T40556,D00BYM,O60885,DB12062
T40556,D0G8BM,O60885,DB12500
T40556,D0XT6W,O60885,DB05015
T40556,D0KG9M,O60885,DB01422
T17523,D07UHS,O95977,DB08868
T17523,D07FKQ,O95977,DB12371
T53381,D01JUF,P25100,DB00692
T53381,D03MIR,P25100,DB00590
T53381,D04DKH,P25100,DB12092
T53381,D05MBZ,P25100,DB00706
T53381,D08JIV,P25100,DB00381
T53381,D09EBS,P25100,DB00935
T53381,D09MWJ,P25100,DB00346
T53381,D0AE3X,P25100,DB00484
T53381,D0O6IZ,P25100,DB06711
T53381,D0P9RF,P25100,DB01162
T53381,D0U0VU,P25100,DB06207
T53381,D0WV3U,P25100,DB00457
T53381,D02LHR,P25100,DB08950
T53381,D06QKW,P25100,DB09202
T85421,D0M0XB,P45983,DB11805
T85421,D0M0XB,P45984,DB11805
T85421,D0M0XB,P53779,DB11805
T59537,D0E6XR,Q99640,DB01254
T59537,D0OB0F,Q99640,DB06616
T59537,D0M0XB,Q99640,DB11805
T59537,D03NPX,Q99640,DB02567
T00933,D0L5WM,Q9UPP1,DB01118
T97613,D0AN7B,P48039,DB01065
T97613,D0T7OW,P48039,DB00988
T97613,D0U0KW,P48039,DB00980
T97613,D0Y8UB,P48039,DB06594
T45299,D05PHH,P00750,DB12831
T45299,D0I0RJ,P00750,DB00594
T45299,D0J0BU,P00750,DB12364
T45299,D0D5RH,P00750,DB11984
T50429,D03HJK,Q9UM07,DB00207
T50429,D07QCE,Q9UM07,DB00993
T50429,D08ROP,Q9UM07,DB01097
T50429,D0AO5H,Q9UM07,DB00440
T50429,D0C4YC,Q9UM07,DB00244
T50429,D0D4CY,Q9UM07,DB00891
T50429,D0R9OH,Q9UM07,DB01015
T50429,D0S0LZ,Q9UM07,DB00254
T50429,D0SV8E,Q9UM07,DB00563
T59328,D01PZD,P00533,DB06436
T59328,D03ZBT,P00533,DB08865
T59328,D04LVK,P00533,DB09063
T59328,D05UFG,P00533,DB08916
T59328,D06IAR,P00533,DB00640
T59328,D06XXH,P00533,DB11963
T59328,D07POC,P00533,DB00530
T59328,D08CDI,P00533,DB01259
T59328,D08HVR,P00533,DB01235
T59328,D08PIE,P00533,DB12267
T59328,D09KTS,P00533,DB09053
T59328,D09PQZ,P00533,DB11703
T59328,D09XZB,P00533,DB00317
T59328,D0AZ3C,P00533,DB00619
T59328,D0C4RB,P00533,DB01229
T59328,D0E6XR,P00533,DB01254
T59328,D0EG1I,P00533,DB08895
T59328,D0G6QF,P00533,DB05294
T59328,D0GY5Z,P00533,DB00945
T59328,D0H0EQ,P00533,DB08901
T59328,D0IQ6P,P00533,DB08875
T59328,D0J9ZR,P00533,DB06803
T59328,D0K8KX,P00533,DB04216
T59328,D0O8GK,P00533,DB09330
T59328,D0OB0F,P00533,DB06616
T59328,D0R0MW,P00533,DB01268
T59328,D0R1QE,P00533,DB01050
T59328,D0R1RS,P00533,DB00328
T59328,D0W5HK,P00533,DB00398
T59328,D0W9WF,P00533,DB01009
T59328,D0Y9EW,P00533,DB08881
T59328,D0Z5IU,P00533,DB00605
T59328,D02BYZ,P00533,DB12036
T59328,D03LWG,P00533,DB11886
T59328,D06WRF,P00533,DB11973
T59328,D09TAB,P00533,DB12978
T59328,D0D1GF,P00533,DB12307
T59328,D0L4FS,P00533,DB01645
T59328,D0LF1U,P00533,DB03496
T59328,D0M0XB,P00533,DB11805
T59328,D0M4AV,P00533,DB11907
T59328,D0O0LS,P00533,DB11986
T59328,D0P6DJ,P00533,DB04879
T59328,D0Q9CY,P00533,DB11828
T59328,D0YB3W,P00533,DB05424
T59328,D0Z4RC,P00533,DB12174
T59328,D0IT6Q,P00533,DB05465
T59328,D0A1CM,P00533,DB08846
T91959,D0E3SH,Q9NTG7,DB06603
T91959,D0U3EP,Q9NTG7,DB02709
T04210,D09ALJ,Q9GZQ4,DB01698
T26623,D05FTJ,P15121,DB00784
T26623,D07HBX,P15121,DB00936
T26623,D09BHB,P15121,DB00500
T26623,D0B2WJ,P15121,DB02266
T26623,D0K8KX,P15121,DB04216
T26623,D0R1RS,P15121,DB00328
T26623,D0TG1H,P15121,DB00586
T26623,D0W9WF,P15121,DB01009
T26623,D0Z5IU,P15121,DB00605
T26623,D0L4FS,P15121,DB01645
T26623,D0R9YR,P15121,DB12480
T26623,D0Z0HH,P15121,DB13044
T26623,D0U7OU,P15121,DB07715
T26623,D03ZMQ,P15121,DB04665
T26623,D0A1CM,P15121,DB08846
T77181,D03GET,P15374,DB00170
T39977,D0B1FE,P14174,DB12610
T39977,D0A1CM,P14174,DB08846
T97155,D0B3HD,Q13535,DB00201
T97155,D0W7HE,Q13535,DB12015
T86350,D07POC,P21860,DB00530
T86350,D0O8GK,P21860,DB09330
T86350,D0M4AV,P21860,DB11907
T07173,D03ZBT,P04629,DB08865
T07173,D04LVK,P04629,DB09063
T07173,D0AF6O,P04629,DB12130
T07173,D0OB0F,P04629,DB06616
T07173,D0Y5UG,P04629,DB00321
T07173,D0O0LS,P04629,DB11986
T03755,D00PBX,Q92843,DB11581
T03755,D06ETI,Q92843,DB12340
T03755,D0Z0HH,Q92843,DB13044
T90782,D0H2UB,Q15077,DB04786
T02546,D03FLC,P35499,DB00555
T02546,D04MSM,P35499,DB00564
T02546,D0E4DW,P35499,DB00252
T02546,D0UM7O,P35499,DB01221
T02546,D0X4RN,P35499,DB00281
T91113,D0R1RS,Q9UP65,DB00328
T91113,D0HD9P,Q9UP65,DB04557
T60077,D0G3PI,P28702,DB00523
T60077,D0N0RU,P28702,DB00307
T60077,D08JAC,P28702,DB05076
T64553,D01PZD,P43403,DB06436
T64553,D04LVK,P43403,DB09063
T64553,D03LWG,P43403,DB11886
T64553,D0LF1U,P43403,DB03496
T64553,D0O0LS,P43403,DB11986
T10822,D0W5HK,P49336,DB00398
T80959,D0A7MY,Q14145,DB08908
T80959,D0A7MY,Q16236,DB08908
T15377,D07SDQ,P16615,DB11672
T53585,D01QIN,P04035,DB01076
T53585,D02RQU,P04035,DB00175
T53585,D03KIA,P04035,DB00439
T53585,D06WTZ,P04035,DB00227
T53585,D0E7PQ,P04035,DB02546
T53585,D0H0ND,P04035,DB00641
T53585,D0JE2E,P04035,DB01098
T53585,D0J9GD,P04035,DB06693
T61622,D03SVX,P00797,DB09026
T61622,D0C2EP,P00797,DB00212
T61622,D0I0EG,P00797,DB01197
T61622,D01QSG,P00797,DB12416
T61622,D09ELW,P00797,DB03395
T56923,D0O2XQ,P25025,DB05501
T17758,D05HXX,P00749,DB00302
T17758,D05PHH,P00749,DB12831
T17758,D0I0RJ,P00749,DB00594
T17758,D0K8KX,P00749,DB04216
T49925,D03ZBT,P09769,DB08865
T49925,D04LVK,P09769,DB09063
T49925,D09KTS,P09769,DB09053
T49925,D0OB0F,P09769,DB06616
T37735,D0D1SG,P15104,DB00860
T51597,D0E1SW,Q9BZP6,DB00819
T06455,D00YZD,P11509,DB08930
T06455,D06HLY,P11509,DB01085
T06455,D08SKH,P11509,DB00553
T06455,D09XQF,P11509,DB00951
T06455,D0K9MY,P11509,DB06335
T06455,D0T8GD,P11509,DB00184
T06455,D0Y3KG,P11509,DB00313
T06455,D0QR5G,P11509,DB12216
T06455,D0V9VG,P11509,DB12457
T06455,D0Q6PI,P11509,DB04325
T87831,D0G7UX,P21462,DB00091
T78198,D06IAR,P00491,DB00640
T87675,D05LKP,O14965,DB00359
T87675,D07NVU,O14965,DB06595
T87675,D07VLY,O14965,DB00997
T87675,D0E6XR,O14965,DB01254
T87675,D0J9ZR,O14965,DB06803
T87675,D0R0MW,O14965,DB01268
T87675,D0W5HK,O14965,DB00398
T87675,D0Y9ZE,O14965,DB00235
T87675,D03LWG,O14965,DB11886
T87675,D07KYT,O14965,DB12874
T87675,D08HOM,O14965,DB11694
T87675,D0O0LS,O14965,DB11986
T87675,D0A1CM,O14965,DB08846
T27137,D00ENY,Q13255,DB00142
T98089,D0Z9QR,P27707,DB00943
T69485,D00OVU,O43614,DB09034
T69485,D0A7ZK,O43614,DB11951
T22658,D09BHB,P10145,DB00500
T22658,D0R1RS,P10145,DB00328
T22658,D0TG1H,P10145,DB00586
T16739,D07MGA,O60341,DB01094
T16739,D0E7PQ,O60341,DB02546
T16739,D0K8KX,O60341,DB04216
T16739,D0P9AC,O60341,DB00780
T16739,D07SDQ,O60341,DB11672
T16739,D0U3EP,O60341,DB02709
T16739,D09ALJ,O60341,DB01698
T10383,D01XBA,O14939,DB00481
T03150,D0O1UZ,Q9Y4D2,DB09061
T03150,D0T9TJ,Q9Y4D2,DB01083
T03150,D0D8PZ,Q9Y4D2,DB11755
T74977,D0Y9ZE,P33981,DB00235
T74977,D0O0LS,P33981,DB11986
T83009,D0AZ3C,P42684,DB00619
T83009,D0OB0F,P42684,DB06616
T70840,D0E6XR,P53667,DB01254
T45674,D01ZSO,Q5BJF2,DB01171
T45674,D0D1AL,Q5BJF2,DB00502
T88304,D09FAZ,P26358,DB00928
T88304,D0U5SI,P26358,DB01035
T88304,D0X5XU,P26358,DB01262
T88304,D0L4FS,P26358,DB01645
T40097,D0EG1I,P45983,DB08895
T40097,D0J9ZR,P45983,DB06803
T40097,D05ADP,P45983,DB06195
T07766,D04LVK,Q13177,DB09063
T07766,D03LWG,Q13177,DB11886
T44011,D00ZFP,P14061,DB00655
T44011,D0L4FS,P14061,DB01645
T92828,D09TBD,P24530,DB00263
T92828,D0S7JH,P24530,DB08932
T92828,D0U4CE,P24530,DB00559
T92828,D0X5ZI,P24530,DB06403
T92828,D09LQK,P24530,DB12054
T92828,D0Y6UU,P24530,DB06199
T92828,D0T1RG,P24530,DB06268
T14731,D0E3SH,Q96EB6,DB06603
T14731,D05KED,Q96EB6,DB12376
T14731,D0H2UB,Q96EB6,DB04786
T14731,D0M8FD,Q96EB6,DB11841
T14731,D0U3EP,Q96EB6,DB02709
T14731,D09VTJ,Q96EB6,DB01892
T07806,D01AZG,P28222,DB00734
T07806,D03RZV,P28222,DB00797
T07806,D04JEE,P28222,DB00571
T07806,D06FPQ,P28222,DB00998
T07806,D08VRO,P28222,DB12465
T07806,D09EBS,P28222,DB00935
T07806,D0F2PO,P28222,DB00960
T07806,D0G8NN,P28222,DB00413
T07806,D0H3HM,P28222,DB01238
T07806,D0H7KF,P28222,DB01224
T07806,D0NG7O,P28222,DB00315
T07806,D0S9MU,P28222,DB00953
T07806,D0T3KI,P28222,DB00952
T07806,D0WV3U,P28222,DB00457
T07806,D0Y4DY,P28222,DB06694
T07806,D0Z6UC,P28222,DB00669
T07806,D0OS6O,P28222,DB06144
T76685,D0E6YQ,P21554,DB00382
T76685,D0L7AS,P21554,DB00486
T76685,D0O1UZ,P21554,DB09061
T76685,D0O3OS,P21554,DB06155
T76685,D0P1FO,P21554,DB00470
T76685,D0R1RS,P21554,DB00328
T76685,D0T9TJ,P21554,DB01083
T76685,D0U5CE,P21554,DB06774
T76685,D08DGC,P21554,DB12193
T76685,D0Q7NB,P21554,DB11903
T76685,D0W3GL,P21554,DB13070
T76685,D0D8PZ,P21554,DB11755
T64682,D0EG1I,O00141,DB08895
T72491,D0A7MY,Q14145,DB08908
T72491,D0A7MY,Q16236,DB08908
T73557,D0D1SG,P15104,DB00860
T76024,D07XHO,P09871,DB12598
T50594,D05SBO,P11309,DB12001
T50594,D0K8KX,P11309,DB04216
T50594,D0U1OE,P11309,DB00679
T50594,D0O0LS,P11309,DB11986
T50594,D0U7OU,P11309,DB07715
T25005,D03ZBT,Q06187,DB08865
T25005,D04LVK,Q06187,DB09063
T25005,D09KTS,Q06187,DB09053
T25005,D09PQZ,Q06187,DB11703
T25005,D0E6XR,Q06187,DB01254
T25005,D0OB0F,Q06187,DB06616
T25005,D0R3JB,Q06187,DB01204
T25005,D03LWG,Q06187,DB11886
T25005,D0YB3W,Q06187,DB05424
T52522,D01UXC,P07550,DB00335
T52522,D02ZJI,P07550,DB13139
T52522,D03DJL,P07550,DB05039
T52522,D04JEE,P07550,DB00571
T52522,D04KJO,P07550,DB00983
T52522,D04PHC,P07550,DB00668
T52522,D04XEG,P07550,DB01288
T52522,D05UVD,P07550,DB00373
T52522,D07MOX,P07550,DB00368
T52522,D0D1DI,P07550,DB01274
T52522,D0F2PO,P07550,DB00960
T52522,D0G8NN,P07550,DB00413
T52522,D0I2MK,P07550,DB00264
T52522,D0I8FI,P07550,DB01064
T52522,D0K3ZR,P07550,DB00612
T52522,D0K5CB,P07550,DB01001
T52522,D0L5YV,P07550,DB00938
T52522,D0M8RC,P07550,DB00871
T52522,D0P1WA,P07550,DB01409
T52522,D0T7OW,P07550,DB00988
T52522,D0X5NX,P07550,DB01407
T52522,D0Y5AM,P07550,DB00496
T52522,D0A5EF,P07550,DB06190
T52522,D0GP8P,P07550,DB12526
T52522,D01VAB,P07550,DB00866
T52522,D0AQ3H,P07550,DB11871
T52522,D0M7LV,P07550,DB04829
T52522,D01OIK,P07550,DB13781
T52522,D05JKG,P07550,DB11770
T93653,D0V3YT,O60911,DB08873
T93653,D0X9CH,O60911,DB05521
T93653,D0J6AU,O60911,DB06670
T05409,D0I0EG,P08473,DB01197
T05409,D0U2JP,P08473,DB01261
T05409,D05UQD,P08473,DB00886
T70176,D04LVK,P24941,DB09063
T70176,D05SBO,P24941,DB12001
T70176,D07POC,P24941,DB00530
T70176,D08CDI,P24941,DB01259
T70176,D0AZ3C,P24941,DB00619
T70176,D0E6XR,P24941,DB01254
T70176,D0EG1I,P24941,DB08895
T70176,D0K8KX,P24941,DB04216
T70176,D00UZR,P24941,DB09073
T70176,D03LWG,P24941,DB11886
T70176,D05ADP,P24941,DB06195
T70176,D08MXP,P24941,DB11730
T70176,D0LF1U,P24941,DB03496
T70176,D0M0XB,P24941,DB11805
T07303,D01PZD,P35916,DB06436
T07303,D01ZRI,P35916,DB06626
T07303,D0G6QF,P35916,DB05294
T07303,D0IQ6P,P35916,DB08875
T07303,D0R0FO,P35916,DB09078
T07303,D0R0MW,P35916,DB01268
T07303,D0W5HK,P35916,DB00398
T07303,D03LWG,P35916,DB11886
T07303,D07KYT,P35916,DB12874
T07303,D09VMI,P35916,DB04849
T07303,D0D1GF,P35916,DB12307
T07303,D0M0XB,P35916,DB11805
T07303,D0O0LS,P35916,DB11986
T07303,D0P6DJ,P35916,DB04879
T07303,D0W7JZ,P35916,DB11800
T07303,D0A1CM,P35916,DB08846
T58454,D04LVK,P21802,DB09063
T58454,D0H0EQ,P21802,DB08901
T58454,D03LWG,P21802,DB11886
T58454,D0NW0T,P21802,DB12147
T58454,D0Z4RC,P21802,DB12174
T33584,D00ENY,P42261,DB00142
T33584,D03CNS,P42261,DB00606
T33584,D0U3ED,P42261,DB08883
T75643,D0C4RB,Q9HC29,DB01229
T75643,D0O5WP,Q9HC29,DB01248
T84173,D0D0ZD,P04062,DB00491
T85328,D05EAM,Q93096,DB00738
T16738,D0R0MW,P80370,DB01268
T52297,D0G3PI,Q13133,DB00523
T52297,D0N0RU,Q13133,DB00307
T52297,D0L4FS,Q13133,DB01645
T52297,D0R9YR,Q13133,DB12480
T75152,D0X5SD,P28300,DB00822
T49102,D0K8KX,P51955,DB04216
T49102,D0R0MW,P51955,DB01268
T49102,D0Q9CY,P51955,DB11828
T94033,D05PHH,P00734,DB12831
T94033,D07XHO,P00734,DB12598
T94033,D08YIN,P00734,DB06637
T94033,D0I0EG,P00734,DB01197
T94033,D0I0RJ,P00734,DB00594
T94033,D0I5HF,P00734,DB06605
T94033,D0J0BU,P00734,DB12364
T94033,D0K8KX,P00734,DB04216
T94033,D0KG3R,P00734,DB06228
T94033,D0SH3I,P00734,DB00188
T94033,D0V3YT,P00734,DB08873
T94033,D0X9CH,P00734,DB05521
T94033,D0D5RH,P00734,DB11984
T94033,D0E2MJ,P00734,DB06635
T15848,D09KTS,P42680,DB09053
T15848,D0E6XR,P42680,DB01254
T15848,D0OB0F,P42680,DB06616
T99340,D05ROI,Q13546,DB08912
T99340,D0H0EQ,Q13546,DB08901
T99340,D0W5HK,Q13546,DB00398
T28692,D0T9TJ,P06858,DB01083
T41141,D0V3YT,P07711,DB08873
T41141,D0X9CH,P07711,DB05521
T41141,D0J6AU,P07711,DB06670
T41141,D0X9YD,P07711,DB11780
T58970,D0J9ZR,P28482,DB06803
T58970,D0W5HK,P28482,DB00398
T58970,D03LWG,P28482,DB11886
T58970,D05ADP,P28482,DB06195
T58970,D0O0LS,P28482,DB11986
T25307,D02OZE,P51449,DB00390
T25307,D0G3PI,P51449,DB00523
T25307,D02DLW,P51449,DB04540
T94197,D03ZBT,Q16513,DB08865
T94197,D03KKR,Q16513,DB08162
T94197,D03LWG,Q16513,DB11886
T82146,D0BM5G,P13631,DB00799
T82146,D0G3PI,P13631,DB00523
T82146,D0JC9N,P13631,DB00210
T82146,D0N0RU,P13631,DB00307
T82146,D08JAC,P13631,DB05076
T30790,D00AXJ,Q96D31,DB01110
T30790,D0EV8E,Q96D31,DB01127
T30790,D0W8XT,Q96D31,DB01388
T31935,D02WFK,Q7Z2H8,DB00260
T31935,D0FD0H,Q7Z2H8,DB00513
T31935,D0M8AB,Q7Z2H8,DB00145
T97141,D04OSE,Q15746,DB01115
T97141,D03KKR,Q15746,DB08162
T97141,D0P1JI,Q15746,DB08059
T97141,D0O0VZ,Q15746,DB08399
T78932,D03ZBT,P29597,DB08865
T78932,D04LKS,P29597,DB08877
T78932,D0EG1I,P29597,DB08895
T78932,D0Y7IC,P29597,DB11817
T78932,D03LWG,P29597,DB11886
T78932,D06EIC,P29597,DB11708
T78932,D0G8BM,P29597,DB12500
T78932,D0PN8H,P29597,DB11697
T62184,D0ED7U,P30531,DB00906
T79694,D0Q4XQ,Q9P0X4,DB00593
T79694,D0W8XT,Q9P0X4,DB01388
T23714,D0X0BI,P30411,DB12126
T99990,D03ZBT,P51813,DB08865
T99990,D09KTS,P51813,DB09053
T99990,D0OB0F,P51813,DB06616
T99990,D03LWG,P51813,DB11886
T99990,D0L4FS,P51813,DB01645
T99990,D0YB3W,P51813,DB05424
T86528,D08SJZ,P14324,DB00710
T86528,D09KLR,P14324,DB00630
T86528,D0BF8G,P14324,DB00282
T86528,D0PA5S,P14324,DB00884
T86528,D0VM2L,P14324,DB00399
T86528,D0N0JL,P14324,DB04160
T67849,D09XZB,O00329,DB00317
T67849,D0B3HD,O00329,DB00201
T67849,D0E6XR,O00329,DB01254
T67849,D0F8RA,O00329,DB00277
T67849,D0J5VR,O00329,DB09054
T67849,D0R0MW,O00329,DB01268
T67849,D0RU0O,O00329,DB11952
T67849,D0W5HK,O00329,DB00398
T67849,D00UZR,O00329,DB09073
T67849,D03LWG,O00329,DB11886
T67849,D0UP1Z,O00329,DB12108
T67849,D0VG0D,O00329,DB11651
T67849,D0W7HE,O00329,DB12015
T67849,D0P1JI,O00329,DB08059
T51426,D01XBA,Q96RI1,DB00481
T51426,D03ZTE,Q96RI1,DB06777
T51426,D04VIS,Q96RI1,DB05767
T51426,D06ABF,Q96RI1,DB00455
T51426,D06RGG,Q96RI1,DB00451
T51426,D08QIP,Q96RI1,DB01411
T51426,D09GOS,Q96RI1,DB00257
T51426,D0G3SH,Q96RI1,DB01586
T51426,D0M4WA,Q96RI1,DB05990
T51426,D0OR2L,Q96RI1,DB02659
T51426,D0WN0U,Q96RI1,DB01023
T51426,D02PQB,Q96RI1,DB03619
T51426,D0D8IS,Q96RI1,DB02123
T99840,D00GPQ,Q96BI3,DB12005
T99840,D00GPQ,Q8WW43,DB12005
T99840,D00GPQ,Q9NZ42,DB12005
T99840,D00GPQ,Q92542,DB12005
T99840,D00GPQ,P49768,DB12005
T55948,D05EAM,O75751,DB00738
T55948,D07HOB,O75751,DB00762
T55948,D0AZ3C,O75751,DB00619
T55948,D0K7WK,O75751,DB00904
T55948,D0R3JB,O75751,DB01204
T55948,D0T6XX,O75751,DB00213
T55948,D0V7CF,O75751,DB00224
T55948,D0ZU9R,O75751,DB00503
T49898,D00FGR,P06493,DB09031
T49898,D01PZD,P06493,DB06436
T49898,D05SBO,P06493,DB12001
T49898,D08IBS,P06493,DB00173
T49898,D0G6QF,P06493,DB05294
T49898,D0K8KX,P06493,DB04216
T49898,D00UZR,P06493,DB09073
T49898,D03LWG,P06493,DB11886
T49898,D05ADP,P06493,DB06195
T49898,D08MXP,P06493,DB11730
T49898,D0LF1U,P06493,DB03496
T49898,D0P6DJ,P06493,DB04879
T51076,D0AF6O,Q16288,DB12130
T51076,D0O0LS,Q16288,DB11986
T83386,D02LWU,P15328,DB06813
T83386,D0SV8E,P15328,DB00563
T91331,D03ZBT,P22607,DB08865
T91331,D04LVK,P22607,DB09063
T91331,D0H0EQ,P22607,DB08901
T91331,D03LWG,P22607,DB11886
T91331,D0NW0T,P22607,DB12147
T46365,D03GET,P30305,DB00170
T92609,D00JVR,P35348,DB00972
T92609,D01AZG,P35348,DB00734
T92609,D01JUF,P35348,DB00692
T92609,D03MIR,P35348,DB00590
T92609,D03SKR,P35348,DB00575
T92609,D04DKH,P35348,DB12092
T92609,D04JEE,P35348,DB00571
T92609,D04PHC,P35348,DB00668
T92609,D05MBZ,P35348,DB00706
T92609,D05ZIK,P35348,DB00370
T92609,D06OFS,P35348,DB11738
T92609,D07MOX,P35348,DB00368
T92609,D08JIV,P35348,DB00381
T92609,D09EBS,P35348,DB00935
T92609,D09MWJ,P35348,DB00346
T92609,D0AE3X,P35348,DB00484
T92609,D0G8NN,P35348,DB00413
T92609,D0H3HM,P35348,DB01238
T92609,D0H7KF,P35348,DB01224
T92609,D0O6IU,P35348,DB00388
T92609,D0O6IZ,P35348,DB06711
T92609,D0P9RF,P35348,DB01162
T92609,D0R6RO,P35348,DB06148
T92609,D0U0VU,P35348,DB06207
T92609,D0WV3U,P35348,DB00457
T92609,D0Y4DY,P35348,DB06694
T92609,D02LHR,P35348,DB08950
T92609,D0B4TT,P35348,DB12806
T92609,D06QKW,P35348,DB09202
T76910,D08HOM,P49840,DB11694
T09909,D06UDG,P50052,DB00177
T09909,D0D5SQ,P50052,DB13919
T09909,D0G6SE,P50052,DB11842
T09909,D0N6RF,P50052,DB00966
T66252,D02EYG,Q86TI2,DB08882
T66252,D0K9MY,Q86TI2,DB06335
T66252,D0L3DK,Q86TI2,DB04876
T66252,D0NJ5H,Q86TI2,DB06203
T66252,D0T8XB,Q86TI2,DB12417
T66252,D0U2JP,Q86TI2,DB01261
T66252,D04XIO,Q86TI2,DB11723
T66252,D07EPV,Q86TI2,DB11950
T66252,D07HZG,Q86TI2,DB08382
T66252,D0M3XR,Q86TI2,DB11992
T64830,D02XIY,P35346,DB00104
T64830,D0TV0C,P35346,DB06663
T64830,D0Y2HR,P35346,DB00637
T99347,D00ENY,P41594,DB00142
T99347,D0X9RY,P41594,DB03793
T82577,D00HDU,P12821,DB00691
T82577,D00SEB,P12821,DB00584
T82577,D01STB,P12821,DB00178
T82577,D03KYG,P12821,DB00790
T82577,D07HGR,P12821,DB00722
T82577,D0E6XR,P12821,DB01254
T82577,D0I0EG,P12821,DB01197
T82577,D0I7SZ,P12821,DB00881
T82577,D0M5OC,P12821,DB00519
T82577,D0N5HJ,P12821,DB09477
T82577,D0N6RF,P12821,DB00966
T82577,D0Q0PR,P12821,DB01051
T82577,D0U2JP,P12821,DB01261
T82577,D0U3EC,P12821,DB00542
T82577,D05UQD,P12821,DB00886
T82577,D00KEP,P12821,DB00974
T82577,D0A1CM,P12821,DB08846
T92072,D05DVP,P30542,DB00549
T92072,D06IAR,P30542,DB00640
T92072,D0B3HD,P30542,DB00201
T92072,D0F8RA,P30542,DB00277
T92072,D0H3WI,P30542,DB00811
T92072,D0R4UW,P30542,DB01656
T92072,D0X3FX,P30542,DB01183
T92072,D0XE1C,P30542,DB06213
T92072,D0F4ZY,P30542,DB11757
T72841,D07KSG,P11474,DB00675
T72841,D08QMX,P11474,DB00783
T72841,D0L4FS,P11474,DB01645
T94085,D0BM5G,P10276,DB00799
T94085,D0G3PI,P10276,DB00523
T94085,D0JC9N,P10276,DB00210
T94085,D0N0RU,P10276,DB00307
T99799,D06OMW,P06276,DB01367
T99799,D06XWB,P06276,DB04864
T99799,D07XYV,P06276,DB01408
T99799,D08USJ,P06276,DB01400
T99799,D09QDP,P06276,DB04017
T99799,D09QEI,P06276,DB00806
T99799,D0B3HD,P06276,DB00201
T99799,D0E6YQ,P06276,DB00382
T99799,D0K8KX,P06276,DB04216
T99799,D0L4JT,P06276,DB00259
T99799,D0NS6H,P06276,DB00843
T99799,D0O2WB,P06276,DB00545
T99799,D0R1QE,P06276,DB01050
T99799,D0R9VR,P06276,DB00674
T99799,D0S2UG,P06276,DB01037
T99799,D0WY5Q,P06276,DB00989
T99799,D07CIN,P06276,DB04892
T99799,D07SDQ,P06276,DB11672
T99799,D0B1FE,P06276,DB12610
T99799,D0M3IN,P06276,DB02134
T99799,D0U3EP,P06276,DB02709
T99799,D09JVV,P06276,DB00981
T99799,D09ALJ,P06276,DB01698
T99799,D0FO2B,P06276,DB11145
T99799,D0M2TY,P06276,DB13174
T20371,D0Q5PC,P42785,DB03575
T16042,D02HWP,P16050,DB01243
T16042,D09JUG,P16050,DB00744
T16042,D0H2DQ,P16050,DB01599
T16042,D0K8KX,P16050,DB04216
T11241,D07UHS,Q99500,DB08868
T11241,D07FKQ,Q99500,DB12371
T11241,D0Y4SI,Q99500,DB12016
T33902,D00QET,Q13304,DB00471
T33902,D08QIP,Q13304,DB01411
T33902,D0R1RS,Q13304,DB00328
T33902,D0S9MU,Q13304,DB00953
T33902,D0O6AQ,Q13304,DB06741
T08391,D03ZBT,O60674,DB08865
T08391,D04LKS,O60674,DB08877
T08391,D04LVK,O60674,DB09063
T08391,D07POC,O60674,DB00530
T08391,D0E7PQ,O60674,DB02546
T08391,D0EG1I,O60674,DB08895
T08391,D0J9ZR,O60674,DB06803
T08391,D0Y7IC,O60674,DB11817
T08391,D03LWG,O60674,DB11886
T08391,D06EIC,O60674,DB11708
T08391,D08HOM,O60674,DB11694
T08391,D0D5ZJ,O60674,DB11763
T08391,D0G8BM,O60674,DB12500
T08391,D0O0LS,O60674,DB11986
T08391,D0PN8H,O60674,DB11697
T83011,D01ZSO,P27338,DB01171
T83011,D03GET,P27338,DB00170
T83011,D06OMW,P27338,DB01367
T83011,D07UYO,P27338,DB00601
T83011,D09QDP,P27338,DB04017
T83011,D0B3HD,P27338,DB00201
T83011,D0E7PQ,P27338,DB02546
T83011,D0K8KX,P27338,DB04216
T83011,D0NS6H,P27338,DB00843
T83011,D0P9AC,P27338,DB00780
T83011,D0R0UJ,P27338,DB01626
T83011,D0S2UG,P27338,DB01037
T83011,D0T1LK,P27338,DB01087
T83011,D0T3LF,P27338,DB01576
T83011,D0TV6I,P27338,DB06654
T83011,D07SDQ,P27338,DB11672
T83011,D0F4ZY,P27338,DB11757
T83011,D0H7PW,P27338,DB12582
T83011,D0L4FS,P27338,DB01645
T83011,D0U3EP,P27338,DB02709
T83011,D0IZ1D,P27338,DB13876
T83011,D05CCT,P27338,DB08167
T83011,D08CNS,P27338,DB04818
T83011,D0V3NT,P27338,DB09245
T87686,D06IAR,Q8TEK3,DB00640
T87686,D0C6GK,Q8TEK3,DB12920
T87686,D00FLT,Q8TEK3,DB01910
T98293,D0R0MW,O96013,DB01268
T98293,D05ADP,O96013,DB06195
T98293,D0O0LS,O96013,DB11986
T09826,D02PMO,P11387,DB01030
T09826,D07VLY,P11387,DB00997
T09826,D0B7EB,P11387,DB00773
T09826,D0H3WI,P11387,DB00811
T09826,D0J4JM,P11387,DB00206
T09826,D07UHX,P11387,DB12515
T09826,D09YDM,P11387,DB04690
T09826,D0Q7FC,P11387,DB12222
T09826,D07ILP,P11387,DB12385
T32262,D0V9VG,Q16602,DB12457
T29083,D0AF6O,P07332,DB12130
T29083,D0OB0F,P07332,DB06616
T59875,D07KSG,P62508,DB00675
T63816,D0E3SH,P56524,DB06603
T63816,D0E7PQ,P56524,DB02546
T63816,D0Y3KG,P56524,DB00313
T63816,D00FHR,P56524,DB11830
T63816,D05KED,P56524,DB12376
T63816,D0B7CH,P56524,DB06819
T63816,D0E6UZ,P56524,DB11891
T63816,D0GH3Q,P56524,DB12645
T63816,D0L2UQ,P56524,DB05223
T63816,D0M8FD,P56524,DB11841
T63816,D0XT6W,P56524,DB05015
T63816,D0Z4RC,P56524,DB12174
T09128,D0LD9S,P42575,DB00127
T80513,D0F1LZ,O14843,DB03166
T63484,D00VZZ,P11413,DB11859
T63484,D0B4RU,P11413,DB02789
T63484,D0K0EK,P11413,DB01708
T63484,D0F7WQ,P11413,DB05107
T82720,D05ADP,Q9Y463,DB06195
T19433,D06TNL,O60760,DB00903
T19433,D0E6OC,O60760,DB07615
T31721,D00ENY,P43005,DB00142
T13176,D0O0LS,Q9NZJ5,DB11986
T74607,D0UB2J,Q8WZA2,DB02527
T66665,D00IBN,P35354,DB00554
T66665,D03RTS,P35354,DB00482
T66665,D04YMH,P35354,DB01283
T66665,D05FTJ,P35354,DB00784
T66665,D05UWI,P35354,DB08439
T66665,D05VLS,P35354,DB00533
T66665,D06YPU,P35354,DB09213
T66665,D07BPS,P35354,DB00870
T66665,D07POC,P35354,DB00530
T66665,D08IFL,P35354,DB00939
T66665,D09JUG,P35354,DB00744
T66665,D09MGR,P35354,DB01628
T66665,D0A1PX,P35354,DB00712
T66665,D0B2WJ,P35354,DB02266
T66665,D0C4YC,P35354,DB00244
T66665,D0D9JW,P35354,DB00465
T66665,D0DJ1B,P35354,DB00788
T66665,D0G7FJ,P35354,DB00814
T66665,D0GY5Z,P35354,DB00945
T66665,D0I0EG,P35354,DB01197
T66665,D0IT2X,P35354,DB00821
T66665,D0K8KX,P35354,DB04216
T66665,D0L6DA,P35354,DB00580
T66665,D0M9DC,P35354,DB00991
T66665,D0N1WU,P35354,DB00749
T66665,D0R1QE,P35354,DB01050
T66665,D0R1RS,P35354,DB00328
T66665,D0TG1H,P35354,DB00586
T66665,D0U5QK,P35354,DB00316
T66665,D0W9WF,P35354,DB01009
T66665,D0Z5IU,P35354,DB00605
T66665,D0I6LH,P35354,DB12025
T66665,D0U3EP,P35354,DB02709
T66665,D0U8OD,P35354,DB05095
T66665,D0KG9M,P35354,DB01422
T66665,D0C0JT,P35354,DB04743
T66665,D0N1SU,P35354,DB04725
T66665,D01SNR,P35354,DB09217
T66665,D0ZA6G,P35354,DB03758
T67102,D07XHO,P07339,DB12598
T67102,D0A0OO,P07339,DB00701
T67102,D0H7PW,P07339,DB12582
T67102,D0U3EP,P07339,DB02709
T53389,D05ROI,P36897,DB08912
T65864,D02WCI,Q16539,DB04951
T65864,D03RTS,Q16539,DB00482
T65864,D09MGR,Q16539,DB01628
T65864,D0AZ3C,Q16539,DB00619
T65864,D0E6XR,Q16539,DB01254
T65864,D0EG1I,Q16539,DB08895
T65864,D0W5HK,Q16539,DB00398
T65864,D03LWG,Q16539,DB11886
T65864,D0O0LS,Q16539,DB11986
T20333,D00STL,P07333,DB04868
T20333,D01PZD,P07333,DB06436
T20333,D03ZBT,P07333,DB08865
T20333,D07NVU,P07333,DB06595
T20333,D09KTS,P07333,DB09053
T20333,D0AZ3C,P07333,DB00619
T20333,D0E6XR,P07333,DB01254
T20333,D0G6QF,P07333,DB05294
T20333,D0R0MW,P07333,DB01268
T20333,D0W5HK,P07333,DB00398
T20333,D00UZR,P07333,DB09073
T20333,D08HOM,P07333,DB11694
T20333,D09TAB,P07333,DB12978
T20333,D0IT6Q,P07333,DB05465
T55654,D05LYX,P13569,DB01016
T55654,D0W7WC,P13569,DB08820
T55654,D0X0CB,P13569,DB09280
T34234,D03ZTE,P11473,DB06777
T34234,D0G3SH,P11473,DB01586
T34234,D0K5WS,P11473,DB00169
T34234,D0OR2L,P11473,DB02659
T34234,D0T2PL,P11473,DB00136
T34234,D02PQB,P11473,DB03619
T73184,D00TLN,Q8WTS6,DB00434
T73184,D00FLT,Q8WTS6,DB01910
T47438,D00GPQ,Q9Y5Z0,DB12005
T47438,D00GPQ,Q9NZ42,DB12005
T47438,D00GPQ,Q96BI3,DB12005
T47438,D00GPQ,Q8WW43,DB12005
T30823,D00FGR,P30304,DB09031
T30823,D03GET,P30304,DB00170
T00176,D07XSN,Q00987,DB00987
T00176,D0E7PQ,Q00987,DB02546
T00176,D0H6QU,Q00987,DB00714
T00176,D0Z0HH,Q00987,DB13044
T38284,D00STL,P11274,DB04868
T38284,D00STL,P00519,DB04868
T38284,D0AZ3C,P11274,DB00619
T38284,D0AZ3C,P00519,DB00619
T38284,D0E6XR,P11274,DB01254
T38284,D0E6XR,P00519,DB01254
T38284,D0H0EQ,P11274,DB08901
T38284,D0H0EQ,P00519,DB08901
T38284,D0OB0F,P11274,DB06616
T38284,D0OB0F,P00519,DB06616
T38284,D0R0MW,P11274,DB01268
T38284,D0R0MW,P00519,DB01268
T38284,D06JHV,P11274,DB11904
T38284,D06JHV,P00519,DB11904
T38284,D0U3EP,P11274,DB02709
T38284,D0U3EP,P00519,DB02709
T38284,D03NPX,P11274,DB02567
T38284,D03NPX,P00519,DB02567
T46628,D0H8VY,P55157,DB08827
T70977,D04LVK,P49841,DB09063
T70977,D07MGA,P49841,DB01094
T70977,D0EG1I,P49841,DB08895
T70977,D0J9ZR,P49841,DB06803
T70977,D0K8KX,P49841,DB04216
T70977,D03LWG,P49841,DB11886
T70977,D05ADP,P49841,DB06195
T70977,D07SDQ,P49841,DB11672
T70977,D0M0XB,P49841,DB11805
T70977,D0O0LS,P49841,DB11986
T70977,D0A1CM,P49841,DB08846
T40474,D03ZBT,P08581,DB08865
T40474,D04LVK,P08581,DB09063
T40474,D07POC,P08581,DB00530
T40474,D0IQ6P,P08581,DB08875
T40474,D0K8KX,P08581,DB04216
T40474,D0R0MW,P08581,DB01268
T40474,D0U3SY,P08581,DB11363
T40474,D0W5HK,P08581,DB00398
T40474,D03LWG,P08581,DB11886
T40474,D06EGV,P08581,DB12381
T40474,D07OJZ,P08581,DB11791
T40474,D0D1GF,P08581,DB12307
T40474,D0L9PA,P08581,DB13104
T40474,D0LW0T,P08581,DB12048
T40474,D0O0LS,P08581,DB11986
T40474,D0P6DJ,P08581,DB04879
T40474,D0A1CM,P08581,DB08846
T17228,D01SHZ,Q9Y6F1,DB12332
T17228,D00BMF,Q9Y6F1,DB11793
T42337,D0KG9M,P53582,DB01422
T42337,D0FO2B,P53582,DB11145
T22118,D01AZG,P21728,DB00734
T22118,D01FFA,P21728,DB12093
T22118,D01ZII,P21728,DB00477
T22118,D03KQF,P21728,DB00934
T22118,D04JCN,P21728,DB01186
T22118,D04JEE,P21728,DB00571
T22118,D05XGO,P21728,DB06016
T22118,D0D1AL,P21728,DB00502
T22118,D0G8NN,P21728,DB00413
T22118,D0H3HM,P21728,DB01238
T22118,D0H6QU,P21728,DB00714
T22118,D0H7KF,P21728,DB01224
T22118,D0I8FI,P21728,DB01064
T22118,D0P5SA,P21728,DB00623
T22118,D0R1JV,P21728,DB00246
T22118,D0R6BI,P21728,DB00800
T22118,D0R9EQ,P21728,DB00268
T22118,D0T6QX,P21728,DB09225
T22118,D0T7OW,P21728,DB00988
T22118,D0X7KB,P21728,DB00589
T22118,D0Y5UG,P21728,DB00321
T22118,D0Y6HW,P21728,DB12273
T22118,D0OS6O,P21728,DB06144
T22118,D0C5RZ,P21728,DB08841
T13201,D00STL,P00915,DB04868
T13201,D01MUR,P00915,DB01194
T13201,D01WJL,P00915,DB00233
T13201,D02FLB,P00915,DB01390
T13201,D02URS,P00915,DB06715
T13201,D03QGM,P00915,DB00391
T13201,D03RTS,P00915,DB00482
T13201,D05OFX,P00915,DB06218
T13201,D05UYW,P00915,DB00869
T13201,D07HBX,P00915,DB00936
T13201,D07INV,P00915,DB00311
T13201,D07MGA,P00915,DB01094
T13201,D07VDZ,P00915,DB00273
T13201,D08LFZ,P00915,DB00861
T13201,D09NIA,P00915,DB00310
T13201,D09VAZ,P00915,DB06824
T13201,D0AZ3C,P00915,DB00619
T13201,D0C2II,P00915,DB00703
T13201,D0C8EU,P00915,DB00853
T13201,D0E1SW,P00915,DB00819
T13201,D0E9JM,P00915,DB00761
T13201,D0GY5Z,P00915,DB00945
T13201,D0H8FH,P00915,DB00808
T13201,D0J4GO,P00915,DB01144
T13201,D0J7RK,P00915,DB00841
T13201,D0K1QD,P00915,DB06795
T13201,D0K8KX,P00915,DB04216
T13201,D0L4JT,P00915,DB00259
T13201,D0L6DA,P00915,DB00580
T13201,D0L7FM,P00915,DB01032
T13201,D0PQ3G,P00915,DB00695
T13201,D0R0FO,P00915,DB09078
T13201,D0SH3I,P00915,DB00188
T13201,D0TG1H,P00915,DB00586
T13201,D0U4UQ,P00915,DB00999
T13201,D0U5QK,P00915,DB00316
T13201,D0V8QT,P00915,DB00291
T13201,D0VM2L,P00915,DB00399
T13201,D0W5HK,P00915,DB00398
T13201,D0Y2IZ,P00915,DB01021
T13201,D0Z4UY,P00915,DB09395
T13201,D04IIU,P00915,DB06370
T13201,D06PII,P00915,DB08329
T13201,D08BXT,P00915,DB03566
T13201,D0I7MT,P00915,DB12290
T13201,D0L6HN,P00915,DB03255
T13201,D0U3EP,P00915,DB02709
T13201,D03SLR,P00915,DB07767
T13201,D07XPE,P00915,DB00914
T13201,D0LD9S,P00915,DB00127
T13201,D02DBP,P00915,DB11085
T13201,D03ZMQ,P00915,DB04665
T13201,D05WQF,P00915,DB01650
T13201,D0A1CM,P00915,DB08846
T13201,D0N0JL,P00915,DB04160
T90989,D04LVK,P22455,DB09063
T90989,D0H0EQ,P22455,DB08901
T90989,D03LWG,P22455,DB11886
T90989,D0NW0T,P22455,DB12147
T48330,D01CRB,Q01650,DB00135
T48330,D08HVR,Q01650,DB01235
T48330,D0R1CR,Q01650,DB00120
T48330,D0PO8E,Q01650,DB00134
T00895,D01XYJ,Q02156,DB00495
T00895,D03KKR,Q02156,DB08162
T00895,D0LF1U,Q02156,DB03496
T00895,D0R9YR,Q02156,DB12480
T46360,D01AZG,Q99720,DB00734
T46360,D01JUF,Q99720,DB00692
T46360,D01XBA,Q99720,DB00481
T46360,D01ZSO,Q99720,DB01171
T46360,D02KRS,Q99720,DB00915
T46360,D03QGM,Q99720,DB00391
T46360,D03SKD,Q99720,DB00497
T46360,D04XPW,Q99720,DB00907
T46360,D06XMU,Q99720,DB00624
T46360,D07BSQ,Q99720,DB00396
T46360,D07KSG,Q99720,DB00675
T46360,D08VRO,Q99720,DB12465
T46360,D09OBB,Q99720,DB00514
T46360,D0CT9Y,Q99720,DB06735
T46360,D0D1AL,Q99720,DB00502
T46360,D0D7TB,Q99720,DB12930
T46360,D0E1WI,Q99720,DB00813
T46360,D0G8NN,Q99720,DB00413
T46360,D0H6QU,Q99720,DB00714
T46360,D0H8QL,Q99720,DB00579
T46360,D0I0DL,Q99720,DB08954
T46360,D0K0TC,Q99720,DB01104
T46360,D0L5WM,Q99720,DB01118
T46360,D0M8VE,Q99720,DB04946
T46360,D0NS6H,Q99720,DB00843
T46360,D0P6UB,Q99720,DB01577
T46360,D0R4OM,Q99720,DB00831
T46360,D0T8GD,Q99720,DB00184
T46360,D0TR5X,Q99720,DB00472
T46360,D0U2OO,Q99720,DB00490
T46360,D0WE3O,Q99720,DB00295
T46360,D0X3FX,Q99720,DB01183
T46360,D0P1YE,Q99720,DB12427
T46360,D01PIL,Q99720,DB00409
T46360,D07KYU,Q99720,DB09023
T46360,D0OC3J,Q99720,DB00875
T46360,D03TNT,Q99720,DB04652
T46360,D0J6JT,Q99720,DB12110
T46360,D0Q5PC,Q99720,DB03575
T52790,D0IP6X,P21452,DB04872
T16808,D05EAM,Q99873,DB00738
T16808,D0H2UB,Q99873,DB04786
T16808,D00FLT,Q99873,DB01910
T74312,D00STL,P36888,DB04868
T74312,D01PZD,P36888,DB06436
T74312,D03ZBT,P36888,DB08865
T74312,D04KZY,P36888,DB12141
T74312,D04LVK,P36888,DB09063
T74312,D07NVU,P36888,DB06595
T74312,D08PIE,P36888,DB12267
T74312,D09GDD,P36888,DB08896
T74312,D09KTS,P36888,DB09053
T74312,D0AZ3C,P36888,DB00619
T74312,D0E7PQ,P36888,DB02546
T74312,D0H0EQ,P36888,DB08901
T74312,D0IQ6P,P36888,DB08875
T74312,D0J9ZR,P36888,DB06803
T74312,D0K8KX,P36888,DB04216
T74312,D0R0MW,P36888,DB01268
T74312,D0W5HK,P36888,DB00398
T74312,D00UZR,P36888,DB09073
T74312,D03LWG,P36888,DB11886
T74312,D07KYT,P36888,DB12874
T74312,D09TAB,P36888,DB12978
T74312,D0D1GF,P36888,DB12307
T74312,D0G8BM,P36888,DB12500
T74312,D0J1GR,P36888,DB11832
T74312,D0O0LS,P36888,DB11986
T74312,D0PN8H,P36888,DB11697
T74312,D0Z4RC,P36888,DB12174
T74312,D0IT6Q,P36888,DB05465
T74312,D0A1CM,P36888,DB08846
T97071,D00ENY,Q04609,DB00142
T80896,D00ZFP,Q92731,DB00655
T80896,D01XBA,Q92731,DB00481
T80896,D06NXY,Q92731,DB00977
T80896,D06XMU,Q92731,DB00624
T80896,D07BSQ,Q92731,DB00396
T80896,D07KSG,Q92731,DB00675
T80896,D08QMX,Q92731,DB00783
T80896,D09NMD,Q92731,DB06202
T80896,D0D1SG,Q92731,DB00860
T80896,D0EP0C,Q92731,DB00421
T80896,D0JY8T,Q92731,DB06401
T80896,D0Q4SD,Q92731,DB00700
T80896,D0Y7IU,Q92731,DB01222
T80896,D0Y7JU,Q92731,DB08906
T80896,D0Z1FX,Q92731,DB04573
T80896,D0Z4EI,Q92731,DB00834
T80896,D0L4FS,Q92731,DB01645
T80896,D08DZZ,Q92731,DB01524
T80896,D0U7OU,Q92731,DB07715
T17569,D03DAP,P22460,DB01195
T17569,D04OSE,P22460,DB01115
T17569,D0X4RN,P22460,DB00281
T17569,D0OS6O,P22460,DB06144
T96892,D0O0LS,Q14680,DB11986
T92076,D03YGR,P41180,DB01012
T92076,D02FEA,P41180,DB08980
T21653,D0K8KX,O60285,DB04216
T21653,D00UZR,O60285,DB09073
T21653,D0A1CM,O60285,DB08846
T21678,D0MU9L,P06280,DB05018
T70518,D0ZA6G,P16152,DB03758
